category,mod,version,option
1.1 SKSE PLUGINS,Skyrim Script Extender,2.0.0.20,Always Install
1.1 SKSE PLUGINS,Skyrim Script Extender - Nolvus Settings,6.0.10,Always Install
1.1 SKSE PLUGINS,Address Library for SKSE Plugins,2.0,Always Install
1.1 SKSE PLUGINS,PapyrusUtil - Scripting Utility Functions,3.9,Always Install
1.1 SKSE PLUGINS,Papyrus Extender,6.4.3,Always Install
1.1 SKSE PLUGINS,Console Util NG,1.4,Always Install
1.1 SKSE PLUGINS,Console Commands Extender,1.8,Always Install
1.1 SKSE PLUGINS,More Informative Console,1.1,Always Install
1.1 SKSE PLUGINS,Console Plus Plus,1.4,Always Install
1.1 SKSE PLUGINS,Console Plus Plus - Nolvus Settings,6.0.15,Always Install
1.1 SKSE PLUGINS,Scaleform Translation Plus Plus NG,1.6,Always Install
1.1 SKSE PLUGINS,ENB Helper,1.5,Always Install
1.1 SKSE PLUGINS,ENB Input Disabler,1.1.1,Always Install
1.1 SKSE PLUGINS,Better Jumping,1.7.3,Always Install
1.1 SKSE PLUGINS,JContainers,4.1.13,Always Install
1.1 SKSE PLUGINS,FileAccess Interface for Skyrim Scripts - FISSES,1.3.7,Always Install
1.1 SKSE PLUGINS,Fuz Ro D'oh,1.7,Always Install
1.1 SKSE PLUGINS,Fuz Ro D'oh - Nolvus Settings,6.0,Always Install
1.1 SKSE PLUGINS,Base Object Swapper,2.6.1,Always Install
1.1 SKSE PLUGINS,AnimObject Swapper,1.1,Always Install
1.1 SKSE PLUGINS,Keyword Item Distributor,3.4,Always Install
1.1 SKSE PLUGINS,Custom Skills Framework,2.0.2,Always Install
1.1 SKSE PLUGINS,Time Format Changer,1.1,Always Install
1.1 SKSE PLUGINS,dTry's Key Utils,1.1,Always Install
1.1 SKSE PLUGINS,Spell Perk Item Distributor,7.2.24,Always Install
1.1 SKSE PLUGINS,Auto Input Switch,1.1.2,Always Install
1.1 SKSE PLUGINS,Dynamic Key Action Framework NG,1.0,Always Install
1.1 SKSE PLUGINS,FormList Manipulator,1.7.1,Always Install
1.1 SKSE PLUGINS,FormList Patch Collection,3.3,Always Install
1.1 SKSE PLUGINS,Paper,2.2.4,Always Install
1.1 SKSE PLUGINS,SkyPal - Your Friendly Papyrus Library,1.0.3,Always Install
1.1 SKSE PLUGINS,Help Extender,1.2.1,Always Install
1.1 SKSE PLUGINS,Backported Extended ESL Support,1.2,Always Install
1.1 SKSE PLUGINS,Behavior Data Injector,0.13,Always Install
1.1 SKSE PLUGINS,SkyPatcher,3.3.2,Always Install
1.1 SKSE PLUGINS,DLL Plugin Loader,1.0,Always Install
1.1 SKSE PLUGINS,ENB Anti-Aliasing,1.2.3,Not TAA
1.2 BUG FIXES UTILITIES & TWEAKS,SSE Engine Fixes,7.0.20,Always Install
1.2 BUG FIXES UTILITIES & TWEAKS,Bug Fixes,6.0,Always Install
1.2 BUG FIXES UTILITIES & TWEAKS,SSE Fixes,3.1.5.97,Always Install
1.2 BUG FIXES UTILITIES & TWEAKS,SSE Display Tweaks,0.5.16,Always Install
1.2 BUG FIXES UTILITIES & TWEAKS,Mfg Fix,1.5.4,Always Install
1.2 BUG FIXES UTILITIES & TWEAKS,Dead Body Cleanup Script Crash Fix,0.3,Always Install
1.2 BUG FIXES UTILITIES & TWEAKS,Chillwind Depths CTD Fix,1.0.1,Always Install
1.2 BUG FIXES UTILITIES & TWEAKS,Dragon Mounds CTD Fix,1.2,Always Install
1.2 BUG FIXES UTILITIES & TWEAKS,Halldir's Cairn CTD Fix,1.0,Always Install
1.2 BUG FIXES UTILITIES & TWEAKS,Scrambled Bugs,17.0,Always Install
1.2 BUG FIXES UTILITIES & TWEAKS,Survival Mode Prompt Removed,1.0,Always Install
1.2 BUG FIXES UTILITIES & TWEAKS,Skyrim Priority - CPU Performance FPS Optimizer,3.4,Always Install
1.2 BUG FIXES UTILITIES & TWEAKS,Recursion Fix,1.2,Always Install
1.2 BUG FIXES UTILITIES & TWEAKS,Powerofthree's Tweaks,1.16,Always Install
1.2 BUG FIXES UTILITIES & TWEAKS,Powerofthree's Tweaks - Settings,6.0.5,Always Install
1.2 BUG FIXES UTILITIES & TWEAKS,Papyrus Tweaks NG,4.1.1,Always Install
1.2 BUG FIXES UTILITIES & TWEAKS,Papyrus Tweaks NG - Settings,6.0.21,Always Install
1.2 BUG FIXES UTILITIES & TWEAKS,Disable Auto Vanity Mode,1.0,Always Install
1.2 BUG FIXES UTILITIES & TWEAKS,NPC Stuck in Bleedout fix,0.1.3,Always Install
1.2 BUG FIXES UTILITIES & TWEAKS,Vanilla Script Micro Optimizations,1.16.a,Always Install
1.2 BUG FIXES UTILITIES & TWEAKS,Vanilla Script Micro Optimizations - Adoption Fix,1.16a,Always Install
1.2 BUG FIXES UTILITIES & TWEAKS,Vanilla Scripting Enhancements,3.0,Always Install
1.2 BUG FIXES UTILITIES & TWEAKS,Scripts Carefully Reworked Optimized and Tactfully Enhanced,1.0.1,Always Install
1.2 BUG FIXES UTILITIES & TWEAKS,Stuck on Screen Load Door Prompt Fix,0.1.1,Always Install
1.2 BUG FIXES UTILITIES & TWEAKS,WE05 Script Fix,1.0.1,Always Install
1.2 BUG FIXES UTILITIES & TWEAKS,Ulfric And Tullius Script Fix,1.0.2,Always Install
1.2 BUG FIXES UTILITIES & TWEAKS,Forsworn Camp Reachwater River Script Fix,1.0,Always Install
1.2 BUG FIXES UTILITIES & TWEAKS,Delphine Skyhaven Fix,1.00,Always Install
1.2 BUG FIXES UTILITIES & TWEAKS,Better Combat Escape,0.83,Always Install
1.2 BUG FIXES UTILITIES & TWEAKS,Mod Manager Menu Disabled,1.0,Always Install
1.2 BUG FIXES UTILITIES & TWEAKS,Aurora Fix,1.0.1,Always Install
1.2 BUG FIXES UTILITIES & TWEAKS,Auto Parallax,1.0.27,Always Install
1.2 BUG FIXES UTILITIES & TWEAKS,Mannequin Management,4.1,Always Install
1.2 BUG FIXES UTILITIES & TWEAKS,Rogue's Gallery - Papyrus Library,1.0.0.1,Always Install
1.2 BUG FIXES UTILITIES & TWEAKS,Dynamic Collision Adjustment,1.1,Always Install
1.2 BUG FIXES UTILITIES & TWEAKS,Disk Cache Enabler,1.2,Always Install
1.2 BUG FIXES UTILITIES & TWEAKS,Trap Swinging Wall Script Fix,1.0.1,Always Install
1.2 BUG FIXES UTILITIES & TWEAKS,Southfringe Sanctum Crash Fix,1.3,Always Install
1.2 BUG FIXES UTILITIES & TWEAKS,Sky Reflection Fix,1.0.1,Always Install
1.2 BUG FIXES UTILITIES & TWEAKS,A0D789 Patch,1.1,Always Install
1.2 BUG FIXES UTILITIES & TWEAKS,Fast Travel Crash Fix - Another way,1.0,Always Install
1.2 BUG FIXES UTILITIES & TWEAKS,Actor Limit Fix,5.0,Always Install
1.2 BUG FIXES UTILITIES & TWEAKS,Miraak Boss Fight Script Fix,1.0,Always Install
1.2 BUG FIXES UTILITIES & TWEAKS,OnMagicEffectApply Replacer,1.8.2,Always Install
1.2 BUG FIXES UTILITIES & TWEAKS,Optimized USSEP Valdr Quest,2.0,Always Install
1.2 BUG FIXES UTILITIES & TWEAKS,Source of Stalhrim Quest Fix,1.0,Always Install
1.2 BUG FIXES UTILITIES & TWEAKS,Taarie's Dialogue Fix,1.0,Always Install
1.2 BUG FIXES UTILITIES & TWEAKS,Standing Ambusher Fix,1.2,Always Install
1.2 BUG FIXES UTILITIES & TWEAKS,Excuse Me,1.0,Always Install
1.2 BUG FIXES UTILITIES & TWEAKS,Keyword Patch Collection,1.0,Always Install
1.2 BUG FIXES UTILITIES & TWEAKS,Quest Journal Limit Bug Fixer,0.2.1,Always Install
1.2 BUG FIXES UTILITIES & TWEAKS,eFPS - Exterior FPS boost,2.4.2,Always Install
1.2 BUG FIXES UTILITIES & TWEAKS,eFPS - AnniversaryEdition,1.1,Always Install
1.2 BUG FIXES UTILITIES & TWEAKS,Unofficial Skyrim Special Edition Patch,4.2.9a,Always Install
1.2 BUG FIXES UTILITIES & TWEAKS,Unofficial Skyrim Creation Club Content Patch,7.7,Always Install
1.2 BUG FIXES UTILITIES & TWEAKS,Creation Club Misc Patches,2.0,Not Graphics Only
1.2 BUG FIXES UTILITIES & TWEAKS,Creation Club Misc Patches - GO,2.0.0,Graphics Only
1.2 BUG FIXES UTILITIES & TWEAKS,Myrwatch - Editable Home Cells,1.1.1,Always Install
1.2 BUG FIXES UTILITIES & TWEAKS,Navigator - Navmesh Fixes,1.5.6,Not Graphics Only
1.2 BUG FIXES UTILITIES & TWEAKS,Navigator - Navmesh Fixes - GO,1.8.0,Graphics Only
1.2 BUG FIXES UTILITIES & TWEAKS,Wordkeys,1.0.3,Always Install
1.2 BUG FIXES UTILITIES & TWEAKS,Dynamic Armor Variants,1.0.5,Always Install
1.2 BUG FIXES UTILITIES & TWEAKS,Dynamic Armor Variants - Patch,1.0,Always Install
1.2 BUG FIXES UTILITIES & TWEAKS,Unequip Quiver NG,1.2,Always Install
1.2 BUG FIXES UTILITIES & TWEAKS,Equip Enchantment Fix,1.3.6,Always Install
1.2 BUG FIXES UTILITIES & TWEAKS,Bone Wolf Shutdown Fix,1.0.0,Always Install
1.2 BUG FIXES UTILITIES & TWEAKS,Skyrim Freeze Fix NG,0.0.4,Always Install
1.2 BUG FIXES UTILITIES & TWEAKS,Worker Spin Lock Fix,2.6.0,Always Install
1.2 BUG FIXES UTILITIES & TWEAKS,Media Keys Fix SKSE,1.0.1,Always Install
1.2 BUG FIXES UTILITIES & TWEAKS,Exit Sneak On Sprint,1.2.1,Always Install
1.2 BUG FIXES UTILITIES & TWEAKS,Alt-Tab Stuck Key Fix,1.3.1,Always Install
1.2 BUG FIXES UTILITIES & TWEAKS,Collision Sentinel - Crash Fix,2.1.0,Always Install
1.2 BUG FIXES UTILITIES & TWEAKS,SkyPatcher Keyword Framework,1.4.0,Always Install
1.2 BUG FIXES UTILITIES & TWEAKS,Cached Recursive Directory Walk,1.1.4,Always Install
1.2 BUG FIXES UTILITIES & TWEAKS,Crash Logger - SSE,1.16.0,Always Install
1.2 BUG FIXES UTILITIES & TWEAKS,Crash Logger - 1.5.97,1.15.0,Always Install
1.3 ALTERNATE START,Alternate Perspective - Alternate Start,4.0.3,Not Graphics Only
1.3 ALTERNATE START,Alternate Perspective - CC Plugins Universal Start Fix,1.0,Not Graphics Only
1.3 ALTERNATE START,Alternate Perspective - Voiced Addon,1.11,Not Graphics Only
1.3 ALTERNATE START,Alternate Perspective - No Start Room Markers,4.0.3,Not Graphics Only
1.3 ALTERNATE START,Alternate Perspective - HUD Fix,1.1,Not Graphics Only
1.3 ALTERNATE START,Alternate Perspective - Adventurer's Start,1.0.1,Not Graphics Only
1.3 ALTERNATE START,Alternate Perspective - New Beginnings,1.3.7,Not Graphics Only
1.3 ALTERNATE START,Nolvus Awaknening Alternate Start,6.0.21,Not Graphics Only
2.1 HUDS,Sky UI,5.2,Always Install
2.1 HUDS,Sky UI - Note Icon Fix,1.2.1,Always Install
2.1 HUDS,MCM Helper,1.4,Always Install
2.1 HUDS,SkyHUD,0.90B,Always Install
2.1 HUDS,UI Extensions,1.2,Always Install
2.1 HUDS,Extended UI,1.2.0d,Always Install
2.1 HUDS,Extended UI - ESP Fix,1.0,Always Install
2.1 HUDS,Description Framework,2.1,Always Install
2.1 HUDS,Description Framework - Nolvus Settings,6.0.15,Always Install
2.1 HUDS,Vanilla Item Descriptions,1.1,Always Install
2.1 HUDS,Creation Club Item Descriptions,1.4,Always Install
2.1 HUDS,Infinity UI,2.0.1,Always Install
2.1 HUDS,dMenu,1.2.1,Always Install
2.1 HUDS,SKSE Menu Framework,3.9,Always Install
2.1 HUDS,Status Indicator Framework - Floating Icons,1.0.2,Always Install
2.1 HUDS,True HUD,1.1.8,Always Install
2.1 HUDS,moreHUD,4.1.2,Always Install
2.1 HUDS,moreHUD - Settings Loader,2.1.1,Always Install
2.1 HUDS,moreHUD - Nolvus Settings,6.0.15,Not 32:9
2.1 HUDS,moreHUD - Nolvus Settings - 32x9,6.0.15,32:9
2.1 HUDS,moreHUD - Inventory Edition,1.0.20,Always Install
2.1 HUDS,Compass Navigation Overhaul,2.1.1,Always Install
2.1 HUDS,Contextual Crosshair,1.3,Always Install
2.1 HUDS,Toggle Compass,1.4,Always Install
2.1 HUDS,Toggle Compass - Settings Loader,1.0.1,Always Install
2.1 HUDS,Toggle Compass - Nolvus Settings,6.0.19,Always Install
2.1 HUDS,Oxygen Meter 2,1.0.7,Always Install
2.1 HUDS,Oxygen Meter 2 - Nolvus Settings,6.0.15,Always Install
2.1 HUDS,Constructible Object Custom Keyword System,1.0.1,Always Install
2.1 HUDS,Constructible Object Custom Keyword System - Patch,2.0,Always Install
2.1 HUDS,Constructible Object Custom Keyword System - Seperate Weapon and Armor,1.0.0,Always Install
2.1 HUDS,Nolvus Keyword Resources,6.0.7,Always Install
2.1 HUDS,Dear Diary,1.1.1,Untarnished UI
2.1 HUDS,SkyUI AIO Survival (SAS),7.2,Not Graphics Only
2.1 HUDS,Custom Skill Menu,1.1.7,Always Install
2.1 HUDS,Custom Skill Menu - Basic Icon Pack,1.0,Always Install
2.1 HUDS,Custom Skill Menu - Custom Icons,2.0,Always Install
2.1 HUDS,Custom Skill Menu - Nolvus Settings,6.0.15,Always Install
2.1 HUDS,Better Third Person Selection,0.8.6,Always Install
2.1 HUDS,Better Third Person Selection - Nolvus Settings,6.0.14,Always Install
2.1 HUDS,Untarnished UI,1.1.6,Untarnished UI
2.1 HUDS,Untarnished UI - 32x9,6.0.4,"32:9, Untarnished UI"
2.1 HUDS,Untarnished UI - More Informative Console,1.0,Untarnished UI
2.1 HUDS,Untarnished UI - Oxygen Meter 2 Patch,1.0,Untarnished UI
2.1 HUDS,TrueHUD Skins collection - Redux - Untarnished UI,1.1.1,Untarnished UI
2.1 HUDS,Edge UI,0.45,Untarnished UI
2.1 HUDS,Edge UI - Loading Screen Fix,2.0,Always Install
2.1 HUDS,QuickLoot IE,4.1.2,Always Install
2.1 HUDS,QuickLoot IE - Nolvus Settings,6.0.15,Always Install
2.1 HUDS,A Matter Of Time,3.0.0a4,Always Install
2.1 HUDS,A Matter Of Time - Settings Loader,2.1.1,Always Install
2.1 HUDS,A Matter Of Time - Nolvus Settings,6.0.14,16:9
2.1 HUDS,A Matter Of Time - Nolvus Settings - 21x9,6.0.21,21:9
2.1 HUDS,A Matter Of Time - Nolvus Settings - 32x9,6.0.21,32:9
2.1 HUDS,A Matter Of Time - Seasons,1.0,Always Install
2.1 HUDS,STB Widgets,2.2,Always Install
2.1 HUDS,STB Active Effects,1.4,Always Install
2.1 HUDS,STB Widgets - DwP Reskin Equipment Only - Untarnished UI,1.0,Untarnished UI
2.1 HUDS,Tween Menu Overhaul,1.1,Always Install
2.1 HUDS,Tween Menu Overhaul - Custom Skills Menu Add-On,1.1,Always Install
2.1 HUDS,Tween Menu Overhaul - Wait Menu Addon,1.1,Always Install
2.1 HUDS,Tween Menu Overhaul - Untarnished UI Patch,2.0,Untarnished UI
2.1 HUDS,Detection Meter,0.17,Always Install
2.1 HUDS,Detection Meter - SkyAltert Redesign,1.0,Always Install
2.1 HUDS,Wheeler - Quick Action Wheel of Skyrim,1.2,Always Install
2.1 HUDS,Wheeler - Untarnished UI Patch,1.1.2,Untarnished UI
2.1 HUDS,Wheeler - CTD-Fix,1.0.1,Always Install
2.1 HUDS,Wheeler - Nolvus Settings,6.1,Always Install
2.1 HUDS,Casting Bar,3.0.0,Always Install
2.1 HUDS,Casting Bar - Untarnished UI Patch,1.0.0,Untarnished UI
2.1 HUDS,Stay At System Page,1.5,Always Install
2.1 HUDS,Whose Quest Is It Anyway,1.3,Always Install
2.1 HUDS,Gold To Septims - Weightless,1.0,Always Install
2.1 HUDS,Horse Stamina HUD,1.0.1,Always Install
2.1 HUDS,Show Player In Menus,2.0.3,Always Install
2.1 HUDS,Show Player In Menus - Nolvus Settings,6.0.21,16:9
2.1 HUDS,Show Player In Menus - Nolvus Settings - 21x9,6.0.15,21:9
2.1 HUDS,Show Player In Menus - Nolvus Settings - 32x9,6.0.15,32:9
2.1 HUDS,Floating Damage,2.0.1,Always Install
2.1 HUDS,Floating Damage - Preset,0.1,Always Install
2.1 HUDS,Inventory Interface Information Injector,1.1.0,Always Install
2.1 HUDS,Inventory Interface Information Injector - Patch,1.1.0,Always Install
2.1 HUDS,SkyUI Weapons Pack Icons,1.0,Always Install
2.1 HUDS,Object Categorization Framework,5.6.1,Always Install
2.1 HUDS,The Handy Icon Collection Collective,1.4.1,Always Install
2.1 HUDS,B.O.O.B.I.E.S (aka Immersive Icons),2.1.3,Always Install
2.1 HUDS,A.S.S. (A Food and Alchemy Addon for B.O.O.B.I.E.S.),1.3,Always Install
2.1 HUDS,Phenomenally Enriched and Nuanced Ingredients for SkyUI,1.2,Always Install
2.1 HUDS,Wheeler Icon Embellishment - Naturally Exquisite Refinement,1.0,Always Install
2.1 HUDS,B.O.O.B.I.E.S - Potions,1.4,Always Install
2.1 HUDS,Main Menu Customizer,0.4.1,Always Install
2.1 HUDS,Main Menu Customizer - Nolvus Preset,6.0.21,16:9
2.1 HUDS,Main Menu Customizer - Nolvus Preset - 21x9,6.0.21,21:9
2.1 HUDS,Main Menu Customizer - Nolvus Preset - 32x9,6.0.21,32:9
2.1 HUDS,ImGui Icons,1.0,Always Install
2.1 HUDS,ImGui Icons - Untarnished UI,1.0,Untarnished UI
2.1 HUDS,Dialogue History,2.0.1,Always Install
2.1 HUDS,Dialogue History - Untarnished UI Patch,1.1,Untarnished UI
2.1 HUDS,Menu Maid 2,2.2.3,Always Install
2.1 HUDS,Menu Maid 2 - Nolvus Settings,6.0.15,Always Install
2.1 HUDS,Local Map Upgrade,2.1.0,Always Install
2.1 HUDS,Modern Wait Menu,2.1.1,Always Install
2.1 HUDS,Modern Wait Menu - Untarnished UI Patch,1.1,Untarnished UI
2.1 HUDS,Prisma UI - Next-Gen Web UI Framework,1.4.1,Always Install
2.1 HUDS,Quest Journal Overhaul,1.3,Always Install
2.1 HUDS,Quest Journal Overhaul - Unofficial Mods Support,1.1,Always Install
2.1 HUDS,Quest Journal Overhaul - Untarnished UI Reskin,1.02,"Untarnished UI, 16:9"
2.1 HUDS,Quest Journal Overhaul - Untarnished UI Reskin - 21x9,1.02,"Untarnished UI, 21:9"
2.1 HUDS,Quest Journal Overhaul - Untarnished UI Reskin - 32x9,1.02,"Untarnished UI, 32:9"
2.1 HUDS,The Dragonborn's Bestiary,1.5.2,Always Install
2.1 HUDS,The Dragonborn's Bestiary - Vanilla Addon,1.0,Always Install
2.1 HUDS,The Dragonborn's Bestiary - Untarnished UI Patch,1.4,"Untarnished UI, 16:9"
2.1 HUDS,The Dragonborn's Bestiary - Untarnished UI Patch - 21x9,1.4,"Untarnished UI, 21:9"
2.1 HUDS,The Dragonborn's Bestiary - Untarnished UI Patch - 32x9,1.4,"Untarnished UI, 32:9"
2.1 HUDS,Compare Equipment NG,0.3.18,Always Install
2.1 HUDS,Compare Equipment NG - Translations,6.0.21,Always Install
2.1 HUDS,Unstack Stolen Items,2.0.1,Always Install
2.1 HUDS,Unsearched Corpse Indicator,1.3.2,Always Install
2.1 HUDS,Complete Detection Indicator,1.0.2,Always Install
2.1 HUDS,Witness Indicator,1.0.0,Always Install
2.1 HUDS,Follower Stats,1.0.12,Always Install
2.1 HUDS,Photo Mode,2.0.3,Always Install
2.1 HUDS,Photo Mode - Untarnished UI Patch,1.2,Untarnished UI
2.1 HUDS,Photo Mode - Output,6.0.21,Always Install
2.1 HUDS,Nolvus HUD Settings,6.0.21,"Untarnished UI, 16:9"
2.1 HUDS,Nolvus HUD Settings - 21x9,6.0.21,"Untarnished UI, 21:9"
2.1 HUDS,Nolvus HUD Settings - 32x9,6.0.21,"Untarnished UI, 32:9"
2.2 HOTKEYS,Extended Hotkey System,1.1,Always Install
2.2 HOTKEYS,Dynamic Activation Key,1.02,Always Install
2.2 HOTKEYS,Dynamic Activation Key - MCM,1.2,Always Install
2.2 HOTKEYS,Unbind Hidden Hotkeys,1.1,Always Install
2.3 SCREEN FONTS & MAP,HD Local Map,1.0.2,Always Install
2.3 SCREEN FONTS & MAP,Atlas Map Markers,2.7,Always Install
2.3 SCREEN FONTS & MAP,Atlas Map Markers - Discrepancy's Greenwood Shack Patch,1.2,Not Graphics Only
2.3 SCREEN FONTS & MAP,Skyrim SE Skill Interface Re-Texture,4.1,Always Install
2.3 SCREEN FONTS & MAP,Beautiful Artistic and Lorefriendly Loading Screens - 16 By 9,1.0,16:9
2.3 SCREEN FONTS & MAP,Beautiful Artistic and Lorefriendly Loading Screens - 21 By 9,1.1,Not 16:9
2.3 SCREEN FONTS & MAP,Balls - Vanilla LS Remover,1.0,Always Install
2.3 SCREEN FONTS & MAP,Vayura Main Menu Replacer,1.0,32:9
2.3 SCREEN FONTS & MAP,ESO Main Menu Replacer - 32x9,1.0,32:9
2.3 SCREEN FONTS & MAP,Main Menu Replacer - Angelic Green,1.1,16:9
2.3 SCREEN FONTS & MAP,Main Menu Replacer - Angelic Green - Nolvus,1.4,16:9
2.3 SCREEN FONTS & MAP,Main Menu Replacer - Angelic Green - 21x9,1.1,21:9
2.3 SCREEN FONTS & MAP,Main Menu Replacer - Angelic Green - Nolvus - 21x9,1.4,21:9
2.3 SCREEN FONTS & MAP,Unread Books Glow,2.2.1,Always Install
2.3 SCREEN FONTS & MAP,Unread Books Glow - Settings Loader,1.0.2,Always Install
2.3 SCREEN FONTS & MAP,Unread Books Glow - Nolvus Settings,6.0.19,Always Install
2.3 SCREEN FONTS & MAP,Camera Noise,1.2.1,Not Graphics Only
2.3 SCREEN FONTS & MAP,Camera Noise - Nolvus Settings,6.0.7,Not Graphics Only
2.4 CHARACTER,RaceMenu Special Edition,0.4.16,Always Install
2.4 CHARACTER,RaceMenu Special Edition - Hotfix,1.0,Always Install
2.4 CHARACTER,RaceMenu Special Edition - Untarnished UI Patch,1.3,Untarnished UI
2.4 CHARACTER,RaceMenu Special Edition - Dip Patch,1.0,Untarnished UI
2.4 CHARACTER,RaceMenu Special Edition - Edge UI Explorer Addon Patch,3.5.1,Edge UI
2.4 CHARACTER,RaceMenu Special Edition - Dip Patch (Edge UI Explorer Addon),6.0.15,Edge UI
2.4 CHARACTER,RaceMenu Special Edition - Oathvein UI Patch,1.2.2,Oathvein UI
2.4 CHARACTER,RaceMenu Special Edition - Dip Patch (Oathvein UI),6.0.21,Oathvein UI
2.4 CHARACTER,RaceMenu Special Edition - Norden UI Patch,1.2.2,Norden UI
2.4 CHARACTER,RaceMenu Special Edition - Dip Patch (Norden UI),6.0.21,Norden UI
2.4 CHARACTER,RaceMenu Special Edition - Vel'dun UI Patch,1.0.3,Vel'dun UI
2.4 CHARACTER,RaceMenu Special Edition - Dip Patch (Vel'dun UI),6.0.21,Vel'dun UI
2.4 CHARACTER,RaceMenu Special Edition - Nolvus Settings,6.0.10,Always Install
2.4 CHARACTER,RaceMenu High Heels Fixes - Advanced,1.7.2,Always Install
2.4 CHARACTER,RaceMenu OverlayFix and Various Mod Fixes,1.2,Always Install
2.4 CHARACTER,Player Rotation in ShowRaceMenu,1.0,Always Install
3. MUSIC & SOUNDS,Still - Skyrim Inspired Music,1.01,Not Graphics Only
3. MUSIC & SOUNDS,Chapter II - Jeremy Soule Inspired Music,3.0,Not Graphics Only
3. MUSIC & SOUNDS,Melodies of Civilization,1.01,Not Graphics Only
3. MUSIC & SOUNDS,Hun - Lovaas,1.0,Not Graphics Only
3. MUSIC & SOUNDS,Nyghtfall Music,1.93,Not Graphics Only
3. MUSIC & SOUNDS,The Northerner Diaries,1.2a,Not Graphics Only
3. MUSIC & SOUNDS,The Elder Songs,3.1.2,Not Graphics Only
3. MUSIC & SOUNDS,Songs to Play Skyrim,1.1,Not Graphics Only
3. MUSIC & SOUNDS,The Southerner Diaries - A Soundtrack Expansion,1.2,Not Graphics Only
3. MUSIC & SOUNDS,Symphonic Soundtrack,2.0,Not Graphics Only
3. MUSIC & SOUNDS,Dark Era,1.0,Not Graphics Only
3. MUSIC & SOUNDS,Ragnarok - Viking Battle Music,1.1,Not Graphics Only
3. MUSIC & SOUNDS,BA Bard Songs,1.3,Not Graphics Only
3. MUSIC & SOUNDS,Magic College Music - Songs for Academy,2.5,Not Graphics Only
3. MUSIC & SOUNDS,Random Main Menu Music,1.0.1,Not Graphics Only
3. MUSIC & SOUNDS,Epic Orchestral - Main Music,1.0,Not Graphics Only
3. MUSIC & SOUNDS,Theme Remix - Main Music,1.0,Not Graphics Only
3. MUSIC & SOUNDS,Nerevar Rising,1.0,Not Graphics Only
3. MUSIC & SOUNDS,A Short and Peaceful Nerevar Rising - Main Music,1.0,Not Graphics Only
3. MUSIC & SOUNDS,The Imperial Legion - Main Music,1.0,Not Graphics Only
3. MUSIC & SOUNDS,Angelic Green - Music,1.1,Not Graphics Only
3. MUSIC & SOUNDS,Nolvus Awakening Music Patch,6.0,Not Graphics Only
3. MUSIC & SOUNDS,Sound Record Distributor,1.3,Not Graphics Only
3. MUSIC & SOUNDS,Acoustic Space Improvement Fixes,1.2.1,Not Graphics Only
3. MUSIC & SOUNDS,Audio Overhaul for Skyrim,4.1.3,Not Graphics Only
3. MUSIC & SOUNDS,Immersive Sounds - Compendium,3.0,Not Graphics Only
3. MUSIC & SOUNDS,Audio Overhaul - Immersive Sounds Integration,1.1,Not Graphics Only
3. MUSIC & SOUNDS,Quiet Better Jumping,1.3,Not Graphics Only
3. MUSIC & SOUNDS,Regional Sounds Expansion,2.0,Not Graphics Only
3. MUSIC & SOUNDS,Reverb Interior Sounds Expansion,1.5,Not Graphics Only
3. MUSIC & SOUNDS,Immersive Sounds - Creation Club Armours,1.2,Not Graphics Only
3. MUSIC & SOUNDS,Phoenix Compendium,2.2.1,Not Graphics Only
3. MUSIC & SOUNDS,Thundering Shouts,1.1,Not Graphics Only
3. MUSIC & SOUNDS,Authentic Wolf Howls and Aggro,1.0,Not Graphics Only
3. MUSIC & SOUNDS,NPC Dialogue Audio Enhancer,1.0,Not Graphics Only
3. MUSIC & SOUNDS,Meridia Revoiced,1.0,Not Graphics Only
3. MUSIC & SOUNDS,New Game Sound on Continue,1.0,Not Graphics Only
3. MUSIC & SOUNDS,Sound Fix for Large Sector Drives,4.0,Not Graphics Only
3. MUSIC & SOUNDS,Bleeding Edge - Bladed Weapons SFX Overhaul,1.3,Not Graphics Only
3. MUSIC & SOUNDS,Bleeding Edge - Sword Alternative,0.1,Not Graphics Only
3. MUSIC & SOUNDS,Skullbreaker - Blunt Weapons SFX,0.3,Not Graphics Only
3. MUSIC & SOUNDS,Bulwark - Shield Audio Overhaul,0.1a,Not Graphics Only
3. MUSIC & SOUNDS,Combat Music Fix,1.0,Not Graphics Only
3. MUSIC & SOUNDS,The Black Door Revoiced,1.0,Not Graphics Only
3. MUSIC & SOUNDS,More Painful NPC Death Sounds,1.9,Not Graphics Only
3. MUSIC & SOUNDS,More Painful NPC Death Sounds - 50 Percent Chance,1.91,Not Graphics Only
3. MUSIC & SOUNDS,Exhaustion,4.1,Not Graphics Only
3. MUSIC & SOUNDS,Exhaustion - Settings Loader,1.1,Not Graphics Only
3. MUSIC & SOUNDS,Exhaustion - Nolvus Settings,6.0.4,Not Graphics Only
3. MUSIC & SOUNDS,Wildwood Echoes,1.2,Not Graphics Only
3. MUSIC & SOUNDS,Murder of Songbirds,1.0,Not Graphics Only
3. MUSIC & SOUNDS,Blackreach Eerie Ambience,1.0,Not Graphics Only
3. MUSIC & SOUNDS,Nordic Winds,1.1,Not Graphics Only
3. MUSIC & SOUNDS,Ambient Warfare,1.1,Not Graphics Only
3. MUSIC & SOUNDS,Whispering Tomes of Apocrypha,1.1,Not Graphics Only
3. MUSIC & SOUNDS,Revenant Spirits of the Soul Cairn,1.21,Not Graphics Only
3. MUSIC & SOUNDS,The Standing Sound Stones,1.2,Not Graphics Only
3. MUSIC & SOUNDS,Solstheim Exterior Soundscapes,1.2,Not Graphics Only
3. MUSIC & SOUNDS,Volkihar Soundscape Overhaul,1.1,Not Graphics Only
3. MUSIC & SOUNDS,Distant Rolling Thunder,1.2,Not Graphics Only
3. MUSIC & SOUNDS,The Sounds of Towns and Cities,1.1,Not Graphics Only
3. MUSIC & SOUNDS,Dragonborn Voice Over 2,2.0.1.5,Not Graphics Only
3. MUSIC & SOUNDS,Dragonborn Voice Over - Argonian Male Voice Pack,1.00,Not Graphics Only
3. MUSIC & SOUNDS,Dragonborn Voice Over - Female Orc Voice Pack,1.0,Not Graphics Only
3. MUSIC & SOUNDS,Dragonborn Voice Over - Dagoth Ur Voice Pack,1.2,Not Graphics Only
3. MUSIC & SOUNDS,Dragonborn Voice Over - Wang Yuanji Voice Pack,2.0.3,Not Graphics Only
3. MUSIC & SOUNDS,Dragonborn Voice Over - Male Brute,1.0,Not Graphics Only
3. MUSIC & SOUNDS,Dragonborn Voice Over - Elas - Elven Voice Pack,1.2,Not Graphics Only
3. MUSIC & SOUNDS,Dragonborn Voice Over - Elas - Creation Club Content,1.1,Not Graphics Only
3. MUSIC & SOUNDS,Dragonborn Voice Over - Geralt Voice Pack,1.2,Not Graphics Only
3. MUSIC & SOUNDS,Dragonborn Voice Over - Iris - Voice Pack,1.0,Not Graphics Only
3. MUSIC & SOUNDS,Dragonborn Voice Over - Iris - USSEP,1.0,Not Graphics Only
3. MUSIC & SOUNDS,Dragonborn Voice Over - Karat - Voice Pack,1.1,Not Graphics Only
3. MUSIC & SOUNDS,Dragonborn Voice Over - Karat - USSEP,1.0,Not Graphics Only
3. MUSIC & SOUNDS,Dragonborn Voice Over - Kratos Voice Pack,1.2,Not Graphics Only
3. MUSIC & SOUNDS,Dragonborn Voice Over - Master Chief Voice Pack,1.2,Not Graphics Only
3. MUSIC & SOUNDS,Dragonborn Voice Over - Triss Voice Pack,1.2,Not Graphics Only
3. MUSIC & SOUNDS,Dragonborn Voice Over - Vampire - Voice Pack,1.0,Not Graphics Only
3. MUSIC & SOUNDS,Dragonborn Voice Over - Vampire - Creation Club Patch,1.0,Not Graphics Only
3. MUSIC & SOUNDS,Dragonborn Voice Over - Bella Voice Pack,1.0,Not Graphics Only
3. MUSIC & SOUNDS,Memospore - UI Sound Effects,1.0,Not Graphics Only
3. MUSIC & SOUNDS,Heels Sound Blank,1.0,Not Graphics Only
3. MUSIC & SOUNDS,Whales Off The Coast,1.12,Not Graphics Only
3. MUSIC & SOUNDS,GoT HotD - Dragon Sounds Replacer,1.1,Not Graphics Only
3. MUSIC & SOUNDS,Nolvus Awakening Sounds Patch,6.0.15,Not Graphics Only
4.1 VANILLA QUESTS EXPANSION,Quests Are In Skyrim,1.3,Not Graphics Only
4.1 VANILLA QUESTS EXPANSION,At Your Own Pace - Thane Overhaul,1.0.3,Not Graphics Only
4.1 VANILLA QUESTS EXPANSION,At Your Own Pace - Misc,1.1,Not Graphics Only
4.1 VANILLA QUESTS EXPANSION,At Your Own Pace - Dragonborn,1.0.1,Not Graphics Only
4.1 VANILLA QUESTS EXPANSION,Companions - Vilkas Spar Skip,1.0.0,Not Graphics Only
4.1 VANILLA QUESTS EXPANSION,Companions - Dialogue Bundle,1.6,Not Graphics Only
4.1 VANILLA QUESTS EXPANSION,Alduin's Bane - Scene Workaround,1.1,Not Graphics Only
4.1 VANILLA QUESTS EXPANSION,Cutting Room Floor,3.1.11,Not Graphics Only
4.1 VANILLA QUESTS EXPANSION,Cutting Room Floor - College of Winterhold Quest Start Fixes,0.4,Not Graphics Only
4.1 VANILLA QUESTS EXPANSION,Cutting Room Floor - DBVO - Karat,1.0,Not Graphics Only
4.1 VANILLA QUESTS EXPANSION,Cutting Room Floor - DBVO - Vampire,1.0,Not Graphics Only
4.1 VANILLA QUESTS EXPANSION,Paarthurnax - Quest Expansion,1.12,Not Graphics Only
4.1 VANILLA QUESTS EXPANSION,Paarthurnax - Quest Expansion - DBVO - Bella,1.0,Not Graphics Only
4.1 VANILLA QUESTS EXPANSION,Paarthurnax - Quest Expansion - DBVO - Iris,1.0,Not Graphics Only
4.1 VANILLA QUESTS EXPANSION,Paarthurnax - Quest Expansion - DBVO - Karat,1.0,Not Graphics Only
4.1 VANILLA QUESTS EXPANSION,Paarthurnax - Quest Expansion - DBVO - Vampire,1.0,Not Graphics Only
4.1 VANILLA QUESTS EXPANSION,Paarthurnax - Quest Expansion - Enigma Series Patch,1.12,Not Graphics Only
4.1 VANILLA QUESTS EXPANSION,Listen - Dark Brotherhood Radiant Quests,1.0.1,Not Graphics Only
4.1 VANILLA QUESTS EXPANSION,House of Horrors - Quest Expansion,1.12,Not Graphics Only
4.1 VANILLA QUESTS EXPANSION,House of Horrors - Quest Expansion - Enigma Series Patch,1.12,Not Graphics Only
4.1 VANILLA QUESTS EXPANSION,House of Horrors - Quest Expansion - DBVO - Bella,1.0,Not Graphics Only
4.1 VANILLA QUESTS EXPANSION,House of Horrors - Quest Expansion - DBVO - Karat,1.0,Not Graphics Only
4.1 VANILLA QUESTS EXPANSION,House of Horrors - Quest Expansion - DBVO - Vampire,1.0,Not Graphics Only
4.1 VANILLA QUESTS EXPANSION,Caught Red Handed - Quest Expansion,1.04,Not Graphics Only
4.1 VANILLA QUESTS EXPANSION,Caught Red Handed - Quest Expansion - DBVO - Karat,1.0,Not Graphics Only
4.1 VANILLA QUESTS EXPANSION,Caught Red Handed - Quest Expansion - DBVO - Vampire,1.0,Not Graphics Only
4.1 VANILLA QUESTS EXPANSION,Nilheim - Misc Quest Expansion,1.12,Not Graphics Only
4.1 VANILLA QUESTS EXPANSION,Nilheim - Misc Quest Expansion - DBVO - Karat,1.0,Not Graphics Only
4.1 VANILLA QUESTS EXPANSION,Nilheim - Misc Quest Expansion - DBVO - Vampire,1.0,Not Graphics Only
4.1 VANILLA QUESTS EXPANSION,Nilheim and Caught Red Handed - DBVO - Bella,1.0,Not Graphics Only
4.1 VANILLA QUESTS EXPANSION,The Only Cure - Quest Expansion,1.02,Not Graphics Only
4.1 VANILLA QUESTS EXPANSION,The Only Cure - Quest Expansion - DBVO - Karat,1.0,Not Graphics Only
4.1 VANILLA QUESTS EXPANSION,The Only Cure - Quest Expansion - DBVO - Vampire,1.0,Not Graphics Only
4.1 VANILLA QUESTS EXPANSION,The Whispering Door - Quest Expansion,1.10,Not Graphics Only
4.1 VANILLA QUESTS EXPANSION,The Whispering Door - Quest Expansion - DBVO - Bella,1.0,Not Graphics Only
4.1 VANILLA QUESTS EXPANSION,The Whispering Door - Quest Expansion - DBVO - Karat,1.0,Not Graphics Only
4.1 VANILLA QUESTS EXPANSION,The Whispering Door - Quest Expansion - DBVO - Vampire,1.0,Not Graphics Only
4.1 VANILLA QUESTS EXPANSION,The Innocence Lost - Quest Expansion,1.12,Not Graphics Only
4.1 VANILLA QUESTS EXPANSION,The Innocence Lost - Quest Expansion - DBVO - Bella,1.0,Not Graphics Only
4.1 VANILLA QUESTS EXPANSION,The Innocence Lost - Quest Expansion - DBVO - Karat,1.0,Not Graphics Only
4.1 VANILLA QUESTS EXPANSION,The Innocence Lost - Quest Expansion - DBVO - Vampire,1.0,Not Graphics Only
4.1 VANILLA QUESTS EXPANSION,The Heart of Dibella - Quest Expansion,1.0,Not Graphics Only
4.1 VANILLA QUESTS EXPANSION,The Heart of Dibella - Quest Expansion - DBVO - Bella,1.0,Not Graphics Only
4.1 VANILLA QUESTS EXPANSION,The Heart of Dibella - Quest Expansion - DBVO - Karat,1.0,Not Graphics Only
4.1 VANILLA QUESTS EXPANSION,The Heart of Dibella - Quest Expansion - DBVO - Vampire,1.0,Not Graphics Only
4.1 VANILLA QUESTS EXPANSION,Timing is Everything,2.2,Not Graphics Only
4.1 VANILLA QUESTS EXPANSION,Timing is Everything - Settings Loader,1.0.1,Not Graphics Only
4.1 VANILLA QUESTS EXPANSION,Timing is Everything - Nolvus Settings,6.0.15,Not Graphics Only
4.1 VANILLA QUESTS EXPANSION,The Choice is Yours,2.7,Not Graphics Only
4.1 VANILLA QUESTS EXPANSION,The Choice is Yours - Bittercup,1.0,Not Graphics Only
4.1 VANILLA QUESTS EXPANSION,The Choice is Yours - Bloodchill Manor,1.0,Not Graphics Only
4.1 VANILLA QUESTS EXPANSION,The Choice is Yours - Headman's Cleaver,1.0,Not Graphics Only
4.1 VANILLA QUESTS EXPANSION,The Choice is Yours - Hendraheim,1.0,Not Graphics Only
4.1 VANILLA QUESTS EXPANSION,The Choice is Yours - Plague of the Dead,1.0,Not Graphics Only
4.1 VANILLA QUESTS EXPANSION,The Choice is Yours - Saints and Seducers,1.2,Not Graphics Only
4.1 VANILLA QUESTS EXPANSION,The Choice is Yours - Staff of Sheogorath,1.0,Not Graphics Only
4.1 VANILLA QUESTS EXPANSION,The Choice is Yours - Sunder and Wraithguard,1.0,Not Graphics Only
4.1 VANILLA QUESTS EXPANSION,The Choice is Yours - Vigil Enforcer Armor Set,1.0,Not Graphics Only
4.1 VANILLA QUESTS EXPANSION,The Choice is Yours - Bone Wolf,1.0,Not Graphics Only
4.1 VANILLA QUESTS EXPANSION,The Choice is Yours - Lord's Mail,1.0,Not Graphics Only
4.1 VANILLA QUESTS EXPANSION,The Choice is Yours - The Contest,1.0,Not Graphics Only
4.1 VANILLA QUESTS EXPANSION,The Choice is Yours - DBVO - Karat,1.0,Not Graphics Only
4.1 VANILLA QUESTS EXPANSION,The Choice is Yours - DBVO - Vampire,1.0,Not Graphics Only
4.1 VANILLA QUESTS EXPANSION,The Choice is Yours - Cutting Room Floor Patch,1.1,Not Graphics Only
4.1 VANILLA QUESTS EXPANSION,Face Sculptor Expanded,1.0,Not Graphics Only
4.1 VANILLA QUESTS EXPANSION,Ultra Enemy - Good Death,1.0,Not Graphics Only
4.1 VANILLA QUESTS EXPANSION,Rebalancing Anniversary Edition - Quest Requirements,2.4,Always Install
4.1 VANILLA QUESTS EXPANSION,Quests Award Perk Points,1.3,Not Graphics Only
4.1 VANILLA QUESTS EXPANSION,Quests Award Perk Points - Fishing,1.4.3,Not Graphics Only
4.1 VANILLA QUESTS EXPANSION,Quests Award Perk Points - Saints and Seducers,1.4.3,Not Graphics Only
4.1 VANILLA QUESTS EXPANSION,Nolvus Awakening Vanilla Quests Expansion Patch,6.0.21,Not Graphics Only
4.2 LEGACY OF THE DRAGONBORN,Legacy of the Dragonborn,5.6.5,Not Graphics Only
4.2 LEGACY OF THE DRAGONBORN,Legacy of the Dragonborn - Museum Exterior Fixes,0.7,Not Graphics Only
4.2 LEGACY OF THE DRAGONBORN,Legacy of the Dragonborn - Replica Fixes,2.0,Not Graphics Only
4.2 LEGACY OF THE DRAGONBORN,Legacy of the Dragonborn - Sunder and Wraithguard,1.0,Not Graphics Only
4.2 LEGACY OF THE DRAGONBORN,Legacy of the Dragonborn - Creation Club Patch,5.2,Not Graphics Only
4.2 LEGACY OF THE DRAGONBORN,Legacy of the Dragonborn - DBVO - Elas,1.1.1,Not Graphics Only
4.2 LEGACY OF THE DRAGONBORN,Legacy of the Dragonborn - DBVO - Geralt,1.2,Not Graphics Only
4.2 LEGACY OF THE DRAGONBORN,Legacy of the Dragonborn - DBVO - Iris,1.0,Not Graphics Only
4.2 LEGACY OF THE DRAGONBORN,Legacy of the Dragonborn - DBVO - Karat,1.0,Not Graphics Only
4.2 LEGACY OF THE DRAGONBORN,Legacy of the Dragonborn - DBVO - Kratos,1.2,Not Graphics Only
4.2 LEGACY OF THE DRAGONBORN,Legacy of the Dragonborn - DBVO - Master Chief,1.2,Not Graphics Only
4.2 LEGACY OF THE DRAGONBORN,Legacy of the Dragonborn - DBVO - Vampire,1.0,Not Graphics Only
4.2 LEGACY OF THE DRAGONBORN,Legacy of the Dragonborn - DBVO - Bella,1.0,Not Graphics Only
4.2 LEGACY OF THE DRAGONBORN,Legacy of the Dragonborn - Player Homes,1.01,Not Graphics Only
4.2 LEGACY OF THE DRAGONBORN,Legacy of the Dragonborn - Collectors,0.10,Not Graphics Only
4.2 LEGACY OF THE DRAGONBORN,Legacy of the Dragonborn - The Curators Companion,6.2.5,Not Graphics Only
4.2 LEGACY OF THE DRAGONBORN,Legacy of the Dragonborn - Hall of Forgotten,2.3.9,Not Graphics Only
4.2 LEGACY OF THE DRAGONBORN,Legacy of the Dragonborn - Hall of Forgotten - Delayed,1.2,Not Graphics Only
4.2 LEGACY OF THE DRAGONBORN,Legacy of the Dragonborn - Hall of Forgotten - TCC,4.3,Not Graphics Only
4.3 NEW QUESTS WORLDS & ADDONS,Beyond Skyrim - Assets,1.6.3,Not Graphics Only
4.3 NEW QUESTS WORLDS & ADDONS,Beyond Skyrim - Bruma,1.6.3,Not Graphics Only
4.3 NEW QUESTS WORLDS & ADDONS,Beyond Skyrim - DLC Integration,1.6.2,Not Graphics Only
4.3 NEW QUESTS WORLDS & ADDONS,Beyond Skyrim - Misc Fixes,1.00,Not Graphics Only
4.3 NEW QUESTS WORLDS & ADDONS,Beyond Skyrim - Cyrodiil Patch,1.1,Not Graphics Only
4.3 NEW QUESTS WORLDS & ADDONS,Beyond Skyrim - DBVO - Elas,1.1,Not Graphics Only
4.3 NEW QUESTS WORLDS & ADDONS,Beyond Skyrim - DBVO - Geralt,1.2,Not Graphics Only
4.3 NEW QUESTS WORLDS & ADDONS,Beyond Skyrim - DBVO - Vampire,1.0,Not Graphics Only
4.3 NEW QUESTS WORLDS & ADDONS,Beyond Skyrim - DBVO - Bella,1.1,Not Graphics Only
4.3 NEW QUESTS WORLDS & ADDONS,Beyond Skyrim - Ayleid Ruins HD Parallax,2.11,Not Graphics Only
4.3 NEW QUESTS WORLDS & ADDONS,Beyond Skyrim - Legacy of the Dragonborn Synergy Patch,1.12,Not Graphics Only
4.3 NEW QUESTS WORLDS & ADDONS,Beyond Skyrim - The Dragonborn's Bestiary Patch,1.5.2,Not Graphics Only
4.3 NEW QUESTS WORLDS & ADDONS,Wyrmstooth,1.20.2,Not Graphics Only
4.3 NEW QUESTS WORLDS & ADDONS,Wyrmstooth - WoW Dragon Mounds CTD Fix Patch,1.1,Not Graphics Only
4.3 NEW QUESTS WORLDS & ADDONS,Wyrmstooth - Water Edge Fixes,1.0,Not Graphics Only
4.3 NEW QUESTS WORLDS & ADDONS,Wyrmstooth - Optimized Textures,1.0,Not Graphics Only
4.3 NEW QUESTS WORLDS & ADDONS,Wyrmstooth - Suleyk Retexture,2.0,Not Graphics Only
4.3 NEW QUESTS WORLDS & ADDONS,Wyrmstooth - Ice Mesh - Tweak,1.0,Not Graphics Only
4.3 NEW QUESTS WORLDS & ADDONS,Wyrmstooth - Unique Weapons Reforged,1.0,Not Graphics Only
4.3 NEW QUESTS WORLDS & ADDONS,Wyrmstooth - Unique Weapons Reforged - LOTD Patch,1.0,Not Graphics Only
4.3 NEW QUESTS WORLDS & ADDONS,Wyrmstooth - Brimstone and Wyrmstone Armory,1.4,Not Graphics Only
4.3 NEW QUESTS WORLDS & ADDONS,Wyrmstooth - Brimstone and Wyrmstone Armory - LOTD Patch,1.0,Not Graphics Only
4.3 NEW QUESTS WORLDS & ADDONS,Wyrmstooth - Skyrim Integration,.1,Not Graphics Only
4.3 NEW QUESTS WORLDS & ADDONS,Wyrmstooth - Rare Curios Ingredients Patch,1.0,Not Graphics Only
4.3 NEW QUESTS WORLDS & ADDONS,Wyrmstooth - The Cause Ingredients Patch,1.0,Not Graphics Only
4.3 NEW QUESTS WORLDS & ADDONS,Wyrmstooth - Artifact Immersion Patch,1.1,Not Graphics Only
4.3 NEW QUESTS WORLDS & ADDONS,Wyrmstooth - DBVO - Karat,1.0,Not Graphics Only
4.3 NEW QUESTS WORLDS & ADDONS,Wyrmstooth - DBVO - Vampire,1.0,Not Graphics Only
4.3 NEW QUESTS WORLDS & ADDONS,Wyrmstooth - DBVO - Bella,1.0,Not Graphics Only
4.3 NEW QUESTS WORLDS & ADDONS,Wyrmstooth - Settings Loader,2.0.1,Not Graphics Only
4.3 NEW QUESTS WORLDS & ADDONS,The Wheels of Lull,5.1.13.3,Not Graphics Only
4.3 NEW QUESTS WORLDS & ADDONS,The Wheels of Lull - Retexture,1.02,Not Graphics Only
4.3 NEW QUESTS WORLDS & ADDONS,The Wheels of Lull - Fishing Addon,1.2.1,Not Graphics Only
4.3 NEW QUESTS WORLDS & ADDONS,The Wheels of Lull - DBVO - Karat,1.0,Not Graphics Only
4.3 NEW QUESTS WORLDS & ADDONS,The Wheels of Lull - DBVO - Bella,1.0,Not Graphics Only
4.3 NEW QUESTS WORLDS & ADDONS,The Wheels of Lull - DBVO - Vampire,1.0,Not Graphics Only
4.3 NEW QUESTS WORLDS & ADDONS,The Wheels of Lull - Settings Loader,1.1,Not Graphics Only
4.3 NEW QUESTS WORLDS & ADDONS,Vigilant,1.7.3,Not Graphics Only
4.3 NEW QUESTS WORLDS & ADDONS,Vigilant - English Voices Addon,1.7.3,Not Graphics Only
4.3 NEW QUESTS WORLDS & ADDONS,Vigilant - English Addon Subtitle Patch,1.4,Not Graphics Only
4.3 NEW QUESTS WORLDS & ADDONS,Vigilant - Delayed Start,2.0,Not Graphics Only
4.3 NEW QUESTS WORLDS & ADDONS,Vigilant - High Res Textures,1.7,Not Graphics Only
4.3 NEW QUESTS WORLDS & ADDONS,Vigilant - High Res Textures - Lost,1.7b,Not Graphics Only
4.3 NEW QUESTS WORLDS & ADDONS,Vigilant - Music Extended,1.0,Not Graphics Only
4.3 NEW QUESTS WORLDS & ADDONS,Vigilant - Coldharbour Landscape and Architecture Retexture,1.0,Not Graphics Only
4.3 NEW QUESTS WORLDS & ADDONS,Vigilant - Wasteland Tree,1.0,Not Graphics Only
4.3 NEW QUESTS WORLDS & ADDONS,Vigilant - Xtudo - Giant Fix,2.1,Not Graphics Only
4.3 NEW QUESTS WORLDS & ADDONS,Vigilant - Xtudo - Elite Vigilant Hood Fix,1.0,Not Graphics Only
4.3 NEW QUESTS WORLDS & ADDONS,Vigilant - Xtudo - Immersive Text Edit,1.3,Not Graphics Only
4.3 NEW QUESTS WORLDS & ADDONS,Vigilant - Xtudo - Heart of Order Fix,1.8,Not Graphics Only
4.3 NEW QUESTS WORLDS & ADDONS,Vigilant - Xtudo - LOD fix,1.0,Not Graphics Only
4.3 NEW QUESTS WORLDS & ADDONS,Vigilant - Xtudo - M'que Robes Fix,1.6,Not Graphics Only
4.3 NEW QUESTS WORLDS & ADDONS,Vigilant - Xtudo - Molag Bag Statue,2.1,Not Graphics Only
4.3 NEW QUESTS WORLDS & ADDONS,Vigilant - Xtudo - Meridia Patch,2.1,Not Graphics Only
4.3 NEW QUESTS WORLDS & ADDONS,Vigilant - Xtudo - HD Stendarr Banner,1.0,Not Graphics Only
4.3 NEW QUESTS WORLDS & ADDONS,Vigilant - Xtudo - Stendarr Statue,1.2.1,Not Graphics Only
4.3 NEW QUESTS WORLDS & ADDONS,Vigilant - Xtudo - Anvil of Zenithar,1.7,Not Graphics Only
4.3 NEW QUESTS WORLDS & ADDONS,Vigilant - Xtudo - Sand Runner Eggs,1.8,Not Graphics Only
4.3 NEW QUESTS WORLDS & ADDONS,Vigilant - Xtudo - Bard's Dagger,2.3,Not Graphics Only
4.3 NEW QUESTS WORLDS & ADDONS,Vigilant - Armors and Weapons Retexture,4.0,Not Graphics Only
4.3 NEW QUESTS WORLDS & ADDONS,Vigilant - HD Project - Amulet of Kings,1.0,Not Graphics Only
4.3 NEW QUESTS WORLDS & ADDONS,Vigilant - HD Project - Arkay,1.0,Not Graphics Only
4.3 NEW QUESTS WORLDS & ADDONS,Vigilant - HD Project - Jyggalag,1.0,Not Graphics Only
4.3 NEW QUESTS WORLDS & ADDONS,Vigilant - HD Project - Pelinal,1.0,Not Graphics Only
4.3 NEW QUESTS WORLDS & ADDONS,Vigilant - HD Project - Umaril,1.0,Not Graphics Only
4.3 NEW QUESTS WORLDS & ADDONS,Vigilant - Book Covers,1.5,Not Graphics Only
4.3 NEW QUESTS WORLDS & ADDONS,Vigilant - DeadPile Flesh,1.0,Not Graphics Only
4.3 NEW QUESTS WORLDS & ADDONS,Vigilant - Gun Replacer,1.0,Not Graphics Only
4.3 NEW QUESTS WORLDS & ADDONS,Vigilant - Molag Bal Dragon,1.0,Not Graphics Only
4.3 NEW QUESTS WORLDS & ADDONS,Vigilant - World Space Patch,1.7,Not Graphics Only
4.3 NEW QUESTS WORLDS & ADDONS,Vigilant - Nerfed Rewards,1.1,Not Graphics Only
4.3 NEW QUESTS WORLDS & ADDONS,Vigilant - No Boss Summons,1.0,Not Graphics Only
4.3 NEW QUESTS WORLDS & ADDONS,Vigilant - Artifact Immersion Patch,1.1.2,Not Graphics Only
4.3 NEW QUESTS WORLDS & ADDONS,Vigilant - Chest ENB Patch,1.0,Not Graphics Only
4.3 NEW QUESTS WORLDS & ADDONS,Vigilant - Settings Loader,1.1.1,Not Graphics Only
4.3 NEW QUESTS WORLDS & ADDONS,Vigilant - DBVO - Master Chief,1.2,Not Graphics Only
4.3 NEW QUESTS WORLDS & ADDONS,Vigilant - DBVO - Geralt,1.2,Not Graphics Only
4.3 NEW QUESTS WORLDS & ADDONS,Vigilant - DBVO - Karat,1.0,Not Graphics Only
4.3 NEW QUESTS WORLDS & ADDONS,Vigilant - DBVO - Vampire,1.0,Not Graphics Only
4.3 NEW QUESTS WORLDS & ADDONS,Vigilant - DBVO - Bella,1.0,Not Graphics Only
4.3 NEW QUESTS WORLDS & ADDONS,Unslaad,3.0.2,Not Graphics Only
4.3 NEW QUESTS WORLDS & ADDONS,Unslaad - English Voices Addon,3.0.2,Not Graphics Only
4.3 NEW QUESTS WORLDS & ADDONS,Unslaad - Starting Requirements,1.01,Not Graphics Only
4.3 NEW QUESTS WORLDS & ADDONS,Unslaad - World Space Patch,3.0,Not Graphics Only
4.3 NEW QUESTS WORLDS & ADDONS,Unslaad - Unofficial Legacy of the Dragonborn Patch,1.2,Not Graphics Only
4.3 NEW QUESTS WORLDS & ADDONS,Unslaad - DBVO - Karat,1.0,Not Graphics Only
4.3 NEW QUESTS WORLDS & ADDONS,Unslaad - DBVO - Vampire,1.0,Not Graphics Only
4.3 NEW QUESTS WORLDS & ADDONS,Unslaad - DBVO - Bella,1.0,Not Graphics Only
4.3 NEW QUESTS WORLDS & ADDONS,Unslaad - Armors and Weapons Retexture,2.0,Not Graphics Only
4.3 NEW QUESTS WORLDS & ADDONS,The Forgotten City,1.8,Not Graphics Only
4.3 NEW QUESTS WORLDS & ADDONS,The Forgotten City - Music Patch,2.2,Not Graphics Only
4.3 NEW QUESTS WORLDS & ADDONS,The Forgotten City - Delayed Start,1.0,Not Graphics Only
4.3 NEW QUESTS WORLDS & ADDONS,The Forgotten City - Immersion Patch,1.0,Not Graphics Only
4.3 NEW QUESTS WORLDS & ADDONS,The Forgotten City - Cassia's Plea Remover Addon,2.2,Not Graphics Only
4.3 NEW QUESTS WORLDS & ADDONS,The Forgotten City - Decree of the Arbiter Spell Music Fix,1.0,Not Graphics Only
4.3 NEW QUESTS WORLDS & ADDONS,The Forgotten City - DBVO - Vampire,1.0,Not Graphics Only
4.3 NEW QUESTS WORLDS & ADDONS,The Forgotten City - DBVO - Karat,1.0,Not Graphics Only
4.3 NEW QUESTS WORLDS & ADDONS,The Forgotten City - DBVO - Bella,1.0,Not Graphics Only
4.3 NEW QUESTS WORLDS & ADDONS,Project AHO,2.0,Not Graphics Only
4.3 NEW QUESTS WORLDS & ADDONS,Project AHO - ESM Flag Edition - Clean Patch,1.0,Not Graphics Only
4.3 NEW QUESTS WORLDS & ADDONS,Project AHO - Parallax Patch,1.03,Not Graphics Only
4.3 NEW QUESTS WORLDS & ADDONS,Project AHO - Bugfix and Improvement,1.7.1,Not Graphics Only
4.3 NEW QUESTS WORLDS & ADDONS,Project AHO - Bugfix and Improvement - Table Mesh Fix,1.7.1,Not Graphics Only
4.3 NEW QUESTS WORLDS & ADDONS,Project AHO - Vampirism Fix,1.0.1,Not Graphics Only
4.3 NEW QUESTS WORLDS & ADDONS,Project AHO - Tweaks,1.0,Not Graphics Only
4.3 NEW QUESTS WORLDS & ADDONS,Project AHO - Inspired Weapon,1.0,Not Graphics Only
4.3 NEW QUESTS WORLDS & ADDONS,Project AHO - Chains Replacer,1.0,Not Graphics Only
4.3 NEW QUESTS WORLDS & ADDONS,Project AHO - HD Textures,1.0,Not Graphics Only
4.3 NEW QUESTS WORLDS & ADDONS,Project AHO - HD Textures - Outfits,1.0,Not Graphics Only
4.3 NEW QUESTS WORLDS & ADDONS,Project AHO - Start when you want,2.00,Not Graphics Only
4.3 NEW QUESTS WORLDS & ADDONS,Project AHO - CC Ghost of the tribunal Consistency Patch,1.0,Not Graphics Only
4.3 NEW QUESTS WORLDS & ADDONS,Project AHO - Unofficial Patch,1.3,Not Graphics Only
4.3 NEW QUESTS WORLDS & ADDONS,Project AHO - ENB Patch,0.1,Not Graphics Only
4.3 NEW QUESTS WORLDS & ADDONS,Project AHO - CRF Spell Crafting Patch,2.0,Not Graphics Only
4.3 NEW QUESTS WORLDS & ADDONS,Project AHO - Telvanni Hybrid Temper Patch,1.02,Not Graphics Only
4.3 NEW QUESTS WORLDS & ADDONS,Project AHO - Immersion Patch,1.0,Not Graphics Only
4.3 NEW QUESTS WORLDS & ADDONS,Project AHO - The Dragonborn's Bestiary Patch,1.0,Not Graphics Only
4.3 NEW QUESTS WORLDS & ADDONS,Project AHO - DBVO - Karat,1.0,Not Graphics Only
4.3 NEW QUESTS WORLDS & ADDONS,Project AHO - DBVO - Vampire,1.0,Not Graphics Only
4.3 NEW QUESTS WORLDS & ADDONS,Project AHO - DBVO - Bella,1.0,Not Graphics Only
4.3 NEW QUESTS WORLDS & ADDONS,Konahrik's Accoutrements,5.5.3,Not Graphics Only
4.3 NEW QUESTS WORLDS & ADDONS,Konahrik's Accoutrements - Fixed Esp,1.0.1,Not Graphics Only
4.3 NEW QUESTS WORLDS & ADDONS,Konahrik's Accoutrements - Upscaled Textures,1.0,Not Graphics Only
4.3 NEW QUESTS WORLDS & ADDONS,Konahrik's Accoutrements - Abjuration Steal Fix,1.0,Not Graphics Only
4.3 NEW QUESTS WORLDS & ADDONS,Konahrik's Accoutrements - Recipe Fix,1.1,Not Graphics Only
4.3 NEW QUESTS WORLDS & ADDONS,Carved Brink,1.1,Not Graphics Only
4.3 NEW QUESTS WORLDS & ADDONS,Carved Brink - Unofficial Patch,1.3,Not Graphics Only
4.3 NEW QUESTS WORLDS & ADDONS,Carved Brink - DBVO - Vampire,1.0,Not Graphics Only
4.3 NEW QUESTS WORLDS & ADDONS,Carved Brink - DBVO - Bella,1.0,Not Graphics Only
4.3 NEW QUESTS WORLDS & ADDONS,Darkend,1.4,Not Graphics Only
4.3 NEW QUESTS WORLDS & ADDONS,Darkend - FaceGen Meshes and Textures,1.4,Not Graphics Only
4.3 NEW QUESTS WORLDS & ADDONS,Darkend - Missing Walls Hotfix,1.4,Not Graphics Only
4.3 NEW QUESTS WORLDS & ADDONS,Darkend - The Dragonborn's Bestiary Patch,1.0,Not Graphics Only
4.3 NEW QUESTS WORLDS & ADDONS,Darkend - DBVO - Bella,1.0,Not Graphics Only
4.3 NEW QUESTS WORLDS & ADDONS,Belethor's Sister - Quest,0.3,Not Graphics Only
4.3 NEW QUESTS WORLDS & ADDONS,Belethor's Sister - Quest - DBVO - Karat,1.0,Not Graphics Only
4.3 NEW QUESTS WORLDS & ADDONS,Belethor's Sister - Quest - DBVO - Vampire,1.0,Not Graphics Only
4.3 NEW QUESTS WORLDS & ADDONS,SirenRoot - Deluge of Deceit,1.21,Not Graphics Only
4.3 NEW QUESTS WORLDS & ADDONS,SirenRoot - Deluge of Deceit - DBVO - Karat,1.0,Not Graphics Only
4.3 NEW QUESTS WORLDS & ADDONS,SirenRoot - Deluge of Deceit - DBVO - Vampire,1.0,Not Graphics Only
4.3 NEW QUESTS WORLDS & ADDONS,SirenRoot - Deluge of Deceit - DBVO - Bella,1.0,Not Graphics Only
4.3 NEW QUESTS WORLDS & ADDONS,The Gray Cowl of Nocturnal,1.3,Not Graphics Only
4.3 NEW QUESTS WORLDS & ADDONS,The Gray Cowl of Nocturnal - Addons and Patches,1.3,Not Graphics Only
4.3 NEW QUESTS WORLDS & ADDONS,The Gray Cowl of Nocturnal - Duneripper Fix,1.3,Not Graphics Only
4.3 NEW QUESTS WORLDS & ADDONS,The Gray Cowl of Nocturnal - AI Revoice,1.0,Not Graphics Only
4.3 NEW QUESTS WORLDS & ADDONS,The Gray Cowl of Nocturnal - Revoice and Expansion,0.2,Not Graphics Only
4.3 NEW QUESTS WORLDS & ADDONS,The Gray Cowl of Nocturnal - Retexture,1.0,Not Graphics Only
4.3 NEW QUESTS WORLDS & ADDONS,The Gray Cowl of Nocturnal - Retexture - Parallax,1.11,Not Graphics Only
4.3 NEW QUESTS WORLDS & ADDONS,The Gray Cowl of Nocturnal - Retexture - Parallax - Alikr Towers,1.0,Not Graphics Only
4.3 NEW QUESTS WORLDS & ADDONS,The Gray Cowl of Nocturnal - Retexture - Parallax - Palace Towers,1.0,Not Graphics Only
4.3 NEW QUESTS WORLDS & ADDONS,The Gray Cowl of Nocturnal - The Remnants of Hammerfell,1.1,Not Graphics Only
4.3 NEW QUESTS WORLDS & ADDONS,The Gray Cowl of Nocturnal - Music Overhaul,1.1,Not Graphics Only
4.3 NEW QUESTS WORLDS & ADDONS,The Gray Cowl of Nocturnal - Moveable Lanterns and Signs,1.0,Not Graphics Only
4.3 NEW QUESTS WORLDS & ADDONS,The Gray Cowl of Nocturnal - The Dragonborn's Bestiary Patch,1.0,Not Graphics Only
4.3 NEW QUESTS WORLDS & ADDONS,The Gray Cowl of Nocturnal - DBVO - Vampire,1.0,Not Graphics Only
4.3 NEW QUESTS WORLDS & ADDONS,The Gray Cowl of Nocturnal - DBVO - Bella,1.0,Not Graphics Only
4.3 NEW QUESTS WORLDS & ADDONS,Clockwork,1.0,Not Graphics Only
4.3 NEW QUESTS WORLDS & ADDONS,Clockwork - Settings Loader,1.0.0,Not Graphics Only
4.3 NEW QUESTS WORLDS & ADDONS,Clockwork - Nolvus Settings,6.0.7,Not Graphics Only
4.3 NEW QUESTS WORLDS & ADDONS,Additional Clockwork,3.0.2,Not Graphics Only
4.3 NEW QUESTS WORLDS & ADDONS,Clockwork - Cleaned Textures,1.0,Not Graphics Only
4.3 NEW QUESTS WORLDS & ADDONS,Clockwork - Textures [2K],1.0,Not Graphics Only
4.3 NEW QUESTS WORLDS & ADDONS,Clockwork - Shadow Redone,1.0,Not Graphics Only
4.3 NEW QUESTS WORLDS & ADDONS,Clockwork - Shrine Swapper,1.0,Not Graphics Only
4.3 NEW QUESTS WORLDS & ADDONS,Clockwork - Plantable Addon,1.0,Not Graphics Only
4.3 NEW QUESTS WORLDS & ADDONS,Clockwork - LOTD Castle Replica Display Patch,1.01,Not Graphics Only
4.3 NEW QUESTS WORLDS & ADDONS,Clockwork - DBVO - Vampire,1.0,Not Graphics Only
4.3 NEW QUESTS WORLDS & ADDONS,Clockwork - DBVO - Bella,1.0,Not Graphics Only
4.3 NEW QUESTS WORLDS & ADDONS,Identity Crisis,1.04,Not Graphics Only
4.3 NEW QUESTS WORLDS & ADDONS,Identity Crisis - Beyond Skyrim Brum Patch,1.02,Not Graphics Only
4.3 NEW QUESTS WORLDS & ADDONS,Identity Crisis - Legacy of the Dragonborn Patch,1.6.1,Not Graphics Only
4.3 NEW QUESTS WORLDS & ADDONS,Identity Crisis - DBVO - Karat,1.0,Not Graphics Only
4.3 NEW QUESTS WORLDS & ADDONS,Teldryn Serious - A Teldryn Sero Backstory Quest,7.0,Not Graphics Only
4.3 NEW QUESTS WORLDS & ADDONS,Teldryn Serious - Patch,1.1.5,Not Graphics Only
4.3 NEW QUESTS WORLDS & ADDONS,Teldryn Serious - Artifact Immersion Patch,1.1,Not Graphics Only
4.3 NEW QUESTS WORLDS & ADDONS,Teldryn Serious - DBVO - Bella,1.0,Not Graphics Only
4.3 NEW QUESTS WORLDS & ADDONS,Moonpath to Elsweyr,1.16.1,Not Graphics Only
4.3 NEW QUESTS WORLDS & ADDONS,Moonpath To Elsweyr - Retexture,1.0,Not Graphics Only
4.3 NEW QUESTS WORLDS & ADDONS,Moonpath To Elsweyr - Retexture - Sigil on Shoulder,1.1,Not Graphics Only
4.3 NEW QUESTS WORLDS & ADDONS,Moonpath to Elsweyr - Zahilisk Replacer,1.0,Not Graphics Only
4.3 NEW QUESTS WORLDS & ADDONS,Moonpath to Elsweyr - Hyena Replacer,1.0,Not Graphics Only
4.3 NEW QUESTS WORLDS & ADDONS,Moonpath to Elsweyr - Unofficial Patch,1.5,Not Graphics Only
4.3 NEW QUESTS WORLDS & ADDONS,Moonpath to Elsweyr - Bruma Synergy Patch,2.4,Not Graphics Only
4.3 NEW QUESTS WORLDS & ADDONS,Moonpath to Elsweyr - Music - Weather and Other Fixes,3.1,Not Graphics Only
4.3 NEW QUESTS WORLDS & ADDONS,Moonpath to Elsweyr - Moonpatch Full,1.1,Not Graphics Only
4.3 NEW QUESTS WORLDS & ADDONS,Moonpath to Elsweyr - Caravan Map Marker for Bruma,1.1,Not Graphics Only
4.3 NEW QUESTS WORLDS & ADDONS,Moonpath to Elsweyr - Artifact Immersion Patch,1.1.2,Not Graphics Only
4.3 NEW QUESTS WORLDS & ADDONS,Moonpath to Elsweyr - DBVO - Vampire,1.0,Not Graphics Only
4.3 NEW QUESTS WORLDS & ADDONS,Moonpath to Elsweyr - DBVO - Bella,1.0,Not Graphics Only
4.3 NEW QUESTS WORLDS & ADDONS,Midwood Isle,3.10,Not Graphics Only
4.3 NEW QUESTS WORLDS & ADDONS,Midwood Isle - CTD and Main Quest Fixes,1.0,Not Graphics Only
4.3 NEW QUESTS WORLDS & ADDONS,Midwood Isle - Patches,3.06,Not Graphics Only
4.3 NEW QUESTS WORLDS & ADDONS,Midwood Isle - Beyond Skyrim Bruma patch fix,1.0,Not Graphics Only
4.3 NEW QUESTS WORLDS & ADDONS,Midwood Isle - Xtudo - Bathing Rooms,1.04,Not Graphics Only
4.3 NEW QUESTS WORLDS & ADDONS,Midwood Isle - Xtudo - Cats,1.0,Not Graphics Only
4.3 NEW QUESTS WORLDS & ADDONS,Midwood Isle - Xtudo - Dangerous NPCs fixes,1.06,Not Graphics Only
4.3 NEW QUESTS WORLDS & ADDONS,Midwood Isle - Xtudo - Strange Crystal fix,1.07,Not Graphics Only
4.3 NEW QUESTS WORLDS & ADDONS,Midwood Isle - Xtudo - Summon Arvak,1.0,Not Graphics Only
4.3 NEW QUESTS WORLDS & ADDONS,Midwood Isle - Xtudo - Tree LODs with shadows,1.01,Not Graphics Only
4.3 NEW QUESTS WORLDS & ADDONS,Midwood Isle - Black Book Fix,0.1,Not Graphics Only
4.3 NEW QUESTS WORLDS & ADDONS,Midwood Isle - Nolvus Trees Fix,6.0.15,Not Graphics Only
4.3 NEW QUESTS WORLDS & ADDONS,Midwood Isle - True HUD Patch,1.0,Not Graphics Only
4.3 NEW QUESTS WORLDS & ADDONS,Midwood Isle - DBVO - Vampire,1.0,Not Graphics Only
4.3 NEW QUESTS WORLDS & ADDONS,Falskaar,2.2,Not Graphics Only
4.3 NEW QUESTS WORLDS & ADDONS,Falskaar - Addons and Patches,1.6,Not Graphics Only
4.3 NEW QUESTS WORLDS & ADDONS,Falskaar - Boat Travel Script Fix,1.0,Not Graphics Only
4.3 NEW QUESTS WORLDS & ADDONS,Falskaar - Tree Lod Fix,1.0,Not Graphics Only
4.3 NEW QUESTS WORLDS & ADDONS,Falskaar - Fishing Spot,1.0,Not Graphics Only
4.3 NEW QUESTS WORLDS & ADDONS,Falskaar - Guard Restored,1.0,Not Graphics Only
4.3 NEW QUESTS WORLDS & ADDONS,Falskaar - DBVO - Karat,1.0,Not Graphics Only
4.3 NEW QUESTS WORLDS & ADDONS,Falskaar - DBVO - Bella,1.0,Not Graphics Only
4.3 NEW QUESTS WORLDS & ADDONS,Falskaar - Fixes,6.0.21,Not Graphics Only
4.3 NEW QUESTS WORLDS & ADDONS,Moon and Star,3.2,Not Graphics Only
4.3 NEW QUESTS WORLDS & ADDONS,Moon and Star - Cleaned Plugin Replacer,2.0,Not Graphics Only
4.3 NEW QUESTS WORLDS & ADDONS,Moon and Star - Immersion Patch,2.0,Not Graphics Only
4.3 NEW QUESTS WORLDS & ADDONS,Moon and Star - Book Fixes,1.1,Not Graphics Only
4.3 NEW QUESTS WORLDS & ADDONS,Moon and Star - Landscapes Fixes,1.1,Not Graphics Only
4.3 NEW QUESTS WORLDS & ADDONS,Moon and Star - Moss Creek Camp,1.0.3,Not Graphics Only
4.3 NEW QUESTS WORLDS & ADDONS,Moon and Star - Clockwork Synergy Patch,1.0,Not Graphics Only
4.3 NEW QUESTS WORLDS & ADDONS,Moon and Star - LOTD - Creation Club Integration,2.0,Not Graphics Only
4.3 NEW QUESTS WORLDS & ADDONS,Undeath Remastered,1.7,Not Graphics Only
4.3 NEW QUESTS WORLDS & ADDONS,Undeath Remastered - Facegen Data Patch,2.0,Not Graphics Only
4.3 NEW QUESTS WORLDS & ADDONS,Undeath - Classical Lichdom,3.60,Not Graphics Only
4.3 NEW QUESTS WORLDS & ADDONS,Undeath - Classical Lichdom - Cleaned and Enhanced Textures [2K],1.0,Not Graphics Only
4.3 NEW QUESTS WORLDS & ADDONS,Undeath - Classical Lichdom - Dynamic Collision Adjustment Patch,3.60,Not Graphics Only
4.3 NEW QUESTS WORLDS & ADDONS,Undeath - Classical Lichdom - The Ascension Lite,1.50,Not Graphics Only
4.3 NEW QUESTS WORLDS & ADDONS,Undeath - Conjuration Absorb Fix,1.1,Not Graphics Only
4.3 NEW QUESTS WORLDS & ADDONS,Undeath - Immersive Mountain Pass,1.00,Not Graphics Only
4.3 NEW QUESTS WORLDS & ADDONS,Undeath - Staff of the Wormlord Alternative,1.1.1,Not Graphics Only
4.3 NEW QUESTS WORLDS & ADDONS,Undeath - The Cause Ayleid Lich Model Patch,3.58,Not Graphics Only
4.3 NEW QUESTS WORLDS & ADDONS,Undeath - Moon and Star Patch,1.1,Not Graphics Only
4.3 NEW QUESTS WORLDS & ADDONS,Missives,2.03,Not Graphics Only
4.3 NEW QUESTS WORLDS & ADDONS,Missives are in Skyrim,1.0,Not Graphics Only
4.3 NEW QUESTS WORLDS & ADDONS,Missives - Solstheim Patch,2.03,Not Graphics Only
4.3 NEW QUESTS WORLDS & ADDONS,Missives - Wyrmstooth Patch,2.05,Not Graphics Only
4.3 NEW QUESTS WORLDS & ADDONS,Missives - Bruma Patch,2.04c,Not Graphics Only
4.3 NEW QUESTS WORLDS & ADDONS,Missives - Dawn of Skyrim Patch,1.0,Ultimate
4.3 NEW QUESTS WORLDS & ADDONS,Missives - Falskaar Patch,2.04b,Not Graphics Only
4.3 NEW QUESTS WORLDS & ADDONS,Missives - Gray Cowl Patch,2.06a,Not Graphics Only
4.3 NEW QUESTS WORLDS & ADDONS,Missives - Gray Cowl Patch - We Don't Need Two Boards,1.0,Not Graphics Only
4.3 NEW QUESTS WORLDS & ADDONS,Missives - Gray Cown Patch - Additional Maps,1.0,Not Graphics Only
4.3 NEW QUESTS WORLDS & ADDONS,Missives - Midwood Isle Patch,2.04a,Not Graphics Only
4.3 NEW QUESTS WORLDS & ADDONS,Missives Notes Retexture,1.0,Not Graphics Only
4.3 NEW QUESTS WORLDS & ADDONS,Missives Notes Retexture - Solstheim Patch,1.0,Not Graphics Only
4.3 NEW QUESTS WORLDS & ADDONS,Missives Notes Retexture - Bruma Patch,1.0,Not Graphics Only
4.3 NEW QUESTS WORLDS & ADDONS,Cheesemod for Everyone,1.01,Not Graphics Only
4.3 NEW QUESTS WORLDS & ADDONS,Cheesemod for Everyone - Clean Patch,1.0,Not Graphics Only
4.3 NEW QUESTS WORLDS & ADDONS,The Tools of Kagrenac,1.62,Not Graphics Only
4.3 NEW QUESTS WORLDS & ADDONS,The Tools of Kagrenac - Ayleid Consistency Suite - Blue Marble with Golden Details,1.3,Not Graphics Only
4.3 NEW QUESTS WORLDS & ADDONS,The Tools of Kagrenac - Forgotten City Patch,1.0,Not Graphics Only
4.3 NEW QUESTS WORLDS & ADDONS,Leaps of Faith - A Misc Quest,1.05,Not Graphics Only
4.3 NEW QUESTS WORLDS & ADDONS,Leaps of Faith - LOTD Patch,1.0,"Not SREX, Not Graphics Only"
4.3 NEW QUESTS WORLDS & ADDONS,Baba Yaga and the Labyrinth,0.4.1,Not Graphics Only
4.3 NEW QUESTS WORLDS & ADDONS,The Dragonborn's Bestiary - Quest Patch Compendium,1.26,Not Graphics Only
4.3 NEW QUESTS WORLDS & ADDONS,Quests Award Perk Points - Quest Patches,1.4.1,Not Graphics Only
4.3 NEW QUESTS WORLDS & ADDONS,Nolvus Awakening DLC Patch,6.0.21,Not Graphics Only
5.1 BASE TEXTURES & MODELS,Static Mesh Improvement Mod,2.08,Always Install
5.1 BASE TEXTURES & MODELS,Static Mesh Improvement Mod - Quality Addon,1.4,Always Install
5.1 BASE TEXTURES & MODELS,Skyrim Landscape and Water Fixes,8.1.1,Always Install
5.1 BASE TEXTURES & MODELS,Skyrim Landscape and Water Fixes - Moon and Star,1.01,Not Graphics Only
5.1 BASE TEXTURES & MODELS,Unofficial Material Fix,1.17,Always Install
5.1 BASE TEXTURES & MODELS,Assorted Mesh Fixes,0.120,Always Install
5.1 BASE TEXTURES & MODELS,Assorted Mesh Fixes Parallax,0.120,Always Install
5.1 BASE TEXTURES & MODELS,Assorted Bruma Mesh Fixes,0.1,Always Install
5.1 BASE TEXTURES & MODELS,Dlizzio's Mesh Fixes,2.3,Always Install
5.1 BASE TEXTURES & MODELS,Dlizzio's Mesh Fixes - Parallax Mesh Patch,1.0,Always Install
5.1 BASE TEXTURES & MODELS,Assorted Mesh Fixes - Unofficial Material Fix Patch,1.12a,Always Install
5.1 BASE TEXTURES & MODELS,SMIM - Quality Addon - Unofficial Material Fix Patch,1.12a,Always Install
5.1 BASE TEXTURES & MODELS,Yuril's Additional Resources,1.0.5,Always Install
5.1 BASE TEXTURES & MODELS,Ruins Clutter Improved,3.2,Always Install
5.1 BASE TEXTURES & MODELS,Ruins Clutter Improved - Fixes,1.2,Always Install
5.1 BASE TEXTURES & MODELS,Noble Skyrim,5.5,Not Redux
5.1 BASE TEXTURES & MODELS,Noble Skyrim - SMIM Patch,5.5,Not Redux
5.1 BASE TEXTURES & MODELS,Noble Skyrim - Material Fix,1.0,Not Redux
5.1 BASE TEXTURES & MODELS,Skyrim 202X [2K],10.0.1,Not Redux
5.1 BASE TEXTURES & MODELS,Skyrim 202X [1K],10.0.1,Redux
5.1 BASE TEXTURES & MODELS,SRP Architecture [2K],4.0,Not Redux
5.1 BASE TEXTURES & MODELS,SRP Architecture [1K],4.0,Redux
5.2 LODS,DynDOLOD Resources,3.59,Always Install
5.2 LODS,DynDOLOD TexGen Fixes,1.0,Not Graphics Only
5.2 LODS,DynDOLOD TexGen Fixes - GO,2.4,Graphics Only
5.2 LODS,DynDOLOD - DLL - NG + Scripts,Alpha-41,Always Install
5.2 LODS,HD Lods Textures,9.3,Always Install
5.2 LODS,HD Lods Textures - Dlizzio's Mesh Fixes Patch,1.0,Always Install
5.3 LANDSCAPE,SRP Landscapes [2K],4.0,Not Redux
5.3 LANDSCAPE,SRP Landscapes [1K],4.0,Redux
5.3 LANDSCAPE,Vivid Landscapes - Complex Parallax Occlusion Tundra Region [2K],1.1,Not Redux
5.3 LANDSCAPE,Vivid Landscapes - Complex Parallax Occlusion Tundra Region [1K],1.1,Redux
5.3 LANDSCAPE,Lightened Skyrim,1.06,Always Install
5.3 LANDSCAPE,Landscape Fixes For Grass Mods,5.1,Always Install
5.3 LANDSCAPE,Landscape Fixes For Grass Mods - CRF Patch,1.0.8,Not Graphics Only
5.3 LANDSCAPE,Landscape Fixes For Grass Mods - Falskaar,1.0,Not Graphics Only
5.3 LANDSCAPE,Landscape Fixes For Grass Mods - Moon and Star Patch,1.0,Not Graphics Only
5.3 LANDSCAPE,Complementary Grass Fixes,1.1,Ultimate
5.3 LANDSCAPE,Complementary Grass Fixes - Ultra,1.1,Ultra
5.3 LANDSCAPE,Complementary Grass Fixes - Redux,1.1,Redux
5.3 LANDSCAPE,Complementary Grass Fixes - GO,1.1,Graphics Only
5.3 LANDSCAPE,Northern Roads,1.3.1,Always Install
5.3 LANDSCAPE,Northern Concept - Northern Roads [4K],3.2,Ultimate
5.3 LANDSCAPE,Northern Concept - Northern Roads [2K],3.2.2,Ultra
5.3 LANDSCAPE,Northern Concept - Northern Roads [2K] - GO,3.2.2,Graphics Only
5.3 LANDSCAPE,Northern Concept - Northern Roads [1K],3.2.2,Redux
5.3 LANDSCAPE,Rugged Complex Parallax for Northern Road [2K],1.3,Not Redux
5.3 LANDSCAPE,Northern Roads - Complex Parallax Texture [1K],1.01,Redux
5.3 LANDSCAPE,Northern Roads Patch Collection,1.24,Ultimate
5.3 LANDSCAPE,Northern Roads Patch Collection - Ultra,1.24,Ultra
5.3 LANDSCAPE,Northern Roads Patch Collection - Redux,1.24,Redux
5.3 LANDSCAPE,Northern Roads Patch Collection - GO,1.38.1,Graphics Only
5.3 LANDSCAPE,Northern Roads Patch Compendium,6.1,Ultimate
5.3 LANDSCAPE,Northern Roads Patch Compendium - Ultra,6.1,"Not Ultimate, Not Redux"
5.3 LANDSCAPE,Northern Roads Patch Compendium - Redux,6.1,Redux
5.3 LANDSCAPE,Northern Roads - ElSopa Resculpted,1.1,Always Install
5.3 LANDSCAPE,Northern Roads - Nolvus Fixes,6.0.21,Not Graphics Only
5.3 LANDSCAPE,Northern Roads - Nolvus Fixes - GO,6.0.21,Graphics Only
5.3 LANDSCAPE,Rudy - More dramatic Red Mountain Plume,1.2,Always Install
5.3 LANDSCAPE,Rally's Solstheim Landscapes [2K],1.1,Always Install
5.3 LANDSCAPE,Rally's Solstheim Landscapes - Complex Terrain Parallax [2K],1.1,Always Install
5.3 LANDSCAPE,Skyrim 2020 - Wet Mud texture alternatives [2K],1.0,Not Redux
5.3 LANDSCAPE,Skyrim 2020 - Wet Mud texture alternatives [1K],10.0.1,Redux
5.3 LANDSCAPE,Seasonal Landscapes,1.18,Always Install
5.3 LANDSCAPE,The Omnibus - Terrain Complex Parallax AiO [2K],1.0,Not Redux
5.3 LANDSCAPE,The Omnibus - Terrain Complex Parallax AiO [1K],1.0,Redux
5.3 LANDSCAPE,HD Remastered Landscapes [2K],1.0,Not Redux
5.3 LANDSCAPE,HD Remastered Landscapes [1K],1.0.1,Redux
5.3 LANDSCAPE,Tomato's Complex Landscapes Parallax AIO - Rocks 01 [2K],1.1,Not Redux
5.3 LANDSCAPE,Tomato's Complex Landscapes Parallax AIO - Rocks 01 [1K],1.1,Redux
5.3 LANDSCAPE,Skyrim 202X Complex Terrain Parallax - Volcanic,1.5,Always Install
5.3 LANDSCAPE,Rocky Mossy Complex Parallax for Northern Roads [4K],1.0,Ultimate
5.3 LANDSCAPE,Rocky Mossy Complex Parallax for Northern Roads [2K],1.0,Not Ultimate
5.3 LANDSCAPE,Nolvus Awakening Seasonal Ground,6.0.21,Always Install
5.3 LANDSCAPE,Nolvus Awakening Landscape Patch,6.0.21,Not Graphics Only
5.3 LANDSCAPE,Nolvus Awakening Landscape Patch - GO,6.0.21,Graphics Only
5.4 ICE SNOW & ASHES,Simplicity of Snow,0.15,Not Graphics Only
5.4 ICE SNOW & ASHES,Simplicity of Snow - GO,0.26,Graphics Only
5.4 ICE SNOW & ASHES,Simplicity of Snow - Parallax Meshes,0.12.2,Always Install
5.4 ICE SNOW & ASHES,Paraphernalia - Snow Colour Fixes,1.0,Always Install
5.4 ICE SNOW & ASHES,Icy Mesh Remaster,2.41,Always Install
5.4 ICE SNOW & ASHES,Icy Mesh Remaster - ENB Addon,1.30,Always Install
5.4 ICE SNOW & ASHES,Icy Mesh Rematser - Glacier and Ice,1.30,Always Install
5.4 ICE SNOW & ASHES,Vivid Landscapes - Complex Parallax Occlusion Snow [2K],1.5,Not Redux
5.4 ICE SNOW & ASHES,Vivid Landscapes - Complex Parallax Occlusion Snow [2K] - Even Less Glossy,1.5.0,Not Redux
5.4 ICE SNOW & ASHES,Vivid Landscapes - Complex Parallax Occlusion Snow [1K],1.5,Redux
5.4 ICE SNOW & ASHES,Vivid Landscapes - Complex Parallax Occlusion Snow [1K] - Even Less Glossy,1.5.0,Redux
5.4 ICE SNOW & ASHES,Refracting Ice Form Debris,2.0,Always Install
5.4 ICE SNOW & ASHES,Word Wall Transparency Fix for ENB,0.3,Always Install
5.4 ICE SNOW & ASHES,CG4 Snow Effects,2.0,Always Install
5.4 ICE SNOW & ASHES,Animated Ice Floes,2.8,Not Graphics Only
5.4 ICE SNOW & ASHES,Animated Ice Floes - GO,6.1,Graphics Only
5.4 ICE SNOW & ASHES,Animated Ice Floes - LOD textures Patch,1.0,Always Install
5.4 ICE SNOW & ASHES,Better Dynamic Ash,2.1.1,Always Install
5.4 ICE SNOW & ASHES,Dynamic Footprints,2.3,Always Install
5.4 ICE SNOW & ASHES,Dynamic Footprints - Textures,2.3.1,Always Install
5.5 MOUNTAINS & ROCKS,Wet Rocks,1.0,Always Install
5.5 MOUNTAINS & ROCKS,ERM - Enhanced Rocks and Mountains,1.2,Always Install
5.5 MOUNTAINS & ROCKS,ERM - Enhanced Rocks and Mountains - DynDOLOD,1.0.1,Always Install
5.5 MOUNTAINS & ROCKS,Granite Mountains [4K],2.5,Not Redux
5.5 MOUNTAINS & ROCKS,Granite Mountains [2K],2.5,Redux
5.5 MOUNTAINS & ROCKS,Northfire's Dirtcliffs - Parallax,1.2,Always Install
5.5 MOUNTAINS & ROCKS,Dirt Cliffs Enhancement - High Quality Ivy,1.3.0,Always Install
5.5 MOUNTAINS & ROCKS,Dirt Cliffs Enhancement - High Quality Ivy - Seasons,1.3.0,Always Install
5.5 MOUNTAINS & ROCKS,HD Stone Quarry and Clay Deposit [2K],1.1,Always Install
5.6.1 TREES & BARK,Traverse the Ulvenwald,1.0,Always Install
5.6.1 TREES & BARK,Blubbo's Aspen Alders Replacer - Green,1.0,Always Install
5.6.1 TREES & BARK,Blubbo's Aspen Alders Replacer - Green - Lods,1.0,Always Install
5.6.1 TREES & BARK,Blubbo's Aspen Alders Replacer - Yellow,1.0,Always Install
5.6.1 TREES & BARK,Blubbo's Aspen Alders Replacer - Yellow - Lods,1.0,Always Install
5.6.1 TREES & BARK,Blubbo's Aspen Alders Replacer - Red,1.0,Always Install
5.6.1 TREES & BARK,Blubbo's Aspen Alders Replacer - Red - Lods,1.0,Always Install
5.6.1 TREES & BARK,Blubbo's Aspen Alders Replacer - Dead,1.0,Always Install
5.6.1 TREES & BARK,Blubbo's Aspen Alders Replacer - Dead - Lods,1.0,Always Install
5.6.1 TREES & BARK,Blubbo's Aspen Alders Replacer - Textures [2K],1.0,Always Install
5.6.1 TREES & BARK,Blubbos Aspen Replacer 2023 - Green,1.0,Always Install
5.6.1 TREES & BARK,Blubbos Aspen Replacer 2023 - Red,1.0,Always Install
5.6.1 TREES & BARK,Blubbo Seasonal Aspen Replacer,1.0,Always Install
5.6.1 TREES & BARK,Blubbo Seasonal Aspen Replacer [2K],1.0,Always Install
5.6.1 TREES & BARK,Skyrim 3D Trees and Plants,5.0.1,Always Install
5.6.1 TREES & BARK,Nature of the Wild Lands,2.31,Always Install
5.6.1 TREES & BARK,Blubbo Reach Cliff Tree Replacer,1.0,Always Install
5.6.1 TREES & BARK,Reach Tree Rotation Fix for Blubbos Tree Replacer - The Reach,1.0,Always Install
5.6.1 TREES & BARK,Bent Pines II,2.02,Always Install
5.6.1 TREES & BARK,Bent Pines II - Seasons,2.1,Always Install
5.6.1 TREES & BARK,Immersive Fallen Trees,2.0.2,Always Install
5.6.1 TREES & BARK,Immersive Fallen Trees Patch,1.2,Always Install
5.6.1 TREES & BARK,Removing Ugly Details from Logs,1.1c,Always Install
5.6.1 TREES & BARK,Remove Hanging Moss From Trees,1.2,Always Install
5.6.1 TREES & BARK,Alpine Forest of Whiterun Valley,1.0.5,Ultimate
5.6.1 TREES & BARK,Blubbos Deity Water Trees of Dibella,1.0,Always Install
5.6.1 TREES & BARK,Aspens Ablaze,2.35,Always Install
5.6.1 TREES & BARK,Aspens Ablaze Seasons,1.03,Always Install
5.6.1 TREES & BARK,Blubbo Tree Pines For Nolvus,1.0,Always Install
5.6.1 TREES & BARK,Ulvenwald - 3d Lod Resources,0.1a,Always Install
5.6.1 TREES & BARK,TB's 3D Driftwood,1.6,Always Install
5.6.1 TREES & BARK,Nolvus Awakening Seasonal Tree Mashup - Core,6.0,Always Install
5.6.1 TREES & BARK,Nolvus Awakening Seasonal Tree Mashup - Pine Forest,6.0.21,Always Install
5.6.1 TREES & BARK,Nolvus Awakening Seasonal Tree Mashup - Pine Forest - GO,6.0.21,Graphics Only
5.6.1 TREES & BARK,Nolvus Awakening Seasonal Tree Mashup - Boreal Forest,6.0,Always Install
5.6.1 TREES & BARK,Nolvus Awakening Seasonal Tree Mashup - Fall Forest,6.0.15,Always Install
5.6.1 TREES & BARK,Nolvus Awakening Seasonal Tree Mashup - Reach,6.0.15,Always Install
5.6.1 TREES & BARK,Nolvus Awakening Seasonal Tree Mashup - Swamp,6.0.5,Always Install
5.6.1 TREES & BARK,Nolvus Awakening Seasonal Tree Mashup - 3D Hybrid Lods,6.0,Always Install
5.6.1 TREES & BARK,Nolvus Awakening Alpine Forest of Whiterun Valley Patch,6.0.21,Ultimate
5.6.2 GRASS,Skoglendi - A Grass Mod,1.2,Always Install
5.6.2 GRASS,Mixed Grass,1.1,Always Install
5.6.2 GRASS,Tamrielic Grass,1.0.1,Always Install
5.6.2 GRASS,Tamrielic Grass - ENB Complex Grass,1.01,Always Install
5.6.2 GRASS,Veydosebrom Regions,1.2.1,Always Install
5.6.2 GRASS,Folkvangr - Grass and Landscape Overhaul,1.3,Always Install
5.6.2 GRASS,Folkvangr - Summer Tundra,2.2,Always Install
5.6.2 GRASS,Folkvangr - Summer Tundra - ENB Complex Grass,1.05,Always Install
5.6.2 GRASS,Origins Of Forest - 3D Forest Grass,1.4.8,Always Install
5.6.2 GRASS,Origins Of Forest - 3D Forest Grass - ENB Complex Grass,1.2,Always Install
5.6.2 GRASS,Cathedral - 3D Pine Grass - Full 3D Coverage,0.462,Always Install
5.6.2 GRASS,Cathedral - 3D Pine Grass - ENB Complex Grass,1.02,Always Install
5.6.2 GRASS,Morthal Swamp Mushroom Grass,1.2,Always Install
5.6.2 GRASS,Less Ugly Tundragrass,1.0,Always Install
5.6.2 GRASS,Nolvus Awakening Seasonal Grass Mashup - Core,6.0.5,Always Install
5.6.2 GRASS,Nolvus Awakening Seasonal Grass Mashup - Tundra,6.0,Always Install
5.6.2 GRASS,Nolvus Awakening Seasonal Grass Mashup - Boreal Tundra,6.0,Always Install
5.6.2 GRASS,Nolvus Awakening Seasonal Grass Mashup - Pine Forest,6.0.21,Always Install
5.6.2 GRASS,Nolvus Awakening Seasonal Grass Mashup - Fall Forest,6.0,Always Install
5.6.2 GRASS,Nolvus Awakening Seasonal Grass Mashup - Reach,6.0,Always Install
5.6.2 GRASS,Nolvus Awakening Seasonal Grass Mashup - Swamp,6.0,Always Install
5.6.2 GRASS,Grass Cache Helper NG,1.0.1,Always Install
5.6.3 PLANTS,Unique Flowers and Plants,1.4,Always Install
5.6.3 PLANTS,Unique Flowers and Plans - ESL,1.4,Always Install
5.6.3 PLANTS,Seasonal Unique Flowers and Plants,1.0,Always Install
5.6.3 PLANTS,Rallys Hanging Moss,1.1,Always Install
5.6.3 PLANTS,Waterplants,1.8,Always Install
5.6.3 PLANTS,Seasonal Water Lilies,1.01,Always Install
5.6.3 PLANTS,Animated Water Lily,1.2,Always Install
5.6.3 PLANTS,Cathedral Mushrooms,1.0,Always Install
5.6.3 PLANTS,Rallys Blackreach Mushroom [2K],1.0,Always Install
5.6.3 PLANTS,Rudy HQ - Falling Leaves and Needles,1.0,Always Install
5.6.3 PLANTS,Rally's Solstheim Plants [2K],1.2,Always Install
5.6.3 PLANTS,High Poly Gleamblossoms,1.2,Always Install
5.6.3 PLANTS,Cathedral - 3D Snow Berries,1.0,Always Install
5.6.3 PLANTS,Cathedral - 3D Mountain Flowers,2.0,Always Install
5.6.3 PLANTS,Cathedral - 3D Mountain Flowers - Hearthfire Patch,2.1,Always Install
5.6.3 PLANTS,Cathedral - 3D Mountain Flowers - Landscape and Water Fix,1.0,Always Install
5.6.3 PLANTS,Cathedral - 3D Mountain Flowers - Legacy of The Dragonborn Patch,0.2,Not Graphics Only
5.6.3 PLANTS,Cathedral - 3D Mountain Flowers - Lotd Player Homes Patch,1.0,Not Graphics Only
5.6.3 PLANTS,Cathedral - 3D Mountain Flowers - Northern Roads Patch,6.0,Always Install
5.6.3 PLANTS,Cathedral - 3D Thistle,1.1,Always Install
5.6.3 PLANTS,Cathedral - 3D Lavender,1.3,Always Install
5.6.3 PLANTS,Cathedral - 3D Clovers,3.0,Always Install
5.6.3 PLANTS,Cathedral - 3D Tundra Cotton,2.0,Always Install
5.6.3 PLANTS,Nightshade by Mari,1.0,Always Install
5.6.3 PLANTS,Jazbay by Mari [2K],1.1,Always Install
5.6.3 PLANTS,Swamp fungal pod by Mari [2K],1.0,Always Install
5.6.3 PLANTS,Juniper by Mari [2K],1.1,Always Install
5.6.3 PLANTS,Spiky grass by Mari [2K],1.0,Always Install
5.6.3 PLANTS,Cathedral - 3D Nightshade,2.3,Always Install
5.6.3 PLANTS,Ivy Replacer for walls,1.1,Always Install
5.6.3 PLANTS,Improved Gourds,1.0,Always Install
5.6.3 PLANTS,Fall Forest Shrub Replacer - Seasons [2K],1.0,Always Install
5.6.3 PLANTS,Vine Maple Redone [2K],1.2,Always Install
5.6.3 PLANTS,Shrubbry Symphony - Enhanced Greenery,2.0.1,Always Install
5.6.3 PLANTS,Shrubbery Symphony - Enhanced Greenery - Seasons,2.0.1,Always Install
5.6.3 PLANTS,A Nirnroot,1.0,Always Install
5.6.3 PLANTS,Grumbledook Ivy [2K],1.1,Always Install
5.6.3 PLANTS,Grumbledook Ivy - Fixes and Optimization,1.0.5,Always Install
5.6.3 PLANTS,Grumbledook Ivy - Seasons of Skyrim,1.0.5,Always Install
5.6.3 PLANTS,High Quality Ivy - Custom,1.35,Always Install
5.6.3 PLANTS,Nolvus Awakening Seasonal Plant Mashup,6.0.21,Always Install
5.6.3 PLANTS,Nolvus Awakening Flora Patch,6.0.15,Always Install
5.7 WEATHERS,Seasons of Skyrim,1.7.5,Always Install
5.7 WEATHERS,Simplicity of Seasons,1.4.1,Always Install
5.7 WEATHERS,Seasons of Nolvus,6.0.15,Always Install
5.7 WEATHERS,Seasonal Weathers Framework,1.01,Always Install
5.7 WEATHERS,Four Seasons - Faster Seasons of Skyrim,1.1,Always Install
5.7 WEATHERS,Obsidian Mountain Fogs Tweaked,1.01,Always Install
5.7 WEATHERS,Natural Atmospheric Tamriel III,3.1.1C-F,Always Install
5.7 WEATHERS,Natural Atmospheric Tamriel III - Audio Patch,1.1,Always Install
5.7 WEATHERS,Natural Atmospheric Tamriel III - Seasonal Weathers,3.1.1C,Always Install
5.7 WEATHERS,Natural Atmospheric Tamriel III - Wyrmstooth Patch,1.4.3,Not Graphics Only
5.7 WEATHERS,Supreme Blizzards,5.0,Always Install
5.7 WEATHERS,Weather Behavior NG,2.5.1,Always Install
5.7 WEATHERS,R.A.S.S. - Rain Ash And Snow Shaders,3.5.1,Always Install
5.7 WEATHERS,R.A.S.S. - Rain Ash And Snow Shaders - Settings Loader,2.2,Always Install
5.7 WEATHERS,R.A.S.S. - Rain Ash And Snow Shaders - Nolvus Settings,1.0,Always Install
5.7 WEATHERS,R.A.S.S - Seasons of Skyrim Patch - Faster Seasons,1.0,Always Install
5.7 WEATHERS,Morning Fogs,1.3.1,Always Install
5.7 WEATHERS,Morning Fogs - Seams Fix,1.1,Always Install
5.7 WEATHERS,Storm Lightning,1.4.17,Always Install
5.7 WEATHERS,Storm Lightning - Settings Loader,2.0,Always Install
5.7 WEATHERS,Storm Lighting - Nolvus Settings,6.0,Always Install
5.7 WEATHERS,Splashes of Storms,1.3,Always Install
5.7 WEATHERS,Splashes of Storms - ENB Fix,1.2,Always Install
5.7 WEATHERS,Nolvus Awakening Weather Patch,6.0.21,Always Install
5.8 SKY,Shooting Stars,1.1,Always Install
5.8 SKY,Rainbows,1.1,Always Install
5.8 SKY,Praedy's Sky AIO [2K],2.0,Always Install
5.8 SKY,Better Moons,1.1,Always Install
5.8 SKY,Bigger Moons,2.0,Always Install
5.8 SKY,Shadows Of Sunlight,0.5,Always Install
5.9 WATER,Water for ENB [4K],1.94,Ultimate
5.9 WATER,Water for ENB [2K],1.94,Ultra
5.9 WATER,Water for ENB [2K] - GO,2.17,Graphics Only
5.9 WATER,Water for ENB [2K] - Redux,1.97,Redux
5.9 WATER,GKB Waves Reborn,3.1,Always Install
5.9 WATER,GKB Waves Reborn - Midwood Isle Patch,1.0,Not Graphics Only
5.9 WATER,Water in Wash Basins,1.2,Always Install
5.9 WATER,Water in Wells,0.7,Always Install
5.9 WATER,Water in Wells - FYX - Smooth Wells,1.0.5,Always Install
5.9 WATER,Wade In Water,1.0,Always Install
5.9 WATER,Wade In Water - Redone,1.1.2,Always Install
5.9 WATER,Water Effects Brightness and Reflection Fix,0.5,Always Install
5.9 WATER,Splashes of Skyrim,1.4,Always Install
5.9 WATER,Natural Waterfalls,2.5,Always Install
5.9 WATER,Wavy Waterfalls Effect,1.3,Always Install
5.9 WATER,TMD The Rift Leaves,1.01,Always Install
5.9 WATER,Rainbows over Waterfalls,1.5.1,Not Graphics Only
5.9 WATER,Rainbows over Waterfalls - GO,1.7,Graphics Only
5.9 WATER,FYX - Water Mesh Optimization,1.0.2,Always Install
5.9 WATER,Nolvus Awakening Water Patch,6.0.15,"Not Redux, Not Graphics Only"
5.9 WATER,Nolvus Awakening Water Patch - Redux,6.0.15,Redux
5.9 WATER,Nolvus Awakening Water Patch - GO,6.0.19,Graphics Only
5.10.1 NPC's RESSOURCES,XP32 Maximum Skeleton Special Extended,5.06,Always Install
5.10.1 NPC's RESSOURCES,XP32 Maximum Skeleton Special Extended - AHO Patch,1.0,Not Graphics Only
5.10.1 NPC's RESSOURCES,XP32 Maximum Skeleton Special Extended - Undeath Skeleton Patch,1.1,Not Graphics Only
5.10.1 NPC's RESSOURCES,Apachii Sky Hair,1.6,Always Install
5.10.1 NPC's RESSOURCES,Apachii Sky Hair - Female,1.5.1,Always Install
5.10.1 NPC's RESSOURCES,Apachii Sky Hair - Male,1.3,Always Install
5.10.1 NPC's RESSOURCES,Modular HDT-SMP Hairstyles,1.031,Always Install
5.10.1 NPC's RESSOURCES,Valkyr HDT-SMP Hairstyles 1,1.1,Always Install
5.10.1 NPC's RESSOURCES,Valkyr HDT-SMP Hairstyles 2,1.0,Always Install
5.10.1 NPC's RESSOURCES,Modpocalypse NPCs - Resources,1.03,Always Install
5.10.1 NPC's RESSOURCES,High Poly Head,1.4,Always Install
5.10.1 NPC's RESSOURCES,KS Hairdos,1.9,Always Install
5.10.1 NPC's RESSOURCES,KS Hairdos - HDT SMP,1.4.3,Always Install
5.10.1 NPC's RESSOURCES,Chooey's Choice Requirements,6.6.6pre-1.1.2,Always Install
5.10.1 NPC's RESSOURCES,BodySlide and Outfit Studio,5.6,Always Install
5.10.1 NPC's RESSOURCES,Caliente's Beautiful Bodies Enhancer,2.0.1,Always Install
5.10.1 NPC's RESSOURCES,Caliente's Beautiful Bodies Enhancer - CC Outfits,2.0,Always Install
5.10.1 NPC's RESSOURCES,Caliente's Beautiful Bodies Enhancer - CC Outfits - No Rim Lighting,2.0,Always Install
5.10.1 NPC's RESSOURCES,CBPC - Physics with Collisions,1.5.9,Always Install
5.10.1 NPC's RESSOURCES,Caliente's Beautiful Bodies Enhancer - 3BA,2.47,Always Install
5.10.1 NPC's RESSOURCES,Caliente's Beautiful Bodies Enhancer - 3BA - Vanilla Outfits,2.5,Always Install
5.10.1 NPC's RESSOURCES,Caliente's Beautiful Bodies Enhancer - 3BA - Vanilla Outfits - No Rim Lighting,1.3,Always Install
5.10.1 NPC's RESSOURCES,Caliente's Beautiful Bodies Enhancer - 3BA - CC Outfits,1.2,Always Install
5.10.1 NPC's RESSOURCES,Caliente's Beautiful Bodies Enhancer - 3BA - Unslaad Bodyslide,1.0,Not Graphics Only
5.10.1 NPC's RESSOURCES,Caliente's Beautiful Bodies Enhancer - 3BA - Vigilant Bodyslide,1.0,Not Graphics Only
5.10.1 NPC's RESSOURCES,Caliente's Beautiful Bodies Enhancer - 3BA - The Wheels of Lull Patch,1.0,Not Graphics Only
5.10.1 NPC's RESSOURCES,Caliente's Beautiful Bodies Enhancer - 3BA - Wyrmstooth,1.0.1,Not Graphics Only
5.10.1 NPC's RESSOURCES,The New Gentleman,4.2.3,Nude
5.10.1 NPC's RESSOURCES,The New Gentleman - Nolvus Settings,6.0.15,Nude
5.10.1 NPC's RESSOURCES,Highly Improved Male Body Overhaul,5.3.1,Always Install
5.10.1 NPC's RESSOURCES,Expressive Facegen Morphs,1.0,Always Install
5.10.1 NPC's RESSOURCES,Expressive Facial Animation - Female Edition,1.7,Always Install
5.10.1 NPC's RESSOURCES,Expressive Facial Animation - Male Edition,1.21,Always Install
5.10.1 NPC's RESSOURCES,Vanilla Hair Remake - SMP,1.0.3,Always Install
5.10.1 NPC's RESSOURCES,Vanilla Hair Remake - Patches,3.4,Always Install
5.10.1 NPC's RESSOURCES,Vanilla Hair Remake - Addon,3.4,Always Install
5.10.1 NPC's RESSOURCES,Vanilla Hair - Salt and Wind,1.0,Always Install
5.10.1 NPC's RESSOURCES,BnP Female Skin,2.0,Always Install
5.10.1 NPC's RESSOURCES,BnP Female Skin - Pubes [2K],2.0,Always Install
5.10.1 NPC's RESSOURCES,BnP Female Skin - Racial Skin Variance Patch - Custom,2.0,Always Install
5.10.1 NPC's RESSOURCES,BnP Male Skin,2.1,Always Install
5.10.1 NPC's RESSOURCES,BnP Male Skin - Racial Skin Variance Patch - Custom,2.0,Always Install
5.10.1 NPC's RESSOURCES,BnP - Racial Skin Variance - Update,2.0,Always Install
5.10.1 NPC's RESSOURCES,BnP Teeth Overhaul,2.0,Always Install
5.10.1 NPC's RESSOURCES,BnP Teeth Overhaul - Racial Skin Variance Patch,2.0,Always Install
5.10.1 NPC's RESSOURCES,BnP RSV Patch - Vampires,2.0,Always Install
5.10.1 NPC's RESSOURCES,Racial Skin Variance - SPID,3.4.3,Always Install
5.10.1 NPC's RESSOURCES,Orcondontist - Orsimer Mouth and Teeth Fix,2.0,Always Install
5.10.1 NPC's RESSOURCES,BnP Child Skin Remastered,1.1,Always Install
5.10.1 NPC's RESSOURCES,Skin Feature Overlays,1.6,Always Install
5.10.1 NPC's RESSOURCES,Feminine Khajiit Textures [2K],3.2,Always Install
5.10.1 NPC's RESSOURCES,Masculine Khajiit Textures - SOS [2K],2.1,Always Install
5.10.1 NPC's RESSOURCES,Female Dragonic Argonian Textures [2K],1.0,Always Install
5.10.1 NPC's RESSOURCES,Male Dragonic Argonian Textures - SOS [2K],1.0,Always Install
5.10.1 NPC's RESSOURCES,Hvergelmir's Aesthetics - Beards [2K],5.0.1,Always Install
5.10.1 NPC's RESSOURCES,SV Beards,2.1,Always Install
5.10.1 NPC's RESSOURCES,Beards of Power,0.3b,Always Install
5.10.1 NPC's RESSOURCES,Beards of Power - 3D Real beards,1.1,Always Install
5.10.1 NPC's RESSOURCES,Hvergelmir's Aesthetics - Brows,4.1,Always Install
5.10.1 NPC's RESSOURCES,Hvergelmir's Aesthetics - Brows - High Poly Head,1.0,Always Install
5.10.1 NPC's RESSOURCES,Even More Brows,1.1,Always Install
5.10.1 NPC's RESSOURCES,SG Female Eyebrows,2.0,Always Install
5.10.1 NPC's RESSOURCES,SG Female Eyebrows - High Poly Head,1.0,Always Install
5.10.1 NPC's RESSOURCES,Koralina's Eyebrows - High Poly Head,1.0,Always Install
5.10.1 NPC's RESSOURCES,Loverboys Brows - HD Eyebrows for Men,1.0,Always Install
5.10.1 NPC's RESSOURCES,Kalilies Brows,1.1,Always Install
5.10.1 NPC's RESSOURCES,Kalilies Brows -High Poly Head,1.0,Always Install
5.10.1 NPC's RESSOURCES,3D Khajiit Brows,1.1,Always Install
5.10.1 NPC's RESSOURCES,Aquatic Elegance - Argonian Koi Whisker Addons,1.3,Always Install
5.10.1 NPC's RESSOURCES,Kala's Eyes- Beast Race Edition,1.1,Always Install
5.10.1 NPC's RESSOURCES,Kala's Eyes- Beast Race Edition - ESL,1.0,Always Install
5.10.1 NPC's RESSOURCES,Kala's Beast Eyes - Improved [2K],1.1,Always Install
5.10.1 NPC's RESSOURCES,Koralina's Freckles and Moles,1.1,Always Install
5.10.1 NPC's RESSOURCES,Koralina's Makeup Tweaks,1.12,Always Install
5.10.1 NPC's RESSOURCES,Koralina's Even More Makeup,1.0,Always Install
5.10.1 NPC's RESSOURCES,Lovely Makeup,1.0,Always Install
5.10.1 NPC's RESSOURCES,Lamenthia's Marks of Beauty,1.0,Always Install
5.10.1 NPC's RESSOURCES,RYA Makeup,1.1,Always Install
5.10.1 NPC's RESSOURCES,Female Makeup Suite,1.2,Always Install
5.10.1 NPC's RESSOURCES,Northborn Scars,1.3,Always Install
5.10.1 NPC's RESSOURCES,Northborn Scars - High Poly Head,1.1,Always Install
5.10.1 NPC's RESSOURCES,Cuyi's Bosmeri Antlers,1.2,Always Install
5.10.1 NPC's RESSOURCES,Mikan Eyes,2.5,Always Install
5.10.1 NPC's RESSOURCES,The Eyes of Beauty - Ai Remastered,1.0,Always Install
5.10.1 NPC's RESSOURCES,Improved Eyes Skyrim,1.5.1,Always Install
5.10.1 NPC's RESSOURCES,Kala's Eyes - Improved,1.1,Always Install
5.10.1 NPC's RESSOURCES,Azurite Eyes,1.2,Always Install
5.10.1 NPC's RESSOURCES,Aesthetic Elves,0.5,Always Install
5.10.1 NPC's RESSOURCES,Dynamic Vampire Appearance,1.1,Always Install
5.10.1 NPC's RESSOURCES,Dynamic Vampire Appearance - BnP Female Skin Patch,2.0,Always Install
5.10.1 NPC's RESSOURCES,Dynamic Vampire Appearance - BnP Male Skin Patch,2.0,Always Install
5.10.1 NPC's RESSOURCES,The Eyes of Beauty - Vampire Eyes Remastered,1.2,Always Install
5.10.1 NPC's RESSOURCES,The Eyes of Beauty - Vampire Eyes Remastered - DVA Patch,1.0,Always Install
5.10.1 NPC's RESSOURCES,Female Hands Redone,1.0,Always Install
5.10.1 NPC's RESSOURCES,Female Hands Redone - 3BA,1.0,Always Install
5.10.1 NPC's RESSOURCES,Community Overlays 1 - Main - CBBE [2K],1.0.1,Always Install
5.10.1 NPC's RESSOURCES,Community Overlays 2 - Main - CBBE and Male,1.0,Always Install
5.10.1 NPC's RESSOURCES,Community Overlays 3 - Main - CBBE and Male,1.0,Always Install
5.10.1 NPC's RESSOURCES,Bitchcraft Tattoos,1.0,Always Install
5.10.1 NPC's RESSOURCES,Lyru's Tattoo Pack Collection,1.10,Always Install
5.10.1 NPC's RESSOURCES,Lyru's Tattoo Pack Collection 2,1.07,Always Install
5.10.1 NPC's RESSOURCES,Shep's Female Tattoo Collection,2.0,Always Install
5.10.1 NPC's RESSOURCES,Sheps Male Tattoo Collection,2.0,Always Install
5.10.1 NPC's RESSOURCES,Vallaslin Face Tattoo's Warpaint,1.0,Always Install
5.10.1 NPC's RESSOURCES,Weathered Nordic Bodypaints,2.1,Always Install
5.10.1 NPC's RESSOURCES,RaceMenu Animated Overlays,1.2,Always Install
5.10.2 ADDED NPC's,Interesting NPCs 3DNPC,4.5,Not Graphics Only
5.10.2 ADDED NPC's,Interesting NPCs 3DNPC - Update,4.54,Not Graphics Only
5.10.2 ADDED NPC's,Interesting NPCs 3DNPC - Scrpts Optimization,2.0,Not Graphics Only
5.10.2 ADDED NPC's,Interesting NPCs 3DNPC - Cutting Room Floor Patch,1.0,Not Graphics Only
5.10.2 ADDED NPC's,Interesting NPCs 3DNPC - Legacy of the Dragonborn Patch,1.3.1,Not Graphics Only
5.10.2 ADDED NPC's,Interesting NPCs 3DNPC - Vigilant Patch,1.0,Not Graphics Only
5.10.2 ADDED NPC's,Interesting NPCs 3DNPC - Project AHO Patch - Navmesh Patch,1.0,Not Graphics Only
5.10.2 ADDED NPC's,Interesting NPCs 3DNPC - Moon and Star Patch,1.0,Not Graphics Only
5.10.2 ADDED NPC's,Interesting NPCs 3DNPC - Moon and Star - Better Navmesh Patch,1.0,Not Graphics Only
5.10.2 ADDED NPC's,Interesting NPCs 3DNPC - Artifact Immersion Patch,1.1.1,Not Graphics Only
5.10.2 ADDED NPC's,Interesting NPCs 3DNPC - DBVO - Vampire,1.0,Not Graphics Only
5.10.2 ADDED NPC's,Interesting NPCs 3DNPC - DBVO - Bella,1.0,Not Graphics Only
5.10.2 ADDED NPC's,Citizens of Tamriel,Redux,Not Graphics Only
5.10.2 ADDED NPC's,Citizens of Tamriel - More Immersive Edit,1.2.1,Not Graphics Only
5.10.2 ADDED NPC's,Citizens of Tamriel - DBVO - Bella,1.0,Not Graphics Only
5.10.2 ADDED NPC's,Travellers of Skyrim,1.42a,Not Graphics Only
5.10.2 ADDED NPC's,Populated Skyrim Reborn - Dungeons,1.3a,"Not Milk Drinker, Not Graphics Only"
5.10.3 FOLLOWERS,Inigo,2.4C,Not Graphics Only
5.10.3 FOLLOWERS,Inigo - Cleaned Esp,2.4C,Not Graphics Only
5.10.3 FOLLOWERS,Inigo - Map Marker Quests,1.0,Not Graphics Only
5.10.3 FOLLOWERS,Inigo - Immersive Start,1.0,Not Graphics Only
5.10.3 FOLLOWERS,Inigo - Artifact Immersion Patch,1.0,Not Graphics Only
5.10.3 FOLLOWERS,Inigo - DBVO - Geralt,1.2,Not Graphics Only
5.10.3 FOLLOWERS,Inigo - DBVO - Karat,1.0,Not Graphics Only
5.10.3 FOLLOWERS,Inigo - DBVO - Kratos,1.2,Not Graphics Only
5.10.3 FOLLOWERS,Inigo - DBVO - Master Chief,1.2,Not Graphics Only
5.10.3 FOLLOWERS,Inigo - DBVO - Triss,1.2,Not Graphics Only
5.10.3 FOLLOWERS,Inigo - DBVO - Vampire,1.0,Not Graphics Only
5.10.3 FOLLOWERS,Inigo - DBVO - Dagoth,1.2,Not Graphics Only
5.10.3 FOLLOWERS,Inigo - DBVO - Elas,1.1,Not Graphics Only
5.10.3 FOLLOWERS,Inigo - DBVO - Bella,1.0,Not Graphics Only
5.10.3 FOLLOWERS,Inigo - Bloodchill Manor Patch,1.0.0,Not Graphics Only
5.10.3 FOLLOWERS,Inigo - BloodChill Manor Patch - Navmesh Fix,1.1,Not Graphics Only
5.10.3 FOLLOWERS,Lucien,1.6.3,Not Graphics Only
5.10.3 FOLLOWERS,Lucien - Creation Club Patch,1.6.3a,Not Graphics Only
5.10.3 FOLLOWERS,Lucien - Beyond Skyrim - Bruma Patch,1.6.3a,Not Graphics Only
5.10.3 FOLLOWERS,Lucien - Moonpath to Elsweyr Patch,1.0,Not Graphics Only
5.10.3 FOLLOWERS,Lucien - Room Markers for Dumzbthar,1.0,Not Graphics Only
5.10.3 FOLLOWERS,Lucien - Dwemer Ruin Redux,1.96,Not Graphics Only
5.10.3 FOLLOWERS,Lucien - DBVO - Dagoth,1.2,Not Graphics Only
5.10.3 FOLLOWERS,Lucien - DBVO - Geralt,1.2,Not Graphics Only
5.10.3 FOLLOWERS,Lucien - DBVO - Karat,1.0,Not Graphics Only
5.10.3 FOLLOWERS,Lucien - DBVO - Kratos,1.2,Not Graphics Only
5.10.3 FOLLOWERS,Lucien - DBVO - Master Chief,1.2,Not Graphics Only
5.10.3 FOLLOWERS,Lucien - DBVO - Triss,1.2,Not Graphics Only
5.10.3 FOLLOWERS,Lucien - DBVO - Vampire,1.0,Not Graphics Only
5.10.3 FOLLOWERS,Auri,2.2,Not Graphics Only
5.10.3 FOLLOWERS,Auri - 3DNPC Banter Patch,1.1,Not Graphics Only
5.10.3 FOLLOWERS,Auri - Inigo Banter Patch,1.0,Not Graphics Only
5.10.3 FOLLOWERS,Auri - Vigilant Commentary,0.2,Not Graphics Only
5.10.3 FOLLOWERS,Auri - DBVO - Karat,1.0,Not Graphics Only
5.10.3 FOLLOWERS,Auri - DBVO - Triss,1.2,Not Graphics Only
5.10.3 FOLLOWERS,Auri - DBVO - Bella,1.0,Not Graphics Only
5.10.3 FOLLOWERS,Auri - DBVO - Vampire,1.0,Not Graphics Only
5.10.3 FOLLOWERS,Remiel,1.7.5,Not Graphics Only
5.10.3 FOLLOWERS,Remiel - 3BA Bodyslide,1.0,Not Graphics Only
5.10.3 FOLLOWERS,Remiel - Crossbow Replacer,2.0,Not Graphics Only
5.10.3 FOLLOWERS,Remiel - DBVO - Karath,1.0,Not Graphics Only
5.10.3 FOLLOWERS,Remiel - DBVO - Iris,1.0,Not Graphics Only
5.10.3 FOLLOWERS,Remiel - DBVO - Bella,1.1,Not Graphics Only
5.10.3 FOLLOWERS,Remiel - DBVO - Vampire,1.0,Not Graphics Only
5.10.3 FOLLOWERS,Katana And Megara,3.0.5,Not Graphics Only
5.10.3 FOLLOWERS,Katana And Megara - DBVO - Karat,1.0,Not Graphics Only
5.10.3 FOLLOWERS,Keep Up - Follower Locomotion Fix,4.2,Not Graphics Only
5.10.3 FOLLOWERS,Nolvus Awakening Follower Patch,6.0.5,Not Graphics Only
5.10.4 NPC's VISUAL OVERHAULS,Modpocalypse NPCs - All Vanilla NPCs,1.0,Always Install
5.10.4 NPC's VISUAL OVERHAULS,Modpocalypse NPCs - Patch Collection,1.2.3,Not Graphics Only
5.10.4 NPC's VISUAL OVERHAULS,Modpocalypse NPCs - Patch Collection - GO,1.0,Graphics Only
5.10.4 NPC's VISUAL OVERHAULS,Modpocalypse NPCs - Legacy of the Dragonborn,1.0,Not Graphics Only
5.10.4 NPC's VISUAL OVERHAULS,Modpocalypse NPCs - Wyrmstooth,1.01,Not Graphics Only
5.10.4 NPC's VISUAL OVERHAULS,Modpocalypse NPCs - The Forgotten City,1.0,Not Graphics Only
5.10.4 NPC's VISUAL OVERHAULS,Modpocalypse NPCs - Cutting Room Floor,1.0,Not Graphics Only
5.10.4 NPC's VISUAL OVERHAULS,Modpocalypse NPCs - Project AHO,1.0,Not Graphics Only
5.10.4 NPC's VISUAL OVERHAULS,Modpocalypse NPCs - Citizens of Tamriel,1.0,Not Graphics Only
5.10.4 NPC's VISUAL OVERHAULS,Modpocalypse NPCs - Carved Brink,1.0,Not Graphics Only
5.10.4 NPC's VISUAL OVERHAULS,Modpocalypse NPCs - The Gray Cowl of Nocturnal,1.0,Not Graphics Only
5.10.4 NPC's VISUAL OVERHAULS,Modpocalypse NPCs - Moonpath to Elsweyr,1.0,Not Graphics Only
5.10.4 NPC's VISUAL OVERHAULS,Modpocalypse NPCs - Moon and Star,1.0,Not Graphics Only
5.10.4 NPC's VISUAL OVERHAULS,Modpocalypse NPCs - Added Quests Fixes,6.0.15,Not Graphics Only
5.10.4 NPC's VISUAL OVERHAULS,Modpocalypse NPCs - Falskaar,1.0,Not Graphics Only
5.10.4 NPC's VISUAL OVERHAULS,Legacy of the Dragonborn - NPC Overhaul,1.2.2,Not Graphics Only
5.10.4 NPC's VISUAL OVERHAULS,Vigilant - Character Overhaul,2.8.1,Not Graphics Only
5.10.4 NPC's VISUAL OVERHAULS,Vigilant - Gwyneth Replacer,2.2,Not Graphics Only
5.10.4 NPC's VISUAL OVERHAULS,Cuyima Interesting NPCs,1.1.1,Not Graphics Only
5.10.4 NPC's VISUAL OVERHAULS,Interesting NPCs Visual Overhaul,1.0,Not Graphics Only
5.10.4 NPC's VISUAL OVERHAULS,Interesting NPCs Refined,1.1,Not Graphics Only
5.10.4 NPC's VISUAL OVERHAULS,Travellers of Skyrim - High Poly NPC Patch,1.0,Not Graphics Only
5.10.4 NPC's VISUAL OVERHAULS,Lucien Replacer - Ella's Version,1.1,Not Graphics Only
5.10.4 NPC's VISUAL OVERHAULS,Lucien Replacer - Ella's Version - ESL,1.1,Not Graphics Only
5.10.4 NPC's VISUAL OVERHAULS,Auri - Nerussa - Resources,1.2,Not Graphics Only
5.10.4 NPC's VISUAL OVERHAULS,Auri - Nerussa - Replacer,1.0,Not Graphics Only
5.10.4 NPC's VISUAL OVERHAULS,Auri - Nerussa - BnP - 3BA Patch,6.0,Not Graphics Only
5.10.4 NPC's VISUAL OVERHAULS,Auri - Nerussa Replacer - ESL Patch,1.0,Not Graphics Only
5.10.4 NPC's VISUAL OVERHAULS,Remiel - The Practical Dwemechanic Replacer,1.2.4,Not Graphics Only
5.10.4 NPC's VISUAL OVERHAULS,Katana and Megara - Chooey's Choice,3.0.0,Not Graphics Only
5.10.4 NPC's VISUAL OVERHAULS,Sons of Skyrim,2.0.2,Always Install
5.10.4 NPC's VISUAL OVERHAULS,Sons of Skyrim - Textures [4K],1.0,Always Install
5.10.4 NPC's VISUAL OVERHAULS,Sons of Skyrim - Xtudo Patch,2.0,Always Install
5.10.4 NPC's VISUAL OVERHAULS,Sons of Skyrim - Shield on Back Patch,1.1,Always Install
5.10.4 NPC's VISUAL OVERHAULS,Sons of Skyrim - LOTD Patch,2.8,Not Graphics Only
5.10.4 NPC's VISUAL OVERHAULS,Sons of Skyrim - Combined Armors - Falkreath,1.9,Always Install
5.10.4 NPC's VISUAL OVERHAULS,Sons of Skyrim - Combined Armors - Markarth,1.9,Always Install
5.10.4 NPC's VISUAL OVERHAULS,Sons of Skyrim - Combined Armors - Stormcloak Officer,2.1,Always Install
5.10.4 NPC's VISUAL OVERHAULS,Sons of Skyrim - Combined Armors - Winterhold,1.9,Always Install
5.10.4 NPC's VISUAL OVERHAULS,DIbella's Blessing,1.0,Always Install
5.10.4 NPC's VISUAL OVERHAULS,DIbella's Blessing - RSV Exclusion Patches,6.0,Always Install
5.10.4 NPC's VISUAL OVERHAULS,Children of the Pariah - An Orc NPC Overhaul,1.2.3,Always Install
5.10.4 NPC's VISUAL OVERHAULS,Bijin Warmaidens,3.1.3,Always Install
5.10.4 NPC's VISUAL OVERHAULS,Bijin Warmaidens - Custom Body,1.3,Always Install
5.10.4 NPC's VISUAL OVERHAULS,Bijin Warmaidens - Custom Selection,6.0.15,Always Install
5.10.4 NPC's VISUAL OVERHAULS,Bijin Warmaidens - CBBE 3BA Bodyslides,1.1,Always Install
5.10.4 NPC's VISUAL OVERHAULS,Pride of Skyrim All In One,1.0,Always Install
5.10.4 NPC's VISUAL OVERHAULS,Pride of Skyrim All In One - Merged,1.0,Always Install
5.10.4 NPC's VISUAL OVERHAULS,Sons of Nirn - Whiterun,1.0,Always Install
5.10.4 NPC's VISUAL OVERHAULS,True Sons of Skyrim Refined,3.6,Always Install
5.10.4 NPC's VISUAL OVERHAULS,True Sons of Skyrim Refined - Nolvus Patch,6.0.5,"Not Redux, Not Milk Drinker, Not Graphics Only"
5.10.4 NPC's VISUAL OVERHAULS,True Sons of Skyrim Refined - Nolvus Patch - Milk Drinker,6.0.13,"Not Redux, Milk Drinker, Not Graphics Only"
5.10.4 NPC's VISUAL OVERHAULS,True Sons of Skyrim Refined - Nolvus Patch - Redux,6.0.5,"Redux, Not Milk Drinker"
5.10.4 NPC's VISUAL OVERHAULS,True Sons of Skyrim Refined - Nolvus Patch - Redux - Milk Drinker,6.0.13,"Redux, Milk Drinker"
5.10.4 NPC's VISUAL OVERHAULS,True Sons of Skyrim Refined - Nolvus Patch - GO,6.0.19,Graphics Only
5.10.4 NPC's VISUAL OVERHAULS,Nithi NPC Enhancement - Whiterun,3.0a,Always Install
5.10.4 NPC's VISUAL OVERHAULS,Nithi NPC Enhancement - The Thieves Guild,1.1,Always Install
5.10.4 NPC's VISUAL OVERHAULS,Nithi NPC Enhancement - Riften,1.1a,Always Install
5.10.4 NPC's VISUAL OVERHAULS,Nithi NPC Enhancement - Eastmarch,1.1a,Always Install
5.10.4 NPC's VISUAL OVERHAULS,Nithi NPC Enhancement - The Reach,0.1,Always Install
5.10.4 NPC's VISUAL OVERHAULS,Nithi NPC Enhancement - Dawnguard DLC,1.0,Always Install
5.10.4 NPC's VISUAL OVERHAULS,BB's Housecarls - Lydia,1.1,Always Install
5.10.4 NPC's VISUAL OVERHAULS,Lydia DF Edit,1.0,Always Install
5.10.4 NPC's VISUAL OVERHAULS,The Huntress Reborn - Aela,2.2.2,Always Install
5.10.4 NPC's VISUAL OVERHAULS,Miraakle - A Miraak Replacer,2.0,Always Install
5.10.4 NPC's VISUAL OVERHAULS,Seranade - Serana Replacer,2.0,Always Install
5.10.4 NPC's VISUAL OVERHAULS,Volkiharbor - Harkon and Valerica Replacer,1.0,Always Install
5.10.4 NPC's VISUAL OVERHAULS,BeastHHBB - Khajiit and Argonian Content,3.7.5,Always Install
5.10.4 NPC's VISUAL OVERHAULS,BeastHHBB - Patches and Addons,2.5.5,Not Graphics Only
5.10.4 NPC's VISUAL OVERHAULS,BeastHHBB - Patches and Addons - GO,3.8,Graphics Only
5.10.4 NPC's VISUAL OVERHAULS,Project ja-Kha'jay,4.08.1,Always Install
5.10.4 NPC's VISUAL OVERHAULS,Project ja-Kha'jay - Moonpath to Elsweyr Patch,3.04,Not Graphics Only
5.10.4 NPC's VISUAL OVERHAULS,Project ja-Kha'jay - Moonpath to Elsweyr Patch - Unofficial Patch,3.04,Not Graphics Only
5.10.4 NPC's VISUAL OVERHAULS,Project ja-Kha'jay - Moonpath to Elsweyr Pattch - Eyeglow Patch,3.04,Not Graphics Only
5.10.4 NPC's VISUAL OVERHAULS,Project ja-Kha'jay - Patch Collection,1.0,Not Graphics Only
5.10.4 NPC's VISUAL OVERHAULS,Project ja-Kha'jay- Interesting NPCs Khajiit Addon,3.05,Not Graphics Only
5.10.4 NPC's VISUAL OVERHAULS,RS Children Overhaul,1.1.3,Not Graphics Only
5.10.4 NPC's VISUAL OVERHAULS,RS Children Overhaul - GO,1.1.3,Graphics Only
5.10.4 NPC's VISUAL OVERHAULS,Children of the North,1.0,Always Install
5.10.4 NPC's VISUAL OVERHAULS,RS Children Overhaul - Cutting Room Floor Patch,1.0,Not Graphics Only
5.10.4 NPC's VISUAL OVERHAULS,RS Children Overhaul - The Heart of Dibella Patch,1.0,Not Graphics Only
5.10.4 NPC's VISUAL OVERHAULS,RS Children Overhaul - Forgotten City Patch,1.0,Not Graphics Only
5.10.4 NPC's VISUAL OVERHAULS,RS Children Overhaul - Falskaar Patch AIO,1.03,Not Graphics Only
5.10.4 NPC's VISUAL OVERHAULS,RS Children Overhaul - Moon and Star Patch,2.0,Not Graphics Only
5.10.4 NPC's VISUAL OVERHAULS,RS Children Overhaul - Wyrmstooth Patch,1.0,Not Graphics Only
5.10.4 NPC's VISUAL OVERHAULS,RS Children Overhaul - Interesting NPCs Patch,1.0,Not Graphics Only
5.10.4 NPC's VISUAL OVERHAULS,RS Children Overhaul - Clothing Fix,1.0,Always Install
5.10.4 NPC's VISUAL OVERHAULS,RS Children Overhaul - Citizens of Tamriel Patch,1.0,Not Graphics Only
5.10.4 NPC's VISUAL OVERHAULS,RS Children Overhaul - CC Patch,6.0,Always Install
5.10.4 NPC's VISUAL OVERHAULS,RS Children Overhaul - Farming Patch,1.0,Always Install
5.10.4 NPC's VISUAL OVERHAULS,Additional Dremora faces,1.3.7,Always Install
5.10.4 NPC's VISUAL OVERHAULS,Additional Dremora Faces - The Cause Patch,1.3.2,Always Install
5.10.4 NPC's VISUAL OVERHAULS,Additional Dremora Faces - Vigilant Patch,1.3.2a,Not Graphics Only
5.10.4 NPC's VISUAL OVERHAULS,Additional Dremora faces - RSV Patch,2.2,Always Install
5.10.4 NPC's VISUAL OVERHAULS,Official RSV Patch Hub - Compatibility Collection,4.5.0,Always Install
5.10.4 NPC's VISUAL OVERHAULS,Nolvus Awakening NPC Patch,6.0.21,"Not Redux, Not Graphics Only"
5.10.4 NPC's VISUAL OVERHAULS,Nolvus Awakening NPC Patch - Redux,6.0.21,Redux
5.10.4 NPC's VISUAL OVERHAULS,Nolvus Awakening NPC Patch - GO,6.0.20,Graphics Only
5.10.5 CHARACTER PRESETS,Kimiko - Nord Racemenu Preset,1.1,Always Install
5.10.5 CHARACTER PRESETS,Khinara Jade - Nord Racemenu Preset,1.0,Always Install
5.10.5 CHARACTER PRESETS,Evelyn - Nord Racemenu Preset,1.3,Always Install
5.10.5 CHARACTER PRESETS,Ciara - Nord Racemenu Preset,1.0,Always Install
5.10.5 CHARACTER PRESETS,Brenna - Nord Racemenu Preset,1.0,Always Install
5.10.5 CHARACTER PRESETS,Minmin - Nord Racemenu Preset,1.0,Always Install
5.10.5 CHARACTER PRESETS,Miya - Nord Racemenu Preset,1.0,Always Install
5.10.5 CHARACTER PRESETS,Iliria - Nord Racemenu Preset,1.0,Always Install
5.10.5 CHARACTER PRESETS,Lilly - Nord Racemenu Preset,1.0,Always Install
5.10.5 CHARACTER PRESETS,Signe - Nord Racemenu Preset,1.0,Always Install
5.10.5 CHARACTER PRESETS,Sonja - Nord Racemenu Preset,1.0,Always Install
5.10.5 CHARACTER PRESETS,Hedda - Nord Racemenu Preset,1.0,Always Install
5.10.5 CHARACTER PRESETS,Vercella - Imperial Racemenu Preset,1.2,Always Install
5.10.5 CHARACTER PRESETS,Kuro - Imperial Racemenu Preset,1.0,Always Install
5.10.5 CHARACTER PRESETS,Rexha - Imperial RaceMenu Preset,1.1,Always Install
5.10.5 CHARACTER PRESETS,Merina - Imperial RaceMenu Preset,1.0,Always Install
5.10.5 CHARACTER PRESETS,Pris - Imperial RaceMenu Preset,1.1,Always Install
5.10.5 CHARACTER PRESETS,Audrey - Imperial RaceMenu Preset,1.0,Always Install
5.10.5 CHARACTER PRESETS,Skuh's - Imperial RaceMenu Preset,1.0,Always Install
5.10.5 CHARACTER PRESETS,Kara - Imperial RaceMenu Preset,2.11,Always Install
5.10.5 CHARACTER PRESETS,Tuliana - Imperial RaceMenu Preset,1.0,Always Install
5.10.5 CHARACTER PRESETS,Nefia - Imperial RaceMenu Preset,1.0,Always Install
5.10.5 CHARACTER PRESETS,Lina - Imperial RaceMenu Preset,1.0,Always Install
5.10.5 CHARACTER PRESETS,Juliana - Breton Racemenu Preset,1.0,Always Install
5.10.5 CHARACTER PRESETS,Elena - Breton Racemenu Preset,1.0,Always Install
5.10.5 CHARACTER PRESETS,Rika - Breton Racemenu Preset,1.0,Always Install
5.10.5 CHARACTER PRESETS,Hayley - Breton Racemenu Preset,1.0,Always Install
5.10.5 CHARACTER PRESETS,Lana - Breton Racemenu Preset,1.0,Always Install
5.10.5 CHARACTER PRESETS,Luciia - Breton Racemenu Preset,1.0,Always Install
5.10.5 CHARACTER PRESETS,Morgyn - Breton Racemenu Preset,1.0,Always Install
5.10.5 CHARACTER PRESETS,Giselle - Breton Racemenu Preset,1.0,Always Install
5.10.5 CHARACTER PRESETS,Roses - Breton Racemenu Preset,1.0,Always Install
5.10.5 CHARACTER PRESETS,Lienne - Breton Racemenu Preset,1.0,Always Install
5.10.5 CHARACTER PRESETS,Khariy - Redguard Racemenu Preset,1.0,Always Install
5.10.5 CHARACTER PRESETS,Farah Ibn Shaihalud - Redguard Racemenu Preset,1.0,Always Install
5.10.5 CHARACTER PRESETS,Claire - Redguard Racemenu Preset,1.0,Always Install
5.10.5 CHARACTER PRESETS,Hanna - Redguard Racemenu Preset,1.0,Always Install
5.10.5 CHARACTER PRESETS,Agatha - Redguard Racemenu Preset,2.0,Always Install
5.10.5 CHARACTER PRESETS,Dahne - Redguard Racemenu Preset,1.0,Always Install
5.10.5 CHARACTER PRESETS,Ruby - Redguard Racemenu Preset,1.0,Always Install
5.10.5 CHARACTER PRESETS,Xaza - Dark Elf Racemenu Preset,1.2,Always Install
5.10.5 CHARACTER PRESETS,Lilliva - Dark Elf Racemenu Preset,1.0,Always Install
5.10.5 CHARACTER PRESETS,Galyn - Dark Elf Racemenu Preset,1.0,Always Install
5.10.5 CHARACTER PRESETS,Pranoria - Dark Elf Racemenu Preset,1.3,Always Install
5.10.5 CHARACTER PRESETS,Rolanna - Dark Elf Racemenu Preset,1.2,Always Install
5.10.5 CHARACTER PRESETS,Vale - Dark Elf Racemenu Preset,1.1,Always Install
5.10.5 CHARACTER PRESETS,Lyra - Dark Elf Racemenu Preset,1.0,Always Install
5.10.5 CHARACTER PRESETS,Esme - Wood Elf Racemenu Preset,1.0,Always Install
5.10.5 CHARACTER PRESETS,Peach - Wood Elf Racemenu Preset,2.0,Always Install
5.10.5 CHARACTER PRESETS,Elinor - Wood Elf Racemenu Preset,1.0,Always Install
5.10.5 CHARACTER PRESETS,Nala - Wood Elf Racemenu Preset,1.0,Always Install
5.10.5 CHARACTER PRESETS,Rilli - Wood Elf Racemenu Preset,1.0,Always Install
5.10.5 CHARACTER PRESETS,Taelith - Wood Elf Racemenu Preset,1.0,Always Install
5.10.5 CHARACTER PRESETS,Lorien - High Elf Racemenu Preset,1.0,Always Install
5.10.5 CHARACTER PRESETS,Elle - High Elf Racemenu Preset,1.0,Always Install
5.10.5 CHARACTER PRESETS,Galathea - High Elf Racemenu Preset,1.2,Always Install
5.10.5 CHARACTER PRESETS,Nara - High Elf Racemenu Preset,1.0,Always Install
5.10.5 CHARACTER PRESETS,Miriel Goldsong - High Elf Racemenu Preset,1.0,Always Install
5.10.5 CHARACTER PRESETS,Bethiba - Orc Racemenu Preset,1.0,Always Install
5.10.5 CHARACTER PRESETS,Zhora - Orc Racemenu Preset,1.0,Always Install
5.10.5 CHARACTER PRESETS,VriTarl - Orc Racemenu Preset,1.0,Always Install
5.10.5 CHARACTER PRESETS,Orchy - Orc Racemenu Preset,1.0,Always Install
5.10.5 CHARACTER PRESETS,Shelur - Orc Racemenu Preset,1.0,Always Install
5.10.5 CHARACTER PRESETS,Kudo - Argonian Racemenu Preset,1.0,Always Install
5.10.5 CHARACTER PRESETS,Kitt'i - Khajiit Racemenu Preset,1.0,Always Install
5.10.5 CHARACTER PRESETS,Narahni - Khajiit Racemenu Preset,1.0.1,Always Install
5.10.5 CHARACTER PRESETS,"Raelin - Altmer, Bosmer, Dunmer Racemenu Preset",1.0,Always Install
5.10.5 CHARACTER PRESETS,"Agnes - Breton, Nord Redguard Racemenu Preset",1.0,Always Install
5.10.5 CHARACTER PRESETS,Ragnar - Nord Racemenu Preset,1.0,Always Install
5.10.5 CHARACTER PRESETS,Adord - Nord Racemenu Preset,1.0,Always Install
5.10.5 CHARACTER PRESETS,Kris - Nord Racemenu Preset,2.0,Always Install
5.10.5 CHARACTER PRESETS,Jaxon - Nord Racemenu Preset,1.0,Always Install
5.10.5 CHARACTER PRESETS,Kristof - Nord Racemenu Preset,2.0,Always Install
5.10.5 CHARACTER PRESETS,Wulf - Nord Racemenu Nolvus Preset,3.0,Always Install
5.10.5 CHARACTER PRESETS,Tor - Nord Racemenu Preset,2.0,Always Install
5.10.5 CHARACTER PRESETS,Caspar - Nord Racemenu Preset,2.0,Always Install
5.10.5 CHARACTER PRESETS,Night - Nord Racemenu Nolvus Preset,3.0,Always Install
5.10.5 CHARACTER PRESETS,Rthas - Nord Racemenu Preset,1.0,Always Install
5.10.5 CHARACTER PRESETS,Dalen - Nord Racemenu Preset,1.0,Always Install
5.10.5 CHARACTER PRESETS,Lincoln - Nord Racemenu Preset,2.0,Always Install
5.10.5 CHARACTER PRESETS,Eylon - Nord Racemenu Preset,1.1,Always Install
5.10.5 CHARACTER PRESETS,Skar - Nord Racemenu Preset,1.01,Always Install
5.10.5 CHARACTER PRESETS,Soren - Nord Racemenu Nolvus Preset,2.0,Always Install
5.10.5 CHARACTER PRESETS,Finn - Nord Racemenu Preset,1.0,Always Install
5.10.5 CHARACTER PRESETS,William - Nord Racemenu Preset,1.0,Always Install
5.10.5 CHARACTER PRESETS,Aerolf - Nord Racemenu Preset,1.01,Always Install
5.10.5 CHARACTER PRESETS,Bjarne - Nord Racemenu Preset,1.0,Always Install
5.10.5 CHARACTER PRESETS,Tormir - Nord Racemenu Preset,2.0,Always Install
5.10.5 CHARACTER PRESETS,Morten - Nord Racemenu Preset,1.01,Always Install
5.10.5 CHARACTER PRESETS,IFIRIT - Nord Racemenu Preset,1.0,Always Install
5.10.5 CHARACTER PRESETS,Vlad - Imperial Racemenu Preset,1.02,Always Install
5.10.5 CHARACTER PRESETS,Paolus - Imperial Racemenu Preset,1.0,Always Install
5.10.5 CHARACTER PRESETS,Waylander - Imperial Racemenu Preset,1.0,Always Install
5.10.5 CHARACTER PRESETS,Larrius - Imperial Racemenu Preset,1.01,Always Install
5.10.5 CHARACTER PRESETS,Ennis - Imperial Racemenu Preset,2.0,Always Install
5.10.5 CHARACTER PRESETS,Jupiter - Imperial Racemenu Preset,1.0,Always Install
5.10.5 CHARACTER PRESETS,Maxim - Imperial Racemenu Preset,2.0,Always Install
5.10.5 CHARACTER PRESETS,Astor - Imperial Racemenu Preset,2.0,Always Install
5.10.5 CHARACTER PRESETS,Matthias - Imperial Racemenu Preset,2.0,Always Install
5.10.5 CHARACTER PRESETS,Jakus - Imperial Racemenu Preset,2.0,Always Install
5.10.5 CHARACTER PRESETS,Roman - Imperial Racemenu Preset,3.0,Always Install
5.10.5 CHARACTER PRESETS,Arrad - Imperial Racemenu Preset,2.0,Always Install
5.10.5 CHARACTER PRESETS,Tomas - Imperial Racemenu Preset,2.1,Always Install
5.10.5 CHARACTER PRESETS,Sascha - Imperial Racemenu Preset,1.01,Not Graphics Only
5.10.5 CHARACTER PRESETS,Bear - Imperial Racemenu Preset,1.1,Always Install
5.10.5 CHARACTER PRESETS,Viktor - Imperial Racemenu Preset,1.0,Always Install
5.10.5 CHARACTER PRESETS,Marco - Imperial Racemenu Preset,1.0,Always Install
5.10.5 CHARACTER PRESETS,Amiel - Imperial Racemenu Preset,2.0,Always Install
5.10.5 CHARACTER PRESETS,Lavitz - Imperial Racemebu Preset,1.0,Always Install
5.10.5 CHARACTER PRESETS,Chervain - Breton Racemenu Preset,1.0,Always Install
5.10.5 CHARACTER PRESETS,Dorian - Breton Racemenu Preset,1.0,Always Install
5.10.5 CHARACTER PRESETS,Gwion - Breton Racemenu Preset,1.0,Always Install
5.10.5 CHARACTER PRESETS,Gael - Breton Racemenu Preset,1.0,Always Install
5.10.5 CHARACTER PRESETS,Josse - Breton Racemenu Preset,2.0,Always Install
5.10.5 CHARACTER PRESETS,Lyam - Breton Racemenu Preset,2.1,Always Install
5.10.5 CHARACTER PRESETS,Devin - Breton Racemenu Preset,2.0,Always Install
5.10.5 CHARACTER PRESETS,Bryn - Breton Racemenu Preset,2.0.1,Always Install
5.10.5 CHARACTER PRESETS,Somhairle - Breton Racemenu Preset,1.0,Always Install
5.10.5 CHARACTER PRESETS,Erwen - Breton Racemenu Preset,1.0,Always Install
5.10.5 CHARACTER PRESETS,Danyl - Breton Racemenu Preset,1.01,Always Install
5.10.5 CHARACTER PRESETS,Justas - Breton Racemenu Preset,2.1,Always Install
5.10.5 CHARACTER PRESETS,Emile - Breton Racemenu Preset,2.0,Always Install
5.10.5 CHARACTER PRESETS,Kayd - Redguard Racemenu Preset,1.0,Always Install
5.10.5 CHARACTER PRESETS,Avag - Redguard Racemenu Preset,1.0,Always Install
5.10.5 CHARACTER PRESETS,Aybar - Redguard Racemenu Preset,2.0,Always Install
5.10.5 CHARACTER PRESETS,Karif - Redguard Racemenu Preset,2.0,Always Install
5.10.5 CHARACTER PRESETS,Umuganga - Redguard Racemenu Preset,2.0,Always Install
5.10.5 CHARACTER PRESETS,Zahir - Redguard Racemenu Preset,2.0,Always Install
5.10.5 CHARACTER PRESETS,Nudz - Redguard Racemenu Preset,1.0,Always Install
5.10.5 CHARACTER PRESETS,Gaiyen - Redguard Racemenu Preset,1.0,Always Install
5.10.5 CHARACTER PRESETS,Mujwadeen - Redguard Racemenu Preset,1.0,Always Install
5.10.5 CHARACTER PRESETS,N'kia - Redguard Racemenu Preset,1.0,Always Install
5.10.5 CHARACTER PRESETS,Arad - Redguard Racemenu Preset,3.0.1,Always Install
5.10.5 CHARACTER PRESETS,Scar - Redguard Racemeu Preset,1.0,Always Install
5.10.5 CHARACTER PRESETS,TATSU - Dark Elf Racemenu Preset,1.0,Always Install
5.10.5 CHARACTER PRESETS,Llondryn - Dark Elf Racemenu Preset,1.0,Always Install
5.10.5 CHARACTER PRESETS,Vilyn - Dark Elf Racemenu Preset,1.01,Always Install
5.10.5 CHARACTER PRESETS,Furon - Dark Elf Racemenu Preset,2.0,Always Install
5.10.5 CHARACTER PRESETS,Ketu - Dark Elf Racemenu Preset,2.1,Always Install
5.10.5 CHARACTER PRESETS,M'al - Dark Elf Racemenu Preset,3.0,Always Install
5.10.5 CHARACTER PRESETS,Eligor - Dark Elf Racemenu Preset,1.01,Always Install
5.10.5 CHARACTER PRESETS,Varris - Dark Elf Racemenu Preset,1.0,Always Install
5.10.5 CHARACTER PRESETS,Elisgvir - Wood Elf Racemenu Preset,1.1,Always Install
5.10.5 CHARACTER PRESETS,Faldas - Wood Elf Racemenu Preset,2.0,Always Install
5.10.5 CHARACTER PRESETS,Ellis - Wood Elf Racemenu Preset,2.0,Always Install
5.10.5 CHARACTER PRESETS,Manmal - Wood Elf Racemenu Nolvus Preset,2.0,Always Install
5.10.5 CHARACTER PRESETS,Obenion - Wood Elf Racemenu Preset,1.0.1,Always Install
5.10.5 CHARACTER PRESETS,Doraku - High Elf Racemenu Preset,1.1,Always Install
5.10.5 CHARACTER PRESETS,Aenelle - High Elf Racemenu Preset,2.1,Always Install
5.10.5 CHARACTER PRESETS,Eariiel - High Elf Racemenu Preset,2.0,Always Install
5.10.5 CHARACTER PRESETS,Tareion - High Elf Racemenu Preset,2.0,Always Install
5.10.5 CHARACTER PRESETS,Agronak - Orc Racemenu Preset,1.0,Always Install
5.10.5 CHARACTER PRESETS,Gorak - Orc Racemenu Preset,1.0,Always Install
5.10.5 CHARACTER PRESETS,Storgh - Orc Racemenu Preset,1.0,Always Install
5.10.5 CHARACTER PRESETS,Drog'ur - Orc Racemenu Preset,1.0,Always Install
5.10.5 CHARACTER PRESETS,Urrik - Orc Racemenu Preset,2.1,Always Install
5.10.5 CHARACTER PRESETS,Tsuzo - Argonian Racemenu Preset,1.0,Always Install
5.10.5 CHARACTER PRESETS,Dante - Argonian Racemenu Preset,2.0,Always Install
5.10.5 CHARACTER PRESETS,Visskar - Argonian Racemenu Preset,1.0,Always Install
5.10.5 CHARACTER PRESETS,Skotti - Argonian Racemenu Preset,1.0,Always Install
5.10.5 CHARACTER PRESETS,Beem - Argonian Racemenu Preset,1.0,Always Install
5.10.5 CHARACTER PRESETS,M'zaka - Khajiit Racemenu Preset,1.0,Always Install
5.10.5 CHARACTER PRESETS,Ro'ari - Khajiit Racemenu Preset,2.0,Always Install
5.10.5 CHARACTER PRESETS,M'jirr - Khajiit Racemenu Preset,1.0,Always Install
5.10.5 CHARACTER PRESETS,R'zada - Khajiit Racemenu Preset,1.0,Always Install
5.10.5 CHARACTER PRESETS,Ma'tabe - Khajiit Racemenu Preset,1.0,Always Install
5.10.5 CHARACTER PRESETS,Ragtag - Masculine Racemenu Presets,1.0,Always Install
5.10.5 CHARACTER PRESETS,Nolvus Nubiles,6014.2,Always Install
5.10.5 CHARACTER PRESETS,Nolvus Knights,6014.2,Always Install
5.11.1 CITIES,The Great Cities - Resources,1.0,Always Install
5.11.1 CITIES,SR Exterior Cities Series All In One,1.9.4,SREX
5.11.1 CITIES,SR Exterior Cities Series All In One - Parallax,1.0,SREX
5.11.1 CITIES,SR Exterior Cities Series All In One - Markarth Mesh Fix,6.0,SREX
5.11.1 CITIES,SR Exterior Cities Series All In One - Creation Club Patch,1.0,SREX
5.11.1 CITIES,SR Exterior Cities Series All In One - USSEP Patch,1.1,SREX
5.11.1 CITIES,SR Exterior Cities Series All In One - Alternate Perspective Patch,6.0.15,"SREX, Not Graphics Only"
5.11.1 CITIES,SR Exterior Cities Series All In One - Caught Red Handed - Quest Expansion Patch,6.0,"SREX, Not Graphics Only"
5.11.1 CITIES,SR Exterior Cities Series All In One - SMIM Patch,1.0,SREX
5.11.1 CITIES,SR Exterior Cities Series All In One - Lightened Skyrim Patch,6.0,SREX
5.11.1 CITIES,SR Exterior Cities Series All In One - Dlizzio's Mesh Fixes Patch,6.0,SREX
5.11.1 CITIES,SR Exterior Cities Series All In One - Landscape And Water Fix Patch,1.0,SREX
5.11.1 CITIES,SR Exterior Cities Series All In One - Rebalancing Anniversary Edition Patch,6.0,SREX
5.11.1 CITIES,SR Exterior Cities Series All In One - Legacy of the Dragonborn Patch,6.0.21,"SREX, Not Graphics Only"
5.11.1 CITIES,SR Exterior Cities Series All In One - Legacy of the Dragonborn eFPS Patch,6.0,"SREX, Not Graphics Only"
5.11.1 CITIES,SR Exterior Cities Series All In One - Cutting Room Floor Patch,6.0,"SREX, Not Graphics Only"
5.11.1 CITIES,SR Exterior Cities Series All In One - Cheese Mod Patch,6.0,"SREX, Not Graphics Only"
5.11.1 CITIES,SR Exterior Cities Series All In One - Moon And Star Patch,6.0,"SREX, Not Graphics Only"
5.11.1 CITIES,SR Exterior Cities Series All In One - Falskaar Patch,6.0.15,"SREX, Not Graphics Only"
5.11.1 CITIES,SR Exterior Cities Series All In One - Leaps of Faith Patch,1.0,"SREX, Not Graphics Only"
5.11.1 CITIES,SR Exterior Cities Series All In One - Missives Patch,6.0.5,"SREX, Not Graphics Only"
5.11.1 CITIES,SR Exterior Cities Series All In One - Atlas Map Markers Patch,1.0,SREX
5.11.1 CITIES,SR Exterior Cities Series All In One - Icy Mesh Remaster Patch,6.0.4,SREX
5.11.1 CITIES,SR Exterior Cities Series All In One - Nolvus Seasonal Plant Mashup Patch,6.0,SREX
5.11.1 CITIES,SR Exterior Cities Series All In One - Nolvus Pine Forest Tree Mashup Patch,6.0.7,SREX
5.11.1 CITIES,SR Exterior Cities Series All In One - Waterplant Patch,6.0,SREX
5.11.1 CITIES,SR Exterior Cities Series All In One - Cathedral 3D Mountain Flowers Patch,6.0,SREX
5.11.1 CITIES,SR Exterior Cities Series All In One - Water For ENB Patch,1.0,SREX
5.11.1 CITIES,SR Exterior Cities Series All In One - Natural Waterfalls Patch,6.0,SREX
5.11.1 CITIES,SR Exterior Cities Series All In One - TMD The Rift Leaves Patch,6.0,SREX
5.11.1 CITIES,SR Exterior Cities Series All In One - Rainbows Over Waterfalls Patch,6.0,SREX
5.11.1 CITIES,SR Exterior Cities Series All In One - NW - ROW Patch,6.0,SREX
5.11.1 CITIES,SR Exterior Cities Series All In One - 3DNPC Patch,6.0,"SREX, Not Graphics Only"
5.11.1 CITIES,SR Exterior Cities Series All In One - Citizen of Tamriel Patch,6.0,"SREX, Not Graphics Only"
5.11.1 CITIES,SR Exterior Cities Series All In One - Auri Patch,6.0,"SREX, Not Graphics Only"
5.11.1 CITIES,SR Exterior Cities Series All In One - Remiel Patch,6.0.15,"SREX, Not Graphics Only"
5.11.1 CITIES,Nolvus Awakening DLC Patch - SREX Patch,6.0.1,"SREX, Not Graphics Only"
5.11.1 CITIES,Spaghetti's Cities - AIO,1.3,Always Install
5.11.1 CITIES,Spaghetti's Cities - AIO - SR Exterior Cities Patch,1.0,SREX
5.11.1 CITIES,Spaghetti's Solstheim - AIO,1.0,Always Install
5.11.1 CITIES,Dawn of Skyrim Director's Cut,1.5,Ultimate
5.11.1 CITIES,Dawn of Skyrim Director's Cut - Modpocalypse NPCs,1.0,Ultimate
5.11.1 CITIES,Dawn of Skyrim Director's Cut - Modpocalypse NPCs - Fix,1.0,Ultimate
5.11.1 CITIES,Dawn of Skyrim Director's Cut - Rob's Bug Fixes,2.0,Ultimate
5.11.1 CITIES,Dawn of Skyrim Director's Cut - SR Exterior Cities Patch,1.0,"Ultimate, SREX"
5.11.1 CITIES,Dawn of Skyrim - Spaghetti's Cities Patch,6.0.14,Ultimate
5.11.1 CITIES,Dawn of Skyrim - Spaghetti's Cities - SREX Patch,6.0.14,"Ultimate, SREX"
5.11.1 CITIES,Rustic Window,2.0,Always Install
5.11.1 CITIES,Skyland Windows - A Pane in the Glass,1.1,Always Install
5.11.1 CITIES,Glorious Doors of Skyrim [2K],1.1,Always Install
5.11.1 CITIES,Glorious Doors of Skyrim - SR Exterior Cities Patch,1.0,SREX
5.11.1 CITIES,Illustrated Town Panels,1.2.3,Always Install
5.11.1 CITIES,Green Thumb Skyrim,1.3,Ultimate
5.11.1 CITIES,Green Thumb Skyrim - SR Exterior Cities Patch,6.0.21,"Ultimate, SREX"
5.11.1 CITIES,Green Thumb Skyrim - Ultra,1.3,"Not Ultimate, Not Redux"
5.11.1 CITIES,Green Thumb Skyrim - SR Exterior Cities Patch - Ultra,6.0.21,"Not Ultimate, Not Redux, SREX"
5.11.1 CITIES,Green Thumb Skyrim - Redux,1.3,Redux
5.11.1 CITIES,Green Thumb Skyrim - SR Exterior Cities Patch - Redux,6.0.21,"Redux, SREX"
WHITERUN,Riton Whiterun II [4K],1.0,Ultimate
WHITERUN,Riton Whiterun II [2K],1.0,"Not Ultimate, Not Redux"
WHITERUN,Riton Whiterun II [1K],1.0,Redux
WHITERUN,Skyland Whiterun [2K],2.2,Not Redux
WHITERUN,Skyland Whiterun [1K],2.2,Redux
WHITERUN,Skyland Whiterun Complex Parallax,1.0,Always Install
WHITERUN,An Abstract Skyrim - Whiterun,1.1,Redux
WHITERUN,JK's Whiterun Outskirts,1.5,Ultimate
WHITERUN,JK's Whiterun Outskirts - Patch Collection,1.2.1,Ultimate
WHITERUN,Whiterun Has Walls,1.2.10,Not Redux
WHITERUN,Whiterun Has Walls - Patch Collection,1.2.10,Ultimate
WHITERUN,Whiterun Has Walls - Patch Collection - Ultra,1.2.10,"Not Ultimate, Not Redux"
WHITERUN,Whiterun Has Walls - Spaghetti's Cities - AIO - SREX Patch,6.0,"SREX, Not Redux"
WHITERUN,Whiterun Outskirts Market,1.4,Ultimate
WHITERUN,Whiterun Outskirts Market - Whiterun Has Walls Patch,1.0,"Ultimate, Not SREX"
WHITERUN,Whiterun Outskirts Market - Whiterun Has Walls - SREX Patch,6.0.21,"Ultimate, SREX"
WHITERUN,Whiterun Outskirts Market - JK's Whiterun Outskirts,1.0,Ultimate
WHITERUN,Whiterun Outskirts Market - Miggyluv's NPCs,1.0,Ultimate
WHITERUN,SKYKLFs Whiterun Enhancer,1.5,Ultimate
WHITERUN,Whiterun Enhancer - Nolvus Edition,6.0.21,Ultimate
WHITERUN,Whiterun Enhancer - Nolvus Edition - SR Exterior Cities Patch,6.0.21,"Ultimate, SREX"
WHITERUN,Whiterun Enhancer - Nolvus Edition - Dawn of Skyrim Patch,6.0,Ultimate
WHITERUN,Whiterun Enhancer - Nolvus Edition - Dawn of Skyrim SREX Patch,6.0,"Ultimate, SREX"
WHITERUN,Whiterun Enhancer - Nolvus Edition - Spaghetti's Cities Patch,6.0.21,Ultimate
WHITERUN,Whiterun Enhancer - Nolvus Edition - Spaghetti's Cities SREX Patch,6.0.21,"Ultimate, SREX"
WHITERUN,Parallax Whiterun Streets [4K],1.02,Ultimate
WHITERUN,Parallax Whiterun Streets [2K],1.02,"Not Ultimate, Not Redux"
WHITERUN,Parallax Whiterun Streets [1K],1.02,Redux
WHITERUN,Whiterun Floor Custom,1.0,Always Install
WHITERUN,Whiterun City Stone Walls - Parallax [4K],1.1,Ultimate
WHITERUN,Whiterun City Stone Walls - Parallax [2K],1.1,"Not Ultimate, Not Redux"
WHITERUN,Whiterun City Stone Walls - Parallax [1K],1.1,Redux
WHITERUN,3D Whiterun Trellis,1.1,Always Install
WHITERUN,3D Whiterun Trellis Expansion,1.3.1,Always Install
WHITERUN,FYX - 3D Whiterun Castle Bridge,1.0.2,Always Install
WHITERUN,FYX - 3D Whiterun Guard Towers,1.0.1,Always Install
WHITERUN,FYX - 3D Whiterun Drawbridge Gate,1.0.2,Always Install
WHITERUN,FYX - 3D Whiterun Scaffold,1.0.4,Always Install
WHITERUN,3D Trellis Improved - Gildergreen Plaza,0.2,Always Install
WHITERUN,G.I.R.T.H. - Gildergreen Is Really Thicc HD,2.5.1,Always Install
WHITERUN,G.I.R.T.H. - Gildergreen Is Really Thicc HD - Retextures [2K],1.1,Always Install
WHITERUN,G.I.R.T.H. - Gildergreen Is Really Thicc HD - SREX Patch,6.0,SREX
WHITERUN,Witcher Hedges in Whiterun,1.0,Always Install
WHITERUN,Witcher Hedges in Whiterun - SR Exterior Cities Patch,6.0.4,SREX
WHITERUN,Blubbos Whiterun Lanterns,1.0,Always Install
WHITERUN,Blubbos Whiterun Lanterns - SR Exterior Cities Patch,6.0,SREX
WHITERUN,Witcherun - A Verdant Whiterun Overhaul,2.2.1,Always Install
WHITERUN,Witcherun - A Verdant Whiterun Overhaul - SREX Patch,6.0.21,SREX
WHITERUN,Nolvus Awakening Seasonal Tree Addon - Whiterun Exterior,6.0.21,Ultimate
WHITERUN,Nolvus Awakening Seasonal Tree Addon - Whiterun Exterior Patch,6.0,Ultimate
WHITERUN,Nolvus Awakening Seasonal Tree Addon - Whiterun Exterior - Ultra,6.0.21,"Not Ultimate, Not Redux"
WHITERUN,Nolvus Awakening Seasonal Tree Addon - Whiterun Interior,6.0.21,Ultimate
WHITERUN,Nolvus Awakening Seasonal Tree Addon - Whiterun Interior - Ultra,6.0.21,"Not Ultimate, Not Redux"
WHITERUN,Nolvus Awakening Seasonal Tree Addon - Whiterun Interior - SREX Patch,6.0.21,"Ultimate, SREX"
WHITERUN,Nolvus Awakening Seasonal Tree Addon - Whiterun Interior - SREX Patch - Ultra,6.0.21,"Not Ultimate, Not Redux, SREX"
WHITERUN,Nolvus Awakening Whiterun Landscape Fix for Grass Mods Patch,6.0,Always Install
WHITERUN,Nolvus Awakening Whiterun Hold Grass Fix,6.0.15,Always Install
WHITERUN,Nolvus Awakening Whiterun Grass Fix,6.0.13,Ultimate
WHITERUN,Nolvus Awakening Whiterun Gate Landscape Fix,6.0.4,"Ultimate, SREX"
WHITERUN,Nolvus Awakening Whiterun Grass Fix - Ultra,6.0.5,"Not Ultimate, Not Redux"
WHITERUN,Nolvus Awakening Whiterun Gate Landscape Fix - Ultra,6.0.4,"Not Ultimate, Not Redux, SREX"
WHITERUN,Nolvus Awakening Whiterun Grass Fix - Redux,6.0.5,Redux
WHITERUN,Nolvus Awakening Whiterun Gate Landscape Fix - Redux,6.0.4,"Redux, SREX"
WHITERUN,Nolvus Awakening Whiterun Addon,6.0,Ultimate
WHITERUN,Nolvus Awakening Whiterun Addon - Ultra,6.0,"Not Ultimate, Not Redux"
WHITERUN,Nolvus Awakening Whiterun Addon - SREX Patch,6.0,"Ultimate, SREX"
WHITERUN,Nolvus Awakening Whiterun Addon - SREX Patch - Ultra,6.0,"Not Ultimate, Not Redux, SREX"
WHITERUN,Nolvus Awakening Whiterun Seasons Patch,6.0.21,Always Install
WHITERUN,Nolvus Awakening Whiterun Patch,6.0.21,Ultimate
WHITERUN,Nolvus Awakening Whiterun Patch - Ultra,6.0.21,Ultra
WHITERUN,Nolvus Awakening Whiterun Patch - Redux,6.0.21,Redux
WHITERUN,Nolvus Awakening Whiterun Patch - GO,6.0.21,Graphics Only
WHITERUN,Nolvus Awakening Whiterun Patch - SREX Patch,6.0.21,"Ultimate, SREX"
WHITERUN,Nolvus Awakening Whiterun Patch - SREX Patch - Ultra,6.0.21,"Not Ultimate, Not Redux, SREX"
WHITERUN,Nolvus Awakening Whiterun Patch - SREX Patch - Redux,6.0.21,"Redux, SREX"
WHITERUN,Hall of the Dead Stained Glass Windows,1.5,Always Install
SOLITUDE,Riton Solitude [2K],1.2,Not Redux
SOLITUDE,Riton Solitude [1K],1.2,Redux
SOLITUDE,Riton Solitude - Grass Blend [2K],1.0,Not Redux
SOLITUDE,Riton Solitude - Grass Blend [1K],1.2,Redux
SOLITUDE,Solitude Stone Floor [2K],1.0,Not Redux
SOLITUDE,Epic Cities - Solitude,0.1,Not Redux
SOLITUDE,Epic Cities - Solitude - SR Exterior Cities Patch,6.0,"Not Redux, SREX"
SOLITUDE,Epic Solitude - Dawn of Skyrim Patch,6.0.14,Ultimate
SOLITUDE,Epic Solitude - Dawn of Skyrim Patch - SREX Patch,6.0.14,"Ultimate, SREX"
SOLITUDE,Epic Solitude - Spaghetti's Cities Patch,6.0.14,Not Redux
SOLITUDE,Epic Solitude - Spaghetti's Cities Patch - SREX Patch,6.0.14,"Not Redux, SREX"
SOLITUDE,Epic Solitude - Nolvus Integration,6.0.15,Not Redux
SOLITUDE,Epic Solitude - Nolvus Integration - SREX Patch,6.0.14,"Not Redux, Not Graphics Only, SREX"
SOLITUDE,Epic Solitude - Nolvus Integration - SREX Patch - GO,6.0.19,"Graphics Only, SREX"
SOLITUDE,JK's Solitude Outskirts,1.1,Not Redux
SOLITUDE,JK's Solitude Outskirts - Patch Collection,1.4.1,Ultimate
SOLITUDE,JK's Solitude Outskirts - Patch Collection - Ultra,1.4.1,Ultra
SOLITUDE,JK's Solitude Outskirts - Patch Collection - GO,1.11.1,Graphics Only
SOLITUDE,JK's Solitude Outskirts - SR Exterior Cities Patch,6.0,"Not Redux, SREX"
SOLITUDE,FYX - 3D Solitude SighPost,1.0.5,Always Install
SOLITUDE,FYX - Solitude Arch,1.0.1,Always Install
SOLITUDE,3D Solitude Trellis,3.1,Always Install
SOLITUDE,Solitude Objects SMIMed - Festival Ropes,0.4,Always Install
SOLITUDE,Solitude Ivy Replacer [2K],2.0.1,Always Install
SOLITUDE,JS Solitude Sewer Cover,1.2,Always Install
SOLITUDE,Solitude Statues AIO,1.0,Not Redux
SOLITUDE,Solitude Statues AIO - SR Exterior Cities Patch,6.0,"Not Redux, SREX"
SOLITUDE,Solitude Statues AIO - Nolvus Integration,6.0,Not Redux
SOLITUDE,Solitude Statues AIO - Nolvus Integration - SREX Patch,6.0,"Not Redux, SREX"
SOLITUDE,Solitude Clock Tower,1.3,Always Install
SOLITUDE,Solitude Clock Tower - SR Exterior Cities Patch,6.0,SREX
SOLITUDE,Solitude Clock Tower - Ominous Sound,1.0,Always Install
SOLITUDE,Solitude Towers Flags,1.2,Redux
SOLITUDE,Solitude Towers Flags - SR Exterior Cities Patch,6.0,"Redux, SREX"
SOLITUDE,Clouds over Solitude,1.1.1,Always Install
SOLITUDE,Clouds over Solitude - SR Exterior Cities Patch,6.0,SREX
SOLITUDE,Illuminated Blue Palace Dome,1.3,Always Install
SOLITUDE,Illuminated Blue Palace Dome - SR Exterior Cities Patch,6.0,SREX
SOLITUDE,Nolvus Awakening Seasonal Tree Addon - Solitude Interior,6.0.7,Not Redux
SOLITUDE,Nolvus Awakening Seasonal Tree Addon - Solitude Interior - SREX Patch,6.0.7,"Not Redux, SREX"
SOLITUDE,Nolvus Awakening Haafingar Grass Fix,6.0.15,Always Install
SOLITUDE,Nolvus Awakening Solitude Outskirt Addon,6.0.5,Always Install
SOLITUDE,Nolvus Awakening Solitude Grass Fix,6.0,Not Redux
SOLITUDE,Nolvus Awakening Solitude Grass Fix - Redux,6.0.5,Redux
SOLITUDE,Nolvus Awakening Solitude Addon,6.0.7,Ultimate
SOLITUDE,Nolvus Awakening Solitude Addon - Ultra,6.0.1,"Not Ultimate, Not Redux"
SOLITUDE,Nolvus Awakening Solitude Addon - Redux,6.0.21,Redux
SOLITUDE,Nolvus Awakening Solitude Addon - SREX Patch,6.0.7,"Ultimate, SREX"
SOLITUDE,Nolvus Awakening Solitude Addon - SREX Patch - Ultra,6.0.1,"Not Ultimate, Not Redux, SREX"
SOLITUDE,Nolvus Awakening Solitude Addon - SREX Patch - Redux,6.0.21,"Redux, SREX"
SOLITUDE,Nolvus Awakening Solitude Seasons Patch,6.0.5,Always Install
SOLITUDE,Nolvus Awakening Solitude Patch,6.0.18,Ultimate
SOLITUDE,Nolvus Awakening Solitude Patch - Ultra,6.0.18,Ultra
SOLITUDE,Nolvus Awakening Solitude Patch - Redux,6.0.15,Redux
SOLITUDE,Nolvus Awakening Solitude Patch - GO,6.0.19,Graphics Only
SOLITUDE,Nolvus Awakening Solitude Patch - SREX Patch,6.0.18,"Ultimate, SREX"
SOLITUDE,Nolvus Awakening Solitude Patch - SREX Patch - Ultra,6.0.18,"Ultra, SREX"
SOLITUDE,Nolvus Awakening Solitude Patch - SREX Patch - Redux,6.0,"Redux, SREX"
SOLITUDE,Nolvus Awakening Solitude Patch - SREX Patch - GO,6.0.19,"Graphics Only, SREX"
SOLITUDE,Nolvus Awakening Solitude Gate Navmesh Fix,6.0.21,"Ultimate, SREX"
RIFTEN,Riton Riften [2K],1.0,Not Redux
RIFTEN,Riton Riften [1K],1.0,Redux
RIFTEN,Riften Plaza Mosaic,1.0,Always Install
RIFTEN,JK's Riften Outskirts,1.0.1,Ultimate
RIFTEN,JK's Riften Outskirts Patch Collection,1.2,Ultimate
RIFTEN,JK's Riften Outskirts - Scarecrows of Skyrim Patch,1.2,Ultimate
RIFTEN,Deadly Shadows in Riften,1.3,Always Install
RIFTEN,Deadly Shadows in Riften - SR Exterior Cities Patch,6.0.10,SREX
RIFTEN,Deadly Shadows in Riften - Nolvus Integration,6.0,Always Install
RIFTEN,Deadly Shadows in Riften - Nolvus Integration - SREX Patch,6.0,SREX
RIFTEN,FYX - Riften Canal and Round Posts,1.0.2,Always Install
RIFTEN,Make Your Riften,1.0.4,Ultimate
RIFTEN,Make Your Riften - Ultra,1.0.4,"Not Ultimate, Not Redux"
RIFTEN,Make Your Riften - SR Exterior Cities Patch,6.0.5,"Ultimate, SREX"
RIFTEN,Make Your Riften - SR Exterior Cities Patch - Ultra,6.0.5,"Not Ultimate, Not Redux, SREX"
RIFTEN,Consistency of windows in Riften,1.2.1,Always Install
RIFTEN,Laketown - A Riften Docks Expansion,1.5,Ultimate
RIFTEN,Riften Docks Overhaul,2.5.7,Ultra
RIFTEN,Riften Docks Overhaul - GO,2.5.7,Graphics Only
RIFTEN,Riften Docks Overhaul - SR Exterior Cities Patch,6.0,"Not Ultimate, Not Redux, SREX"
RIFTEN,Nolvus Awakening Seasonal Tree Addon - Riften Interior,6.0.1,Not Redux
RIFTEN,Nolvus Awakening Seasonal Tree Addon - Riften Interior - SREX Patch,6.0.1,"Not Redux, SREX"
RIFTEN,Nolvus Awakening The Rift Grass Fix,6.0.21,Not Graphics Only
RIFTEN,Nolvus Awakening The Rift Grass Fix - GO,6.0.19,Graphics Only
RIFTEN,Nolvus Awakening Riften Grass Fix,6.0.14,Always Install
RIFTEN,Nolvus Awakening Riften Addon,6.0.15,Always Install
RIFTEN,Nolvus Awakening Riften Addon - SREX Patch,6.0.15,SREX
RIFTEN,Nolvus Awakening Riften Seasons Patch,6.0,Always Install
RIFTEN,Nolvus Awakening Riften Patch,6.0.15,Ultimate
RIFTEN,Nolvus Awakening Riften Patch - Ultra,6.0.14,Ultra
RIFTEN,Nolvus Awakening Riften Patch - Redux,6.0.14,Redux
RIFTEN,Nolvus Awakening Riften Patch - GO,6.0.19,Graphics Only
RIFTEN,Nolvus Awakening Riften Patch - SREX Patch,6.0.14,"Ultimate, SREX"
RIFTEN,Nolvus Awakening Riften Patch - SREX Patch - Ultra,6.0.14,"Not Ultimate, Not Redux, SREX"
RIFTEN,Nolvus Awakening Riften Patch - SREX Patch - Redux,6.0.14,"Redux, SREX"
MARKARTH,Markarth Fixed AF,1.4.1,Always Install
MARKARTH,Markarth Braziers Improved,0.2.2,Always Install
MARKARTH,Markarth's Forge,1.0.2,Always Install
MARKARTH,Blubbos Markarth 2022,1.0,Always Install
MARKARTH,Blubbos Markarth 2022 - SR Exterior Cities Patch,6.0,SREX
MARKARTH,Markarth - City of Stone,1.2,Always Install
MARKARTH,Markarth - City of Stone - SR Exterior Cities Patch,6.0,SREX
MARKARTH,Markarth - City of Stone - Natural Waterfalls Patch,1.0,Always Install
MARKARTH,Markarth - City of Stone - Natural Waterfalls Patch - SREX Patch,6.0,SREX
MARKARTH,Clouds over Markarth,1.2,Always Install
MARKARTH,Clouds over Markarth - SR exterior Cities Patch,6.0,SREX
MARKARTH,Wood Chopping Block for Markarth,1.2,Always Install
MARKARTH,Wood Chopping Block for Markarth - SR Exterior Cities Patch,6.0,SREX
MARKARTH,JK's Markarth Outskirts,1.0,Ultimate
MARKARTH,JK's Markarth Outskirts Patch Collection,1.0,Ultimate
MARKARTH,Markarth Outskirts,1.6.1,Ultra
MARKARTH,Markarth Outskirts - GO,1.6.1,Graphics Only
MARKARTH,Markarth Outskirt - SR Exterior Cities Patch,6.0,"Not Ultimate, Not Redux, SREX"
MARKARTH,Nolvus Awakening The Reach Grass Fix,6.0.15,Always Install
MARKARTH,Nolvus Awakening Markarth Grass Fix,6.0,Ultimate
MARKARTH,Nolvus Awakening Markarth Grass Fix - Redux,6.0.1,Redux
MARKARTH,Nolvus Awakening Markarth Seasons Patch,6.0,Always Install
MARKARTH,Nolvus Awakening Markarth Patch,6.0.15,Ultimate
MARKARTH,Nolvus Awakening Markarth Patch - Ultra,6.0.15,Ultra
MARKARTH,Nolvus Awakening Markarth Patch - Redux,6.0.1,Redux
MARKARTH,Nolvus Awakening Markarth Patch - GO,6.0.19,Graphics Only
MARKARTH,Nolvus Awakening Markarth Patch - SREX Patch,6.0.7,"Ultimate, SREX"
MARKARTH,Nolvus Awakening Markarth Patch - SREX Patch - Ultra,6.0,"Not Ultimate, Not Redux, SREX"
MARKARTH,Nolvus Awakening Markarth Patch - SREX Patch - Redux,6.0.1,"Redux, SREX"
WINDHELM,Riton Windhelm [2K],1.0,Not Redux
WINDHELM,Riton Windhelm [1K],1.0,Redux
WINDHELM,Icy Windhelm,2.1,Always Install
WINDHELM,Icy Windhelm - SR Exterior Cities Patch,6.0.1,SREX
WINDHELM,Windhelm Lighthouse,0.9,Always Install
WINDHELM,Windhelm Fences 3D [2K],0.3.4.1,Not Redux
WINDHELM,Windhelm Fences 3D [1K],0.3.4.1,Redux
WINDHELM,Windhelm Bridge Revived,1.4,Always Install
WINDHELM,Windhelm Bridge Revived - Patches and Add-ons,1.4,Always Install
WINDHELM,Windhelm Brazier Replacer,2.2,Ultimate
WINDHELM,Windhelm Brazier Replacer - Ultra,2.32,"Not Ultimate, Not Redux"
WINDHELM,Windhelm Brazier Replacer - Redux,2.32,Redux
WINDHELM,Windhelm Brazier Replacer - SR Exterior Cities Patch,6.0,"Ultimate, SREX"
WINDHELM,JK's Windhelm Outskirts,1.1.2,Ultimate
WINDHELM,JK's Windhelm Outskirts Patch Collection,1.4.1,Ultimate
WINDHELM,FYX - Windhelm Stable Roof,1.0.2,Always Install
WINDHELM,FYX - Windhelm Graveyard,1.0.1,Always Install
WINDHELM,FYX - Windhelm Graveyard - Spaghetti Patch,1.0.1,Always Install
WINDHELM,Gray Quarter Overhaul,2.0,Not Redux
WINDHELM,Gray Quarter Overhaul - SR Exterior Cities Patch,6.0,"Not Redux, SREX"
WINDHELM,Grey Quarter Overhaul - Dawn of Skyrim Patch,1.0,Ultimate
WINDHELM,Grey Quarter Overhaul - Dawn of Skyrim Patch - SREX Patch,6.0,"Ultimate, SREX"
WINDHELM,Blended Windhelm Bridge Snowdrifts,0.1,Always Install
WINDHELM,Nolvus Awakening Windhelm Patch,6.0.19,Ultimate
WINDHELM,Nolvus Awakening Windhelm Patch - SREX Patch,6.0.19,"Ultimate, SREX"
WINDHELM,Nolvus Awakening Windhelm Patch - Ultra,6.0.19,"Not Ultimate, Not Redux"
WINDHELM,Nolvus Awakening Windhelm Patch - SREX Patch - Ultra,6.0.15,"Not Ultimate, Not Redux, SREX"
WINDHELM,Nolvus Awakening Windhelm Patch - Redux,6.0.19,Redux
WINDHELM,Nolvus Awakening Windhelm Patch - SREX Patch - Redux,6.0.15,"Redux, SREX"
5.11.2 TOWNS & VILLAGES,Nolvus Awakening Falkreath Hold Grass Fix,6.0.21,Always Install
5.11.2 TOWNS & VILLAGES,Nolvus Awakening Hjaalmarch Grass Fix,6.0.21,Always Install
5.11.2 TOWNS & VILLAGES,Nolvus Awakening Eastmarch Grass Fix,6.0.15,Always Install
5.11.2 TOWNS & VILLAGES,JK's Riverwood,1.3d,Not Redux
5.11.2 TOWNS & VILLAGES,Riverwood Reimagined,1.0,Not Redux
5.11.2 TOWNS & VILLAGES,Spaghetti's Towns - Riverwood,1.1,Always Install
5.11.2 TOWNS & VILLAGES,Riverwood Well,1.0,Always Install
5.11.2 TOWNS & VILLAGES,Nordic Runic Stone,1.0,Always Install
5.11.2 TOWNS & VILLAGES,Nolvus Awakening Seasonal Tree Addon - Riverwood,6.0.21,Not Redux
5.11.2 TOWNS & VILLAGES,Nolvus Awakening Riverwood Patch,6.0.21,Not Redux
5.11.2 TOWNS & VILLAGES,Nolvus Awakening Riverwood Patch - Redux,6.0.21,Redux
5.11.2 TOWNS & VILLAGES,Nolvus Awakening Riverwood Grass Fix,6.0.14,Always Install
5.11.2 TOWNS & VILLAGES,JK's Skyrim Custom Towns,1.7,Not Redux
5.11.2 TOWNS & VILLAGES,JK's Skyrim Custom Towns - Clockwork Patch,1.0,"Not Redux, Not Graphics Only"
5.11.2 TOWNS & VILLAGES,JK's Skyrim Custom Towns - Northern Roads Patch,6.0,Not Redux
5.11.2 TOWNS & VILLAGES,JK's Skyrim Custom Towns - Fixes,6.0.19,Not Redux
5.11.2 TOWNS & VILLAGES,Clouds over Falkreath,1.0,Always Install
5.11.2 TOWNS & VILLAGES,Nolvus Awakening Falkreath Patch,6.0.13,Always Install
5.11.2 TOWNS & VILLAGES,Nolvus Awakening Falkreath Grass Fix,6.0.14,Always Install
5.11.2 TOWNS & VILLAGES,Thuldor's Ivarstead,1.1,Always Install
5.11.2 TOWNS & VILLAGES,Thuldor's Ivarstead - Patch Collection,1.1,Not Graphics Only
5.11.2 TOWNS & VILLAGES,Thuldor's Ivarstead - Patch Collection - GO,1.1.0,Graphics Only
5.11.2 TOWNS & VILLAGES,Thuldor's Ivarstead - Tweaks and Addons,1.01.1,Not Graphics Only
5.11.2 TOWNS & VILLAGES,Thuldor's Ivarstead - Tweaks and Addons - GO,1.02,Graphics Only
5.11.2 TOWNS & VILLAGES,Thuldor's Ivarstead - Tweaks and Fixes Navmesh Fix,1.0,Always Install
5.11.2 TOWNS & VILLAGES,Nolvus Awakening Seasonal Tree Addon - Ivarstead,6.0.1,Always Install
5.11.2 TOWNS & VILLAGES,Nolvus Awakening Ivarstead Patch,6.0.15,Not Graphics Only
5.11.2 TOWNS & VILLAGES,Nolvus Awakening Ivarstead Patch - GO,6.0.19,Graphics Only
5.11.2 TOWNS & VILLAGES,Nolvus Awakening Ivarstead Grass Fix,6.0.1,Always Install
5.11.2 TOWNS & VILLAGES,Cities of the North - Morthal,1.2,Not Redux
5.11.2 TOWNS & VILLAGES,Cities of the North - Morthal - Partitioned Meshes for Lighting,1.0,Not Redux
5.11.2 TOWNS & VILLAGES,Cities of the North - Morthal Patch Collection,3.1.1,"Not Redux, Not Graphics Only"
5.11.2 TOWNS & VILLAGES,Cities of the North - Morthal Patch Collection - GO,3.6.1,Graphics Only
5.11.2 TOWNS & VILLAGES,Cities of the North - Morthal - Custom JK's Skyrim Patch,6.0.13,Not Redux
5.11.2 TOWNS & VILLAGES,Nolvus Awakening Morthal Patch,6.0.15,"Not Redux, Not Graphics Only"
5.11.2 TOWNS & VILLAGES,Nolvus Awakening Morthal Patch - GO,6.0.19,Graphics Only
5.11.2 TOWNS & VILLAGES,Nolvus Awakening Morthal Patch - Redux,6.0,Redux
5.11.2 TOWNS & VILLAGES,Nolvus Awakening Morthal Grass Fix,6.0,Always Install
5.11.2 TOWNS & VILLAGES,The Great City of Dawnstar,2.12,Not Redux
5.11.2 TOWNS & VILLAGES,The Great City of Dawnstar - CC Fishing patch,1.0.1,Not Redux
5.11.2 TOWNS & VILLAGES,Nolvus Awakening Dawnstar Patch,6.0.20,Not Redux
5.11.2 TOWNS & VILLAGES,Nolvus Awakening Dawnstar Patch - Redux,6.0,Redux
5.11.2 TOWNS & VILLAGES,The Great Town of Shor's Stone,1.04,Always Install
5.11.2 TOWNS & VILLAGES,The Great Town of Shor's Stone - Rob's Bug Fixes,1.0,Always Install
5.11.2 TOWNS & VILLAGES,The Great Town of Shor's Stone - Modpocalypse NPCs,1.0,Always Install
5.11.2 TOWNS & VILLAGES,The Great Town of Shor's Stone Patch Collection,2.4,Not Graphics Only
5.11.2 TOWNS & VILLAGES,The Great Town of Shor's Stone Patch Collection - GO,2.4.1,Graphics Only
5.11.2 TOWNS & VILLAGES,Nolvus Awakening Shor's Stone Patch,6.0.5,Always Install
5.11.2 TOWNS & VILLAGES,Nolvus Awakening Shor's Stone Grass Fix,6.0,Not Graphics Only
5.11.2 TOWNS & VILLAGES,Nolvus Awakening Shor's Stone Grass Fix - GO,6.0.19,Graphics Only
5.11.2 TOWNS & VILLAGES,The Great Village of Kynesgrove,1.1,Always Install
5.11.2 TOWNS & VILLAGES,The Great Village of Kynesgrove - Modpocalypse NPCs,1.0,Always Install
5.11.2 TOWNS & VILLAGES,The Great Village of Kynesgrove Patch Collection,1.8,Not Graphics Only
5.11.2 TOWNS & VILLAGES,The Great Village of Kynesgrove Patch Collection - GO,1.9.2,Graphics Only
5.11.2 TOWNS & VILLAGES,Nolvus Awakening Kynesgrove Patch,6.0.14,Always Install
5.11.2 TOWNS & VILLAGES,The Great Town of Karthwasten,1.2,Always Install
5.11.2 TOWNS & VILLAGES,The Great Town of Karthwasten - Rob's Bug Fixes,1.0,Always Install
5.11.2 TOWNS & VILLAGES,The Great Town of Karthwasten - Modpocalypse NPCs,1.0,Always Install
5.11.2 TOWNS & VILLAGES,The Great Town of Karthwasten Patch Collection,2.5.1,Not Graphics Only
5.11.2 TOWNS & VILLAGES,The Great Town of Karthwasten Patch Collection - GO,2.6.1,Graphics Only
5.11.2 TOWNS & VILLAGES,Nolvus Awakening Karthwasten Patch,6.0.15,Always Install
5.11.2 TOWNS & VILLAGES,Nolvus Awakening Karthwasten Grass Fix,6.0.4,Always Install
5.11.2 TOWNS & VILLAGES,The Great Village of Old Hroldan,1.03,Always Install
5.11.2 TOWNS & VILLAGES,The Great Village of Old Hroldan - Rob's Bug Fixes,1.0,Always Install
5.11.2 TOWNS & VILLAGES,The Great Village of Old Hroldan - Modpocalypse NPCs,1.0,Always Install
5.11.2 TOWNS & VILLAGES,The Great Village of Old Hroldan Patch Collection,2.4,Not Graphics Only
5.11.2 TOWNS & VILLAGES,The Great Village of Old Hroldan Patch Collection - GO,2.4,Graphics Only
5.11.2 TOWNS & VILLAGES,Nolvus Awakening Old Hroldan Grass Fix,6.0,Always Install
5.11.2 TOWNS & VILLAGES,The Great Village of Mixwater Mill,1.1,Always Install
5.11.2 TOWNS & VILLAGES,The Great Village of Mixwater Mill - Modpocalypse NPCs,1.0,Always Install
5.11.2 TOWNS & VILLAGES,The Great Village of Mixwater Mill - 3DNPC Patch,1.0,Not Graphics Only
5.11.2 TOWNS & VILLAGES,The Great Village of Mixwater Mill Patch Collection,2.5,Not Graphics Only
5.11.2 TOWNS & VILLAGES,The Great Village of Mixwater Mill Patch Collection - GO,2.5,Graphics Only
5.11.2 TOWNS & VILLAGES,Nolvus Awakening Mixwater Mill Patch,6.0,Always Install
5.11.2 TOWNS & VILLAGES,Nolvus Awakening Mixwater Mill Grass Fix,6.0,Always Install
5.11.2 TOWNS & VILLAGES,The Great City of Rorikstead,1.2,Always Install
5.11.2 TOWNS & VILLAGES,The Great City of Rorikstead - Rob's Bug Fixes,1.2,Always Install
5.11.2 TOWNS & VILLAGES,Rorikstead Basalt Cliffs,1.2,Always Install
5.11.2 TOWNS & VILLAGES,Nolvus Awakening Rorikstead Patch,6.0.14,Always Install
5.11.2 TOWNS & VILLAGES,Nolvus Awakening Rorikstead Grass Fix,6.0.9,Always Install
5.11.2 TOWNS & VILLAGES,The Great City of Winterhold,4.1,Always Install
5.11.2 TOWNS & VILLAGES,The Great City of Winterhold Patch Collection,2.4.1,Not Graphics Only
5.11.2 TOWNS & VILLAGES,The Great City of Winterhold Patch Collection - GO,2.10,Graphics Only
5.11.2 TOWNS & VILLAGES,ClefJ's Dragon Bridge Enhanced,1.0,Not Redux
5.11.2 TOWNS & VILLAGES,Spaghetti's Towns - Dragon Bridge,1.0,Redux
5.11.2 TOWNS & VILLAGES,Nolvus Awakening Dragon Bridge Patch,6.0.7,Not Redux
5.11.2 TOWNS & VILLAGES,Nolvus Awakening Dragon Bridge Grass Fix,6.0.4,Always Install
5.11.2 TOWNS & VILLAGES,Lainalten,1.0,Always Install
5.11.2 TOWNS & VILLAGES,Lainalten - Modpocalypse NPCs,1.0,Always Install
5.11.2 TOWNS & VILLAGES,Nolvus Awakening Lainalten Grass Fix,6.0.15,Always Install
5.11.2 TOWNS & VILLAGES,Half-Moon Mill - Cities of the North Addon,1.5,Always Install
5.11.2 TOWNS & VILLAGES,Half-Moon Mill - Cities of the North Addon Patch Collection,1.3,Not Graphics Only
5.11.2 TOWNS & VILLAGES,Half-Moon Mill - Cities of the North Addon Patch Collection - GO,1.5,Graphics Only
5.11.2 TOWNS & VILLAGES,Nolvus Awakening Halfmoon Mill Grass Fix,6.0.1,Always Install
5.11.2 TOWNS & VILLAGES,Anga's Mill - Cities of the North Addon,1.0.4,Always Install
5.11.2 TOWNS & VILLAGES,Anga's Mill - Cities of the North Addon Patch Collection,1.2,Not Graphics Only
5.11.2 TOWNS & VILLAGES,Anga's Mill - Cities of the North Addon Patch Collection - GO,1.4.3,Graphics Only
5.11.2 TOWNS & VILLAGES,Sunthgat,1.10.2,Always Install
5.11.2 TOWNS & VILLAGES,Sunthgat - Modpocalypse NPCs,1.0,Always Install
5.11.2 TOWNS & VILLAGES,Oakwood,1.1.2,Not Redux
5.11.2 TOWNS & VILLAGES,Oakwood - Moon and Star Patch,0.90,"Not Redux, Not Graphics Only"
5.11.2 TOWNS & VILLAGES,Oakwood - Modpocalypse NPCs,1.0,Not Redux
5.11.2 TOWNS & VILLAGES,Oakwood - RS Children Patch,1.0,Not Redux
5.11.2 TOWNS & VILLAGES,Nolvus Awakening Oakwood Patch,6.0.14,Not Redux
5.11.2 TOWNS & VILLAGES,Nolvus Awakening Oakwood Grass Fix,6.0.14,Not Redux
5.11.2 TOWNS & VILLAGES,Nolvus Awakening Oakwood Grass Fix - Redux,6.0.14,Redux
5.11.2 TOWNS & VILLAGES,Reich Corigate,1.0,Always Install
5.11.2 TOWNS & VILLAGES,Reich Corigate - Modpocalypse NPCs,1.0,Always Install
5.11.2 TOWNS & VILLAGES,Reich Corigate - RS Children Patch,1.1,Always Install
5.11.2 TOWNS & VILLAGES,Nolvus Awakening Reich Corigate Patch,6.0.7,Always Install
5.11.2 TOWNS & VILLAGES,Granite Hill Village,1.21,Always Install
5.11.2 TOWNS & VILLAGES,Granite Hill Village - Northern Roads Patch,1.0.0,Always Install
5.11.2 TOWNS & VILLAGES,Granite Hill Village - Modpocalypse NPCs,1.0,Always Install
5.11.2 TOWNS & VILLAGES,Nolvus Awakening Granite Hill Patch,6.0.5,Always Install
5.11.2 TOWNS & VILLAGES,Amber Guard,1.9.2,Always Install
5.11.2 TOWNS & VILLAGES,Amber Guard - Modpocalypse NPCs,1.0,Always Install
5.11.2 TOWNS & VILLAGES,Amber Guard - RS Children Patch,1.0,Always Install
5.11.2 TOWNS & VILLAGES,Nolvus Awakening Amber Guard Patch,6.0.14,Always Install
5.11.2 TOWNS & VILLAGES,Nolvus Awakening Amber Guard Grass Fix,6.0.1,Always Install
5.11.2 TOWNS & VILLAGES,Dunpar Wall,1.0.1,Always Install
5.11.2 TOWNS & VILLAGES,Dunpar Wall - Modpocalypse NPCs,1.0,Always Install
5.11.2 TOWNS & VILLAGES,Nolvus Awakening Dunpar Wall Patch,6.0,Always Install
5.11.2 TOWNS & VILLAGES,Vernim Wood,1.0.5,Always Install
5.11.2 TOWNS & VILLAGES,Vernim Wood - High Poly NPCs,1.0,Always Install
5.11.2 TOWNS & VILLAGES,Vernim Wood - RS Children Patch,1.0,Always Install
5.11.2 TOWNS & VILLAGES,Nolvus Awakening Vernim Wood Patch,6.0.19,Always Install
5.11.2 TOWNS & VILLAGES,Nolvus Awakening Vernim Wood Grass Fix,6.0,Always Install
5.11.2 TOWNS & VILLAGES,Schlitzohr Towns - DBVO - Bella,1.0,Always Install
5.11.2 TOWNS & VILLAGES,The Great Settlement of Darkwater Crossing,1.0,Always Install
5.11.2 TOWNS & VILLAGES,The Great Settlement of Darkwater Crossing Patch Collection,1.3,Not Graphics Only
5.11.2 TOWNS & VILLAGES,The Great Settlement of Darkwater Crossing Patch Collection - GO,1.3,Graphics Only
5.11.2 TOWNS & VILLAGES,Nolvus Awakening Darkwater Crossing Patch,6.0,Always Install
5.11.2 TOWNS & VILLAGES,Nolvus Awakening Darkwater Crossing Grass Fix,6.0,Always Install
5.11.2 TOWNS & VILLAGES,Nolvus Awakening GreenThumb Falkreath,6.0.21,Always Install
5.11.2 TOWNS & VILLAGES,Nolvus Awakening Towns Patch,6.0.15,Not Graphics Only
5.11.2 TOWNS & VILLAGES,Nolvus Awakening Towns Patch - GO,6.0.19,Graphics Only
5.11.3 FARMHOUSES,Northern Vanilla Farmhouses,2.0,Always Install
5.11.3 FARMHOUSES,Northern Vanilla Farmhouses - Lods,2.1.1,Always Install
5.11.3 FARMHOUSES,Northern Vanilla Farmhouses - Patch Collection,2.1.2.1,Always Install
5.11.3 FARMHOUSES,Unique Northern Vanilla Farmhouses,3.0,Always Install
5.11.3 FARMHOUSES,Nordic Stonewalls,3.11,Always Install
5.11.3 FARMHOUSES,Classic HD Remastered Farmhouses - Complex Parallax,1.0,Always Install
5.11.3 FARMHOUSES,Stonewall Complex Parallax,1.1,Always Install
5.11.3 FARMHOUSES,SD's Farmhouse Fences [2K],1.0,Not Redux
5.11.3 FARMHOUSES,SD's Farmhouse Fences [1K],1.0,Redux
5.11.3 FARMHOUSES,CC's HQ Carts [2K],1.0,Not Redux
5.11.3 FARMHOUSES,CC's HQ Carts [1K],1.0,Redux
5.11.3 FARMHOUSES,CC's HQ Buckets [2K],1.1,Always Install
5.11.3 FARMHOUSES,HD Wheat,2.0,Always Install
5.11.3 FARMHOUSES,Scarecrows of Skyrim,1.6,Always Install
5.11.3 FARMHOUSES,Scarecrows of Skyrim - Simplicity of Snow Patch,1.0,Always Install
5.11.3 FARMHOUSES,Iconic's Real Hay - Redux,1.0,Always Install
5.11.3 FARMHOUSES,R's Windmill,1.0,Always Install
5.11.3 FARMHOUSES,R's Windmill - DynDOLOD patch,1.1,Always Install
5.11.4 PLAYER HOME,JK's Riverfall Cottage Family Edition,1.1.3,Always Install
5.11.4 PLAYER HOME,Sicarius' Refuge,1.0,Always Install
5.11.4 PLAYER HOME,Ruska,1.0,Always Install
5.11.4 PLAYER HOME,Wind Path,1.3.1,Always Install
5.11.4 PLAYER HOME,Hearthfire Multiple Adoptions and Custom Home Support,3.0.4,Always Install
5.11.4 PLAYER HOME,Hjertesten Hall,17.4,Not Graphics Only
5.11.4 PLAYER HOME,Nolvus Awakening Player Home Patch,6.0.21,Not Graphics Only
5.11.4 PLAYER HOME,Nolvus Awakening Player Home Patch - GO,6.0.21,Graphics Only
5.11.5 OTHER LOCATIONS,Near Vanilla Project - College of Winterhold Floor,1.1,Always Install
5.11.5 OTHER LOCATIONS,This Is Jorrvaskr,3.02,Always Install
5.11.5 OTHER LOCATIONS,This Is Jorrvaskr - Dawn of Skyrim Patch,1.22,Ultimate
5.11.5 OTHER LOCATIONS,This Is Jorrvaskr - KASA,3.0,Always Install
5.11.5 OTHER LOCATIONS,This Is Jorrvaskr - SR Exterior Cities Patch,6.0,SREX
5.11.5 OTHER LOCATIONS,This Is Jorrvaskr - DOS - SR Exterior Cities Patch,6.0,"Ultimate, SREX"
5.11.5 OTHER LOCATIONS,JK's Fort Dawnguard,1.0.3,Always Install
5.11.5 OTHER LOCATIONS,JK's Castle Volkihar,1.1.2,Always Install
5.11.5 OTHER LOCATIONS,Skyrim Remastered - High Hrothgar - Door,1.0,Always Install
5.11.5 OTHER LOCATIONS,Nolvus Awakening Other Locations Patch,6.0.15,Always Install
5.12.1 LANDS,Drinking Fountains of Skyrim,1.5,Always Install
5.12.1 LANDS,Drinking Fountains of Skyrim - HD Version,1.3,Always Install
5.12.1 LANDS,Drinking Fountains of Skyrim - SR Exterior Cities Patch,6.0,SREX
5.12.1 LANDS,Drinking Fountains of Skyrim - Midwood Isle Patch,1.03,Not Graphics Only
5.12.1 LANDS,Drinking Fountains of Skyrim - The Great Town of Karthwasten Patch,1.0,Always Install
5.12.1 LANDS,Hold Border Banners,1.1,Always Install
5.12.1 LANDS,Man Those Borders Reborn,1.0.3,Always Install
5.12.1 LANDS,Road Signs Overhaul,1.0,Always Install
5.12.1 LANDS,My Road Signs are Beautiful,1.6.1,Always Install
5.12.1 LANDS,Nolvus Awakening Road Signs Integration Patch,6.0.21,Not Graphics Only
5.12.1 LANDS,Nolvus Awakening Road Signs Integration Patch - GO,6.0.20,Graphics Only
5.12.1 LANDS,WiZkiD Signs,2.4,Not Graphics Only
5.12.1 LANDS,WiZkiD Signs - GO,2.6,Graphics Only
5.12.1 LANDS,WiZkiD Specific Signs,1.1,Always Install
5.12.1 LANDS,WiZkiD Signs - SR Exterior Cities Patch,6.0,"SREX, Not Graphics Only"
5.12.1 LANDS,WiZkiD Signs - SR Exterior Cities Patch - GO,6.0.19,"SREX, Graphics Only"
5.12.1 LANDS,Temple Frescoes - Complete,1.3,Always Install
5.12.1 LANDS,Temple Frescoes - Complete - SR Exterior Cities Patch,6.0,SREX
5.12.1 LANDS,Sepolcri - A Complete Burial Sites Overhaul,2.0,Always Install
5.12.1 LANDS,Sepolcri - A Complete Burial Sites Overhaul - SREX Patch,6.0,SREX
5.12.1 LANDS,Sepolcri - Cutting Room Floor Patch,2.0,Not Graphics Only
5.12.1 LANDS,Sepolcri - Cutting Room Floor - SREX Patch,6.0,"SREX, Not Graphics Only"
5.12.1 LANDS,Sepolcri - Dawn of Skyrim Patch,2.0,Ultimate
5.12.1 LANDS,Sepolcri - Dawn of Skyrim - SREX Patch,6.0,"Ultimate, SREX"
5.12.1 LANDS,HD Remastered Imperial Forts - Meshes,1.0,Always Install
5.12.1 LANDS,HD Remastered Imperial Forts [2K],1.0,Not Redux
5.12.1 LANDS,HD Remastered Imperial Forts [1K],1.0,Redux
5.12.1 LANDS,Ryn's Lady Stone,1.0,Always Install
5.12.1 LANDS,Ryn's Lady Stone - Moon And Star Patch,1.0,Not Graphics Only
5.12.1 LANDS,Ryn's Lover Stone,1.0,Always Install
5.12.1 LANDS,Ryn's Steed Stone,1.0,Always Install
5.12.1 LANDS,Ryn's Tower Stone,1.1,Always Install
5.12.1 LANDS,Ryn's Lord Stone,1.0,Always Install
5.12.1 LANDS,Ryn's Shadow Stone,1.0,Always Install
5.12.1 LANDS,Ryn's Apprentice Stone,1.0,Always Install
5.12.1 LANDS,Ryn's Serpent Stone,1.0,Always Install
5.12.1 LANDS,Ryn's Atronach Stone,1.0,Always Install
5.12.1 LANDS,Ryn's Ritual Stone,1.0,Always Install
5.12.1 LANDS,Nolvus Awakening Ryn's Stones Patch,6.0.5,Always Install
5.12.1 LANDS,Ryn's Anise's Cabin,1.5,Always Install
5.12.1 LANDS,Ryn's Saarthal,1.1,Always Install
5.12.1 LANDS,Ryn's White River Watch,1.6,Always Install
5.12.1 LANDS,Nolvus Awakening White River Watch Grass Fix,6.0.15,Always Install
5.12.1 LANDS,Ryn's Halted Stream Camp,1.5,Always Install
5.12.1 LANDS,Ryn's Secunda's Kiss,1.0,Always Install
5.12.1 LANDS,Ryn's Bleakwind Basin,1.1,Not Redux
5.12.1 LANDS,Ryn's Bleakwind Basin - USSEP Patch,1.0,Not Redux
5.12.1 LANDS,Ryn's Goldenglow Estate,1.6,Always Install
5.12.1 LANDS,Ryn's Bleak Falls Tower,1.5,Always Install
5.12.1 LANDS,Ryn's Crabber's Shanty and Titanclaw Lair,2.0,Always Install
5.12.1 LANDS,Ryn's Valtheim Towers,1.2,Always Install
5.12.1 LANDS,Ryn's Bleak Falls Barrow,1.0,Always Install
5.12.1 LANDS,Ryn's Loreius Farm,1.1,Always Install
5.12.1 LANDS,Nolvus Awakening Loreius Farm Grass Fix,6.0,Always Install
5.12.1 LANDS,Ryn's Sarethi Farm,1.0,Always Install
5.12.1 LANDS,Ryn's Ustengrav,1.0,Always Install
5.12.1 LANDS,Ryn's Mistwatch Folly,1.0,Always Install
5.12.1 LANDS,Nolvus Awakening Miswatch Grass Fix,6.0,Always Install
5.12.1 LANDS,Ryn's Karthspire,1.6,Always Install
5.12.1 LANDS,Ryn's Western Watchtower,1.3,Not Redux
5.12.1 LANDS,Nolvus Awakening Western Watch Tower Grass Fix,6.0.1,Ultimate
5.12.1 LANDS,Nolvus Awakening Western Watch Tower Grass Fix - Ultra,6.0.5,"Not Ultimate, Not Redux"
5.12.1 LANDS,Nolvus Awakening Western Watch Tower Grass Fix - Redux,6.0.5,Redux
5.12.1 LANDS,Ryn's Snow Shod Farm,1.1,Always Install
5.12.1 LANDS,Ryn's Robber's Gorge,1.1,Always Install
5.12.1 LANDS,Ryn's Robber's Gorge - Lainalten Patch,0.902,Always Install
5.12.1 LANDS,Nolvus Awakening Robber's Gorge Grass Fix,6.0.15,Always Install
5.12.1 LANDS,Nolvus Awakening Ryn's Settlements Patch,6.0.15,Not Redux
5.12.1 LANDS,Nolvus Awakening Ryn's Settlements Patch - Redux,6.0.15,Redux
5.12.1 LANDS,Strongholds - Narzulbur,2.3,Always Install
5.12.1 LANDS,Strongholds - Largashbur,2.1.3,Always Install
5.12.1 LANDS,Strongholds - Mor Khazgur,2.0.3,Always Install
5.12.1 LANDS,Strongholds - Dushnikh Yal,2.5,Always Install
5.12.1 LANDS,Occult Witchmist Grove,1.0,Always Install
5.12.1 LANDS,Occult Witchmist Grove - FPS Boost,1.2,Always Install
5.12.1 LANDS,Occult Cradle Stone Tower,1.0,Always Install
5.12.1 LANDS,Occult Cradle Stone Tower - Fixes and Occlusion,1.0,Always Install
5.12.1 LANDS,Occult Cradle Stone Tower - CC Puzzle Dungeon Patch,1.0,Always Install
5.12.1 LANDS,Occult Cradle Stone Tower - 3DNPC Patch,1.0,Not Graphics Only
5.12.1 LANDS,Occult Orphan Rock,1.3.1,Always Install
5.12.1 LANDS,Occult Orphan Rock - 3DNPC Patch,1.0,Not Graphics Only
5.12.1 LANDS,Occult Orphan Rock - Northern Roads Patch,1.0,Always Install
5.12.1 LANDS,Khajiit Has Tents,1.3,Always Install
5.12.1 LANDS,Khajiit Has Tents - Animated,1.1,Always Install
5.12.1 LANDS,Khajiit Has Tents - Patches,1.2,Ultimate
5.12.1 LANDS,Khajiit Has Tents - Patches - Ultra,1.2,"Not Ultimate, Not Redux"
5.12.1 LANDS,Khajiit Has Tents - More Navcuts,2.0,Always Install
5.12.1 LANDS,Water Towers of Skyrim,1.32,Not Redux
5.12.1 LANDS,Water Towers of Skyrim - Climb,1.0,"Not Redux, Not Graphics Only"
5.12.1 LANDS,Water Towers of Skyrim - Patch Collection,1.8,"Not Redux, Not Graphics Only"
5.12.1 LANDS,Nolvus Awakening Water Towers Unified Patch,6.0.21,"Not Redux, Not Graphics Only"
5.12.1 LANDS,Nolvus Awakening Water Towers Unified Patch - GO,6.0.21,Graphics Only
5.12.1 LANDS,Nolvus Awakening Strongholds Patch,6.0.21,Always Install
5.12.1 LANDS,Nolvus Awakening Strongholds Grass Fix,6.0.21,Not Graphics Only
5.12.1 LANDS,Nolvus Awakening Strongholds Grass Fix - GO,6.0.21,Graphics Only
5.12.1 LANDS,Nolvus Awakening Lands Patch,6.0.15,Not Graphics Only
5.12.1 LANDS,Nolvus Awakening Lands Patch - GO,6.0.19,Graphics Only
5.12.2 RUINS,Rustic Relief,1.0,Always Install
5.12.2 RUINS,Rustic Relief - Parallax,1.5,Always Install
5.13 INTERIORS,Legacy Safehouse Plus,3.2,Not Graphics Only
5.13 INTERIORS,Legacy Safehouse Plus - SR Exterior Cities Patch,6.0,"SREX, Not Graphics Only"
5.13 INTERIORS,Legacy of the Dragonborn - Follower Room Patches,3.0.1,Not Graphics Only
5.13 INTERIORS,Underground - A Dungeon Texture Overhaul,1.2,Always Install
5.13 INTERIORS,Underground - Complex Parallax Addon,1.2,Always Install
5.13 INTERIORS,CC's HQ Barset,1.2,Always Install
5.13 INTERIORS,Skyrim Sewers,4.15,Always Install
5.13 INTERIORS,Skyrim Sewers - SR Exterior Cities Patch,1.0,SREX
5.13 INTERIORS,Skyrim Sewers - Vigilant Patch,1.0,Not Graphics Only
5.13 INTERIORS,Skyrim Sewers - Undeath Patch,4.14,Not Graphics Only
5.13 INTERIORS,Skyrim Sewers - Undeath - SREX Patch,6.0,"SREX, Not Graphics Only"
5.13 INTERIORS,Skyrim Sewers - Weapon Replacement,1.0,Always Install
5.13 INTERIORS,Skyrim Sewers - JS Solitude Sewer Cover Patch,6.0.21,Always Install
5.13 INTERIORS,Skyrim Sewers - JS Solitude Sewer Cover Patch - SREX Patch,6.0.21,SREX
5.13 INTERIORS,Skyrim Sewers - GG's Impoverished Whiterun Patch,6.0,Always Install
5.13 INTERIORS,Skyrim Sewers - GG's Impoverished Whiterun Patch - SREX Patch,6.0,SREX
5.13 INTERIORS,Distinct interior,1.82,Always Install
5.13 INTERIORS,Distinct Interiors - Fixes,1.3.2,Always Install
5.13 INTERIORS,Distinct Interiors Patch Collection,1.0,Not Graphics Only
5.13 INTERIORS,Distinct Interiors Patch Collection - GO,1.1.3,Graphics Only
5.13 INTERIORS,The Distinct Cities of the North Interiors,2.3,Not Redux
5.13 INTERIORS,The Distinct Great Old Hroldan Inn,1.1,Always Install
5.13 INTERIORS,The Distinct Great Kynesgrove Interiors,1.00,Always Install
5.13 INTERIORS,JK's Dragonsreach,1.1.1,Always Install
5.13 INTERIORS,RedBag's Dragonsreach,1.5,Always Install
5.13 INTERIORS,Redbag's Dragonsreach - JK's Patch,1.2,Always Install
5.13 INTERIORS,JK's The Winking Skeever,1.6.0,Always Install
5.13 INTERIORS,JK's The Winking Skeever - SR Exterior Cities Patch,6.0,SREX
5.13 INTERIORS,The Distinct JK's Winking Skeever,1.2,Always Install
5.13 INTERIORS,JK's Angeline's Aromatics,1.0,Always Install
5.13 INTERIORS,JK's Angeline's Aromatics - SR Exterior Cities Patch,6.0,SREX
5.13 INTERIORS,JK's Bits and Pieces,1.0,Always Install
5.13 INTERIORS,The Distinct JK's Bits and Pieces,1.1,Always Install
5.13 INTERIORS,JK's Radiant Raiment,1.0.1,Always Install
5.13 INTERIORS,JK's Radiant Raiment - SR Exterior Cities Patch,6.0,SREX
5.13 INTERIORS,The Distinct JK's Radiant Raiment,1.0,Always Install
5.13 INTERIORS,Ryn's Sleeping Giant Inn,1.0,Always Install
5.13 INTERIORS,Ryn's Hod and Gerdur's House,1.0,Always Install
5.13 INTERIORS,Ryn's Sven's and Hilde's House,1.0,Always Install
5.13 INTERIORS,Ryn's Faendal's House,1.1,Always Install
5.13 INTERIORS,Ryn's Alvor and Sigrid's House,1.0,Always Install
5.13 INTERIORS,Ryn's Riverwood Patch Collection,1.15,Not Graphics Only
5.13 INTERIORS,Ryn's Riverwood Patch Collection - GO,1.17,Graphics Only
5.13 INTERIORS,EEKs Whiterun Interiors,1.4,Always Install
5.13 INTERIORS,EEKs Whiterun Interiors - SR Exterior Cities Patch,6.0,SREX
5.13 INTERIORS,JK's The Bannered Mare,1.1,Always Install
5.13 INTERIORS,JK's The Bannered Mare - SR Exterior Cities Patch,6.0,SREX
5.13 INTERIORS,JK's The Bannered Mare - Dawn of Skyrim - SREX Patch,6.0,"Ultimate, SREX"
5.13 INTERIORS,JK's Arcadia's Cauldron,1.01,Always Install
5.13 INTERIORS,JK's Warmaiden's,1.2,Always Install
5.13 INTERIORS,JK's Belethor's General Goods,1.1,Always Install
5.13 INTERIORS,JK's The Drunken Huntsman,1.0,Always Install
5.13 INTERIORS,JK's The Drunken Huntsman - SR Exterior Cities Patch,6.0,SREX
5.13 INTERIORS,The JK's Interiors of EEK's Whiterun,4.7.1,Not Graphics Only
5.13 INTERIORS,The JK's Interiors of EEK's Whiterun - GO,4.8,Graphics Only
5.13 INTERIORS,JK's White Phial,1.1.1,Always Install
5.13 INTERIORS,JK's Sadris Used Wares,1.0.1,Always Install
5.13 INTERIORS,The Distinct JK's Sadri's Used Wares,1.00,Always Install
5.13 INTERIORS,JK's New Gnisis Cornerclub,1.1,Always Install
5.13 INTERIORS,The Distinct JK's New Gnisis Cornerclub,2.1,Always Install
5.13 INTERIORS,JK's Palace of the Kings,1.2,Always Install
5.13 INTERIORS,JK's Blue Palace,1.4.1,Always Install
5.13 INTERIORS,JK's Blue Palace - SR Exterior Cities Patch,6.0,SREX
5.13 INTERIORS,Blue Palace Frescoes Simplified,1.3,Always Install
5.13 INTERIORS,JK's Elgrims Elixirs,1.0,Always Install
5.13 INTERIORS,JK's Elgrims Elixirs - SR Exterior Cities Patch,6.0,SREX
5.13 INTERIORS,JK's Elgrims Elixirs - Dawn of Skyrim - SREX Patch,6.0,"SREX, Ultimate"
5.13 INTERIORS,JK's The Bee and Barb,1.1.1,Always Install
5.13 INTERIORS,The Distinct JK's Bee and Barb,1.1,Always Install
5.13 INTERIORS,JK's The Bee and Barb - SR Exterior Cities Patch,6.0,SREX
5.13 INTERIORS,JK's The Bee and Barb - Dawn of Skyrim - SREX Patch,6.0,"Ultimate, SREX"
5.13 INTERIORS,JK's The Bee and Barb - 3DNPC - SREX Patch,6.0,"SREX, Not Graphics Only"
5.13 INTERIORS,JK's The Bee and Barb - Make Your Riften - SREX Patch,6.0,"SREX, Not Redux"
5.13 INTERIORS,JK's The Bee and Barb - Consistency of windows in Riften Patch,1.1,Always Install
5.13 INTERIORS,JK's The Pawned Prawn,1.0.1,Always Install
5.13 INTERIORS,The Distinct JK's Pawned Prawn,1.00,Always Install
5.13 INTERIORS,JK's The Pawned Prawn - SR Exterior Cities Patch,6.0.1,SREX
5.13 INTERIORS,JK's The Pawned Prawn - Deadly Shadow of Riften Patch,6.0.7,Always Install
5.13 INTERIORS,JK's The Pawned Prawn - Make Your Riften - SREX Patch,6.0,"SREX, Not Redux"
5.13 INTERIORS,JK's The Pawned Prawn - Riften Docks Overhaul Patch,1.0,"Not Ultimate, Not Redux"
5.13 INTERIORS,JK's The Pawned Prawn - Riften Docks Overhaul - Nolvus Patch,6.0,"Not Ultimate, Not Redux"
5.13 INTERIORS,JK's The Pawned Prawn - Riften Docks Overhaul - SREX Patch,6.0,"Not Ultimate, Not Redux, SREX"
5.13 INTERIORS,JK's The Ragged Flagon,1.0,Always Install
5.13 INTERIORS,The Distinct JK's Ragged Flagon,1.3,Always Install
5.13 INTERIORS,JK's Mistveil Keep,1.0.2,Always Install
5.13 INTERIORS,JK's Mistveil Keep - SR Exterior Cities Patch,6.0,SREX
5.13 INTERIORS,JK's The Temple of Mara,1.1,Always Install
5.13 INTERIORS,The Distinct JK's Temple of Mara,1.0,Always Install
5.13 INTERIORS,JK's Silver-Blood Inn,1.0,Always Install
5.13 INTERIORS,JK's Arnleif and Sons Trading Company,1.0.1,Always Install
5.13 INTERIORS,The Distinct JK's Arnleif and Sons Trading Company,1.0,Always Install
5.13 INTERIORS,JK's The Hag's Cure,1.0,Always Install
5.13 INTERIORS,JK's Riverwood Trader,1.1.1,Always Install
5.13 INTERIORS,Riverwood Trader Is A Mess,1.4,Always Install
5.13 INTERIORS,Riverwood Trader is a Mess - AIO JK's Riverwood Trader Patch,1.0,Not Graphics Only
5.13 INTERIORS,Riverwood Trader is a Mess - AIO JK's Riverwood Trader Patch - GO,1.0,Graphics Only
5.13 INTERIORS,The Distinct JK's Riverwood Trader,1.0,Always Install
5.13 INTERIORS,JK's Understone Keep,1.1.2,Always Install
5.13 INTERIORS,JK's Understone Keep - SR Exterior Cities Patch,6.0,SREX
5.13 INTERIORS,JK's Candlehearth Hall,1.0,Always Install
5.13 INTERIORS,JK's Candlehearth Hall - SR Exterior Cities Patch,6.0,SREX
5.13 INTERIORS,The Distinct JK's Candlehearth Hall,1.31,Always Install
5.13 INTERIORS,JK's Temple of Dibella,1.0,Always Install
5.13 INTERIORS,JK's Temple of Dibella - SR Exterior Cities Patch,6.0,SREX
5.13 INTERIORS,The Distinct JK's Temple of Dibella,1.0,Always Install
5.13 INTERIORS,JK's Temple of Kynareth,1.0,Always Install
5.13 INTERIORS,JK's Temple of Talos,1.1,Always Install
5.13 INTERIORS,JK's Temple of the Divines,1.2,Always Install
5.13 INTERIORS,JK's Temple of the Divines - SR Exterior Cities Patch,6.0,SREX
5.13 INTERIORS,Dunmeri Furniture in Gray Quarter,1.1,Not Graphics Only
5.13 INTERIORS,Dunmeri Furniture in Gray Quarter - GO,2.2,Graphics Only
5.13 INTERIORS,JK's Haelga's Bunkhouse,1.1.1,Always Install
5.13 INTERIORS,JK's Haelga's Bunkhouse - SR Exterior Cities Patch,6.0,SREX
5.13 INTERIORS,JK's Haelga's Bunkhouse - Consistency of windows in Riften Patch,1.1.1,Always Install
5.13 INTERIORS,JK's Haelga's Bunkhouse - Dawn of Skyrim - SREX Patch,6.0,"Ultimate, SREX"
5.13 INTERIORS,The Distinct JK's Haelga's Bunkhouse,1.0,Always Install
5.13 INTERIORS,JK's Jorrvaskr,1.1.4,Always Install
5.13 INTERIORS,JK's High Hrothgar,1.0.2,Always Install
5.13 INTERIORS,JK's Sky Haven Temple,1.0.1,Always Install
5.13 INTERIORS,JK's Septimus Signus's Outpost,1.0.1,Always Install
5.13 INTERIORS,JK's Sinderion's Field Laboratory,1.1.3,Always Install
5.13 INTERIORS,JK's Castle Dour,1.1,Always Install
5.13 INTERIORS,JK's Castle Dour - SR Exterior Cities Patch,6.0,SREX
5.13 INTERIORS,JK's The Bards College,1.0.3,Always Install
5.13 INTERIORS,JK's The Bards College - SR Exterior Cities Patch,6.0,SREX
5.13 INTERIORS,JK's The Bards College - Dawn of Skyrim - SREX Patch,6.0,"Ultimate, SREX"
5.13 INTERIORS,JK's College of Winterhold,1.0.2,Always Install
5.13 INTERIORS,JK's College of Winterhold - Brazier Overhaul,1.1,Always Install
5.13 INTERIORS,Paintings for the College of Winterhold,1.0,Always Install
5.13 INTERIORS,Paintings for the College of Winterhold - JKs College of Winterhold,1.0,Always Install
5.13 INTERIORS,JK's Dark Brotherhood Sanctuaries,1.1.0,Always Install
5.13 INTERIORS,JK's Nightingale Hall,1.0.0,Always Install
5.13 INTERIORS,JK's Interiors Patch Collection,5.18.1,Ultimate
5.13 INTERIORS,JK's Interiors Patch Collection - Ultra,5.18.1,Ultra
5.13 INTERIORS,JK's Interiors Patch Collection - Redux,5.18.1,Redux
5.13 INTERIORS,JK's Interiors Patch Collection - GO,5.18.1,Graphics Only
5.13 INTERIORS,JKs Palace of the Kings - Sons of Skyrim Patch,1.2,Always Install
5.13 INTERIORS,JKs Guild HQ Interiors Patch Collection,1.19.2,Ultimate
5.13 INTERIORS,JKs Guild HQ Interiors Patch Collection - Ultra,1.19.2,Ultra
5.13 INTERIORS,JKs Guild HQ Interiors Patch Collection - Redux,1.19.2,Redux
5.13 INTERIORS,JKs Guild HQ Interiors Patch Collection - GO,1.19.2,Graphics Only
5.13 INTERIORS,This Is Jorrvaskr - KASA - JK's Jorrvaskr Patch,1.1,Always Install
5.13 INTERIORS,GG's Thieves Guild Headquarters,1.3,Always Install
5.13 INTERIORS,GG's Thieves Guild Headquarters Patch Collection,1.6,Not Graphics Only
5.13 INTERIORS,GG's Thieves Guild Headquarters Patch Collection - GO,1.9,Graphics Only
5.13 INTERIORS,Peltapalooza,1.0,Always Install
5.13 INTERIORS,Rugnarok,1.1,Always Install
5.13 INTERIORS,JS Rumpled Rugs,1.41,Always Install
5.13 INTERIORS,Sigils of Skyrim - Banners,1.0,Always Install
5.13 INTERIORS,Thrones of Skyrim,1.0,Always Install
5.13 INTERIORS,Snazzy Furniture and Clutter Overhaul,2.3,Always Install
5.13 INTERIORS,Statue of Kynareth,1.0,Always Install
5.13 INTERIORS,Statue of Kynareth - Xtudo Patch,1.3,Always Install
5.13 INTERIORS,Nolvus Awakening Interior Patch,6.0.21,Not Graphics Only
5.13 INTERIORS,Nolvus Awakening Interior Patch - GO,6.0.21,Graphics Only
5.14.1 ARMORS,Creation Club Armors Integrations,4.0a,Not Graphics Only
5.14.1 ARMORS,Creation Club Armors Integrations - GO,4.0.0a,Graphics Only
5.14.1 ARMORS,RMB SPIDified - Core,4.4.1,Always Install
5.14.1 ARMORS,RMB SPIDified - Sons of Skyrim,5.0.5,Always Install
5.14.1 ARMORS,RMB SPIDified - Sons of Skyrim - Xtudo Fixes,2.0,Always Install
5.14.1 ARMORS,RMB Stormcloak Soldiers,6.0.20,Graphics Only
5.14.1 ARMORS,Armor Filter Framework,1.0,Not Graphics Only
5.14.1 ARMORS,Armor Filter Framework - Patches,1.1,Not Graphics Only
5.14.1 ARMORS,aMidianBorn Book of Silence,1.9.1,Always Install
5.14.1 ARMORS,NordWarUA's Vanilla Armor - Variants,1.93,Not Graphics Only
5.14.1 ARMORS,NordWarUA's Vanilla Armor - Weapon Expansion,2.3,Not Graphics Only
5.14.1 ARMORS,NordWarUA's Vanilla Armor - Race Armor Expansion,1.0,Not Graphics Only
5.14.1 ARMORS,NordWarUA's Vanilla Armor - Race Armor Expansion - CBBE,1.0,Not Graphics Only
5.14.1 ARMORS,Unplayable Faction Armor,1.07,Not Graphics Only
5.14.1 ARMORS,Unplayable Faction Armor - Legacy of the Dragonborn Patch,1.01,Not Graphics Only
5.14.1 ARMORS,Unplayable Faction Armor - Interesting NPCs Patch,4.1,Not Graphics Only
5.14.1 ARMORS,Unplayable Faction Armor - Immersive Sound Patch,1.1,Not Graphics Only
5.14.1 ARMORS,Unplayable Faction Armors - Vigilant Patch,1.3,Not Graphics Only
5.14.1 ARMORS,Frankly HD Dawnguard Armor and Weapons [2K],1.3,Always Install
5.14.1 ARMORS,Frankly HD Dawnguard Armor and Weapons - CBBE,1.2,Always Install
5.14.1 ARMORS,Frankly HD Dragonbone and Dragonscale [2K],1.0,Always Install
5.14.1 ARMORS,Frankly HD Dragonbone and Dragonscale - Mesh patch,1.1,Always Install
5.14.1 ARMORS,Frankly HD Imperial Armor And Weapons [2K],1.0,Always Install
5.14.1 ARMORS,Frankly HD Miraak [2K],1.0,Always Install
5.14.1 ARMORS,Frankly HD Miraak - CBBE,1.11,Always Install
5.14.1 ARMORS,Frankly HD Nightingale Armor and Weapons [2K],1.1,Always Install
5.14.1 ARMORS,Frankly HD Nightingale Armor and Weapons - CBBE,1.1,Always Install
5.14.1 ARMORS,Frankly HD Thieves Guild Armors [2K],1.0,Always Install
5.14.1 ARMORS,Dark Brotherhood Armor,1.0,Always Install
5.14.1 ARMORS,Dark Brotherhood Armor - Color Variant,1.0,Always Install
5.14.1 ARMORS,Dark Brotherhood Armor - Ancient Shrouded Armor Replacer,1.0,Always Install
5.14.1 ARMORS,Dark Brotherhood Armor - CBBE 3BA,1.0,Always Install
5.14.1 ARMORS,Dark Brotherhood Armor - HIMBO,2,Always Install
5.14.1 ARMORS,Steel Plate Armor Retexture,1.3.2,Always Install
5.14.1 ARMORS,Daedric Armor and Weapons Improvment,1.2,Always Install
5.14.1 ARMORS,Fur Armor Set,1.1,Not Graphics Only
5.14.1 ARMORS,Fur Armor Set - Update,1.1.2,Not Graphics Only
5.14.1 ARMORS,New Legion,1.0,Not Graphics Only
5.14.1 ARMORS,New Legion - HD Textures,1.0,Not Graphics Only
5.14.1 ARMORS,New Legion - Helmet Fix,1337.0.1,Not Graphics Only
5.14.1 ARMORS,CC's UHD Stalhrim Weapons and Armor [2K],1.0,Always Install
5.14.1 ARMORS,ElSopa HD Shields Part I [2K],1.0,Always Install
5.14.1 ARMORS,Remiros' Chitin Armor HD [2K],1.0,Always Install
5.14.1 ARMORS,Remiros' Ancient Falmer Armor,1.0,Always Install
5.14.1 ARMORS,Nightingale Armor Replacer - HDT SMP,2.1,Not Graphics Only
5.14.1 ARMORS,Sithis Armour - HDT SMP,1.0.1,Not Graphics Only
5.14.1 ARMORS,ESO Altmer Armor - HDT SMP,43.0,Not Graphics Only
5.14.1 ARMORS,ESO Altmer Armor - HDT SMP - 3BA,1.0.1,Not Graphics Only
5.14.1 ARMORS,Morag Tong Grandmaster Armor,1.3,Not Graphics Only
5.14.1 ARMORS,Pratical Pirate,1.2,Not Graphics Only
5.14.1 ARMORS,Pratical Pirate - CBBE,1.0,Not Graphics Only
5.14.1 ARMORS,Pratical Pirate - HDT SMP,1.0,Not Graphics Only
5.14.1 ARMORS,Armor of Intrigue,1.3.2,Not Graphics Only
5.14.1 ARMORS,Rogue Sorceress Outfit - HDT SMP,1.0,Not Graphics Only
5.14.1 ARMORS,Kozakowy's Falka Armor,1.8.1,Not Graphics Only
5.14.1 ARMORS,Kozakowy's Falka Armor - Metallic,3.0,Not Graphics Only
5.14.1 ARMORS,Kozakowy's Falka Armor - 3BA,1.0.1,Not Graphics Only
5.14.1 ARMORS,DX Necromancer Robes,1.0,Not Graphics Only
5.14.1 ARMORS,DX Necromancer Robes - ESL,1.0,Not Graphics Only
5.14.1 ARMORS,DX Necromancer Robes - 3BA,2.4,Not Graphics Only
5.14.1 ARMORS,DX Druid Armor,1.1,Not Graphics Only
5.14.1 ARMORS,DX Druid Armor - 3BA,1.0,Not Graphics Only
5.14.1 ARMORS,DX Druid Armor - Auri - Nerussa Replacer Patch,1.0,Not Graphics Only
5.14.1 ARMORS,Nibenean Armors and Outfit,3.0,Not Graphics Only
5.14.1 ARMORS,Nibenean Armors and Outfit - 3BA,3.0,Not Graphics Only
5.14.1 ARMORS,The Legends Breton Knight - HDT SMP,1.5,Not Graphics Only
5.14.1 ARMORS,Northern God Armor,1.0,Not Graphics Only
5.14.1 ARMORS,Northern God Armor - Fixes,1.0,Not Graphics Only
5.14.1 ARMORS,Northern God Armor - HDT SMP,1.0,Not Graphics Only
5.14.1 ARMORS,Traveling Mage Armor - Xtudo,1.4,Not Graphics Only
5.14.1 ARMORS,Traveling Mage Armor - Xtudo - HDT SMP,1.3,Not Graphics Only
5.14.1 ARMORS,Traveling Mage Armor - Xtudo - 3BA,1.1,Not Graphics Only
5.14.1 ARMORS,Traveling Mage Armor - HIMBO,1.1,Not Graphics Only
5.14.1 ARMORS,Toxin Doctor Outfit,2.1,Not Graphics Only
5.14.1 ARMORS,Twilight Princess Armor Mashup,5.6,Not Graphics Only
5.14.1 ARMORS,Armors of the Velothi Pt.1,1.2.4,Not Graphics Only
5.14.1 ARMORS,Armors of the Velothi Pt.1 - Immersive Sounds Patch,1.0,Not Graphics Only
5.14.1 ARMORS,Armors of the Velothi Pt.1 - HIMBO,1.4,Not Graphics Only
5.14.1 ARMORS,Armors of the Velothi Pt.2,1.0,Not Graphics Only
5.14.1 ARMORS,Armors of the Velothi Pt.2 - Immersive Sounds Patch,1.0,Not Graphics Only
5.14.1 ARMORS,Armors of the Velothi Pt.2 - Xtudo - Indoril Bonesaint,1.5,Not Graphics Only
5.14.1 ARMORS,Armors of the Velothi Pt.2 - Travelling Merchant Travels,1.0,Not Graphics Only
5.14.1 ARMORS,Armors of the Velothi Pt.2 - 3BA,1.0,Not Graphics Only
5.14.1 ARMORS,Armors of the Velothi Pt.2 - HIMBO,1.0,Not Graphics Only
5.14.1 ARMORS,Triss Armor Retextured,1.2.1,Not Graphics Only
5.14.1 ARMORS,Silver Knight Armor,2.1,Not Graphics Only
5.14.1 ARMORS,Blackened Steel Weapon and Armour,1.007,Not Graphics Only
5.14.1 ARMORS,Sovereign's Slayer Armor - HDT SMP,1.3,Not Graphics Only
5.14.1 ARMORS,Sovereign's Slayer Armor - HDT SMP - CBBE BodySlide,1.2,Not Graphics Only
5.14.1 ARMORS,Sovereign's Slayer Armor - HDT SMP - CBBE Textures,1.1,Not Graphics Only
5.14.1 ARMORS,Stendarr Paladin Armor,1.0,Not Graphics Only
5.14.1 ARMORS,Three-eyed Swallow Armor,1.0,Not Graphics Only
5.14.1 ARMORS,Three-eyed Swallow Armor - HDT SMP,1.0,Not Graphics Only
5.14.1 ARMORS,Dremora Markynaz Armor,1.0,Not Graphics Only
5.14.1 ARMORS,Dremora Markynaz Armor - Xtudo Patch,2.2,Not Graphics Only
5.14.1 ARMORS,Dremora Markynaz Armor - LOTD Patch,2.2,Not Graphics Only
5.14.1 ARMORS,Dremora Markynaz Armor - The Cause patch,2.5,Not Graphics Only
5.14.1 ARMORS,Dremora Markynaz Armor - Crafting Patch,2.4,Not Graphics Only
5.14.1 ARMORS,Dremora Markynaz Armor - HDT SMP,1.0,Not Graphics Only
5.14.1 ARMORS,Dremora Markynaz Armor - HDT SMP - CBBE BodySlide,1.0.1,Not Graphics Only
5.14.1 ARMORS,Silver Armor,1.0,Not Graphics Only
5.14.1 ARMORS,Silver Armor - HDT SMP,1.0,Not Graphics Only
5.14.1 ARMORS,Drifter Armor and Outfit [2K],1.1,Not Graphics Only
5.14.1 ARMORS,Drifter Armor and Outfit - 3BA Bodyslide,1.2,Not Graphics Only
5.14.1 ARMORS,The School of Bear,1.0,Not Graphics Only
5.14.1 ARMORS,Inquisitor Armor,1.1,Not Graphics Only
5.14.1 ARMORS,Inquisitor Armor - 3BA Bodyslide,1.0,Not Graphics Only
5.14.1 ARMORS,Viridian Knight Armor,5.1,Not Graphics Only
5.14.1 ARMORS,Viridian Knight Armor - Color Variations,5.0,Not Graphics Only
5.14.1 ARMORS,Viridian Knight Armor - Color Variations - Dynamic Cubemaps,5.0,Not Graphics Only
5.14.1 ARMORS,Wind Ruler Armor,1.0,Not Graphics Only
5.14.1 ARMORS,Wind Ruler Armor - Fixes,1.0,Not Graphics Only
5.14.1 ARMORS,Wind Ruler Armor - HDT SMP,1.0,Not Graphics Only
5.14.1 ARMORS,Zerofrost Ultimate Armor Collection,1.0,Not Graphics Only
5.14.1 ARMORS,Zerofrost Bloodwitch 3BA With Cloth Physics,1.1,Not Graphics Only
5.14.1 ARMORS,Regal Paladin Armor,1.4.2,Not Graphics Only
5.14.1 ARMORS,Resplendent Armor and Greatsword,1.4,Not Graphics Only
5.14.1 ARMORS,Infantry Armor,1.0,Not Graphics Only
5.14.1 ARMORS,Infantry Armor - HDT SMP,1.0,Not Graphics Only
5.14.1 ARMORS,Raven Armor,1.0,Not Graphics Only
5.14.1 ARMORS,Raven Armor - Xtudo Patch,1.1,Not Graphics Only
5.14.1 ARMORS,Raven Armor - Xtudo [2K],1.1,Not Graphics Only
5.14.1 ARMORS,Raven Armor - 3BA,3,Not Graphics Only
5.14.1 ARMORS,Raven Armor - HIMBO,3,Not Graphics Only
5.14.1 ARMORS,Eclipse Mage Outfit - HDT-SMP,1.0,Not Graphics Only
5.14.1 ARMORS,Eclipse Mage Outfit - Physical Fix Patch,1.0,Not Graphics Only
5.14.1 ARMORS,Eclipse Mage Outfit - 3BA,1.0,Not Graphics Only
5.14.1 ARMORS,Eclipse Mage Outfit - Tweaks,1.1,Not Graphics Only
5.14.1 ARMORS,Eclipse Mage Outfit - Fixes,1.0,Not Graphics Only
5.14.1 ARMORS,Mythic Dawn armor,2.0,Not Graphics Only
5.14.1 ARMORS,Mythic Dawn armor - HDT SMP,2.0,Not Graphics Only
5.14.1 ARMORS,Kvetchi Mercenary Set,1.1,Not Graphics Only
5.14.1 ARMORS,Kvetchi Mercenary Set - Xtudo Fixes,1.7,Not Graphics Only
5.14.1 ARMORS,Kvetchi Mercenary Set - 3BA,0.1a,Not Graphics Only
5.14.1 ARMORS,Kvetchi Mercenary Set - HIMBO,1.0,Not Graphics Only
5.14.1 ARMORS,League of Assassins Armor,1.4,"Not Graphics Only, Not Graphics Only"
5.14.1 ARMORS,League of Assassins Armor - Dark Brotherhood Retexture,1.4,"Not Graphics Only, Not Graphics Only"
5.14.1 ARMORS,League of Assassins Armor - 3BA,1.2,"Not Graphics Only, Not Graphics Only"
5.14.1 ARMORS,Colovian Prince Set,1.1,Not Graphics Only
5.14.1 ARMORS,Colovian Prince Set - 3BA,1.1,Not Graphics Only
5.14.1 ARMORS,Adventurer Armor,1.0,Not Graphics Only
5.14.1 ARMORS,Dragon Infused Daedric Armor,1.1,Not Graphics Only
5.14.1 ARMORS,Nord Raven Battle Armor,1.0,Not Graphics Only
5.14.1 ARMORS,Rogue Nord Armor,1.0.3,Not Graphics Only
5.14.1 ARMORS,Imperial Agent Armor,1.0,Not Graphics Only
5.14.1 ARMORS,Redguard Armor,1.0,Not Graphics Only
5.14.1 ARMORS,Pirate Armor,2.1,Not Graphics Only
5.14.1 ARMORS,Knight Armor,1.6,Not Graphics Only
5.14.1 ARMORS,Knight Armor - Immersive Sounds Patch,1.6,Not Graphics Only
5.14.1 ARMORS,Vampire Hunter Armor,2.2,Not Graphics Only
5.14.1 ARMORS,Unsullied Armor,1.0,Not Graphics Only
5.14.1 ARMORS,Nordic Fur Armor,1.0,Not Graphics Only
5.14.1 ARMORS,Heavy Nordic Armor,1.0,Not Graphics Only
5.14.1 ARMORS,Chainmail Armor,1.0,Not Graphics Only
5.14.1 ARMORS,Scale Nord Armor,1.0,Not Graphics Only
5.14.1 ARMORS,Stark Armors,1.0.1,Not Graphics Only
5.14.1 ARMORS,Hermit Armor,1.1,Not Graphics Only
5.14.1 ARMORS,Hermit Armor - 1st Person Fix,1.0,Not Graphics Only
5.14.1 ARMORS,Shadowscale Set Reborn,1.1.1,Not Graphics Only
5.14.1 ARMORS,Shadowscale Set Reborn - SPID,1.0,Not Graphics Only
5.14.1 ARMORS,Outcast Shen,1.0,Not Graphics Only
5.14.1 ARMORS,Drow Specialist Armor,2.2,Not Graphics Only
5.14.1 ARMORS,Onyx Knight Armor,1.1,Not Graphics Only
5.14.1 ARMORS,Black Dawn Armor,1.00,Not Graphics Only
5.14.1 ARMORS,Aldmeri Thug Armor,1.00,Not Graphics Only
5.14.1 ARMORS,Draugr Bishop Armor,1.00,Not Graphics Only
5.14.1 ARMORS,Warbringer Armor,1.1,Not Graphics Only
5.14.1 ARMORS,Devotees of Akatosh Armor,1.00,Not Graphics Only
5.14.1 ARMORS,King's Pawns Armor,1.00,Not Graphics Only
5.14.1 ARMORS,Arsenal of Twisted Faith,1.2,Not Graphics Only
5.14.1 ARMORS,Armor of Fallen Souls,1.00,Not Graphics Only
5.14.1 ARMORS,Lord of Coldharbour Armor,1.001,Not Graphics Only
5.14.1 ARMORS,Project Veil of Death,1.002,Not Graphics Only
5.14.1 ARMORS,Another Vampire Leather Armor,1.0,Not Graphics Only
5.14.1 ARMORS,Ashlander Apparel,1.0,Not Graphics Only
5.14.1 ARMORS,Ashlander Apparel - ESL,1.0,Not Graphics Only
5.14.1 ARMORS,Ashlander Apparel - Blurry Arms and Legs Fix,1.0,Not Graphics Only
5.14.1 ARMORS,Morrowind Armor - Netch Leather,1.0,Not Graphics Only
5.14.1 ARMORS,Morrowind Armor - Netch Leather - ESL,1.0,Not Graphics Only
5.14.1 ARMORS,Dremora Sets,1.0,Not Graphics Only
5.14.1 ARMORS,Harbinger Armor,1.1,Not Graphics Only
5.14.1 ARMORS,Necromaster Robes,2.1,Not Graphics Only
5.14.1 ARMORS,Necromaster Robes - No disenchant Patch,1.0,Not Graphics Only
5.14.1 ARMORS,Daedric Light Armor,1.1,Not Graphics Only
5.14.1 ARMORS,Archmage Khadgar's Robes,1.4,Not Graphics Only
5.14.1 ARMORS,Archmage Khadgar's Robes - HIMBO,1.1,Not Graphics Only
5.14.1 ARMORS,Velvet Robes and Cloaks,1.0,Not Graphics Only
5.14.1 ARMORS,Tribal Sorceress Outfit,1.1,Not Graphics Only
5.14.1 ARMORS,Imperial Battlemage Robes,1.11,Not Graphics Only
5.14.1 ARMORS,Battle Mage Armor (Eli),1.0.1,Not Graphics Only
5.14.1 ARMORS,Battle Mage Armor (Ark),2.1,Not Graphics Only
5.14.1 ARMORS,The Alchemist's Vestments,1.3,Not Graphics Only
5.14.1 ARMORS,The Alchemist's Vestments - CBBE,1.0,Not Graphics Only
5.14.1 ARMORS,The Alchemist's Vestments - CBBE - ESL,1.0,Not Graphics Only
5.14.1 ARMORS,College Prestige Mage Outfit,1.1,Not Graphics Only
5.14.1 ARMORS,Necrolock,1.0,Not Graphics Only
5.14.1 ARMORS,Necrolock - 3BA,1.0,Not Graphics Only
5.14.1 ARMORS,Nemesis Armor Set,1.5.2,Not Graphics Only
5.14.1 ARMORS,Nemesis Armor Set - HIMBO,1.0,Not Graphics Only
5.14.1 ARMORS,The Sly Mage Garbs,1.1,Not Graphics Only
5.14.1 ARMORS,Maormer Seascale Set,1.0,Not Graphics Only
5.14.1 ARMORS,Ferrum Nibenis,1.5,Not Graphics Only
5.14.1 ARMORS,Ferrum Nibenis - Xtudo Patch,2.1,Not Graphics Only
5.14.1 ARMORS,Ferrum Nibenis - 3BA,1.0,Not Graphics Only
5.14.1 ARMORS,Ferrum Nibenis - HIMBO,1.1,Not Graphics Only
5.14.1 ARMORS,Silt Strider Armor,1.1,Not Graphics Only
5.14.1 ARMORS,Titus Mede I's Armor,1.1.2,Not Graphics Only
5.14.1 ARMORS,Mephala's Prelate Armor,1.0,Not Graphics Only
5.14.1 ARMORS,Dwemer Armor,1.0,Not Graphics Only
5.14.1 ARMORS,Falconer Armor,1.0,Not Graphics Only
5.14.1 ARMORS,Falconer Armor - Xtudo Patch,1.5,Not Graphics Only
5.14.1 ARMORS,Daedric Armor,1.0,Not Graphics Only
5.14.1 ARMORS,Daedric Armor - Stand Alone,2.1,Not Graphics Only
5.14.1 ARMORS,Dust Adept Armor,1.0,Not Graphics Only
5.14.1 ARMORS,Countess Armor,1.2,Not Graphics Only
5.14.1 ARMORS,Countess Armor - HDT-SMP Body Physics,1.1,Not Graphics Only
5.14.1 ARMORS,Gray Warden Armor,1.1,Not Graphics Only
5.14.1 ARMORS,Kellan Armor,1.02,Not Graphics Only
5.14.1 ARMORS,Kellan Armor - CBBE,1.0,Not Graphics Only
5.14.1 ARMORS,Kellan Armor - HDT-SMP,1.0.2,Not Graphics Only
5.14.1 ARMORS,Barkeeper Outfit,1.0,Not Graphics Only
5.14.1 ARMORS,Barkeeper Outfit - Male,1.0,Not Graphics Only
5.14.1 ARMORS,Kozakowy's Accessories,1.3,Not Graphics Only
5.14.1 ARMORS,Kozakowy's Black Corset Dress,1.0,Not Graphics Only
5.14.1 ARMORS,Kozakowy's Steampunk Outfit,1.0,Not Graphics Only
5.14.1 ARMORS,Kozakowy's Mythic Dawn Priestess,1.2.1,Not Graphics Only
5.14.1 ARMORS,Kozakowy's 1660 Gown,1.4.2,Not Graphics Only
5.14.1 ARMORS,Kozakowy's 1760 Black Stays Corset Outfit,1.3b,Not Graphics Only
5.14.1 ARMORS,Kozakowy's 1888 Helena Modrzejewska Gown,1.3.1,Not Graphics Only
5.14.1 ARMORS,Grandmaster Wolven Armor,1.3.1,Not Graphics Only
5.14.1 ARMORS,Ciri's Outfit,1.5,Not Graphics Only
5.14.1 ARMORS,Ciri's Outfit - CBBE,1.5,Not Graphics Only
5.14.1 ARMORS,Sparrowhawk Armor,1.0,Not Graphics Only
5.14.1 ARMORS,Vampire Armour,1.0,Not Graphics Only
5.14.1 ARMORS,The Witcher 3 Nilfgaardian Armour,2.0,Not Graphics Only
5.14.1 ARMORS,Ysmir Armor,1.0,Not Graphics Only
5.14.1 ARMORS,Ysmir Armor - 3BA,1.1,Not Graphics Only
5.14.1 ARMORS,Ysmir Armor - Xtudo - Fixes Companions,1.7,Not Graphics Only
5.14.1 ARMORS,Moon Monk's Robes,1.2,Not Graphics Only
5.14.1 ARMORS,Moon Monk's Robes - 3BA,0.1a,Not Graphics Only
5.14.1 ARMORS,Moon Monk's Robes - HIMBO,1.1,Not Graphics Only
5.14.1 ARMORS,Yaldabaoth Armor,1.1,Not Graphics Only
5.14.1 ARMORS,Yaldabaoth Armor - HDT SMP,1.0,Not Graphics Only
5.14.1 ARMORS,Yaldabaoth Armor - 3BA,0.3,Not Graphics Only
5.14.1 ARMORS,Ahlanna Armor,1.0,Not Graphics Only
5.14.1 ARMORS,Crown Plate Set,1.2,Not Graphics Only
5.14.1 ARMORS,Gryphonknight Regalia,1.2.5,Not Graphics Only
5.14.1 ARMORS,Gorm Armor,1.2,Not Graphics Only
5.14.1 ARMORS,Perseus Armor,1.0,Not Graphics Only
5.14.1 ARMORS,Perseus Armor - 3BA SMP,1.0,Not Graphics Only
5.14.1 ARMORS,Wild Witch Outfit,0.5.1,Not Graphics Only
5.14.1 ARMORS,King Crusader Mega Pack,1.6,Not Graphics Only
5.14.1 ARMORS,Lunar Guard Armor,1.3,Not Graphics Only
5.14.1 ARMORS,Aegis Anuad,1.1,Not Graphics Only
5.14.1 ARMORS,Easthold Totemic Set,1.0,Not Graphics Only
5.14.1 ARMORS,Easthold Totemic - 3BA,0.1,Not Graphics Only
5.14.1 ARMORS,Onyx Lancer Armor,1.3,Not Graphics Only
5.14.1 ARMORS,Fuse Aemond Armor,1.0,Not Graphics Only
5.14.1 ARMORS,Fuse Highlander Armor (Female),1.0,Not Graphics Only
5.14.1 ARMORS,Fuse Highlander Armor (Male),1.0,Not Graphics Only
5.14.1 ARMORS,Fuse Leon Armor,1.0,Not Graphics Only
5.14.1 ARMORS,Fuse Melony Armor,1.0,Not Graphics Only
5.14.1 ARMORS,Fuse Geralt Armor,1.0,Not Graphics Only
5.14.1 ARMORS,Fuse Phantom Armor (Female),1.0,Not Graphics Only
5.14.1 ARMORS,Fuse Phantom Armor (Male),1.0,Not Graphics Only
5.14.1 ARMORS,Fuse Red Warrior Armor (Female),1.0,Not Graphics Only
5.14.1 ARMORS,Fuse Red Warrior Armor (Male),1.0,Not Graphics Only
5.14.1 ARMORS,Fuse Rogue Armor,1.0,Not Graphics Only
5.14.1 ARMORS,Fuse Sona Armor (Female),1.0,Not Graphics Only
5.14.1 ARMORS,Fuse Sona Armor (Male),1.0,Not Graphics Only
5.14.1 ARMORS,Fuse Vendalian Armor (Female),1.0,Not Graphics Only
5.14.1 ARMORS,Fuse Vendalian Armor (Male),1.0,Not Graphics Only
5.14.1 ARMORS,Fuse Vendalian Armor - HIMBO,1.0.1,Not Graphics Only
5.14.1 ARMORS,Aetherium Armor and Weapons,1.1.1,Not Graphics Only
5.14.1 ARMORS,Aetherium Armor and Weapons Compilation - Minor Fixes,1.0,Not Graphics Only
5.14.1 ARMORS,Aetherium Armor and Weapons Compilation - Minor Fixes - LOTD Patch,1.0,Not Graphics Only
5.14.1 ARMORS,Aetherium Armor and Weapons - Cleaned Textures [2K],2.0,Not Graphics Only
5.14.1 ARMORS,Aetherium Armor and Weapons - More Ore,1.0,Not Graphics Only
5.14.1 ARMORS,Aetherium Armor and Weapons - The Tools of Kagrenac Patch,1.0,Not Graphics Only
5.14.1 ARMORS,Aetherium Armor and Weapons - The Tools of Kagrenac Synergy Patch,1.0,Not Graphics Only
5.14.1 ARMORS,Knight Errant Armor Set,1.4,Not Graphics Only
5.14.1 ARMORS,Knight Errant Armor Set [2K],1.4,Not Graphics Only
5.14.1 ARMORS,Knight Errant Armor Set - CBBE,1.1,Not Graphics Only
5.14.1 ARMORS,Knight Errant Armor Set - HIMBO,1.1,Not Graphics Only
5.14.1 ARMORS,Black Mage Armor,1.10,Not Graphics Only
5.14.1 ARMORS,Black Mage Armor - ESL Patch,1.0,Not Graphics Only
5.14.1 ARMORS,Black Mage Armor - Bug Fix and Open Helmet Patch,2.0,Not Graphics Only
5.14.1 ARMORS,Black Mage Armor - Bugfix - Updated for ESL,1.0,Not Graphics Only
5.14.1 ARMORS,Black Mage Armor - 3BA - HIMBO,1.0,Not Graphics Only
5.14.1 ARMORS,Dark Witch Armor,1.4,Not Graphics Only
5.14.1 ARMORS,Dark Witch Armor - 3BA,1.4,Not Graphics Only
5.14.1 ARMORS,Arcane Mage Armor,1.0,Not Graphics Only
5.14.1 ARMORS,Arcane Mage Armor - 3BA,1.0,Not Graphics Only
5.14.1 ARMORS,Arcane Mage Armor - HIMBO,1.0,Not Graphics Only
5.14.1 ARMORS,Master Necromancer Robes,1.0,Not Graphics Only
5.14.1 ARMORS,Master Necromancer Robes - ESL,1.0,Not Graphics Only
5.14.1 ARMORS,Master Necromancer Robes - 3BA,0.1alpha,Not Graphics Only
5.14.1 ARMORS,Master Necromancer Robes - HIMBO,1.0,Not Graphics Only
5.14.1 ARMORS,Soul Hunter Armor Mashup,1.6,Not Graphics Only
5.14.1 ARMORS,The Southbound Scouts - HDT-SMP,1.01,Not Graphics Only
5.14.1 ARMORS,The Southbound Scouts - HD Textures,1.01,Not Graphics Only
5.14.1 ARMORS,The Southbound Scouts - Sir Rumple's version,1.0,Not Graphics Only
5.14.1 ARMORS,Nord Battlemage Armor,1.12.1,Not Graphics Only
5.14.1 ARMORS,Nord Battlemage Armor - ESL,1.0,Not Graphics Only
5.14.1 ARMORS,Black Hellebore,1.0,Not Graphics Only
5.14.1 ARMORS,Duskrogue Armor,1.0,Not Graphics Only
5.14.1 ARMORS,Duskrogue Armor - Xtudo - Fixes - Extra Colors,1.6,Not Graphics Only
5.14.1 ARMORS,Duskrogue Armor - Xtudo [2K],1.6,Not Graphics Only
5.14.1 ARMORS,Maya Instinct Killer,1.0,Not Graphics Only
5.14.1 ARMORS,Maya Instinct Killer - Xtudo [2K],1.2,Not Graphics Only
5.14.1 ARMORS,Spartacus Slave,1.0,Not Graphics Only
5.14.1 ARMORS,Spartacus Slave - Xtudo - Fixes,1,Not Graphics Only
5.14.1 ARMORS,Templar Assassin Armor,1.0,"Not Graphics Only, Not Graphics Only"
5.14.1 ARMORS,Templar Assassin Armor - 3BA,1.0,"Not Graphics Only, Not Graphics Only"
5.14.1 ARMORS,Vampire Robes,1.0,Not Graphics Only
5.14.1 ARMORS,Great Outfits Of Special Edition - Mages of Skyrim,1.2,Not Graphics Only
5.14.1 ARMORS,Great Outfits Of Special Edition - College of Winterhold,1.0,Not Graphics Only
5.14.1 ARMORS,Master Thief Armor,1.3,Not Graphics Only
5.14.1 ARMORS,Master Thief Armor - Textures [2K],1.3,Not Graphics Only
5.14.1 ARMORS,Master Thief Armor - Beast Race Support,1.0,Not Graphics Only
5.14.1 ARMORS,Master Thief Armor - HDT SMP,1.0,Not Graphics Only
5.14.1 ARMORS,Master Thief Armor - HIMBO,1.3,Not Graphics Only
5.14.1 ARMORS,Draugr Warrior Armor,1.0,Not Graphics Only
5.14.1 ARMORS,Draugr Warrior Armor - Xtudo Patches,1,Not Graphics Only
5.14.1 ARMORS,Draugr Warrior Armor - Textures [2K],1,Not Graphics Only
5.14.1 ARMORS,Draugr Warrior Armor - 3BA,1.1,Not Graphics Only
5.14.1 ARMORS,Draugr Warrior Armor - HIMBO,1.1,Not Graphics Only
5.14.1 ARMORS,Cold Foreigner Outfit,1.04,Not Graphics Only
5.14.1 ARMORS,Cold Foreigner Outfit - Xtudo Patches,1.3,Not Graphics Only
5.14.1 ARMORS,Obi's Gladiator Armor,1.0,Not Graphics Only
5.14.1 ARMORS,Obi's Gladiator Armor - 3BA,1.0,Not Graphics Only
5.14.1 ARMORS,Chevalier's Armor Set,1.1,Not Graphics Only
5.14.1 ARMORS,Chevalier's Armor Set - 3BA,1.1,Not Graphics Only
5.14.1 ARMORS,Chevalier's Armor Set - HIMBO,1.1,Not Graphics Only
5.14.1 ARMORS,Armor of Nocturnal,1.1,Not Graphics Only
5.14.1 ARMORS,Armor of Nocturnal - Textures [2K],1.1,Not Graphics Only
5.14.1 ARMORS,Armor of Nocturnal - HIMBO,1.0,Not Graphics Only
5.14.1 ARMORS,Wulfgar's Nordic Berserker Armor,1.0,Not Graphics Only
5.14.1 ARMORS,Fluted Armor,2.0,Not Graphics Only
5.14.1 ARMORS,Fluted Armor - HDT SMP,1.0,Not Graphics Only
5.14.1 ARMORS,Fluted Armor - HDT SMP - 3BA,1.0,Not Graphics Only
5.14.1 ARMORS,Fluted Armor - HDT SMP - HIMBO,1.0,Not Graphics Only
5.14.1 ARMORS,Fluted Armor - Xtudo Patch,3.0,Not Graphics Only
5.14.1 ARMORS,Fluted Armor - Xtudo Patch - HDT,3.0,Not Graphics Only
5.14.1 ARMORS,QND SPID NordWarUA Pack - All in One,1.04,Not Graphics Only
5.14.1 ARMORS,QND SPID Assassin Pack,1.0,"Not Graphics Only, Not Graphics Only"
5.14.1 ARMORS,QND SPID Chakra Pack,1.01,Not Graphics Only
5.14.1 ARMORS,QND SPID Evil Armors Pack,1.01,Not Graphics Only
5.14.1 ARMORS,QND SPID Dunmer Pack,1.0,Not Graphics Only
5.14.1 ARMORS,QND SPID Mihail Pack,1.01,Not Graphics Only
5.14.1 ARMORS,QND SPID Pulcharmsolis Pack Merged,1.01,Not Graphics Only
5.14.1 ARMORS,QND SPID 4th Unknown Pack,1.21,Not Graphics Only
5.14.1 ARMORS,QND SPID Fuse Pack,1.21,Not Graphics Only
5.14.1 ARMORS,QND SPID Kozakowy Pack,1.1,Not Graphics Only
5.14.1 ARMORS,QND SPID Witcher Pack,1.11,Not Graphics Only
5.14.1 ARMORS,Nolvus Awakening Armors Balance Patch,6.0.21,Not Graphics Only
5.14.1 ARMORS,Nolvus Awakening Leveled Armors Patch,6.0.19,Not Graphics Only
5.14.1 ARMORS,Nolvus Awakening Armors Patch,6.0.21,Not Graphics Only
5.14.1 ARMORS,Nolvus Awakening Armors Patch - SREX Patch,6.0,"SREX, Not Graphics Only"
5.14.2 CLOTHES,Rustic Clothing [2K],3.0,Not Redux
5.14.2 CLOTHES,Rustic Clothing [1K],3.0,Redux
5.14.2 CLOTHES,Apachii Divine Elegance Store,2.0,Not Graphics Only
5.14.2 CLOTHES,Apachii Divine Elegance Store - USSEP Patch,1.8,Not Graphics Only
5.14.2 CLOTHES,Apachii Divine Elegance Store - Dawnguard Patch,2.0,Not Graphics Only
5.14.2 CLOTHES,Apachii Divine Elegance Store - Iris Dress Textures Fix,2.0,Not Graphics Only
5.14.2 CLOTHES,Apachii Divine Elegance Store - CBBE Patch,2.0,Not Graphics Only
5.14.2 CLOTHES,Apachii Divine Elegance Store - 3BA Bodyslides,1.97,Not Graphics Only
5.14.2 CLOTHES,Nolvus Awakening Divine Elegance Store Patch,6.0,Not Graphics Only
5.14.2 CLOTHES,Nolvus Awakening Divine Elegance Grass Fix,6.0.7,Not Graphics Only
5.14.2 CLOTHES,DESIRE - No disenchant,1.0,Not Graphics Only
5.14.2 CLOTHES,DESIRE - No more free Stealing,1.0,Not Graphics Only
5.14.2 CLOTHES,DESIRE - No more visible map marker,1.0,Not Graphics Only
5.14.2 CLOTHES,DESIRE - Remove Non Lorefrienldy Outfits,1.0,Not Graphics Only
5.14.2 CLOTHES,Ashara Imperial Outfit,2.1,Not Graphics Only
5.14.2 CLOTHES,Ashara Imperial Outfit - CBBE BodySlide,2.0,Not Graphics Only
5.14.2 CLOTHES,zzjay Skyrim Attire,1.1.2,Not Graphics Only
5.14.2 CLOTHES,zzjay Skyrim Attire - SPID,1.1.1,Not Graphics Only
5.14.2 CLOTHES,zzjay Skyrim Attire - 3BA Bodyslide,6.0,Not Graphics Only
5.14.2 CLOTHES,Witcher 3 Female Clothes Redone,1.0.1,Not Graphics Only
5.14.2 CLOTHES,Breton Apparel - Imperial Renaissance,0.3,Not Graphics Only
5.14.2 CLOTHES,Skaal MofuMofu Coat,1.0,Not Graphics Only
5.14.2 CLOTHES,Colovian Noble Clothes,1.0,Not Graphics Only
5.14.2 CLOTHES,Imperial Fine Clothes,1.0,Not Graphics Only
5.14.2 CLOTHES,Colovian Fur Outfit,1.0,Not Graphics Only
5.14.2 CLOTHES,Colovian Fur Outfit - Texture Patch,1.0,Not Graphics Only
5.14.2 CLOTHES,Nord Tribal Armor - Clothing,1.0.3a,Not Graphics Only
5.14.2 CLOTHES,Rugged Rogue Outfits,1.1,Not Graphics Only
5.14.2 CLOTHES,Toughened Traveler Outfit,1.0,Not Graphics Only
5.14.2 CLOTHES,Wilderness Witch Outfit,1.0,Not Graphics Only
5.14.2 CLOTHES,Wilderness Witch Outfit Recolor,1.0,Not Graphics Only
5.14.2 CLOTHES,Wilderness Witch Outfit Recolors - CBBE Fixed and Craftables,1.1,Not Graphics Only
5.14.2 CLOTHES,Queen Marika's Dress,1.1,Not Graphics Only
5.14.2 CLOTHES,Nord Villager Outfit,1.0.0,Not Graphics Only
5.14.2 CLOTHES,Nirn Necessities,1.03,Not Graphics Only
5.14.2 CLOTHES,Nirn Necessities - Bodyslide Files,1.03,Not Graphics Only
5.14.2 CLOTHES,Nirn Necessities - Xtudo Patch,1.1,Not Graphics Only
5.14.2 CLOTHES,Nirn Necessities - Xtudo Textures [2K],1.1,Not Graphics Only
5.14.2 CLOTHES,Adventurers Tunic,1,Not Graphics Only
5.14.2 CLOTHES,Adventurers Tunic - 3BA,1.0,Not Graphics Only
5.14.2 CLOTHES,QND SPID Clothing Pack 1,1.52,Not Graphics Only
5.14.2 CLOTHES,QND SPID Clothing Pack 2,1.43,Not Graphics Only
5.14.2 CLOTHES,Nolvus Awakening Custom Outfits,6.0.21,Not Graphics Only
5.14.2 CLOTHES,Interesting NPCs 3DNPC- Distinguished Outfits,1.0,Not Graphics Only
5.14.2 CLOTHES,Weapons Armor Clothing and Clutter Fixes [2K],2.9.5,Not Redux
5.14.2 CLOTHES,Weapons Armor Clothing and Clutter Fixes [1K],2.9.5,Redux
5.14.2 CLOTHES,Armor and Clothing Extension,1.6.0,Always Install
5.14.2 CLOTHES,Armor and Clothing Extension - SPID Patch,1.6.1,Always Install
5.14.2 CLOTHES,Weapons Armor Clothing and Clutter Fixes - Necromantic Grimoire Patch,1.0,Always Install
5.14.2 CLOTHES,Weapons Armor Clothing and Clutter Fixes - ISC Patch,3.0,Not Graphics Only
5.14.2 CLOTHES,Weapons Armor Clothing and Clutter Fixes - CRF Patch,1.0,Not Graphics Only
5.14.2 CLOTHES,Weapons Armor Clothing and Clutter Fixes - Konahrik's Accoutrements Patch,1.1,Not Graphics Only
5.14.2 CLOTHES,Weapons Armor Clothing and Clutter Fixes - CBBE Patch,1.2,Always Install
5.14.2 CLOTHES,Weapons Armor Clothing and Clutter Fixes - Interesting NPC's Patch,1.0,Not Graphics Only
5.14.2 CLOTHES,Weapons Armor Clothing and Clutter Fixes - RS Children Patch,1.0,Always Install
5.14.2 CLOTHES,Weapons Armor Clothing and Clutter Fixes - Dark Brotherhood Armor Patch,1.0,Not Graphics Only
5.14.2 CLOTHES,Weapons Armor Clothing and Clutter Fixes - New Legion Patch,1.1,Not Graphics Only
5.14.2 CLOTHES,Bandolier Bags and Pouches Classic,1.2.1,Not Graphics Only
5.14.2 CLOTHES,Bandolier - Tighter Female Fit,1.0,Not Graphics Only
5.14.2 CLOTHES,Bandolier - Tighter Male Fit,1.0,Not Graphics Only
5.14.2 CLOTHES,Winter is coming - Cloak,2.4,Not Graphics Only
5.14.2 CLOTHES,Cloaks of Skyrim,1.2.1,Not Graphics Only
5.14.2 CLOTHES,Cloaks of Skyrim - Weapons Armor Clothing and Clutter Fixes Patch,1.1,Not Graphics Only
5.14.2 CLOTHES,Cloaks of Skyrim - Armor and Clothing Extension Patch,1.0,Not Graphics Only
5.14.2 CLOTHES,Cloaks of Skyrim Retextured [2K],1.0,"Not Redux, Not Graphics Only"
5.14.2 CLOTHES,Cloaks of Skyrim Retextured [1K],1.2,"Redux, Not Graphics Only"
5.14.2 CLOTHES,Cloaks of Skyrim Retextured Mesh Update,1.2,Not Graphics Only
5.14.2 CLOTHES,Cloaks and Capes - Crafting Only,1.4,Not Graphics Only
5.14.2 CLOTHES,Ferrymen - New Clothing,2.0,Not Graphics Only
5.14.2 CLOTHES,Artesian Cloaks of Skyrim,1.3,Not Graphics Only
5.14.2 CLOTHES,Artesian Cloaks of Skyrim - Retextured,1.4,Not Graphics Only
5.14.2 CLOTHES,Artesian Cloaks of Skyrim - XML,1.4,Not Graphics Only
5.14.2 CLOTHES,Artesian Cloaks of Skyrim - Retextured XML,1.0,Not Graphics Only
5.14.2 CLOTHES,Dynamic Lowered Hoods,1.0.0,Not Graphics Only
5.14.2 CLOTHES,Nolvus Awakening Travellers of Skyrim Outfit Patch,6.0.21,Not Graphics Only
5.14.2 CLOTHES,Nolvus Awakening Clothes Balance Patch,6.0.18,Not Graphics Only
5.14.2 CLOTHES,Nolvus Awakening Clothes Patch,6.0.15,Not Graphics Only
5.14.3 WEAPONS,Nolvus Awakening Weapons Keyword,6.0.20,Always Install
5.14.3 WEAPONS,Creation Club Crossbow Integration,3.0,Not Graphics Only
5.14.3 WEAPONS,Creation Club Crossbow Integration - GO,3.0.0,Graphics Only
5.14.3 WEAPONS,LeanWolf's Better-Shaped Weapons,2.1.3,Always Install
5.14.3 WEAPONS,ElSopa - Iron Weapons Redone [2K],1.1,Always Install
5.14.3 WEAPONS,Steelthorn Steel Weapon Replacer,1.1,Always Install
5.14.3 WEAPONS,Steelthorn Steel Weapon Replacer - Scabbard,1.1,Always Install
5.14.3 WEAPONS,Faction Crossbows,1.1,Not Graphics Only
5.14.3 WEAPONS,Nightingale Pride With Gems,1.0,Always Install
5.14.3 WEAPONS,Elven Blades Replacer,1.0,Always Install
5.14.3 WEAPONS,Skyforge Weapons,1.0b,Always Install
5.14.3 WEAPONS,Runed Nordic Weapons,1.0,Always Install
5.14.3 WEAPONS,Rudy HQ - More lights for ENB - Daedric weapons,1.0j,Always Install
5.14.3 WEAPONS,Dragon Priest Staff Replacer,0.9,Always Install
5.14.3 WEAPONS,JS Unique Utopia - Daggers [2K],1.2.1,Always Install
5.14.3 WEAPONS,JS Unique Utopia - Daggers - LOTD Patch,1.0,Not Graphics Only
5.14.3 WEAPONS,JS Unique Utopia - Daggers - WACCF Patch,1.0,Always Install
5.14.3 WEAPONS,ElSopa - Quivers Redone [2K],1.0,Always Install
5.14.3 WEAPONS,Dawnguard Arsenal,1.0,Not Graphics Only
5.14.3 WEAPONS,Dawnguard Arsenal - ACE Patch,2.0,Not Graphics Only
5.14.3 WEAPONS,Dawnguard Arsenal - WACCF Patch,1.0,Not Graphics Only
5.14.3 WEAPONS,Pickaxe Redone,2.0,Always Install
5.14.3 WEAPONS,Iron Swords Pack,1.0,Not Graphics Only
5.14.3 WEAPONS,Sword of the First Ember,1.0.1,Not Graphics Only
5.14.3 WEAPONS,Billyro's Weapons,1.0,Not Graphics Only
5.14.3 WEAPONS,Baltimore Weapons,1.0,Not Graphics Only
5.14.3 WEAPONS,Insanity Sorrow Weapons Pack,1.7,Not Graphics Only
5.14.3 WEAPONS,Flowering Katana,2.0,Not Graphics Only
5.14.3 WEAPONS,Silverthorn Weaponry,1.5,Not Graphics Only
5.14.3 WEAPONS,Witcher 3 Weaponry,1.3,Not Graphics Only
5.14.3 WEAPONS,JaySuS Swords,1.8,Not Graphics Only
5.14.3 WEAPONS,JaySuS Swords - Scabbards,1.1,Not Graphics Only
5.14.3 WEAPONS,Falchion,1.0,Not Graphics Only
5.14.3 WEAPONS,Imperial Falchion and War Cleaver,1.0,Not Graphics Only
5.14.3 WEAPONS,CL's Rapier,1.2,Not Graphics Only
5.14.3 WEAPONS,Rapier and Dirk,1.0,Not Graphics Only
5.14.3 WEAPONS,Velothi Warscythe,1.1,Not Graphics Only
5.14.3 WEAPONS,Velothi Warscythe - Warhammer to Battleaxe,1.11,Not Graphics Only
5.14.3 WEAPONS,Sting Spear,1.0,Not Graphics Only
5.14.3 WEAPONS,Spear of Omicron,1.2,Not Graphics Only
5.14.3 WEAPONS,Spear of Leonidas,1.0,Not Graphics Only
5.14.3 WEAPONS,Spear of Skyrim,1.0,Not Graphics Only
5.14.3 WEAPONS,Echizen Spear Remastered,1.0,Not Graphics Only
5.14.3 WEAPONS,Aegean Sentinel Halberd,1.0,Not Graphics Only
5.14.3 WEAPONS,Yol'Kreh - The Infernal Scythes,1.2,Not Graphics Only
5.14.3 WEAPONS,Cosmo - War Scythe,2.1,Not Graphics Only
5.14.3 WEAPONS,Scythe Of The Crow Mother,1.0,Not Graphics Only
5.14.3 WEAPONS,Battle Scythes,1.0,Not Graphics Only
5.14.3 WEAPONS,Quarterstaff,1.0,Not Graphics Only
5.14.3 WEAPONS,Dragon Quarterstaff,1.0,Not Graphics Only
5.14.3 WEAPONS,Lunar Guard Battleaxe,1.1,Not Graphics Only
5.14.3 WEAPONS,Boethiah's Calling,1.1,Not Graphics Only
5.14.3 WEAPONS,Ebony Damascus Blades,1.0,Not Graphics Only
5.14.3 WEAPONS,CL's Crisseagrim,1.1,Not Graphics Only
5.14.3 WEAPONS,Raven's Beak,1.0,Not Graphics Only
5.14.3 WEAPONS,Bluthund - A Longsword,1.1,Not Graphics Only
5.14.3 WEAPONS,Eikbiter - A Long Axe,1.0,Not Graphics Only
5.14.3 WEAPONS,Dwueth'Var - The Star Razor,2.4,Not Graphics Only
5.14.3 WEAPONS,Occiglacies,1.3,Not Graphics Only
5.14.3 WEAPONS,Occiglacies (Crafting Fix),6.0,Not Graphics Only
5.14.3 WEAPONS,Ilieh Cry of the Damned,1.8,Not Graphics Only
5.14.3 WEAPONS,Magicians Judge,1.0,Not Graphics Only
5.14.3 WEAPONS,Forked Steel Dagger,1.0,Not Graphics Only
5.14.3 WEAPONS,Dragon's fang sword,1.1,Not Graphics Only
5.14.3 WEAPONS,Shimmer Dagger,1.0,Not Graphics Only
5.14.3 WEAPONS,Wolf Warrior's Sword,1.0,Not Graphics Only
5.14.3 WEAPONS,Wolf Warrior's Seax,1.1,Not Graphics Only
5.14.3 WEAPONS,Wolf Warrior's Axe,1.0,Not Graphics Only
5.14.3 WEAPONS,Debaser,1.0,Not Graphics Only
5.14.3 WEAPONS,Debaser - Xtudo Patch,1.0,Not Graphics Only
5.14.3 WEAPONS,Debaser - LOTD Patch,1.0,Not Graphics Only
5.14.3 WEAPONS,Elexorien,1.0,Not Graphics Only
5.14.3 WEAPONS,Fettered Fragments,1.1,Not Graphics Only
5.14.3 WEAPONS,Fettered Fragments - Craft at Forge,1.1,Not Graphics Only
5.14.3 WEAPONS,Elysian Sword of Light,1.2,Not Graphics Only
5.14.3 WEAPONS,Clanbringer,1.0,Not Graphics Only
5.14.3 WEAPONS,Hravna - Dagger of the North,1.0.1,Not Graphics Only
5.14.3 WEAPONS,Cavalry Broadsword,1.0,Not Graphics Only
5.14.3 WEAPONS,Dragonbone Knife Knuckles and Cutlass,1.0,Not Graphics Only
5.14.3 WEAPONS,Horse Slaying Saber,1.0,Not Graphics Only
5.14.3 WEAPONS,Horse Slaying Saber - Xtudo Patch,1.0,Not Graphics Only
5.14.3 WEAPONS,Leviathan Axe,1.0,Not Graphics Only
5.14.3 WEAPONS,Nameless Saber,1.0,Not Graphics Only
5.14.3 WEAPONS,Nameless Saber - Xtudo Patch,1.1,Not Graphics Only
5.14.3 WEAPONS,Nameless Saber - LOTD Patch,1.0,Not Graphics Only
5.14.3 WEAPONS,Black Silence - Durandal,1.0,Not Graphics Only
5.14.3 WEAPONS,Lordsworn's Greatsword,1.2,Not Graphics Only
5.14.3 WEAPONS,Dark Nova,1.0,Not Graphics Only
5.14.3 WEAPONS,Dark Nova - Craftable Patch,1.1,Not Graphics Only
5.14.3 WEAPONS,Norse Battle Axe,1.1,Not Graphics Only
5.14.3 WEAPONS,Stonefire Weaponry,1.0,Not Graphics Only
5.14.3 WEAPONS,Stonefire Weaponry - Xtudo Textures,1.0,Not Graphics Only
5.14.3 WEAPONS,Luciendar,1.01,Not Graphics Only
5.14.3 WEAPONS,Ashtoret Sword,1.0,Not Graphics Only
5.14.3 WEAPONS,Anathros,1.03,Not Graphics Only
5.14.3 WEAPONS,The Sword of the True Son of Skyrim,1.0,Not Graphics Only
5.14.3 WEAPONS,Amsvartner Warhammer,1.0,Not Graphics Only
5.14.3 WEAPONS,Dragaard's Medieval Weaponry - Claymore,1.0,Not Graphics Only
5.14.3 WEAPONS,Battleworn Mace,1.0,Not Graphics Only
5.14.3 WEAPONS,Spikey,1.0,Not Graphics Only
5.14.3 WEAPONS,Artifacts - The Ice Blade of the Monarch [2K],2.6,Not Graphics Only
5.14.3 WEAPONS,Kthonia's Unique Weapon Pack - Dragonborn Weapons,1.2,Not Graphics Only
5.14.3 WEAPONS,Royal Armory - New Artifacts,2.2,Not Graphics Only
5.14.3 WEAPONS,Royal Armory - New Artifacts - Reforged,1.2,Not Graphics Only
5.14.3 WEAPONS,Royal Armory - New Artifacts - Penitus Logo,1.2,Not Graphics Only
5.14.3 WEAPONS,Royal Armory - New Artifacts - Hafyllbrand,1.2,Not Graphics Only
5.14.3 WEAPONS,Royal Armory - New Artifacts - Shard,1.2,Not Graphics Only
5.14.3 WEAPONS,Royal Armory - New Artifacts - Sword of Dragonsreach,1.2,Not Graphics Only
5.14.3 WEAPONS,Royal Armory - New Artifacts - Tweaks and Fixes,1.41,Not Graphics Only
5.14.3 WEAPONS,Royal Armory - New Artifacts - No Visible Quest and Experience Patch,1.1,Not Graphics Only
5.14.3 WEAPONS,Zim's Immersive Artifacts,1.7.4,Not Graphics Only
5.14.3 WEAPONS,Zim's Immersive Artifacts - WACCF Patch,1.2,Not Graphics Only
5.14.3 WEAPONS,Shields of Glory,1.1,Not Graphics Only
5.14.3 WEAPONS,Shields of Glory - Temper Patch,1.0,Not Graphics Only
5.14.3 WEAPONS,Legendary Alpha Shields,1.0,Not Graphics Only
5.14.3 WEAPONS,Legendary Alpha Shields 2,1.0,Not Graphics Only
5.14.3 WEAPONS,Silver Knight Shield,2.0,Not Graphics Only
5.14.3 WEAPONS,Nicos Raven Shield,1.0,Not Graphics Only
5.14.3 WEAPONS,Nicos Dragon Shield,1.1,Not Graphics Only
5.14.3 WEAPONS,Relentless,1.0,Not Graphics Only
5.14.3 WEAPONS,Elven Warswords,1.0,Not Graphics Only
5.14.3 WEAPONS,Nicos Elven Leafblade,1.0,Not Graphics Only
5.14.3 WEAPONS,Macari - An Elven Falchion,2.0,Not Graphics Only
5.14.3 WEAPONS,Ancient Elven Dagger,1.3,Not Graphics Only
5.14.3 WEAPONS,Elven Silver Daggers,1.1,Not Graphics Only
5.14.3 WEAPONS,Aetherial Centurion Dwemer Weapons,0.8,Not Graphics Only
5.14.3 WEAPONS,Sir Radzig Sword,1.0,Not Graphics Only
5.14.3 WEAPONS,Magical Sword,1.0,Not Graphics Only
5.14.3 WEAPONS,Dragon Slayer Sword,1.0,Not Graphics Only
5.14.3 WEAPONS,Gold Great Katana,1.4,Not Graphics Only
5.14.3 WEAPONS,Armageddon Great Sword,1.0,Not Graphics Only
5.14.3 WEAPONS,Bastard,1.0,Not Graphics Only
5.14.3 WEAPONS,Lenwood,0.1,Not Graphics Only
5.14.3 WEAPONS,Twinkle and Icing Death,1.0,Not Graphics Only
5.14.3 WEAPONS,Mystical Ember Blade,1.0,Not Graphics Only
5.14.3 WEAPONS,Honor and Courage,1.0,Not Graphics Only
5.14.3 WEAPONS,Sword Widows Wail,1.0,Not Graphics Only
5.14.3 WEAPONS,Lion Halberd,1.0,Not Graphics Only
5.14.3 WEAPONS,Ebonblade War Axe,1.0,Not Graphics Only
5.14.3 WEAPONS,Winged Axe,1.1,Not Graphics Only
5.14.3 WEAPONS,Champion's Hammer,1.2,Not Graphics Only
5.14.3 WEAPONS,Ayleid Crystal Saber,1.0,Not Graphics Only
5.14.3 WEAPONS,Soulpiercer and Doomfang,1.0,Not Graphics Only
5.14.3 WEAPONS,Nordic Battle Axes,0.1,Not Graphics Only
5.14.3 WEAPONS,Viking Battle Axe,0.1,Not Graphics Only
5.14.3 WEAPONS,Shadowveil - Nocturnal Dagger,1.1,Not Graphics Only
5.14.3 WEAPONS,Banneredge,v1.0,Not Graphics Only
5.14.3 WEAPONS,LvxMagicks - Falx Blade - Sword,1.6,Not Graphics Only
5.14.3 WEAPONS,Sword of Grigor Clegane,1.0,Not Graphics Only
5.14.3 WEAPONS,Gold Dragon,1.0,Not Graphics Only
5.14.3 WEAPONS,Animated Armoury,2.3,Not Graphics Only
5.14.3 WEAPONS,Animated Armoury - No Whips Edition,1.0,Not Graphics Only
5.14.3 WEAPONS,Twinblades of Skyrim,3.0,Not Graphics Only
5.14.3 WEAPONS,Protectant - High-Medieval War Sword,v1.0.0,Not Graphics Only
5.14.3 WEAPONS,Weapons - Boobies Patch,6.0,Not Graphics Only
5.14.3 WEAPONS,Nolvus Awakening Weapons Balance Patch,6.0.21,Not Graphics Only
5.14.3 WEAPONS,Nolvus Awakening Leveled Weapons Patch,6.0.20,Not Graphics Only
5.14.3 WEAPONS,Nolvus Awakening Weapons Patch,6.0.21,Not Graphics Only
5.15 ANIMALS & CREATURES,Bellyaches Animal and Creature Pack,1.2,Always Install
5.15 ANIMALS & CREATURES,Bellyaches HD Dragon Replacer,1.4,Always Install
5.15 ANIMALS & CREATURES,Diverse Dragons Collection,2.1.3,Not Graphics Only
5.15 ANIMALS & CREATURES,Diverse Dragons Collection - Settings Loader,1.0.0,Not Graphics Only
5.15 ANIMALS & CREATURES,Diverse Dragons Collection - Nolvus Settings,6.0.21,Not Graphics Only
5.15 ANIMALS & CREATURES,Ultimate Dragons,2.55,"Not Milk Drinker, Not Graphics Only"
5.15 ANIMALS & CREATURES,Ultimate Dragons - Stomp Crash Fix Patch,2.52,"Not Milk Drinker, Not Graphics Only"
5.15 ANIMALS & CREATURES,Ultimate Dragons - Settings Loader,1.0,"Not Milk Drinker, Not Graphics Only"
5.15 ANIMALS & CREATURES,Dragons Fall Down - Immersive Airborne Death,1.0.1,Not Graphics Only
5.15 ANIMALS & CREATURES,GoT Dragons - Textures,1.4,Not Graphics Only
5.15 ANIMALS & CREATURES,GoT Dragons - Ally,1.2,Not Graphics Only
5.15 ANIMALS & CREATURES,GoT Dragons - Enemy,1.4,Not Graphics Only
5.15 ANIMALS & CREATURES,GoT Dragons - Diverse Dragons,1.3,Not Graphics Only
5.15 ANIMALS & CREATURES,GoT Dragons - Wyrmstooth Patch,1.0,Not Graphics Only
5.15 ANIMALS & CREATURES,GoT Dragons - The Dragonborn's Bestiary Patch,1.0,Not Graphics Only
5.15 ANIMALS & CREATURES,Ash Guardian Retexture,1.0,Always Install
5.15 ANIMALS & CREATURES,Ash Spawn Retexture,1.0,Always Install
5.15 ANIMALS & CREATURES,Mammoth [2K],1.1,Always Install
5.15 ANIMALS & CREATURES,Dragon Priest [2K],1.2,Always Install
5.15 ANIMALS & CREATURES,Draugr [2K],1.1,Always Install
5.15 ANIMALS & CREATURES,Falmer [2K],1.1,Always Install
5.15 ANIMALS & CREATURES,Giant [2K],1.0,Always Install
5.15 ANIMALS & CREATURES,Hagraven [2K],1.0,Always Install
5.15 ANIMALS & CREATURES,Troll [2K],1.0,Always Install
5.15 ANIMALS & CREATURES,Wispmother,1.0,Always Install
5.15 ANIMALS & CREATURES,Rustic Daedra [2K],2.0,Always Install
5.15 ANIMALS & CREATURES,Rustic Death Hound and Gargoyles [2K],1.1,Always Install
5.15 ANIMALS & CREATURES,Rustic Spriggan [2K],1.0,Always Install
5.15 ANIMALS & CREATURES,Spriggans,2.0,Always Install
5.15 ANIMALS & CREATURES,Skeleton and Human Bones [2K],1.2,Always Install
5.15 ANIMALS & CREATURES,ElSopa HD Strider And Netches [2K],1.0,Always Install
5.15 ANIMALS & CREATURES,Ice Wraiths,1.0,Always Install
5.15 ANIMALS & CREATURES,Bears of the North,1.1,Always Install
5.15 ANIMALS & CREATURES,Bears of the North - Bruma Patch,1.1.2,Not Graphics Only
5.15 ANIMALS & CREATURES,Bears of the North - The Dragonborn's Bestiary Patch,1.5.2,Always Install
5.15 ANIMALS & CREATURES,Realistic Skin and Hair Shaders - Giants,1.1,Always Install
5.15 ANIMALS & CREATURES,Realistic Skin Shaders- Falmer and Hagraven,1.05,Always Install
5.15 ANIMALS & CREATURES,Flying Crows,1.2,Not Graphics Only
5.15 ANIMALS & CREATURES,Flying Crows - Quieter Flying Crows,1.0,Not Graphics Only
5.15 ANIMALS & CREATURES,Seagulls of Skyrim,1.4,Not Graphics Only
5.15 ANIMALS & CREATURES,Seagulls of Skyrim - Midwood Isle Patch,1.0,Not Graphics Only
5.15 ANIMALS & CREATURES,Fluffworks,1.1f,Always Install
5.15 ANIMALS & CREATURES,Fluffworks - CC Pets of Skyrim Patch,1.0,Always Install
5.15 ANIMALS & CREATURES,Fluffworks - CC Wild Horse Patch,1.0,Always Install
5.15 ANIMALS & CREATURES,Fluffworks - LotD Patch,1.0,Always Install
5.15 ANIMALS & CREATURES,Fluffworks - Bellyaches Patch,1.0,Always Install
5.15 ANIMALS & CREATURES,Fluffworks - Bellyaches Horses,1.0,Always Install
5.15 ANIMALS & CREATURES,Fluffworks - Better Photoreal Foxes,1.0,Always Install
5.15 ANIMALS & CREATURES,Fluffworks - Foxes Alternate Photoreal Textures,1.0,Always Install
5.15 ANIMALS & CREATURES,Fluffworks - Better Photoreal Foxes Eye Fix,1.0,Always Install
5.15 ANIMALS & CREATURES,Pelage - CC Saturalia Addon,1.0,Always Install
5.15 ANIMALS & CREATURES,Double Mane Remover,1.0,Always Install
5.15 ANIMALS & CREATURES,High poly Mudcrab,1.0,Always Install
5.15 ANIMALS & CREATURES,Rabbits of Skyrim,2.0,Always Install
5.15 ANIMALS & CREATURES,A Cat's Life,2.0,Not Graphics Only
5.15 ANIMALS & CREATURES,A Cat's Life - SR Exterior Cities Patch,6.0,"SREX, Not Graphics Only"
5.15 ANIMALS & CREATURES,A Cat's Life - Fluffworks Patch,1.1,Not Graphics Only
5.15 ANIMALS & CREATURES,A Cat's Life - The Dragonborn's Bestiary Patch,1.0,Not Graphics Only
5.15 ANIMALS & CREATURES,DEAD - Draugr Enemy Asset Diversity,1.0.4,Not Graphics Only
5.15 ANIMALS & CREATURES,Nolvus Awakening Zombies Integration,6.0,Not Graphics Only
5.15 ANIMALS & CREATURES,Unique Barbas,1.0,Not Graphics Only
5.15 ANIMALS & CREATURES,Unique Barbas - Fluffworks - ENB Light Addon,1.0,Not Graphics Only
5.15 ANIMALS & CREATURES,Spiders of Solstheim - Transparency Fix,0.1,Always Install
5.15 ANIMALS & CREATURES,Spider Colossi,1.1,Not Graphics Only
5.15 ANIMALS & CREATURES,Spider Colossi -The Dragonborn's Bestiary Patch,1.0,Not Graphics Only
5.15 ANIMALS & CREATURES,Golem Colossi,1.0,Not Graphics Only
5.15 ANIMALS & CREATURES,Golem Colossi -The Dragonborn's Bestiary Patch,1.0,Not Graphics Only
5.15 ANIMALS & CREATURES,Mihail - Sea Giants and Ice Titans,1.0,Not Graphics Only
5.15 ANIMALS & CREATURES,Mihail - Sea Giants and Ice Titans - Wyrmstooth Patch,1.0,Not Graphics Only
5.15 ANIMALS & CREATURES,Mihail - Ancient Nordic Sentinel,3.2,Not Graphics Only
5.15 ANIMALS & CREATURES,Mihail - Dwarven Colossus,1.3,Not Graphics Only
5.15 ANIMALS & CREATURES,Mihail - Ash Guardian Expansion,1.0,Not Graphics Only
5.15 ANIMALS & CREATURES,Mihail - Crystal Golem,2.1,Not Graphics Only
5.15 ANIMALS & CREATURES,Mihail - Storm Golem,2.1,Not Graphics Only
5.15 ANIMALS & CREATURES,Mihail - Storm Golem Crash Fix,1.0,Not Graphics Only
5.15 ANIMALS & CREATURES,Mihail - Minotaurs,3.0,Not Graphics Only
5.15 ANIMALS & CREATURES,Mihail - Wraiths and Spectres,1.0,Not Graphics Only
5.15 ANIMALS & CREATURES,Mihail - Foglings,2.0,Not Graphics Only
5.15 ANIMALS & CREATURES,Mihail - Draugr Patrols and Cavalry,1.0,Not Graphics Only
5.15 ANIMALS & CREATURES,Mihail - Water Hags,2.0,Not Graphics Only
5.15 ANIMALS & CREATURES,Mihail - Ogrim,3.1,Not Graphics Only
5.15 ANIMALS & CREATURES,Mihail - Draugr Horse Mount,1.1,Not Graphics Only
5.15 ANIMALS & CREATURES,Mihail - Aegis of the sigil,1.0,Not Graphics Only
5.15 ANIMALS & CREATURES,Mihail - Havocrels and Ruinachs,1.0,Not Graphics Only
5.15 ANIMALS & CREATURES,Mihail - Fiendroth Beetle,1.0,Not Graphics Only
5.15 ANIMALS & CREATURES,Mihail - Bone Colossi and Gravelords,1.0,Not Graphics Only
5.15 ANIMALS & CREATURES,Mihail - Banekins,1.0,Not Graphics Only
5.15 ANIMALS & CREATURES,Mihail - Giantesses,1.1,Not Graphics Only
5.15 ANIMALS & CREATURES,Mihail - Grummites,1.2,Not Graphics Only
5.15 ANIMALS & CREATURES,Mihail - Scamps,1.0,Not Graphics Only
5.15 ANIMALS & CREATURES,Mihail - Ogres and Ettins,1.1,Not Graphics Only
5.15 ANIMALS & CREATURES,Mihail - Ogres and Ettins - Optimized Textures,1.0,Not Graphics Only
5.15 ANIMALS & CREATURES,Mihail - Doomsday of Blades,1.0,Not Graphics Only
5.15 ANIMALS & CREATURES,Mihail - Vampire Beasts,1.3,Not Graphics Only
5.15 ANIMALS & CREATURES,Mihail - Possessed Daedric Armours,1.0,Not Graphics Only
5.15 ANIMALS & CREATURES,Mihail - Goblins and Riekrs,1.0,Not Graphics Only
5.15 ANIMALS & CREATURES,Mihail - Goblins and Riekrs - Strongholds - Mor KhazgurPatch,1.0,Not Graphics Only
5.15 ANIMALS & CREATURES,Mihail - Talkative Hagravens,1.1,Not Graphics Only
5.15 ANIMALS & CREATURES,Mihail - Talkative Flame Atronachs,1.0,Not Graphics Only
5.15 ANIMALS & CREATURES,Mihail - Talkative Spriggans,1.0,Not Graphics Only
5.15 ANIMALS & CREATURES,Ogres,1.0,Not Graphics Only
5.15 ANIMALS & CREATURES,Ogres - Fixes,3.0,Not Graphics Only
5.15 ANIMALS & CREATURES,Ogres - The Dragonborn's Bestiary Patch,1.5.2,Not Graphics Only
5.15 ANIMALS & CREATURES,Flesh Colossus,1.0,Not Graphics Only
5.15 ANIMALS & CREATURES,Flesh Colossus - Xtudo patches,1.1,Not Graphics Only
5.15 ANIMALS & CREATURES,Flesh Colossus - The Dragonborn's Bestiary Patch,1.5.2,Not Graphics Only
5.15 ANIMALS & CREATURES,Attacko's Daedra 2,2.1,"Boss Encounter Addon, Not Graphics Only"
5.15 ANIMALS & CREATURES,JS Emissive Eyes,1.0,Not Graphics Only
5.15 ANIMALS & CREATURES,Magic of Vile Darkness,0.6.4,Not Graphics Only
5.15 ANIMALS & CREATURES,Worn Undead,1.2.2,Not Graphics Only
5.15 ANIMALS & CREATURES,Playable Draugr,1.01,Not Graphics Only
5.15 ANIMALS & CREATURES,Draugr MCO,1.1,Not Graphics Only
5.15 ANIMALS & CREATURES,Draugr MCO - JS Emissive Eyes Patch,1.0,Not Graphics Only
5.15 ANIMALS & CREATURES,Dismember Those Mudcrabs,1.0,Not Graphics Only
5.15 ANIMALS & CREATURES,Dismember Those Chaurus,1.0,Not Graphics Only
5.15 ANIMALS & CREATURES,Bogmort - Mud Monsters of Morthal Swamp,2.0,Not Graphics Only
5.15 ANIMALS & CREATURES,Bogmort - The Dragonborn's Bestiary Patch,1.0,Not Graphics Only
5.15 ANIMALS & CREATURES,Dwemer Spectres,4.1.2a,Not Graphics Only
5.15 ANIMALS & CREATURES,Dwemer Spectres - CC Armor Integration,1.0,Not Graphics Only
5.15 ANIMALS & CREATURES,Imps,1.0,Not Graphics Only
5.15 ANIMALS & CREATURES,The Dragonborn's Bestiary - Small Creature Addon,3.53,Always Install
5.15 ANIMALS & CREATURES,The Dragonborn's Bestiary - 4thUnknown Patch,1.0,Not Graphics Only
5.15 ANIMALS & CREATURES,The Dragonborn's Bestiary - Mihail Addons,1.0,Not Graphics Only
5.15 ANIMALS & CREATURES,Nolvus Awakening Creatures Patch,6.0.21,"Not Milk Drinker, Not Graphics Only"
5.15 ANIMALS & CREATURES,Nolvus Awakening Creatures Patch - Milk Drinker,6.0.21,"Milk Drinker, Not Graphics Only"
5.16.1 JEWELRY,Gemling Queen Jewelry,4.1,Always Install
5.16.1 JEWELRY,Gemling Queen Jewelry - USSEP Circlet Fix,1.0,Always Install
5.16.1 JEWELRY,Left Hand Rings Modified,4.5,Always Install
5.16.1 JEWELRY,Amulets of Skyrim,4.061,Always Install
5.16.1 JEWELRY,Amulets of Skyrim - Outfit Files,4.061,Not Graphics Only
5.16.1 JEWELRY,Amulets of Skyrim - Outfit Files - GO,4.061,Graphics Only
5.16.1 JEWELRY,Amulets of Skyrim - SR Exterior Cities Patch,6.0,SREX
5.16.1 JEWELRY,Amulets of Skyrim - Tweaks and Fixes,1.8,Not Graphics Only
5.16.1 JEWELRY,Barenziah's Glory,2.1,Always Install
5.16.1 JEWELRY,Barenziah's Glowing,3.1,Always Install
5.16.1 JEWELRY,Ave's Ring of Bloodlust,1.0,Always Install
5.16.1 JEWELRY,Ave's Ring of Instinct,1.0,Always Install
5.16.1 JEWELRY,Ave's Ring of the Hunt,1.0,Always Install
5.16.1 JEWELRY,Ave's Ring of the Moon,1.0.1,Always Install
5.16.1 JEWELRY,Ave's Frostmoon Rings,1.0,Always Install
5.16.1 JEWELRY,Ave's Moon-and-Star,1.0,Always Install
5.16.1 JEWELRY,Ave's Interesting NPCs Jewelry Replacer,1.0.1,Not Graphics Only
5.16.1 JEWELRY,Ave's 3DNPC Jewelry Replacer - LOTD Patch,1.0.1,Not Graphics Only
5.16.1 JEWELRY,Iconic's Remastered Paragon Gems [2K],1.4,Always Install
5.16.1 JEWELRY,Iconic's Remastered Paragon Gems - Particle Light Patch,1.2,Always Install
5.16.1 JEWELRY,ElSopa Glorious HD Amulets Quality,1.0,Always Install
5.16.1 JEWELRY,Elder Council Amulet Replacer [2K],1.2,Always Install
5.16.1 JEWELRY,JS Unique Utopia Standalone - Rings,1.1,Always Install
5.16.1 JEWELRY,Nolvus Awakening Jewelry Patch,6.0.7,Not Graphics Only
5.16.1 JEWELRY,Nolvus Awakening Jewelry Patch - GO,6.0.19,Graphics Only
5.16.2 CLUTTERS,Forgotten Retex Project,8.3,Always Install
5.16.2 CLUTTERS,Rustic Clutter Collection,1.0,Always Install
5.16.2 CLUTTERS,Rudy HQ - Miscellaneous,1.02,Always Install
5.16.2 CLUTTERS,Skyrim Food Expansion,2.1,Always Install
5.16.2 CLUTTERS,Skyrim Food Expansion - Patches Collection,2.1,Not Graphics Only
5.16.2 CLUTTERS,Skyrim Food Expansion - Patches Collection - GO,3.0.0,Graphics Only
5.16.2 CLUTTERS,Glazed Pottery HD [2K],1.2,Always Install
5.16.2 CLUTTERS,Glazed Pottery HD - Xtudo Optimized Textures,1.1,Always Install
5.16.2 CLUTTERS,Skyrim 3D Misc - Butterchurn,1.0.1,Always Install
5.16.2 CLUTTERS,Skyrim 3D Misc - Chopping Block and Axe,1.0,Always Install
5.16.2 CLUTTERS,Skyrim 3D Misc - Mammoth Cheese,1.0.1,Always Install
5.16.2 CLUTTERS,Skyrim 3D Misc - Traps,1.0,Always Install
5.16.2 CLUTTERS,Medieval Candlehorns and Sconces,2.0,Always Install
5.16.2 CLUTTERS,SD's Horn Candles [2K],1.0,Always Install
5.16.2 CLUTTERS,Rally's Nord War Horns,1.2,Always Install
5.16.2 CLUTTERS,Rudification - Rudy Candles Expanded,1.14,Always Install
5.16.2 CLUTTERS,Burned Book,1.0,Always Install
5.16.2 CLUTTERS,Retexture for The Scroll,2.5.3,Always Install
5.16.2 CLUTTERS,Ingredients,6.0,Always Install
5.16.2 CLUTTERS,Eerie Ectoplasm,1.0,Always Install
5.16.2 CLUTTERS,Surreal Spriggan Sap,1.0,Always Install
5.16.2 CLUTTERS,Dusty Vampire Dust,1.0,Always Install
5.16.2 CLUTTERS,Freezing Cold Frost Salts,1.0,Always Install
5.16.2 CLUTTERS,Volatile Void Salts,1.0,Always Install
5.16.2 CLUTTERS,JS Bloodstone Chalice [2K],1.02,Always Install
5.16.2 CLUTTERS,JS Initiate's Ewer [2K],1.1,Always Install
5.16.2 CLUTTERS,JS Essence Extractor [2K],1.1,Always Install
5.16.2 CLUTTERS,JS Dwarven Oil [2K],1.0,Always Install
5.16.2 CLUTTERS,JS Dwemer Kitchenware [2K],1.0,Always Install
5.16.2 CLUTTERS,JS Dwemer Ichor Barrels [2K],1.01,Always Install
5.16.2 CLUTTERS,JS Torture Tools [2K],1.0,Always Install
5.16.2 CLUTTERS,JS Embalming Tools [2K],1.0,Always Install
5.16.2 CLUTTERS,Arcs Tankard [2K],1.0,Always Install
5.16.2 CLUTTERS,Arcs Kitchen [2K],2.0,Always Install
5.16.2 CLUTTERS,Arc's MeadBarrel [2K],2.0,Always Install
5.16.2 CLUTTERS,Arc's Kettle [2K],1.0,Always Install
5.16.3 STATUES & SHRINES,Stunning Statues of Skyrim,1.5,Always Install
5.16.3 STATUES & SHRINES,LeanWolf's Better-Shaped Talos with Greatsword,1.3,Always Install
5.16.3 STATUES & SHRINES,JS Shrines of the Divines [2K],1.3,Always Install
5.16.3 STATUES & SHRINES,JS Shrines of the Divines - HD Glaze [2K],1.4,Always Install
5.16.3 STATUES & SHRINES,Statue of Sithis [2K],1.0,Always Install
5.16.3 STATUES & SHRINES,Daedric Shrines - Boethia [2K],1.03,Always Install
5.16.3 STATUES & SHRINES,Daedric Shrines - Clavicus Vile [2K],1.03,Always Install
5.16.3 STATUES & SHRINES,Daedric Shrines - Mephala [2K],1.02,Always Install
5.16.3 STATUES & SHRINES,Daedric Shrines - Peryite [2K],1.0,Always Install
5.16.3 STATUES & SHRINES,Daedric Shrines - Hircine [2K],1.03,Always Install
5.16.3 STATUES & SHRINES,Daedric Shrines - Hircine - Moon and Star Patch,1.0,Not Graphics Only
5.16.3 STATUES & SHRINES,Daedric Shrines - Sanguine [2K],1.01,Always Install
5.16.3 STATUES & SHRINES,Daedric Shrines - Sheogorath [2K],1.0,Always Install
5.16.3 STATUES & SHRINES,Daedric Shrines - Malacath [2K],1.0,Always Install
5.16.3 STATUES & SHRINES,Daedric Shrines - Namira [2K],1.01,Always Install
5.16.3 STATUES & SHRINES,Daedric Shrines - Nocturnal [2K],1.0,Always Install
5.16.3 STATUES & SHRINES,Daedric Shrines - Molag Bal [2K],1.0,Always Install
5.16.3 STATUES & SHRINES,Daedric Shrines - Vaermina [2K],1.01,Always Install
5.16.3 STATUES & SHRINES,Daedric Shrines - Hermaeus Mora [2K],1.0,Always Install
5.16.3 STATUES & SHRINES,Daedric Shrines - Azura [2K],1.0,Always Install
5.16.3 STATUES & SHRINES,Daedric Shrines - Azura - Moon and Star Patch,3.6,Not Graphics Only
5.16.3 STATUES & SHRINES,Daedric Shrines - Mehrunes Dagon [2K],1.0,Always Install
5.16.3 STATUES & SHRINES,Daedric Shrines - Meridia [2K],1.01,Always Install
5.16.3 STATUES & SHRINES,Daedric Shrines - Jyggalag [2K],1.0,Always Install
5.16.3 STATUES & SHRINES,Daedric Shrines - Jyggalag - Fixes,1.1,Always Install
5.16.3 STATUES & SHRINES,Rally's Solstheim Shrines [2K],1.1,Always Install
5.16.3 STATUES & SHRINES,Mundus Standing Stones,3.0,Always Install
5.16.3 STATUES & SHRINES,Mundus Standing Stones - ENB Light Patch,1.2,Always Install
5.16.3 STATUES & SHRINES,Sovngarde Watcher Retexture [2K],1.0,Always Install
5.16.4 COLLECTABLES,Skyrim Unique Treasures,4.6,Not Graphics Only
5.16.4 COLLECTABLES,Skyrim Unique Treasures - Artifact Immersion Patch,1.0,Not Graphics Only
5.16.4 COLLECTABLES,Snazzy - Skyrims Unique Treasures,1.1,Not Graphics Only
5.16.4 COLLECTABLES,Snazzy - Skyrims Unique Treasures - LOTD Patch,1.0,Not Graphics Only
5.16.4 COLLECTABLES,Oblivion Artifact,3.0,Not Graphics Only
5.16.4 COLLECTABLES,Oblivion Artifact - Hot Fix,3.0,Not Graphics Only
5.16.4 COLLECTABLES,Oblivion Artifact - Cleaned and Upscaled Textures,1.1,Not Graphics Only
5.16.4 COLLECTABLES,Oblivion Artifact - Misc Fixes,1.0,Not Graphics Only
5.16.4 COLLECTABLES,Additional Hearthfire Dolls,3.0,Not Graphics Only
5.16.4 COLLECTABLES,Additional Hearthfire Dolls - Small Fixes,1.1,Not Graphics Only
5.16.4 COLLECTABLES,Additional Hearthfire Dolls - Small Fixes - LOTD Patch,1.1,Not Graphics Only
5.16.4 COLLECTABLES,Additional Hearthfire Dolls - Relocate Markarth Guard Doll,1.0,Not Graphics Only
5.16.4 COLLECTABLES,Artifacts - The Tournament of the Ten Bloods [2K],2.1,Not Graphics Only
5.16.4 COLLECTABLES,Artifacts - The Tournament of the Ten Bloods - Sounds Fix,2.1.1,Not Graphics Only
5.16.4 COLLECTABLES,Artifacts - The Tournament of the Ten Bloods - Creation Club Patch,1.1,Not Graphics Only
5.16.4 COLLECTABLES,Bad Gremlins Collection,1.0,Not Graphics Only
5.16.4 COLLECTABLES,Fossil Mining,3.2,Not Graphics Only
5.16.4 COLLECTABLES,Fossil Mining - Map Markers,1.11,Not Graphics Only
5.16.4 COLLECTABLES,New Treasure Hunt,1.83,Not Graphics Only
5.16.4 COLLECTABLES,New Treasure Hunt - SR Exterior Cities Patch,6.0,"SREX, Not Graphics Only"
5.16.4 COLLECTABLES,Treasure Hunter,1.2.1,Not Graphics Only
5.16.4 COLLECTABLES,Treasure Hunter - Clean Patch,1.0,Not Graphics Only
5.16.4 COLLECTABLES,Skyshards,1.6,Not Graphics Only
5.16.4 COLLECTABLES,Skyshards - ENB Light Addon,1.0,Not Graphics Only
5.16.4 COLLECTABLES,Skyshards - Tweaks,1.0,Not Graphics Only
5.16.4 COLLECTABLES,Skyshards - Tweaks - Lite Mode,1.0,Not Graphics Only
5.16.4 COLLECTABLES,Skyshards - Tweaks - No Book,1.0,Not Graphics Only
5.16.4 COLLECTABLES,Skyshards - Tweaks - The Great City of Winterhold Patch,1.0,Not Graphics Only
5.16.4 COLLECTABLES,Skyshards - Tweaks - Ryn's Bleakwin Basin Patch,1.0,"Not Redux, Not Graphics Only"
5.16.4 COLLECTABLES,Skyshards - Tweaks - Ryn's KarthSpire Patch,1.0,Not Graphics Only
5.16.4 COLLECTABLES,Nolvus Awakening Collectables Patch,6.0.21,Not Graphics Only
5.16.5 MISC MODELS,CC's Enhanced Ore Veins [2K],9.0.1,Always Install
5.16.5 MISC MODELS,CC's HD Dwemer Automatons - Remastered [2K],1.0,Always Install
5.16.5 MISC MODELS,Dwemer Pipework Reworked,5.0,Always Install
5.16.5 MISC MODELS,Improved Dwemer Glass,1.1,Always Install
5.16.5 MISC MODELS,Dwemer Tech Glowmapped,2.2,Always Install
5.16.5 MISC MODELS,Dwemer Tech Glowmapped - ENB Light,2.0,Always Install
5.16.5 MISC MODELS,JS Dwemer Puzzle Cube,1.0,Always Install
5.16.5 MISC MODELS,JS Dwemer Puzzle Cube - Glowmapped,1.0,Always Install
5.16.5 MISC MODELS,JS Dwemer Control Cube,1.0,Always Install
5.16.5 MISC MODELS,JS Dwemer Control Cube - Glowmapped,1.0,Always Install
5.16.5 MISC MODELS,JS Dwemer Artifacts,1.1,Always Install
5.16.5 MISC MODELS,JS Dwemer Artifacts - Glowmapped,1.0,Always Install
5.16.5 MISC MODELS,JS Attunement Sphere and Lexicons,1.01,Always Install
5.16.5 MISC MODELS,JS Attunement Sphere and Lexicons - Glowmapped,1.0,Always Install
5.16.5 MISC MODELS,JS Instruments of Skyrim,1.1,Always Install
5.16.5 MISC MODELS,Dwemer Tech Glowmapped - ENB Light - John Skyrim Patch,1.0,Always Install
5.16.5 MISC MODELS,ElSopa HD - Dirt Blast [2K],1.0,Always Install
5.16.5 MISC MODELS,ElSopa HD - Keys Redone [2K],1.0,Always Install
5.16.5 MISC MODELS,ElSopa HD - Giant Mortars Redone [2K],1.0,Always Install
5.16.5 MISC MODELS,ElSopa HD - Meridias Beacon [2K],1.0,Always Install
5.16.5 MISC MODELS,ElSopa HD - Briarheart,1.0,Always Install
5.16.5 MISC MODELS,ElSopa HD - Skeleton Key,1.0,Always Install
5.16.5 MISC MODELS,WiZkiD Carriages [2K],1.3,Always Install
5.16.5 MISC MODELS,Market Stalls Animated,1.2,Always Install
5.16.5 MISC MODELS,Vendor Carts - Animated,1.1,Always Install
5.16.5 MISC MODELS,Small Nordic Tent - Animated,1.0.1,Always Install
5.16.5 MISC MODELS,Large Nordic Tent - Animated,1.0.1,Always Install
5.16.5 MISC MODELS,Imperial Tents - Animated,1.0,Always Install
5.16.5 MISC MODELS,Imperial Tents [2K],1.3,Always Install
5.16.5 MISC MODELS,Falmer Huts - Animated,2.0,Always Install
5.16.5 MISC MODELS,Hagraven Houses - Animated,2.0.1,Always Install
5.16.5 MISC MODELS,Northern Roads Tents - Animated,1.2,Always Install
5.16.5 MISC MODELS,Skyland Imperial and Nordic Tents - Canopy,1.7,Always Install
5.16.5 MISC MODELS,JS Purses and Septims [2K],1.2,Always Install
5.16.5 MISC MODELS,JS Dragon Claws AE Anniversary Edition [2K],1.3,Not Graphics Only
5.16.5 MISC MODELS,JS Dragon Claws AE Anniversary Edition [2K] - GO,1.32,Graphics Only
5.16.5 MISC MODELS,Unique Skulls HD [2K],1.1,Not Graphics Only
5.16.5 MISC MODELS,Unique Skulls HD [2K] - GO,1.1,Graphics Only
5.16.5 MISC MODELS,Unique Skulls HD - Weapons Armor Clothing and Clutter Fixes Patch,1.0,Always Install
5.16.5 MISC MODELS,Metallurgy - Ingots Ore and Veins,1.3,Always Install
5.16.5 MISC MODELS,Metallurgy - Ingots Ore and Veins - Wyrmstooth Patch,1.0,Not Graphics Only
5.16.5 MISC MODELS,Apophysis Dragon Priest Masks,1.11,Always Install
5.16.5 MISC MODELS,Awesome Potions Simplified,2.1,Always Install
5.16.5 MISC MODELS,Morrowind Style Skooma Bottle,2,Always Install
5.16.5 MISC MODELS,Multilayer Parallax Soul Gems,1.0,Always Install
5.16.5 MISC MODELS,Multilayer Parallax Soul Gems - Immersive Sounds Compendium Patch,1.0,Not Graphics Only
5.16.5 MISC MODELS,DeviantKaled's Nord Ship Texture Replacers,1.1,Always Install
5.16.5 MISC MODELS,Frankly HD Dragonbones,1.0,Always Install
5.16.5 MISC MODELS,Renthal's Workbench,1.4,Always Install
5.16.5 MISC MODELS,Renthal's Tanningrack,1.0,Always Install
5.16.5 MISC MODELS,High Poly Project,5.3,Not Graphics Only
5.16.5 MISC MODELS,High Poly Project - GO,v5.3,Graphics Only
5.16.5 MISC MODELS,High Poly Project - Fixes,1.01,Always Install
5.16.5 MISC MODELS,Gorecap,2.2,Always Install
5.16.5 MISC MODELS,More Bloodshed,1.0,Always Install
5.16.5 MISC MODELS,ElSopa - HD Better Bloody Rags [2K],1.0,Always Install
5.16.5 MISC MODELS,HQ Puddle,1.0,Always Install
5.16.5 MISC MODELS,Jabber's Archery Targets,1.0,Always Install
5.16.5 MISC MODELS,Salmon Roe Replacer,1.1,Always Install
5.16.5 MISC MODELS,Rustic Maps,2.0,Always Install
5.16.5 MISC MODELS,Stalhrim Source [2K],3.1,Always Install
5.16.5 MISC MODELS,Stalhrim Source - ENB Light Patch,1.3,Always Install
5.16.5 MISC MODELS,Legacy of the Dragonborn Museum Dome Improved,0.2,Not Graphics Only
5.16.5 MISC MODELS,Legacy of the Dragonborn Dome Retexture,1.0,Not Graphics Only
5.16.5 MISC MODELS,Legacy of the Dragonborn - SMIM Chests,0.3,Not Graphics Only
5.16.5 MISC MODELS,Legacy of the Dragonborn - Fate Cards Retexture,1.0,Not Graphics Only
5.16.5 MISC MODELS,Legacy of the Dragonborn - Dwemer Compass Replacer [2K],0.3.1,Not Graphics Only
5.16.5 MISC MODELS,Paintings Replacer for Legacy of the Dragonborn,1.1,Not Graphics Only
5.16.5 MISC MODELS,WiZkiD Hagraven Clutter and Bones [2K],1.1,Always Install
5.16.5 MISC MODELS,Unreal Mammoth Skeleton ReTexture,1.0,Always Install
5.16.5 MISC MODELS,WiZkiD Alchemy Table,1.3,Always Install
5.16.5 MISC MODELS,Enchanting Stations Candles,2.0,Always Install
5.16.5 MISC MODELS,HD Reworked Falmer Architecture,1.0,Always Install
5.16.5 MISC MODELS,ElSopa - Safe And Strongbox Redone,1.0,Always Install
5.16.5 MISC MODELS,East Empire Strongbox Logo SSE,2.1,Always Install
5.16.5 MISC MODELS,JS Common Cages [2K],1.03,Always Install
5.16.5 MISC MODELS,JS Common Cages - Vigilant Patch,1.0,Always Install
5.16.5 MISC MODELS,Security Overhaul SKSE - Lock Variations [2K],4.0,Always Install
5.16.5 MISC MODELS,Security Overhaul SKSE - Add-ons [2K],0.1.9.1,Always Install
5.16.5 MISC MODELS,Security Overhaul SKSE - Some More Locks,1.0.7,Always Install
5.16.5 MISC MODELS,Security Overhaul SKSE - Regional Locks [2K],1.0.1,Always Install
5.16.5 MISC MODELS,Security Overhaul SKSE - Extra Locks,1.0,Always Install
5.16.5 MISC MODELS,Security Overhaul SKSE - Project AHO Locks,1.1,Always Install
5.16.5 MISC MODELS,Floating Ash Pile Fix,0.2,Always Install
5.16.5 MISC MODELS,Daedra Heart,1.1,Always Install
5.16.5 MISC MODELS,Sprites or Specters - ENB Light,0.3,Always Install
5.16.5 MISC MODELS,Dwemer Fairies,1.1,Always Install
5.16.5 MISC MODELS,Dwemer Fairies- LL Dragons,1.1,Always Install
5.16.5 MISC MODELS,Dwemer Fairies - ENB Particles,2.1,Always Install
5.16.5 MISC MODELS,Icy Wraith Teeth,1.0,Always Install
5.16.5 MISC MODELS,Stockades of Skyrim 3D,0.5,Always Install
5.16.5 MISC MODELS,Particle Lights for ENB - Falmer Things,1.0,Always Install
5.16.5 MISC MODELS,Beautiful Sigils of Shalidor [2K],1.1,Always Install
5.16.5 MISC MODELS,FYX - 3D Stockades,1.0.5,Always Install
5.16.5 MISC MODELS,FYX - 3D Stockades - Walls and Gate,1.0.3,Always Install
5.16.5 MISC MODELS,FYX - 3D Shack Kit Walls - Collision,1.0.2.2,Always Install
5.16.5 MISC MODELS,FYX - 3D Dock Ramp,1.0.2,Always Install
5.16.5 MISC MODELS,FYX - 3D Shack Kit Roofs,1.0.2,Always Install
5.16.5 MISC MODELS,FYX - 3D Coal in the Shovel,1.0.1,Always Install
5.16.5 MISC MODELS,FYX - RowBoat,1.0.4,Always Install
5.16.5 MISC MODELS,FYX - Nordic Doors and Traps Collisions,1.0,Always Install
5.16.5 MISC MODELS,FYX - Hrothgar Steps Collisions,1.0,Always Install
5.16.5 MISC MODELS,Wood Wall Trap Mesh and UV Fix,1.0,Always Install
5.16.5 MISC MODELS,Better Chests,1.1.4,Always Install
5.16.5 MISC MODELS,Detailed Carriages,2.0,Always Install
5.16.5 MISC MODELS,College of Winterhold - Glowing Symbols,1.0,Always Install
5.16.5 MISC MODELS,Skyrim's Unique Drinks,1.1,Always Install
5.16.5 MISC MODELS,Skyrim's Unique Drinks - Ryn's Sleeping Giant Inn Patch,1.0,Always Install
5.16.5 MISC MODELS,Skyrim's Unique Drinks - JK's Interior of EEK's Whiterun Patch,1.0,Always Install
5.16.5 MISC MODELS,Wood Chopping Camera Glitch Fix,1.0,Always Install
5.16.5 MISC MODELS,FrankBlack's Honey in a Jar,1.1,Always Install
5.16.5 MISC MODELS,Nolvus Awakening Model Patch,6.0.14,Not Graphics Only
5.16.5 MISC MODELS,Nolvus Awakening Model Patch - GO,6.0.19,Graphics Only
5.17 LIGHTING EFFECTS & PARTICLES,Particle Patch for ENB,1.3.1,Always Install
5.17 LIGHTING EFFECTS & PARTICLES,Smoking Torches and Candles,1.76,Always Install
5.17 LIGHTING EFFECTS & PARTICLES,Burned Corspe,1.0,Always Install
5.17 LIGHTING EFFECTS & PARTICLES,Deadly Spell Impacts,1.70,Always Install
5.17 LIGHTING EFFECTS & PARTICLES,Deadly Spells Impacts Transparency Fix,3.1,Always Install
5.17 LIGHTING EFFECTS & PARTICLES,Deadly Spell Impacts - Patches,1.0,Not Graphics Only
5.17 LIGHTING EFFECTS & PARTICLES,Parallax Spell Impacts,2.0,Always Install
5.17 LIGHTING EFFECTS & PARTICLES,Dust Effects,1.0,Always Install
5.17 LIGHTING EFFECTS & PARTICLES,Rudy HQ - More Lights for ENB - Deathbells and Nirnroots,1.0b,Always Install
5.17 LIGHTING EFFECTS & PARTICLES,Rudy HQ - More Lights for ENB - Moths and Fireflys,1.0b,Always Install
5.17 LIGHTING EFFECTS & PARTICLES,Rudy HQ - More Lights for ENB - Glowing Mushrooms,1.0a,Always Install
5.17 LIGHTING EFFECTS & PARTICLES,Rudy HQ - More Lights for ENB - Decal Fix,0.4,Always Install
5.17 LIGHTING EFFECTS & PARTICLES,A Nirnroot - Particle Light Patch,1.1,Always Install
5.17 LIGHTING EFFECTS & PARTICLES,Fluffy Moths,1.0,Always Install
5.17 LIGHTING EFFECTS & PARTICLES,ENB Particle Lights - Dwemer Lanterns,1.02,Always Install
5.17 LIGHTING EFFECTS & PARTICLES,ENB Particle Lights - Bugs in a Jar,1.1a,Always Install
5.17 LIGHTING EFFECTS & PARTICLES,ENB Particle Lights - Undead Creatures,1.1,Always Install
5.17 LIGHTING EFFECTS & PARTICLES,ENB Particle Lights - Staff Enchanter,1.1,Always Install
5.17 LIGHTING EFFECTS & PARTICLES,ENB Particle Lights - Nordic Ruins Candles,1.2,Always Install
5.17 LIGHTING EFFECTS & PARTICLES,ENB Particle Lights - Effect Shaders,2.1,Always Install
5.17 LIGHTING EFFECTS & PARTICLES,ENB Particle Lights - Dragon Fly,1.0,Always Install
5.17 LIGHTING EFFECTS & PARTICLES,ENB Particle Lights - Light Orbs - Motes,1.1,Always Install
5.17 LIGHTING EFFECTS & PARTICLES,ENB Particle Lights - Wisps - Witchlight,1.2,Always Install
5.17 LIGHTING EFFECTS & PARTICLES,ENB Particle Lights - Lava,1.1,Always Install
5.17 LIGHTING EFFECTS & PARTICLES,ENB Particle Lights - Moon Crests,1.1,Always Install
5.17 LIGHTING EFFECTS & PARTICLES,ENB Particle Lights - Dwarven Spiders,1.1,Always Install
5.17 LIGHTING EFFECTS & PARTICLES,ENB Particle Lights - Falmer Drips,1.1,Always Install
5.17 LIGHTING EFFECTS & PARTICLES,ENB Particle Lights - Fire Traps,1.1,Always Install
5.17 LIGHTING EFFECTS & PARTICLES,ENB Particle Lights - Spectral Warhound Eyes,1.1,Always Install
5.17 LIGHTING EFFECTS & PARTICLES,ENB Particle Lights - Riekling Outposts,1.3,Always Install
5.17 LIGHTING EFFECTS & PARTICLES,ENB Particle Lights - Ayleid Ruins,0.2,Always Install
5.17 LIGHTING EFFECTS & PARTICLES,ENB Particle Lights - Gemstones,1.3,Always Install
5.17 LIGHTING EFFECTS & PARTICLES,ENB Particle Lights - Alchemy and Enchanting Tables,1.0,Always Install
5.17 LIGHTING EFFECTS & PARTICLES,Hot Lava - Heat Distortion,1.0.2.1,Always Install
5.17 LIGHTING EFFECTS & PARTICLES,Hot Lava - Heat Distortion - ENB Light,1.0.1,Always Install
5.17 LIGHTING EFFECTS & PARTICLES,Improved Weapon Effect - Sparkles,1.3,Always Install
5.17 LIGHTING EFFECTS & PARTICLES,Improved Weapon Effect - Sparkles - Immersive Sounds Patch,1.0,Not Graphics Only
5.17 LIGHTING EFFECTS & PARTICLES,Vibrant weapons,1.0,Always Install
5.17 LIGHTING EFFECTS & PARTICLES,Quick Light,2.2,Always Install
5.17 LIGHTING EFFECTS & PARTICLES,Quick Light - Patch,1.0,Always Install
5.17 LIGHTING EFFECTS & PARTICLES,Quick Light - Followers,0.9,Always Install
5.17 LIGHTING EFFECTS & PARTICLES,Quick Light - Settings Loader,1.0,Always Install
5.17 LIGHTING EFFECTS & PARTICLES,Quick Light - Nolvus Settings,1.0,Always Install
5.17 LIGHTING EFFECTS & PARTICLES,Simple Wearable Lanterns - Remastered,v1,Always Install
5.17 LIGHTING EFFECTS & PARTICLES,ENB Light,0.98,Always Install
5.17 LIGHTING EFFECTS & PARTICLES,Weapon Animation - Dawnbreaker,1.1,Always Install
5.17 LIGHTING EFFECTS & PARTICLES,Quick Light - Alternate Meshes,2.0.1,Always Install
5.17 LIGHTING EFFECTS & PARTICLES,ENB Light - Dark Elf Lantern,0.2,Always Install
5.17 LIGHTING EFFECTS & PARTICLES,Dovahnique's Diverse Dark Elf Lanterns,1.0,Always Install
5.17 LIGHTING EFFECTS & PARTICLES,ENB Light - Apocrypha,0.1,Always Install
5.17 LIGHTING EFFECTS & PARTICLES,ENB Light - Elytra and Bliss Bug,0.4,Always Install
5.17 LIGHTING EFFECTS & PARTICLES,ENB Light - Misc Effects,1.6,Always Install
5.17 LIGHTING EFFECTS & PARTICLES,ENB LIght - Awesome Potions Simplified,1.3,Always Install
5.17 LIGHTING EFFECTS & PARTICLES,Arctic - Frost Effects Redux,3.1,Always Install
5.17 LIGHTING EFFECTS & PARTICLES,Electrify,4.0,Always Install
5.17 LIGHTING EFFECTS & PARTICLES,Embers XD,3.1.7,Not Graphics Only
5.17 LIGHTING EFFECTS & PARTICLES,Embers XD - GO,3.2.0,Graphics Only
5.17 LIGHTING EFFECTS & PARTICLES,Embers XD - SR Exterior Cities Patch,1.0,SREX
5.17 LIGHTING EFFECTS & PARTICLES,Frost VFX,1.2,Always Install
5.17 LIGHTING EFFECTS & PARTICLES,Lightning VFX,1.21,Always Install
5.17 LIGHTING EFFECTS & PARTICLES,Dragon Breath VFX,1.32,Always Install
5.17 LIGHTING EFFECTS & PARTICLES,Dragon Breath VFX - Ultimate Dragons,1.32,Always Install
5.17 LIGHTING EFFECTS & PARTICLES,Fire VFX,1.23,Always Install
5.17 LIGHTING EFFECTS & PARTICLES,Better Flame Spell FX,1.0,Always Install
5.17 LIGHTING EFFECTS & PARTICLES,Animated Forge Water,0.8,Always Install
5.17 LIGHTING EFFECTS & PARTICLES,HD Better Dust Piles [2K],1.0,Always Install
5.17 LIGHTING EFFECTS & PARTICLES,Improved Dust Particles,1.4,Always Install
5.17 LIGHTING EFFECTS & PARTICLES,Lux Via,2.2,Always Install
5.17 LIGHTING EFFECTS & PARTICLES,Lux Via - Update,2.2,Always Install
5.17 LIGHTING EFFECTS & PARTICLES,Lux Via - Meshes Update,2.2,Always Install
5.17 LIGHTING EFFECTS & PARTICLES,Lux Via - Resources Update,2.2,Always Install
5.17 LIGHTING EFFECTS & PARTICLES,Lux Via - Patch Hub,2.2,Not Graphics Only
5.17 LIGHTING EFFECTS & PARTICLES,Lux Via - Patch Hub - GO,2.2,Graphics Only
5.17 LIGHTING EFFECTS & PARTICLES,Lux Via - Strongholds - Largashbur Patch,2.0,Always Install
5.17 LIGHTING EFFECTS & PARTICLES,Lux Orbis,4.5,Always Install
5.17 LIGHTING EFFECTS & PARTICLES,Lux Orbis - Patch Hub,4.6,Ultimate
5.17 LIGHTING EFFECTS & PARTICLES,Lux Orbis - Patch Hub - Ultra,4.6,Ultra
5.17 LIGHTING EFFECTS & PARTICLES,Lux Orbis - Patch Hub - Redux,4.6,Redux
5.17 LIGHTING EFFECTS & PARTICLES,Lux Orbis - Patch Hub - GO,4.7,Graphics Only
5.17 LIGHTING EFFECTS & PARTICLES,Lux Orbis - SR Exterior Cities Patch,1.1,SREX
5.17 LIGHTING EFFECTS & PARTICLES,Lux Orbis - SR Exterior Cities Patch - Riften Sconce Patch,1.0,SREX
5.17 LIGHTING EFFECTS & PARTICLES,Lux Orbis - Dawn of Skyrim - SR Exterior Cities Patch,6.0.1,"Ultimate, SREX"
5.17 LIGHTING EFFECTS & PARTICLES,Lux Orbis - Riften Docks Overhaul - SREX Patch,6.0,"Not Ultimate, Not Redux, SREX"
5.17 LIGHTING EFFECTS & PARTICLES,Lux Orbis - Markarth City of Stone - SR Exterior Cities Patch,6.0,SREX
5.17 LIGHTING EFFECTS & PARTICLES,Lux Orbis - Custom JK's Skyrim Patch,6.0,Not Redux
5.17 LIGHTING EFFECTS & PARTICLES,Lux Orbis - Strongholds - Narzulbur Patch,2.0.2,Always Install
5.17 LIGHTING EFFECTS & PARTICLES,Lux Orbis - Strongholds - Largashbur Patch,2.0,Always Install
5.17 LIGHTING EFFECTS & PARTICLES,Lux Orbis - Strongholds - Mor Khazgur Patch,2.0,Always Install
5.17 LIGHTING EFFECTS & PARTICLES,Lux Orbis - Strongholds - Dushnikh Yal Patch,2.0.1,Always Install
5.17 LIGHTING EFFECTS & PARTICLES,Lux Orbis - JK's Winking Skeever - SREX Patch,6.0,SREX
5.17 LIGHTING EFFECTS & PARTICLES,Lux Orbis - JK's Bannered Mare - SREX Patch,6.0,SREX
5.17 LIGHTING EFFECTS & PARTICLES,Lux Orbis - JK's Drunken Huntsman - SREX Patch,6.0,SREX
5.17 LIGHTING EFFECTS & PARTICLES,Lux Orbis - JK's Mistveil Keep - SREX Patch,6.0,SREX
5.17 LIGHTING EFFECTS & PARTICLES,Lux Orbis - JK's Candleheart Hall - SREX Patch,6.0,SREX
5.17 LIGHTING EFFECTS & PARTICLES,Lux Orbis - JK's Bards College - SREX Patch,6.0,SREX
5.17 LIGHTING EFFECTS & PARTICLES,Lux Orbis - Cradle Stone Tower Patch,1.0,Always Install
5.17 LIGHTING EFFECTS & PARTICLES,Lux Orbis - Occult Orphan Rock Patch,1.3.1,Always Install
5.17 LIGHTING EFFECTS & PARTICLES,Lux Orbis - Epic Solitude Patch,6.0,"Not Ultimate, Not Redux"
5.17 LIGHTING EFFECTS & PARTICLES,Lux Orbis - Epic Solitude - SREX Patch,6.0,"Not Ultimate, Not Redux, SREX"
5.17 LIGHTING EFFECTS & PARTICLES,Lux,7.0,Always Install
5.17 LIGHTING EFFECTS & PARTICLES,Lux - Patch Hub,7.0,Ultimate
5.17 LIGHTING EFFECTS & PARTICLES,Lux - Patch Hub - Ultra,7.0,Ultra
5.17 LIGHTING EFFECTS & PARTICLES,Lux - Patch Hub - Redux,7.0,Redux
5.17 LIGHTING EFFECTS & PARTICLES,Lux - Patch Hub - GO,7.0,Graphics Only
5.17 LIGHTING EFFECTS & PARTICLES,Lux - JK's Blue Palace Terrace - Window Fix,1.0,Always Install
5.17 LIGHTING EFFECTS & PARTICLES,Lux Variants,1.3,Always Install
5.17 LIGHTING EFFECTS & PARTICLES,Lux Interiora Distincta - JK's Silver-Blood Inn Variante,1.3,Not Graphics Only
5.17 LIGHTING EFFECTS & PARTICLES,Lux Interiora Distincta - JK's Silver-Blood Inn Variante - GO,1.3,Graphics Only
5.17 LIGHTING EFFECTS & PARTICLES,Lux - DESIRE - No more free Stealing Patch,1.0,Not Graphics Only
5.17 LIGHTING EFFECTS & PARTICLES,Lux - Occult Orphan Rock Patch,1.3.1,Always Install
5.17 LIGHTING EFFECTS & PARTICLES,Hall of secrets - LOTD Fix,1.0,Always Install
5.17 LIGHTING EFFECTS & PARTICLES,Summerset Shadows Banner Fix,1.1,Always Install
5.17 LIGHTING EFFECTS & PARTICLES,Enhanced Volumetric Lighting and Shadows,1.3.1,Always Install
5.17 LIGHTING EFFECTS & PARTICLES,ENB Particle Lights - Rudy Candle And Smoking Torch Patch,6.0.15,Always Install
5.17 LIGHTING EFFECTS & PARTICLES,Uncle Riki's Mandervillous Candle Flames,6.0.15,Always Install
5.17 LIGHTING EFFECTS & PARTICLES,Burning Orbit Near-Blind Repair,1.0.0,Not Kauz ENB
5.17 LIGHTING EFFECTS & PARTICLES,Burning Orbit Near-Blind Repair (Kauz),1.0.0,Kauz ENB
5.17 LIGHTING EFFECTS & PARTICLES,Flesh FX,1.1,Always Install
5.17 LIGHTING EFFECTS & PARTICLES,Mu Impact Framework,0.9.0,Always Install
5.17 LIGHTING EFFECTS & PARTICLES,Separated Slash Effects X - Fantasy,1.0b,Fantasy Combat Addon
5.17 LIGHTING EFFECTS & PARTICLES,Dripping Mist Reduction,1.0,Always Install
5.17 LIGHTING EFFECTS & PARTICLES,Spider WIP,0.13,Always Install
5.17 LIGHTING EFFECTS & PARTICLES,Peltapalooza - Complex Parallax Occlusion,1.0,Always Install
5.17 LIGHTING EFFECTS & PARTICLES,Nolvus Awakening Whiterun Walls - Outskirt - Lux Via Patch,6.0,Always Install
5.17 LIGHTING EFFECTS & PARTICLES,Nolvus Awakening Lighting Patch,6.0.21,Not Graphics Only
5.17 LIGHTING EFFECTS & PARTICLES,Nolvus Awakening Lighting Patch - GO,6.0.20,Graphics Only
5.17 LIGHTING EFFECTS & PARTICLES,Nolvus Awakening Lighting Patch - SREX Patch,6.0,SREX
5.17 LIGHTING EFFECTS & PARTICLES,Nolvus Awakening Lighting Fixes,6.0.19,Ultimate
5.17 LIGHTING EFFECTS & PARTICLES,Nolvus Awakening Lighting Fixes - Ultra,6.0.15,"Not Ultimate, Not Redux"
6.1 CORE ANIMATIONS & FRAMEWORK,Nemesis Unlimited Behavior Engine,0.84b,Not Graphics Only
6.1 CORE ANIMATIONS & FRAMEWORK,Nemesis - Creatures Behaviour,1.4,Not Graphics Only
6.1 CORE ANIMATIONS & FRAMEWORK,Nemesis - Creatures Behaivour - WereWolf Addon,1.4,Not Graphics Only
6.1 CORE ANIMATIONS & FRAMEWORK,Nemesis - Offset Movement Animation,1.2,Not Graphics Only
6.1 CORE ANIMATIONS & FRAMEWORK,Faster HDT-SMP,3.0.6,Always Install
6.1 CORE ANIMATIONS & FRAMEWORK,CBPC Equipment Physics,1.3,Not Graphics Only
6.1 CORE ANIMATIONS & FRAMEWORK,Animation Motion Revolution,1.5.3,Not Graphics Only
6.1 CORE ANIMATIONS & FRAMEWORK,Animation Queue Fix,1.0.1,Not Graphics Only
6.1 CORE ANIMATIONS & FRAMEWORK,Payload Interpreter,1.1,Not Graphics Only
6.1 CORE ANIMATIONS & FRAMEWORK,Paired Animation Improvements,1.0.2,Not Graphics Only
6.1 CORE ANIMATIONS & FRAMEWORK,Open Animation Replacer,2.3.6,Not Graphics Only
6.1 CORE ANIMATIONS & FRAMEWORK,Open Animation Replacer - Detection Plugin,2.1.1,Not Graphics Only
6.1 CORE ANIMATIONS & FRAMEWORK,Open Animation Replacer - Dialogue Plugin,1.0,Not Graphics Only
6.1 CORE ANIMATIONS & FRAMEWORK,Open Animation Replacer - IED Conditions,1.0.2,Not Graphics Only
6.1 CORE ANIMATIONS & FRAMEWORK,Open Animation Replacer - Nolvus Settings,6.0.15,Not Graphics Only
6.1 CORE ANIMATIONS & FRAMEWORK,Stances - Dynamic Animation Sets,1.5.1,Not Graphics Only
6.1 CORE ANIMATIONS & FRAMEWORK,Stances - Dynamic Animation Sets (Add-On),1.13,Not Graphics Only
6.1 CORE ANIMATIONS & FRAMEWORK,Stances - Dynamic Animation Sets - Nolvus Settings,6.0.15,Not Graphics Only
6.1 CORE ANIMATIONS & FRAMEWORK,Comprehensive Attack Speed Patch,1.1.2.8,Not Graphics Only
6.1 CORE ANIMATIONS & FRAMEWORK,True Directional Movement,2.2.5,Not Graphics Only
6.1 CORE ANIMATIONS & FRAMEWORK,True Directional Movement - Boss Ini Tweaks,1.4,Not Graphics Only
6.1 CORE ANIMATIONS & FRAMEWORK,True Directional Movement - LotD Boss Init Tweaks,1.1,Not Graphics Only
6.1 CORE ANIMATIONS & FRAMEWORK,True Directional Movement - Vigilant,1.2,Not Graphics Only
6.1 CORE ANIMATIONS & FRAMEWORK,True Directional Movement - Wheels of Lull,1.1,Not Graphics Only
6.1 CORE ANIMATIONS & FRAMEWORK,True Directional Movement - Unslaad Boss Bars,1.0,Not Graphics Only
6.1 CORE ANIMATIONS & FRAMEWORK,True Directional Movement - Moonpath to Elsweyr Boss Ini Tweaks,1.0,Not Graphics Only
6.1 CORE ANIMATIONS & FRAMEWORK,True Directional Movement - GV's Boss Bar Integration,1.0,Not Graphics Only
6.1 CORE ANIMATIONS & FRAMEWORK,True Directional Movement - Curated Bosses,1.2,Not Graphics Only
6.1 CORE ANIMATIONS & FRAMEWORK,True Directional Movement - Mounted Archery Fix,1.0.1,Not Graphics Only
6.1 CORE ANIMATIONS & FRAMEWORK,True Directional Movement - Nolvus Settings,6.0.15,Not Graphics Only
6.1 CORE ANIMATIONS & FRAMEWORK,Disable Turn Animation,1.0,Not Graphics Only
6.1 CORE ANIMATIONS & FRAMEWORK,Dynamic Animation Casting - NG,3.2.4,Not Graphics Only
6.1 CORE ANIMATIONS & FRAMEWORK,Maxsu Block Overhaul,0.22,Not Graphics Only
6.1 CORE ANIMATIONS & FRAMEWORK,Stagger Effect Fix NG,1.0.2,Not Graphics Only
6.1 CORE ANIMATIONS & FRAMEWORK,First Person Animation Teleport Bug Fix,1.0,Not Graphics Only
6.1 CORE ANIMATIONS & FRAMEWORK,Reanimated NPC Animations,1.2,Not Graphics Only
6.1 CORE ANIMATIONS & FRAMEWORK,EVG Animated Traversal,2.1,Not Graphics Only
6.1 CORE ANIMATIONS & FRAMEWORK,EVG Animated Traversal - Nolvus Riften Addon,6.0.7,"Ultra, Not Graphics Only"
6.1 CORE ANIMATIONS & FRAMEWORK,Unlocked 1st Person Combat,1.2,Not Graphics Only
6.1 CORE ANIMATIONS & FRAMEWORK,Vanilla Attack Annotation Fix,v0.61,Not Graphics Only
6.1 CORE ANIMATIONS & FRAMEWORK,No Opposite Gender Animations NG,1.2,Not Graphics Only
6.2.1 ATTACK ANIMATIONS,Nolvus Awakening OAR Stance Combat Framework,6.0.20,Not Graphics Only
6.2.1 ATTACK ANIMATIONS,Nolvus Awakening OAR Stance First Person Combat Framework,6.0.20,Not Graphics Only
6.2.1 ATTACK ANIMATIONS,For Honor in Skyrim,1.8,"Fantasy Combat Addon, Not Graphics Only"
6.2.1 ATTACK ANIMATIONS,For Honor in Skyrim - Conventional,1.8,"Conventional Combat Addon, Not Graphics Only"
6.2.1 ATTACK ANIMATIONS,For Honor in Skyrim I Centurion,1.2,Not Graphics Only
6.2.1 ATTACK ANIMATIONS,For Honor in SKYRIM I Peacekeeper,1.3,Not Graphics Only
6.2.1 ATTACK ANIMATIONS,For Honor in Skyrim I Warden,2.6,"Fantasy Combat Addon, Not Graphics Only"
6.2.1 ATTACK ANIMATIONS,For Honor in Skyrim I Warden - Conventional,2.6,"Conventional Combat Addon, Not Graphics Only"
6.2.1 ATTACK ANIMATIONS,For Honor in SKYRIM I Conqueror,1.3,Not Graphics Only
6.2.1 ATTACK ANIMATIONS,For Honor in Skyrim I Lawbringer,1.3,Not Graphics Only
6.2.1 ATTACK ANIMATIONS,For Honor in Skyrim I Gryphon,1.4,Not Graphics Only
6.2.1 ATTACK ANIMATIONS,For Honor in Skyrim I Nobushi,1.4,Not Graphics Only
6.2.1 ATTACK ANIMATIONS,For Honor in Skyrim I Warlord,1.2,Not Graphics Only
6.2.1 ATTACK ANIMATIONS,For Honor in SKYRIM I Aramusha,1.2,Not Graphics Only
6.2.1 ATTACK ANIMATIONS,MCO Nordic Animation Complete Pack,1.3.1,"Fantasy Combat Addon, Not Graphics Only"
6.2.1 ATTACK ANIMATIONS,MCO Nordic Animation Complete Pack - Conventional,1.3.1,"Conventional Combat Addon, Not Graphics Only"
6.2.1 ATTACK ANIMATIONS,MCO Desert Race Animations,1.1,"Fantasy Combat Addon, Not Graphics Only"
6.2.1 ATTACK ANIMATIONS,MCO Desert Race Animations - Conventional,1.0,"Conventional Combat Addon, Not Graphics Only"
6.2.1 ATTACK ANIMATIONS,Imperium Animation Complete Pack,1.1,Not Graphics Only
6.2.1 ATTACK ANIMATIONS,Elder Creed - Blade,1.2,Not Graphics Only
6.2.1 ATTACK ANIMATIONS,Swords of Legends,1.1,"Fantasy Combat Addon, Not Graphics Only"
6.2.1 ATTACK ANIMATIONS,Geralt MCO Animations,1.9,Not Graphics Only
6.2.1 ATTACK ANIMATIONS,Skyrim Hunter Series 3,1.1,Not Graphics Only
6.2.1 ATTACK ANIMATIONS,Wolong Dual Wield,1.0,"Fantasy Combat Addon, Not Graphics Only"
6.2.1 ATTACK ANIMATIONS,Banished Knight - Dual swords,1.0,Not Graphics Only
6.2.1 ATTACK ANIMATIONS,Star Wars Jedi Survivor,0.21,"Fantasy Combat Addon, Not Graphics Only"
6.2.1 ATTACK ANIMATIONS,Naraka Bladepoint,1.0,"Fantasy Combat Addon, Not Graphics Only"
6.2.1 ATTACK ANIMATIONS,ER Dual Wield Sword,1.0,"Conventional Combat Addon, Not Graphics Only"
6.2.1 ATTACK ANIMATIONS,DS3 Uchigatana,1.0,Not Graphics Only
6.2.1 ATTACK ANIMATIONS,Elden Rim Katana,1.0,Not Graphics Only
6.2.1 ATTACK ANIMATIONS,MCO Ronin Katana Mumyo Ryu,1.1.0,Not Graphics Only
6.2.1 ATTACK ANIMATIONS,Onikiri and Ubadachi,1.0,Not Graphics Only
6.2.1 ATTACK ANIMATIONS,Nioh2 Dual Katana Moveset,1.0,Not Graphics Only
6.2.1 ATTACK ANIMATIONS,BadAss Viking Pack - Warhammer,1.0,Not Graphics Only
6.2.1 ATTACK ANIMATIONS,BadAss Viking Pack - Scythe,1.0,Not Graphics Only
6.2.1 ATTACK ANIMATIONS,Elden Ring Nightreign Duchess,1.0,Not Graphics Only
6.2.1 ATTACK ANIMATIONS,Elder Creed - Odyssey Dual Wield Dagger Moveset,1.0,Not Graphics Only
6.2.1 ATTACK ANIMATIONS,Dragons Dogma Daggers moveset,2.1.1,Not Graphics Only
6.2.1 ATTACK ANIMATIONS,Eskyrim - Combat Animations,1.2,Not Graphics Only
6.2.1 ATTACK ANIMATIONS,WoLong LongSword,1.1,"Fantasy Combat Addon, Not Graphics Only"
6.2.1 ATTACK ANIMATIONS,Berserker Greatsword Moveset,1.0,"Fantasy Combat Addon, Not Graphics Only"
6.2.1 ATTACK ANIMATIONS,HollowSlayer,1.0,"Fantasy Combat Addon, Not Graphics Only"
6.2.1 ATTACK ANIMATIONS,Witcher's Combat,1.2,"Conventional Combat Addon, Not Graphics Only"
6.2.1 ATTACK ANIMATIONS,Samurai - Dai Katana,1.0.4,Not Graphics Only
6.2.1 ATTACK ANIMATIONS,Samurai General,0.1,Not Graphics Only
6.2.1 ATTACK ANIMATIONS,For Hornor in Skyrim Wu Lin faction-Zhanhu,1.0,Not Graphics Only
6.2.1 ATTACK ANIMATIONS,Black Hound Moveset,1.2,Not Graphics Only
6.2.1 ATTACK ANIMATIONS,Real Leviathan's Axe combat,1.0,"Fantasy Combat Addon, Not Graphics Only"
6.2.1 ATTACK ANIMATIONS,Elder Creed - Valhalla Axe Moveset,1.0,"Conventional Combat Addon, Not Graphics Only"
6.2.1 ATTACK ANIMATIONS,BDO Guardian,1.0.2,Not Graphics Only
6.2.1 ATTACK ANIMATIONS,BDO Guardian Awakening,1.0,Not Graphics Only
6.2.1 ATTACK ANIMATIONS,Northern WarAxe Animation,1.0.2,Not Graphics Only
6.2.1 ATTACK ANIMATIONS,ER Dual Wield Axe,1.0,Not Graphics Only
6.2.1 ATTACK ANIMATIONS,Wolong GuanDao,1.0,Not Graphics Only
6.2.1 ATTACK ANIMATIONS,Mace Animation,1.0,Not Graphics Only
6.2.1 ATTACK ANIMATIONS,Spear Soldier Animations,1.0,"Conventional Combat Addon, Not Graphics Only"
6.2.1 ATTACK ANIMATIONS,Tower of Fantasy XIAZUO Animation,0.95,"Fantasy Combat Addon, Not Graphics Only"
6.2.1 ATTACK ANIMATIONS,Spears Movesets,1.0,Not Graphics Only
6.2.1 ATTACK ANIMATIONS,Nioh Spear Animation,1.0,"Fantasy Combat Addon, Not Graphics Only"
6.2.1 ATTACK ANIMATIONS,Nioh Spear Animation - Conventional,1.0,"Conventional Combat Addon, Not Graphics Only"
6.2.1 ATTACK ANIMATIONS,Wolong Spear,1.0,"Fantasy Combat Addon, Not Graphics Only"
6.2.1 ATTACK ANIMATIONS,WoLong QuarterStaffs,1.1.5,Not Graphics Only
6.2.1 ATTACK ANIMATIONS,Lawbringer I Halberd Moveset,1.0,Not Graphics Only
6.2.1 ATTACK ANIMATIONS,Banished Knight Halberd,1.0,Not Graphics Only
6.2.1 ATTACK ANIMATIONS,Vindictus Bella Great-Axe Animations Moveset,1.1,Not Graphics Only
6.2.1 ATTACK ANIMATIONS,WoLong Halberds,1.1.5,Not Graphics Only
6.2.1 ATTACK ANIMATIONS,Scythe Moveset,1.0,Not Graphics Only
6.2.1 ATTACK ANIMATIONS,ER Mixed Scythe,1.1,Not Graphics Only
6.2.1 ATTACK ANIMATIONS,Elden Rim Rapier Moveset,1.0,Not Graphics Only
6.2.1 ATTACK ANIMATIONS,MCO-ADXP Rapier moveset,1.0,Not Graphics Only
6.2.1 ATTACK ANIMATIONS,Rapier Moveset for MCO,1.0,Not Graphics Only
6.2.1 ATTACK ANIMATIONS,Judgement YAGAMI,1.0,Not Graphics Only
6.2.1 ATTACK ANIMATIONS,Vanargand Animations II - Unarmed MCO Moveset,1.0,Not Graphics Only
6.2.1 ATTACK ANIMATIONS,Skyrim Martial Arts,1.0.1,Not Graphics Only
6.2.1 ATTACK ANIMATIONS,Unarmed Moveset for MCO,1.0,Not Graphics Only
6.2.1 ATTACK ANIMATIONS,Claws Moveset,1.0,Not Graphics Only
6.2.1 ATTACK ANIMATIONS,Elden Rim Claw Moveset For Beasts,1.0,Not Graphics Only
6.2.1 ATTACK ANIMATIONS,Vampire Claws,2.0,Not Graphics Only
6.2.1 ATTACK ANIMATIONS,Elden Ring Claws Movest,1,Not Graphics Only
6.2.1 ATTACK ANIMATIONS,ER Twinblades,1.0,Not Graphics Only
6.2.1 ATTACK ANIMATIONS,ER Black Knight Twinblades,1.0,Not Graphics Only
6.2.1 ATTACK ANIMATIONS,Guangzhi Twinblades Animation,1,Not Graphics Only
6.2.1 ATTACK ANIMATIONS,Punishing Gray Raven Vera flare Twinblades,1.1,Not Graphics Only
6.2.1 ATTACK ANIMATIONS,Eivor - Sprint Attacks,1.1,Not Graphics Only
6.2.1 ATTACK ANIMATIONS,Vanargand Animations - Sneak Thrust Attacks,1.1b,Not Graphics Only
6.2.1 ATTACK ANIMATIONS,Vanargand Animations - Sneak Strike Attacks,1.1,Not Graphics Only
6.2.1 ATTACK ANIMATIONS,Vanargand Animations - Dual Wield Sneak Thrusts,1.0,Not Graphics Only
6.2.1 ATTACK ANIMATIONS,Vanargand Animations - Dual Wield Sneak Strikes,1.0,Not Graphics Only
6.2.1 ATTACK ANIMATIONS,Based Animations for 1st Person Combat,1.0,Not Graphics Only
6.2.1 ATTACK ANIMATIONS,Comprehensive First Person Animation Overhaul,1.0.4,Not Graphics Only
6.2.1 ATTACK ANIMATIONS,SIGMA - Sword animations - 1st person,1.2,Not Graphics Only
6.2.1 ATTACK ANIMATIONS,SIGMA - Greatsword Animations - 1st person,1.0.0,Not Graphics Only
6.2.1 ATTACK ANIMATIONS,SIGMA - Waraxe Animations - 1st person,1.0.0,Not Graphics Only
6.2.1 ATTACK ANIMATIONS,SIGMA - Battleaxe Animations - 1st person,1.0.0,Not Graphics Only
6.2.1 ATTACK ANIMATIONS,SIGMA - Mace Animations - 1st person,1.0.3,Not Graphics Only
6.2.1 ATTACK ANIMATIONS,SIGMA - Warhammer Animations - 1st person,1.0.0,Not Graphics Only
6.2.1 ATTACK ANIMATIONS,Jumping Attack,1.232,Not Graphics Only
6.2.1 ATTACK ANIMATIONS,Jumping Attack Stiffness Fix,1.01,Not Graphics Only
6.2.2 MOVEMENT ANIMATIONS,Nolvus Awakening OAR Stance Movement Framework,6.0.21,Not Graphics Only
6.2.2 MOVEMENT ANIMATIONS,Nolvus Awakening OAR Stance Block Framework,6.0.20,Not Graphics Only
6.2.2 MOVEMENT ANIMATIONS,Weapon Styles - DrawSheathe Animations for IED,3.0.1,Not Graphics Only
6.2.2 MOVEMENT ANIMATIONS,Smooth Moveset,3.3,Not Graphics Only
6.2.2 MOVEMENT ANIMATIONS,Smooth Moveset - OAR,1.5,Not Graphics Only
6.2.2 MOVEMENT ANIMATIONS,Smooth Combat Non Combat Animation,4.6,"Fantasy Combat Addon, Not Graphics Only"
6.2.2 MOVEMENT ANIMATIONS,Smooth Combat Non Combat Animation - Conventional,4.6,"Conventional Combat Addon, Not Graphics Only"
6.2.2 MOVEMENT ANIMATIONS,Nordic Non Combat Locomotions,1.0,Not Graphics Only
6.2.2 MOVEMENT ANIMATIONS,DesertRace Locomotions for Player,1.1,"Fantasy Combat Addon, Not Graphics Only"
6.2.2 MOVEMENT ANIMATIONS,DesertRace Locomotions for Player - Conventional,1.0,"Conventional Combat Addon, Not Graphics Only"
6.2.2 MOVEMENT ANIMATIONS,Nordic Locomotions for Player,1.3,"Fantasy Combat Addon, Not Graphics Only"
6.2.2 MOVEMENT ANIMATIONS,Nordic Locomotions for Player - Conventional,1.2,"Conventional Combat Addon, Not Graphics Only"
6.2.2 MOVEMENT ANIMATIONS,Imperium Locomotions for Player,1.1,Not Graphics Only
6.2.2 MOVEMENT ANIMATIONS,Smooth Random Sprint Animation,4.1,Not Graphics Only
6.2.2 MOVEMENT ANIMATIONS,Dynamic Sprint,2.2,Not Graphics Only
6.2.2 MOVEMENT ANIMATIONS,Sprint Sneak Movement Speed Fix,1.1.1,Not Graphics Only
6.2.2 MOVEMENT ANIMATIONS,Leviathan Animations II - Sprint,2.4,Not Graphics Only
6.2.2 MOVEMENT ANIMATIONS,Leviathan Animations II - Male Idle Walk And Run,2.3,Not Graphics Only
6.2.2 MOVEMENT ANIMATIONS,Leviathan Animations II - Female Idle Walk And Run,2.3,Not Graphics Only
6.2.2 MOVEMENT ANIMATIONS,Vanargand Animations - Sneak Idle Walk and Run,1.1,Not Graphics Only
6.2.2 MOVEMENT ANIMATIONS,Jump Behavior Overhaul,1.5,Not Graphics Only
6.2.2 MOVEMENT ANIMATIONS,Smooth Random Jump Animation,2.0,Not Graphics Only
6.2.2 MOVEMENT ANIMATIONS,Jump Slide Fix OAR,1.0,Not Graphics Only
6.2.2 MOVEMENT ANIMATIONS,Jump Slide Fix OAR - Consistency,1.0,Not Graphics Only
6.2.2 MOVEMENT ANIMATIONS,Jump Slide Fix OAR - First Person,1.0,Not Graphics Only
6.2.2 MOVEMENT ANIMATIONS,Dynamic Random Spell Idle,1.6,Not Graphics Only
6.2.2 MOVEMENT ANIMATIONS,Smooth Magic Casting Animation,4.2,Not Graphics Only
6.2.2 MOVEMENT ANIMATIONS,SpellSword Moveset,2.3,Not Graphics Only
6.2.2 MOVEMENT ANIMATIONS,Smooth Staff Animation,1.3,Not Graphics Only
6.2.2 MOVEMENT ANIMATIONS,Dynamic Block Hit,1.7,Not Graphics Only
6.2.2 MOVEMENT ANIMATIONS,Smooth Random Blocking Animation,3.2,Not Graphics Only
6.2.2 MOVEMENT ANIMATIONS,Randomized Block Animations,1.2,Not Graphics Only
6.2.2 MOVEMENT ANIMATIONS,Phalanx Stance,1.0,Not Graphics Only
6.2.2 MOVEMENT ANIMATIONS,Phalanx Stance Thrust Edition,1.0,Not Graphics Only
6.2.2 MOVEMENT ANIMATIONS,Hand to Hand Blocking Animation,1.0,Not Graphics Only
6.2.2 MOVEMENT ANIMATIONS,Vanargand Animations - Crossbows,1.0,Not Graphics Only
6.2.2 MOVEMENT ANIMATIONS,Vanargand Animations - Sneak Crossbows,1.0b,Not Graphics Only
6.2.2 MOVEMENT ANIMATIONS,Dynamic Bow Animation,1.3,Not Graphics Only
6.2.2 MOVEMENT ANIMATIONS,Dynamic Dodge Shot,1.5,Not Graphics Only
6.2.2 MOVEMENT ANIMATIONS,Player Character Gestures,1.0,Not Graphics Only
6.2.2 MOVEMENT ANIMATIONS,Immersive Equipping Animations,2.02,Not Graphics Only
6.2.2 MOVEMENT ANIMATIONS,Animated Poisons,5.1.1,Not Graphics Only
6.2.2 MOVEMENT ANIMATIONS,Animated Poisons - Settings Loader,2.0,Not Graphics Only
6.2.2 MOVEMENT ANIMATIONS,Animated Ingredients,5.0.2,Not Graphics Only
6.2.2 MOVEMENT ANIMATIONS,Animated Ingredients - Settings Loader,2.0,Not Graphics Only
6.2.2 MOVEMENT ANIMATIONS,Ultimate Animated Potions NG,2.8,Not Graphics Only
6.2.2 MOVEMENT ANIMATIONS,Ultimate Animated Potions NG - Awesome Potions Patch,1.0,Not Graphics Only
6.2.2 MOVEMENT ANIMATIONS,Left Hand Equipment Overhaul,1.1,Not Graphics Only
6.2.2 MOVEMENT ANIMATIONS,Draw Fix - Move Equip Animation Fix,1.2,Not Graphics Only
6.3 NPC's ANIMATIONS,Nolvus Awakening OAR NPC Combat Framework,6.0.20,Not Graphics Only
6.3 NPC's ANIMATIONS,Nolvus Awakening OAR NPC Movement Framework,6.0,Not Graphics Only
6.3 NPC's ANIMATIONS,Nordic Combat Animations - NPC - Movesets,1.3,Not Graphics Only
6.3 NPC's ANIMATIONS,Imperium Combat Animations - NPC - Movesets,1.1,Not Graphics Only
6.3 NPC's ANIMATIONS,Desert Race Combat Animations - NPC - Movesets,1.1,Not Graphics Only
6.3 NPC's ANIMATIONS,ER Moveset Collection - NPC - Movesets,1.1,Not Graphics Only
6.3 NPC's ANIMATIONS,Centurion I Sword Moveset for NPCs,1.0,Not Graphics Only
6.3 NPC's ANIMATIONS,Valkyrie I Sword and Shield Moveset for NPCs,1.0,Not Graphics Only
6.3 NPC's ANIMATIONS,Warden I Greatsword Moveset for NPCs,1.0,Not Graphics Only
6.3 NPC's ANIMATIONS,Gryphon I Battleaxe Moveset for NPCs,1.0,Not Graphics Only
6.3 NPC's ANIMATIONS,Nobushi I Spear Moveset for NPCs,1.0,Not Graphics Only
6.3 NPC's ANIMATIONS,SC6 Quarterstaff Movesets for NPCs,1.0,Not Graphics Only
6.3 NPC's ANIMATIONS,Elden RIM x DS3 Mashup I Dual Wield Katana Movesets for NPCs,1.0,Not Graphics Only
6.3 NPC's ANIMATIONS,ADXP I MCO MGRR Warhammer Moveset for NPCs,1.0,Not Graphics Only
6.3 NPC's ANIMATIONS,Dragons Dogma Daggers Moveset for NPCs,2.0,Not Graphics Only
6.3 NPC's ANIMATIONS,Vanargand Animations - Sword Dual Wield Moveset for Npcs,1.2,Not Graphics Only
6.3 NPC's ANIMATIONS,Vanargand Animations II - Unarmed MCO Moveset for NPCs,1.0,Not Graphics Only
6.3 NPC's ANIMATIONS,Vanargand Animations - NPC - Male Idle Walk Run,1.3.1c,Not Graphics Only
6.3 NPC's ANIMATIONS,Vanargand Animations - NPC - Female Idle Walk Run,1.3.1c,Not Graphics Only
6.3 NPC's ANIMATIONS,Vanargand Animations - NPC - Sprint,1.3c,Not Graphics Only
6.3 NPC's ANIMATIONS,Leviathan Animations - NPC - Male Idle Walk Run,1.5,Not Graphics Only
6.3 NPC's ANIMATIONS,Leviathan Animations - NPC - Female Idle Walk Run,1.5,Not Graphics Only
6.3 NPC's ANIMATIONS,Leviathan Animations - NPC - Sprint,1.0,Not Graphics Only
6.3 NPC's ANIMATIONS,Female Runway Animations - NPC - Female Idle Walk Run,1.3c,Not Graphics Only
6.3 NPC's ANIMATIONS,Goetia Animations - NPC - Male Idle Walk Run,1.3c,Not Graphics Only
6.3 NPC's ANIMATIONS,Goetia Animations - NPC - Female Idle Walk Run,1.2c,Not Graphics Only
6.3 NPC's ANIMATIONS,Goetia Animations - NPC - Sprint,1.0c,Not Graphics Only
6.3 NPC's ANIMATIONS,Goetia Animations - Magic Spell Casting,1.4,Not Graphics Only
6.3 NPC's ANIMATIONS,New Animation for Magic Casting,1.0,Not Graphics Only
6.3 NPC's ANIMATIONS,YY Animation Replacer - Mystic Knight,1.0,Not Graphics Only
6.3 NPC's ANIMATIONS,Olivier Magic Casting,1.0,Not Graphics Only
6.3 NPC's ANIMATIONS,Goetia Animations - Enchanted Staves,1.51,Not Graphics Only
6.3 NPC's ANIMATIONS,Vanargand Animations - Archery,1.0,Not Graphics Only
6.3 NPC's ANIMATIONS,Vanargand Animations - Sneak Archery,1.4,Not Graphics Only
6.3 NPC's ANIMATIONS,NPC Animation Remix,2.0,Not Graphics Only
6.3 NPC's ANIMATIONS,Gesture Animation Remix,2.1.1,Not Graphics Only
6.3 NPC's ANIMATIONS,Arm Movement Animations,2.1,Not Graphics Only
6.3 NPC's ANIMATIONS,Conditional Tavern Cheering,1.3,Not Graphics Only
6.3 NPC's ANIMATIONS,Lively Children Animations,2.2.1,Not Graphics Only
6.3 NPC's ANIMATIONS,Disable NPC Stretching Idle,1.0,Not Graphics Only
6.3 NPC's ANIMATIONS,Axarien's Animations - Inigo,1.0,Not Graphics Only
6.3 NPC's ANIMATIONS,Axarien's Animations - Lucien,2.0,Not Graphics Only
6.3 NPC's ANIMATIONS,Axarien's Animations - Auri,1.1,Not Graphics Only
6.3 NPC's ANIMATIONS,Axarien's Animations - Kaidan,3.0,Not Graphics Only
6.3 NPC's ANIMATIONS,Dai Katana Moveset for Kaidan,1.0,Not Graphics Only
6.3 NPC's ANIMATIONS,New Creature Animation - Giant,0.9b,Not Graphics Only
6.3 NPC's ANIMATIONS,New Creature Animation - Falmer,1.0,Not Graphics Only
6.3 NPC's ANIMATIONS,New Creature Animation - Troll,1.0,Not Graphics Only
6.3 NPC's ANIMATIONS,New Creature Animation - Werewolf,1.1,Not Graphics Only
6.3 NPC's ANIMATIONS,New Creature Animation - Lurker,1.0,Not Graphics Only
6.3 NPC's ANIMATIONS,New Creature Animation - Frost Atronach,1.0,Not Graphics Only
6.3 NPC's ANIMATIONS,New Creature Animation - Riekling and Goblin,1.0,Not Graphics Only
6.3 NPC's ANIMATIONS,Combat Animation Overhaul - Dwarven Sphere,1.0,Not Graphics Only
6.4 COMMON ANIMATIONS,Smooth Random idle Animation,1.7,Not Graphics Only
6.4 COMMON ANIMATIONS,Conditional Dog Barking,1.2,Not Graphics Only
6.4 COMMON ANIMATIONS,Lively Cart Driver Animations,2.0,Not Graphics Only
6.4 COMMON ANIMATIONS,Goetia Animations - Sneak Magic,1.1,Not Graphics Only
6.4 COMMON ANIMATIONS,Goetia Animations - Conditional Shouts,1.2,Not Graphics Only
6.4 COMMON ANIMATIONS,Stronger Swimming Animation,2.0,Not Graphics Only
6.4 COMMON ANIMATIONS,No Spinning Death Animation,1.311,Not Graphics Only
6.4 COMMON ANIMATIONS,Immersive Interactions - Animated Actions,1.77,Not Graphics Only
6.4 COMMON ANIMATIONS,Immersive Interactions - Animated Actions - Legacy Settings Loader,1.4,Not Graphics Only
6.4 COMMON ANIMATIONS,Immersive Interactions - Nolvus Settings,6.0.15,Not Graphics Only
6.4 COMMON ANIMATIONS,Simply Knock,1.0.3,Not Graphics Only
6.4 COMMON ANIMATIONS,Simply Knock - SKSE,4.0,Not Graphics Only
6.4 COMMON ANIMATIONS,Simply Knock - Nolvus Settings,6.0.15,Not Graphics Only
6.4 COMMON ANIMATIONS,Take a Seat - New Sitting Animations,1.01,Not Graphics Only
6.4 COMMON ANIMATIONS,Sonders Keyword Distribution Resources,1.4,Not Graphics Only
6.4 COMMON ANIMATIONS,Modern Female Sitting Animations Overhaul,1.9,Not Graphics Only
6.4 COMMON ANIMATIONS,Random Male Wall Leaning Animations,1.2,Not Graphics Only
6.4 COMMON ANIMATIONS,Dynamic Female Wall Leaning,1.3,Not Graphics Only
6.4 COMMON ANIMATIONS,Dynamic Female Rail Leaning,1.1,Not Graphics Only
6.4 COMMON ANIMATIONS,Dynamic Female Ledge Sitting,1.3,Not Graphics Only
6.4 COMMON ANIMATIONS,Dynamic Female Hand Warming,1.6,Not Graphics Only
6.4 COMMON ANIMATIONS,Dynamic Torch Idle Animations,1.3,Not Graphics Only
6.4 COMMON ANIMATIONS,Dynamic Torch Idle Animations - Randomized,1.3,Not Graphics Only
6.4 COMMON ANIMATIONS,Dynamic Female Weather Idles,1.3,Not Graphics Only
6.4 COMMON ANIMATIONS,Dynamic Female Weather Idles - Nolvus Integration,6.0.14,Not Graphics Only
6.4 COMMON ANIMATIONS,Dynamic Climb-Able Ladder Doors,1.2,Not Graphics Only
6.4 COMMON ANIMATIONS,First Person Interactions,1.4.1,Not Graphics Only
6.4 COMMON ANIMATIONS,First Person Interactions - Nolvus Settings,6.0.15,Not Graphics Only
6.4 COMMON ANIMATIONS,Improved Table Transition Animations,1.3,Not Graphics Only
6.4 COMMON ANIMATIONS,EVG Conditional Idles,1.51,Not Graphics Only
6.4 COMMON ANIMATIONS,EVG Conditional Idles - Settings Loader,3.0,Not Graphics Only
6.4 COMMON ANIMATIONS,EVG Conditional Idles - Nolvus Settings,6.0.7,Not Graphics Only
6.4 COMMON ANIMATIONS,Conditional Expressions,1.27,Not Graphics Only
6.4 COMMON ANIMATIONS,Conditional Expressions - Exhaustion Patch,1.0,Not Graphics Only
6.4 COMMON ANIMATIONS,UNDERDOG - Death Animations,2.0.4,Not Graphics Only
6.4 COMMON ANIMATIONS,UNDERDOG - Death Animations - Animation Guaranteed,1.0,Not Graphics Only
6.4 COMMON ANIMATIONS,Dynamic Injured Creature Animations - Falmer,1.1,Not Graphics Only
6.4 COMMON ANIMATIONS,Eating Animations and Sounds,1.9.4,Not Graphics Only
6.4 COMMON ANIMATIONS,Eating Animations and Sounds - Xtudo HD Version,6.1,Not Graphics Only
6.4 COMMON ANIMATIONS,Eating Animations and Sounds - Fishing Patch,1.1,Not Graphics Only
6.4 COMMON ANIMATIONS,Eating Animations and Sounds - Patch Collection,2.10,"Ultimate, Not Graphics Only"
6.4 COMMON ANIMATIONS,Eating Animations and Sounds - Patch Collection - Ultra,2.10,"Ultra, Not Graphics Only"
6.4 COMMON ANIMATIONS,Eating Animations and Sounds - Patch Collection - Redux,2.10,"Redux, Not Graphics Only"
6.4 COMMON ANIMATIONS,Eating animations and Sounds - Arcs Tankard Redux,7.6,Not Graphics Only
6.4 COMMON ANIMATIONS,Flute Animation Fix,1.1,Not Graphics Only
6.4 COMMON ANIMATIONS,I Just Want to Sit Down and Read,1.4,Not Graphics Only
6.4 COMMON ANIMATIONS,Simple Fishing Overhaul,1.2,Not Graphics Only
6.4 COMMON ANIMATIONS,Simple Fishing Overhaul - DBVO - Bella,1.0,Not Graphics Only
6.4 COMMON ANIMATIONS,EVG Clamber - Slope Animations,1.0,Not Graphics Only
6.4 COMMON ANIMATIONS,EVG Clamber - Slope Animations - Nolvus Integration,6.0.14,Not Graphics Only
6.4 COMMON ANIMATIONS,Super Fast Get Up Animation,1.0,"Conventional Combat Addon, Not Graphics Only"
6.4 COMMON ANIMATIONS,BadAss Get-Up Animation,1.0,"Fantasy Combat Addon, Not Graphics Only"
7.1 PERKS ABILITIES & POWER,Apocalypse - Magic of Skyrim,9.45,Not Graphics Only
7.1 PERKS ABILITIES & POWER,Apocalypse - Project AHO Spell Crafting Patch,2.0,Not Graphics Only
7.1 PERKS ABILITIES & POWER,Apocalypse - Additional Dremora Faces Patch,1.3.4,Not Graphics Only
7.1 PERKS ABILITIES & POWER,Thunderchild,4.11,Not Graphics Only
7.1 PERKS ABILITIES & POWER,Mysticism - A Magic Overhaul,2.4.2,Not Graphics Only
7.1 PERKS ABILITIES & POWER,Mysticism - Cleaned and Upscaled [2K],1.0,Not Graphics Only
7.1 PERKS ABILITIES & POWER,Mysticism - Additional Dremora Faces Patch,1.2.2,Not Graphics Only
7.1 PERKS ABILITIES & POWER,Mysticism - Jump Spell Addon,1.0.3,Not Graphics Only
7.1 PERKS ABILITIES & POWER,Mysticism - USSEP Container Patch,3.0,Not Graphics Only
7.1 PERKS ABILITIES & POWER,Mysticism - FleshFX Patch,1.2,Not Graphics Only
7.1 PERKS ABILITIES & POWER,Mysticism - The Cause Rebalance,1.0,Not Graphics Only
7.1 PERKS ABILITIES & POWER,Mysticism - Lower Charge Time,1.0,Not Graphics Only
7.1 PERKS ABILITIES & POWER,Mysticism - No Projectile Weight,1.0,Not Graphics Only
7.1 PERKS ABILITIES & POWER,Mysticism - Spells For Npcs,1.9,Not Graphics Only
7.1 PERKS ABILITIES & POWER,Mysticism - Deadly Spell Impacts,1.0,Not Graphics Only
7.1 PERKS ABILITIES & POWER,Mysticism - Project AHO Spell Crafting Patch,1.0,Not Graphics Only
7.1 PERKS ABILITIES & POWER,Mysticism - Midwood Isle - Wyrmstooth Spell Consistency Patch,2.0,Not Graphics Only
7.1 PERKS ABILITIES & POWER,SPERG - Skyrim Perk Enhancements and Rebalanced Gameplay,1.8,Not Graphics Only
7.1 PERKS ABILITIES & POWER,SPERG - Thunderchild Patch,1.0,Not Graphics Only
7.1 PERKS ABILITIES & POWER,SPERG - Optimised Scripts,1.0.1,Not Graphics Only
7.1 PERKS ABILITIES & POWER,SPERG - Zim's Immersive Artifacts Compatibility Patch,2.2,Not Graphics Only
7.1 PERKS ABILITIES & POWER,Adamant - A Perk Overhaul,5.9.2,Not Graphics Only
7.1 PERKS ABILITIES & POWER,Adamant - Apocalypse Patch,2.0,Not Graphics Only
7.1 PERKS ABILITIES & POWER,Adamant - FleshFX Patch,1.0,Not Graphics Only
7.1 PERKS ABILITIES & POWER,Adamant - Animated Armory Bound Weapons Patch,1,Not Graphics Only
7.1 PERKS ABILITIES & POWER,Path of Sorcery - Magic Perk Overhaul,2.7,Not Graphics Only
7.1 PERKS ABILITIES & POWER,Path of Sorcery - Apocalypse Patch,2.1,Not Graphics Only
7.1 PERKS ABILITIES & POWER,Path of Sorcery - Immersive Sounds Patch,2.1,Not Graphics Only
7.1 PERKS ABILITIES & POWER,Path of Sorcery - Arcane Accessories Patch,2.1,Not Graphics Only
7.1 PERKS ABILITIES & POWER,Path of Sorcery - Bittercup Patch,2.0,Not Graphics Only
7.1 PERKS ABILITIES & POWER,Path of Sorcery - Necromantic Grimoire Patch,2.1,Not Graphics Only
7.1 PERKS ABILITIES & POWER,Path of Sorcery - Plague of the Dead Patch,2.0,Not Graphics Only
7.1 PERKS ABILITIES & POWER,Path of Sorcery - Saints and Seducers Patch,2.1,Not Graphics Only
7.1 PERKS ABILITIES & POWER,Path of Sorcery - The Cause Patch,2.0,Not Graphics Only
7.1 PERKS ABILITIES & POWER,Path of Sorcery - Creation Club Leveled List Patch,2.0,Not Graphics Only
7.1 PERKS ABILITIES & POWER,Path of Sorcery - Discrepancy's PoS Mashup Patch,1.0,Not Graphics Only
7.1 PERKS ABILITIES & POWER,Vokrii - Minimalistic Perks of Skyrim,3.8.2,Not Graphics Only
7.1 PERKS ABILITIES & POWER,Vokrii - Apocalypse Patch,9.45,Not Graphics Only
7.1 PERKS ABILITIES & POWER,Vokrii - Mysticism Patch,3.8,Not Graphics Only
7.1 PERKS ABILITIES & POWER,Vokrii - Scrambled Bugs Compatibility,1.0,Not Graphics Only
7.1 PERKS ABILITIES & POWER,Vokrii - Optimised Scripts,1.0,Not Graphics Only
7.1 PERKS ABILITIES & POWER,Ordinator,9.31,Not Graphics Only
7.1 PERKS ABILITIES & POWER,Ordinator Reworked - Combat Mod Compatibility,1.07,Not Graphics Only
7.1 PERKS ABILITIES & POWER,Ordinator - Scrambled Bugs compatibility,1.0.1,Not Graphics Only
7.1 PERKS ABILITIES & POWER,Ordinator - Beyond Skyrim Patch,1.0,Not Graphics Only
7.1 PERKS ABILITIES & POWER,Ordinator - Mysticism Patch,1.1.3,Not Graphics Only
7.1 PERKS ABILITIES & POWER,Ordinator - Combat Styles,1.08,Not Graphics Only
7.1 PERKS ABILITIES & POWER,Ordinator - No Timed Block,0.1,Not Graphics Only
7.1 PERKS ABILITIES & POWER,Ordinator - Optimised Scripts,1.2,Not Graphics Only
7.1 PERKS ABILITIES & POWER,Ordinator - Apocalypse Patch,9.45,Not Graphics Only
7.1 PERKS ABILITIES & POWER,Apocalypse - Optimised Scripts,1.0,Not Graphics Only
7.1 PERKS ABILITIES & POWER,Vokriinator Black,6.14.3,Not Graphics Only
7.1 PERKS ABILITIES & POWER,Vokriinator Black - Apocalypse Patch,6.8,Not Graphics Only
7.1 PERKS ABILITIES & POWER,Vokriinator Black - DAC Improved,6.12.1,Not Graphics Only
7.1 PERKS ABILITIES & POWER,Vokriinator Black - No Timed Blocking,1.0,Not Graphics Only
7.1 PERKS ABILITIES & POWER,Vokriinator Black - Ethereal Arrows Fix,1.0,Not Graphics Only
7.1 PERKS ABILITIES & POWER,Vokriinator Black - Combat Tweaks,1.0,Not Graphics Only
7.1 PERKS ABILITIES & POWER,Vokriinator Black - Discrepancy's ISC Patch,1.0,Not Graphics Only
7.1 PERKS ABILITIES & POWER,Nolvus Awakening Vokriinator Black Integration,6.0.21,Not Graphics Only
7.1 PERKS ABILITIES & POWER,Nolvus Awakening Stances Perk System NG,6.0.21,"Stances Perk Tree Addon, Not Graphics Only"
7.1 PERKS ABILITIES & POWER,Nolvus Awakening Stances Perk System NG - 21x9,6.0.21,"Stances Perk Tree Addon, Not Graphics Only, 21:9"
7.1 PERKS ABILITIES & POWER,Nolvus Awakening Stances Perk System NG - 32x9,6.0.21,"Stances Perk Tree Addon, Not Graphics Only, 32:9"
7.1 PERKS ABILITIES & POWER,Thaumaturgy - An Enchanting Overhaul,1.4.5,Not Graphics Only
7.1 PERKS ABILITIES & POWER,Thaumaturgy - CC Crossbows Patch,1.0,Not Graphics Only
7.1 PERKS ABILITIES & POWER,Thaumaturgy - USSEP Patch,1.3,Not Graphics Only
7.1 PERKS ABILITIES & POWER,Thaumaturgy - Weapons Armors Clothing and Cluther Fix Patch,1.4,Not Graphics Only
7.1 PERKS ABILITIES & POWER,Thaumaturgy - Spear of Skyrim Patch,1.0,Not Graphics Only
7.1 PERKS ABILITIES & POWER,Elemental Destruction Magic Redux,1.2,Not Graphics Only
7.1 PERKS ABILITIES & POWER,Triumvirate,1.8,Not Graphics Only
7.1 PERKS ABILITIES & POWER,Triumvirate - ISC Patch,1.2,Not Graphics Only
7.1 PERKS ABILITIES & POWER,Sonic Magic,1.4,Not Graphics Only
7.1 PERKS ABILITIES & POWER,Astral Magic 2,2.43,Not Graphics Only
7.1 PERKS ABILITIES & POWER,Storm Calling Magic 2,1.52,Not Graphics Only
7.1 PERKS ABILITIES & POWER,Vulcano,1.2.6,Not Graphics Only
7.1 PERKS ABILITIES & POWER,Arclight,1.1.6,Not Graphics Only
7.1 PERKS ABILITIES & POWER,Constellation Magic,1.21,Not Graphics Only
7.1 PERKS ABILITIES & POWER,Desecration,1.1.8,Not Graphics Only
7.1 PERKS ABILITIES & POWER,Holy Templar Magic,1.42,Not Graphics Only
7.1 PERKS ABILITIES & POWER,The Witcher Signs,1.18,Not Graphics Only
7.1 PERKS ABILITIES & POWER,The Witcher Signs Casting Animations,1.0,Not Graphics Only
7.1 PERKS ABILITIES & POWER,Abyss,3.1.6,Not Graphics Only
7.1 PERKS ABILITIES & POWER,Dark Hierophant Magic,1.43,Not Graphics Only
7.1 PERKS ABILITIES & POWER,Ancient Blood Magic 2,1.54,Not Graphics Only
7.1 PERKS ABILITIES & POWER,Angelic Standing Stones,1.4,Not Graphics Only
7.1 PERKS ABILITIES & POWER,Angelic Standing Stones - Amulets of Skyrim Patch,1.2,Not Graphics Only
7.1 PERKS ABILITIES & POWER,Standing Stones Icons,1.2,Not Graphics Only
7.1 PERKS ABILITIES & POWER,Standing Stones Icons - Angelic Patch,1.0,Not Graphics Only
7.1 PERKS ABILITIES & POWER,Standing Stones Icons - Amulet Angelic Patch,1.0,Not Graphics Only
7.1 PERKS ABILITIES & POWER,Conduit - Short Term Weapon Infusions,2.7,Not Graphics Only
7.1 PERKS ABILITIES & POWER,Conduit - XPMSE Patch,1.0,Not Graphics Only
7.1 PERKS ABILITIES & POWER,Immersive Spell Learning - DESTified,1.4.5,Not Graphics Only
7.1 PERKS ABILITIES & POWER,Strange Runes,3.7.3,Not Graphics Only
7.1 PERKS ABILITIES & POWER,Strange Runes - Settings Loader,1.0,Not Graphics Only
7.1 PERKS ABILITIES & POWER,GIST Soul Trap,1.3,Not Graphics Only
7.1 PERKS ABILITIES & POWER,GIST Soul Trap - MultiLayer Parallax Soul Gems Patch,1.0,Not Graphics Only
7.1 PERKS ABILITIES & POWER,GIST Soul Trap - Multilayer Parallax Soul Gems - ENB Lights Patch,1.1,Not Graphics Only
7.1 PERKS ABILITIES & POWER,Custom Skills - Companions,1.2,Not Graphics Only
7.1 PERKS ABILITIES & POWER,Custom Skills - Legacy of The Dragonborn,0.6,Not Graphics Only
7.1 PERKS ABILITIES & POWER,Custom Skills - Vigilant,2.0,Not Graphics Only
7.1 PERKS ABILITIES & POWER,Custom Skills - Prelude to Purgatory - A Lich Skill Tree,2.3,Not Graphics Only
7.1 PERKS ABILITIES & POWER,Custom Skills - Dragonborn Shouts Perk Tree,3.1,Not Graphics Only
7.1 PERKS ABILITIES & POWER,Custom Skills - Dragonborn Shouts Perk Tree - Infinite Loop Script Fix,1.0,Not Graphics Only
7.1 PERKS ABILITIES & POWER,Custom Skills - UTF8 Fix,1.0,Not Graphics Only
7.1 PERKS ABILITIES & POWER,Experience,3.4.5,"Alternate Leveling, Not Graphics Only"
7.1 PERKS ABILITIES & POWER,Experience - MCM,1.4,"Alternate Leveling, Not Graphics Only"
7.1 PERKS ABILITIES & POWER,Experience - Creation Club Patch,1.0,"Alternate Leveling, Not Graphics Only"
7.1 PERKS ABILITIES & POWER,Experience - Quests Tweak,1.0,"Alternate Leveling, Not Graphics Only"
7.1 PERKS ABILITIES & POWER,Nolvus Awakening Experience Integration,6.0.13,"Alternate Leveling, Not Graphics Only"
7.1 PERKS ABILITIES & POWER,Static Skill Leveling Rewritten,1.8,"Alternate Leveling, Not Graphics Only"
7.1 PERKS ABILITIES & POWER,Static Skill Leveling Rewritten - Skill Names Fix,1.0,"Alternate Leveling, Not Graphics Only"
7.1 PERKS ABILITIES & POWER,Skyrim Skill Uncapper,2.2.3,"Alternate Leveling, Not Graphics Only"
7.1 PERKS ABILITIES & POWER,Bloodskal Blade - Tweaks and Enhancements,1.4.0,Not Graphics Only
7.1 PERKS ABILITIES & POWER,Bloodskal Blade - Zim's Immersive Artifacts Patch,1.1.0,Not Graphics Only
7.1 PERKS ABILITIES & POWER,Bloodskal Blade - Tweaks and Enhancements - Horizontal Strike for MCO,1.1.0,Not Graphics Only
7.1 PERKS ABILITIES & POWER,Nolvus Awakening Various Items - No disenchant Patch,6.0.14,Not Graphics Only
7.1 PERKS ABILITIES & POWER,Nolvus Awakening Magic Patch,6.0.15,Not Graphics Only
7.1 PERKS ABILITIES & POWER,Nolvus Awakening Perk Patch,6.0.21,Not Graphics Only
7.2 SURVIVAL & NEEDS,Campfire,1.12.1,Not Graphics Only
7.2 SURVIVAL & NEEDS,Campfire - EmbersXD Patch,1.3,Not Graphics Only
7.2 SURVIVAL & NEEDS,Campfire - Nolvus Settings,6.0.15,Not Graphics Only
7.2 SURVIVAL & NEEDS,Campfire HD - Elsopa,1.0,Not Graphics Only
7.2 SURVIVAL & NEEDS,Campfire Backpack HD [2K],1.3,Not Graphics Only
7.2 SURVIVAL & NEEDS,SunHelm,3.1.4,Not Graphics Only
7.2 SURVIVAL & NEEDS,SunHelm - Settings Loader,1.2,Not Graphics Only
7.2 SURVIVAL & NEEDS,SunHelm - Nolvus Settings,6.0.21,"16:9, Not Graphics Only"
7.2 SURVIVAL & NEEDS,SunHelm - Nolvus Settings - 21x9,6.0.21,"21:9, Not Graphics Only"
7.2 SURVIVAL & NEEDS,SunHelm - Nolvus Settings - 32x9,6.0.21,"32:9, Not Graphics Only"
7.2 SURVIVAL & NEEDS,SunHelm - Creation Club Farming Patch,1.1,Not Graphics Only
7.2 SURVIVAL & NEEDS,SunHelm - DBVO - Bella,1.0,Not Graphics Only
7.2 SURVIVAL & NEEDS,SunHelm - DBVO - Vampire,1.0,Not Graphics Only
7.2 SURVIVAL & NEEDS,SunHelm - SR Exterior Cities Patch,6.0,"SREX, Not Graphics Only"
7.2 SURVIVAL & NEEDS,SunHelm - Compatibility Patches,1.1,"Ultimate, Not Graphics Only"
7.2 SURVIVAL & NEEDS,SunHelm - Compatibility Patches - Ultra,1.1,"Ultra, Not Graphics Only"
7.2 SURVIVAL & NEEDS,SunHelm - Compatibility Patches - Redux,1.1,"Redux, Not Graphics Only"
7.2 SURVIVAL & NEEDS,SunHelm - Bruma Patch,1.0,Not Graphics Only
7.2 SURVIVAL & NEEDS,SunHelm - Gray Cowl of Nocturnal Patch,1.2,Not Graphics Only
7.2 SURVIVAL & NEEDS,SunHelm - Drinking Fountains Patch,1.0,Not Graphics Only
7.2 SURVIVAL & NEEDS,SunHelm - Experience Patch,1.0.1,"Alternate Leveling, Not Graphics Only"
7.2 SURVIVAL & NEEDS,SunHelm - Magical Heat Sources,0.1,Not Graphics Only
7.2 SURVIVAL & NEEDS,SunHelm - Waterskins,1.1,Not Graphics Only
7.2 SURVIVAL & NEEDS,SunHelm - Simple Weather Icons,1.0,Not Graphics Only
7.2 SURVIVAL & NEEDS,Sunhelm - Eating Animations and Sounds Patch,2.1,Not Graphics Only
7.2 SURVIVAL & NEEDS,Survival Control Panel,1.1.2,Not Graphics Only
7.2 SURVIVAL & NEEDS,Survival Control Panel - Settings Loader,6.0.15,Not Graphics Only
7.2 SURVIVAL & NEEDS,Static SunHelm,1.8,"Alternate Leveling, Not Graphics Only"
7.2 SURVIVAL & NEEDS,Simple Hunting Overhaul,1.12,Not Graphics Only
7.2 SURVIVAL & NEEDS,Simple Hunting Overhaul - MCM Helper,1.0,Not Graphics Only
7.2 SURVIVAL & NEEDS,Simple Hunting Overhaul - DBVO - Vampire,1.10,Not Graphics Only
7.2 SURVIVAL & NEEDS,Simple Hunting Overhaul - Eating Animations and Sounds Patch,1.0,Not Graphics Only
7.2 SURVIVAL & NEEDS,Simple Hunting Overhaul - Attacko Daedra Patch,1.0,"Boss Encounter Addon, Not Graphics Only"
7.2 SURVIVAL & NEEDS,Simple Hunting Overhaul - Mihail Ogres and Ettins Patch,1.0,Not Graphics Only
7.2 SURVIVAL & NEEDS,Simple Hunting Overhaul - Mihail Sea Giants and Ice Titans Patch,1.0,Not Graphics Only
7.2 SURVIVAL & NEEDS,Simple Hunting Overhaul - Ogres Patch,1.0,Not Graphics Only
7.2 SURVIVAL & NEEDS,Simple Hunting Overhaul - Nolvus Settings,6.0.21,Not Graphics Only
7.2 SURVIVAL & NEEDS,Immersive Hunting Animations,2.3.1,Not Graphics Only
7.2 SURVIVAL & NEEDS,Immersive Hunting Animations - Nolvus Settings,6.0.21,Not Graphics Only
7.2 SURVIVAL & NEEDS,Dirt and Blood - Dynamic Visual Effects,2.37,Not Graphics Only
7.2 SURVIVAL & NEEDS,Dirt and Blood - Xtudo Seamless Soap Texture,1.0,Not Graphics Only
7.2 SURVIVAL & NEEDS,Dirt and Blood - Legacy Settings Loader,1.2,Not Graphics Only
7.2 SURVIVAL & NEEDS,Dirt and Blood - Nolvus Settings,6.0.7,Not Graphics Only
7.2 SURVIVAL & NEEDS,Dirt and Blood - Widget Addon,1.7.2,Not Graphics Only
7.2 SURVIVAL & NEEDS,Dirt and Blood - Widget Addon - Settings Loader,2.0,Not Graphics Only
7.2 SURVIVAL & NEEDS,Inn Soaps,1.2,Not Graphics Only
7.2 SURVIVAL & NEEDS,Inn Soaps - Display for Legacy of the Dragonborn,1.2,Not Graphics Only
7.2 SURVIVAL & NEEDS,Nolvus Awakening Survival Patch,6.0.15,Not Graphics Only
7.3 CRAFTING,Complete Crafting Overhaul Remastered,2.5.9,Not Graphics Only
7.3 CRAFTING,Complete Crafting Overhaul Remastered - Settings Loader,2.1,Not Graphics Only
7.3 CRAFTING,Complete Crafting Overhaul Remastered - Nolvus Settings,6.0.1,Not Graphics Only
7.3 CRAFTING,Complete Crafting Overhaul Remastered - Fearsome Fists Patch,1.0,Not Graphics Only
7.3 CRAFTING,Complete Crafting Overhaul Remastered - Fishing Patch,1.4,Not Graphics Only
7.3 CRAFTING,Complete Crafting Overhaul Remastered - Nordic Jewelry Patch,1.0,Not Graphics Only
7.3 CRAFTING,Complete Crafting Overhaul Remastered - Audio Overhaul Patch,1.0,Not Graphics Only
7.3 CRAFTING,Complete Crafting Overhaul Remastered - Immersive Sounds Patch,1.0,Not Graphics Only
7.3 CRAFTING,Complete Crafting Overhaul Remastered - Beyond Skyrim - Bruma Patch,1.2,Not Graphics Only
7.3 CRAFTING,Complete Crafting Overhaul Remastered - New Legion Patch,1.3,Not Graphics Only
7.3 CRAFTING,Complete Crafting Overhaul Remastered - Silver Knight Armor,1.0,Not Graphics Only
7.3 CRAFTING,Complete Crafting Overhaul Remastered - Cloaks of Skyrim Patch,1.5,Not Graphics Only
7.3 CRAFTING,Complete Crafting Overhaul Remastered - Winter is Coming Patch,1.1,Not Graphics Only
7.3 CRAFTING,Complete Crafting Overhaul Remastered - Faction Crossbows Patch,1.0,Not Graphics Only
7.3 CRAFTING,Complete Crafting Overhaul Remastered - Dawnguard Arsenal Patch,1.1,Not Graphics Only
7.3 CRAFTING,Complete Crafting Overhaul Remastered - JaySuS Swords Patch,1.2,Not Graphics Only
7.3 CRAFTING,Complete Crafting Overhaul Remastered - Silver Knight Shield,1.0,Not Graphics Only
7.3 CRAFTING,Complete Crafting Overhaul Remastered - Amulets of Skyrim Patch,1.0,Not Graphics Only
7.3 CRAFTING,Complete Crafting Overhaul Remastered - Gemling Queen Jewelry Patch,1.0,Not Graphics Only
7.3 CRAFTING,Complete Crafting Overhaul Remastered - Ordinator Patch,1.2,Not Graphics Only
7.3 CRAFTING,Complete Crafting Overhaul Remastered - Campfire Patch,1.0,Not Graphics Only
7.3 CRAFTING,Complete Crafting Overhaul Remastered - Aetherium Armor and Weapons Patch,1.0,Not Graphics Only
7.3 CRAFTING,Apothecary - An Alchemy Overhaul,1.3.9,Not Graphics Only
7.3 CRAFTING,Apothecary - Fishing Patch,1.4.1,Not Graphics Only
7.3 CRAFTING,Apothecary - Rare Curios Patch,1.4,Not Graphics Only
7.3 CRAFTING,Apothecary - Saints and Seducers Patch,1.4,Not Graphics Only
7.3 CRAFTING,Apothecary - Various Patches,2.0,Not Graphics Only
7.3 CRAFTING,Apothecary - B.O.O.B.I.E.S - Potions Patch,1.1,Not Graphics Only
7.3 CRAFTING,Apothecary - Bruma Patch,1.4,Not Graphics Only
7.3 CRAFTING,Apothecary - Wyrmstooth Patch,1.4,Not Graphics Only
7.3 CRAFTING,Apothecary - Midwood Isle Patch,1.0,Not Graphics Only
7.3 CRAFTING,Apothecary - Mihail Goblins and Riekrs - Patch,1.0,Not Graphics Only
7.3 CRAFTING,Apothecary - StarRiseShine's Patches,1.2.4,Not Graphics Only
7.3 CRAFTING,Apothecary - Awesome Potions Simplified Patch,1.0,Not Graphics Only
7.3 CRAFTING,Gourmet - A Cooking Overhaul,1.1.12,Not Graphics Only
7.3 CRAFTING,Gourmet - Fishing Patch,1.0.3,Not Graphics Only
7.3 CRAFTING,Gourmet - USSEP Patch,1.0.1,Not Graphics Only
7.3 CRAFTING,Gourmet - Patches,1.2,Not Graphics Only
7.3 CRAFTING,Gourmet - StarRiseShine's Patches,1.2.3.2,Not Graphics Only
7.3 CRAFTING,Gourmet - Missile's Patches,1.0.5,Not Graphics Only
7.3 CRAFTING,Gourmet - Teldryn Serious,1.0,Not Graphics Only
7.3 CRAFTING,Gourmet - Midwood Isle Patch,1.0,Not Graphics Only
7.3 CRAFTING,Gourmet - JK's New Gnisis Cornerclub,1.0,Not Graphics Only
7.3 CRAFTING,Gourmet - Eating Animations and Sounds Patch,2.2,Not Graphics Only
7.3 CRAFTING,Gourmet - Eating animations and Sounds - Dawn of Skyrim Patch,1.0,"Ultimate, Not Graphics Only"
7.3 CRAFTING,Nolvus Awakening Gourmet Integration,6.0.21,Not Graphics Only
7.3 CRAFTING,Craftable Lockpicks,1.0,Not Graphics Only
7.3 CRAFTING,Honed Metal,1.26.1,Not Graphics Only
7.3 CRAFTING,Honed Metal - Additional Materials,1.3,Not Graphics Only
7.3 CRAFTING,Honed Metal - Interesting NPCs Isobel Patch,1.26b,Not Graphics Only
7.3 CRAFTING,Decoction in Skyrim,3.0,Not Graphics Only
7.3 CRAFTING,Nolvus Awakening Crafting Patch,6.0.19,Not Graphics Only
7.4 COMBATS & ENEMIES,Core Impact Framework,2.0.4,Not Graphics Only
7.4 COMBATS & ENEMIES,Core Impact Framework - Generated Script,6.0.21,Not Graphics Only
7.4 COMBATS & ENEMIES,SmoothCam,1.7,Not Graphics Only
7.4 COMBATS & ENEMIES,SmoothCam - Modern Camera Preset,1.5,Not Graphics Only
7.4 COMBATS & ENEMIES,SmoothCam - Raven's Gaze Valhalla Preset,1.0,Not Graphics Only
7.4 COMBATS & ENEMIES,SmoothCam - Souls Like Preset,2.1,Not Graphics Only
7.4 COMBATS & ENEMIES,SmoothCam - Hellblade Preset,1.0,Not Graphics Only
7.4 COMBATS & ENEMIES,SmoothCam - Intimate Refined Preset,1.0,Not Graphics Only
7.4 COMBATS & ENEMIES,SmoothCam - Nolvus Settings,6.0.14,Not Graphics Only
7.4 COMBATS & ENEMIES,IFrame Generator RE,1.03,Not Graphics Only
7.4 COMBATS & ENEMIES,ADXP - MCO,1.6.0.6,Not Graphics Only
7.4 COMBATS & ENEMIES,ADXP - MCO - Bug Fixes,2.0.6,Not Graphics Only
7.4 COMBATS & ENEMIES,ADXP - MCO - Attack Data Transition Fix,0.1.2,Not Graphics Only
7.4 COMBATS & ENEMIES,MCO Universal Support,1.0,Not Graphics Only
7.4 COMBATS & ENEMIES,One Click Power Attack NG,1.11,Not Graphics Only
7.4 COMBATS & ENEMIES,One Click Power Attack NG - Nolvus Settings,6.0.5,Not Graphics Only
7.4 COMBATS & ENEMIES,Precision - Accurate Melee Collisions,2.0.4,Not Graphics Only
7.4 COMBATS & ENEMIES,Precision - Creatures,2.4,Not Graphics Only
7.4 COMBATS & ENEMIES,Precision - Default Weapon Trail Replacer,1.0,Not Graphics Only
7.4 COMBATS & ENEMIES,Precision - NPC Combat Fix,1.0.8,Not Graphics Only
7.4 COMBATS & ENEMIES,Precision - Nolvus Settings,6.0.4,Not Graphics Only
7.4 COMBATS & ENEMIES,TK Dodge,3.18,Not Graphics Only
7.4 COMBATS & ENEMIES,TK Dodge - Sounds,0.3,Not Graphics Only
7.4 COMBATS & ENEMIES,TK Dodge RE,0.55-rc3,Not Graphics Only
7.4 COMBATS & ENEMIES,TK Dodge RE - Nolvus Settings,6.0.4,Not Graphics Only
7.4 COMBATS & ENEMIES,Nolvus Awakening Dodge Framework,6.0,Not Graphics Only
7.4 COMBATS & ENEMIES,Dynamic Dodge Animation,1.5,Not Graphics Only
7.4 COMBATS & ENEMIES,Ultimate NPC Dodging,2.4.2,Not Graphics Only
7.4 COMBATS & ENEMIES,Ultimate NPC Dodging - Silentroll SPID Distribution,1.0,Not Graphics Only
7.4 COMBATS & ENEMIES,Ultimate NPC Dodging - Animation Pack,1.0,Not Graphics Only
7.4 COMBATS & ENEMIES,Valhalla Combat,1.3.3,Not Graphics Only
7.4 COMBATS & ENEMIES,Valhalla Combat - Backstab Bug Fix,1.1,Not Graphics Only
7.4 COMBATS & ENEMIES,Valhalla Combat - Swor's KillCam Patches,1.4,Not Graphics Only
7.4 COMBATS & ENEMIES,Valhalla Combat - Execution Compatibility Patches,1.0.8,Not Graphics Only
7.4 COMBATS & ENEMIES,Valhalla Combat - Race Compatibility - Unslaad,1.0,Not Graphics Only
7.4 COMBATS & ENEMIES,Valhalla Combat - Race Compatibility - Forgotten City,1.0,Not Graphics Only
7.4 COMBATS & ENEMIES,Valhalla Combat - Race Compatibility - Attacko Daedra 2,1.1,Not Graphics Only
7.4 COMBATS & ENEMIES,Valhalla Combat - Race Addons,1.2,Not Graphics Only
7.4 COMBATS & ENEMIES,Valhalla Combat - Nolvus Settings,6.0.6,"Exhaustion, Not Graphics Only"
7.4 COMBATS & ENEMIES,Valhalla Combat - Nolvus Settings - Light,6.0.6,"Not Exhaustion, Not Graphics Only"
7.4 COMBATS & ENEMIES,Valravn - Integrated Combat of Skyrim,2.2,Not Graphics Only
7.4 COMBATS & ENEMIES,Valravn - SPID Uncloak,2.1.1,Not Graphics Only
7.4 COMBATS & ENEMIES,Valvalis Combat - Visceral Tactics,1.20,Not Graphics Only
7.4 COMBATS & ENEMIES,Awakened Combat AI,1.1,Not Graphics Only
7.4 COMBATS & ENEMIES,Sekiro Combat S,2.2,Not Graphics Only
7.4 COMBATS & ENEMIES,Sekiro Combat S - Sparks Only and Sound Fixes,1.0,Not Graphics Only
7.4 COMBATS & ENEMIES,Modern Stagger Lock,1.07,Not Graphics Only
7.4 COMBATS & ENEMIES,Combat Pathing Revolution,0.30,Not Graphics Only
7.4 COMBATS & ENEMIES,Vanguard - Bash Behaviors Overhaul,1.0,Not Graphics Only
7.4 COMBATS & ENEMIES,Parrying RPG,2.0.1,Not Graphics Only
7.4 COMBATS & ENEMIES,Stop On Slash - Hitstop and Screenshake,2.2,Not Graphics Only
7.4 COMBATS & ENEMIES,Stop On Slash - Nolvus Settings,6.1,Not Graphics Only
7.4 COMBATS & ENEMIES,Dual Wield Parrying,1.7.0,Not Graphics Only
7.4 COMBATS & ENEMIES,NPC Infinite Block Fix,1.0,Not Graphics Only
7.4 COMBATS & ENEMIES,NPC Infinite Block Fix - SkyPatched,1.1,Not Graphics Only
7.4 COMBATS & ENEMIES,NPC No Block Exhaustion,1.0.0,Not Graphics Only
7.4 COMBATS & ENEMIES,NPC No Block Exhaustion - MCM,1.0.0,Not Graphics Only
7.4 COMBATS & ENEMIES,NPC Blocking Enhanced,1.0,Not Graphics Only
7.4 COMBATS & ENEMIES,Simple Attack Cancel,0.1,Not Graphics Only
7.4 COMBATS & ENEMIES,SCAR - Skyrim Combos AI Revolution,1.06b,Not Graphics Only
7.4 COMBATS & ENEMIES,SCAR - Stamina Limitation,1.4,Not Graphics Only
7.4 COMBATS & ENEMIES,No BS AI Projectile Dodge,1.3,Not Graphics Only
7.4 COMBATS & ENEMIES,Hot Key Skill,0.8,Not Graphics Only
7.4 COMBATS & ENEMIES,Bow Charge Plus,0.9,Not Graphics Only
7.4 COMBATS & ENEMIES,Archery Locational Damage,2.1.1,Not Graphics Only
7.4 COMBATS & ENEMIES,Archery Locational Damage - Nolvus Settings,6.0.6,"Not Milk Drinker, Not Graphics Only"
7.4 COMBATS & ENEMIES,3rd Person Camera Stagger Remover,1.0,Not Graphics Only
7.4 COMBATS & ENEMIES,Block Enchantments,1.0.1,Not Graphics Only
7.4 COMBATS & ENEMIES,Additional Attack,1.1,Not Graphics Only
7.4 COMBATS & ENEMIES,Additional Attack - Settings Loader,1.0.1,Not Graphics Only
7.4 COMBATS & ENEMIES,Additional Attack - Nolvus Settings,6.0.8,Not Graphics Only
7.4 COMBATS & ENEMIES,Divine Smite,1.1,Not Graphics Only
7.4 COMBATS & ENEMIES,Eldritch Blast,1.1,Not Graphics Only
7.4 COMBATS & ENEMIES,Frenzy and Enraged Throw,1.0,Not Graphics Only
7.4 COMBATS & ENEMIES,Flaming Strike,0.1,Not Graphics Only
7.4 COMBATS & ENEMIES,Nolvus Awakening Ashes of War Stance Framework,6.0.21,"Stances Perk Tree Addon, Not Graphics Only"
7.4 COMBATS & ENEMIES,Ashes of War - Weapon Art Via Additional Attack,0.86,Not Graphics Only
7.4 COMBATS & ENEMIES,Ashes of War - NPC's,0.45,Not Graphics Only
7.4 COMBATS & ENEMIES,EEOS - Enemy (R) Evolution of Skyrim,2.0.2,"Not Milk Drinker, Not Graphics Only"
7.4 COMBATS & ENEMIES,EEOS - EX - Enemy Revolution Expanded,2.0,"Not Milk Drinker, Not Graphics Only"
7.4 COMBATS & ENEMIES,True Armor,2.5.2,"Enemies Resistance Addon, Not Graphics Only"
7.4 COMBATS & ENEMIES,True Armor - Evolved,2.0,"Enemies Resistance Addon, Not Graphics Only"
7.4 COMBATS & ENEMIES,True Armor - Evolved - Settings Loader,6.0.21,"Enemies Resistance Addon, Not Graphics Only"
7.4 COMBATS & ENEMIES,True Armor - Evolved - Nolvus Settings,6.0.21,"Enemies Resistance Addon, Not Graphics Only"
7.4 COMBATS & ENEMIES,Armor Rating Recalculator,1.0,Not Graphics Only
7.4 COMBATS & ENEMIES,Locational Encounter Zones,1.0.2,Not Graphics Only
7.4 COMBATS & ENEMIES,Missing Encounter Zones Fixed,2.2,Not Graphics Only
7.4 COMBATS & ENEMIES,Encounter Zones Level Indicator,1.0.0,"Not Graphics Only, TRUE"
7.4 COMBATS & ENEMIES,Encounter Zones Level Indicator - New Icons,2.0,"Not Graphics Only, TRUE"
7.4 COMBATS & ENEMIES,NPCs Use Potions,3.3,Not Graphics Only
7.4 COMBATS & ENEMIES,NPCs Use Potions - Nolvus Settings,6.0.15,Not Graphics Only
7.4 COMBATS & ENEMIES,NPCs Take Cover,1.01,Not Graphics Only
7.4 COMBATS & ENEMIES,Fanatical Enemies,2.1,"Not Milk Drinker, Not Graphics Only"
7.4 COMBATS & ENEMIES,Fanatical Enemies - Patches,6.0.21,"Not Milk Drinker, Not Graphics Only"
7.4 COMBATS & ENEMIES,The Restless Dead,1.2.6,"Not Milk Drinker, Not Graphics Only"
7.4 COMBATS & ENEMIES,Better Vampire NPCs,2.21,"Not Milk Drinker, Not Graphics Only"
7.4 COMBATS & ENEMIES,Better Vampire NPCs - Patches,6.0.5,"Not Milk Drinker, Not Graphics Only"
7.4 COMBATS & ENEMIES,Lawless - A Bandit Overhaul,2.1,"Not Milk Drinker, Not Graphics Only"
7.4 COMBATS & ENEMIES,Lawless - Patches,1.2,"Not Milk Drinker, Not Graphics Only"
7.4 COMBATS & ENEMIES,Lawless - Bruma Patch,1.0,"Not Milk Drinker, Not Graphics Only"
7.4 COMBATS & ENEMIES,Lawless - Modpocalypse Patch,1.0,"Not Milk Drinker, Not Graphics Only"
7.4 COMBATS & ENEMIES,Lawless - WACCF Patch,1.0,"Not Milk Drinker, Not Graphics Only"
7.4 COMBATS & ENEMIES,Lawless - Nolvus Integration,6.0,"Not Milk Drinker, Not Graphics Only"
7.4 COMBATS & ENEMIES,Madmen - A Forsworn Overhaul,2.0.1,"Not Milk Drinker, Not Graphics Only"
7.4 COMBATS & ENEMIES,Madmen - Patches,2.0.1,"Not Milk Drinker, Not Graphics Only"
7.4 COMBATS & ENEMIES,Madmen - DBM Patch,1.1,"Not Milk Drinker, Not Graphics Only"
7.4 COMBATS & ENEMIES,Madmen - Modpocalypse Patch,1.0,"Not Milk Drinker, Not Graphics Only"
7.4 COMBATS & ENEMIES,Madmen - EEC - Modpocalypse Patch,1.0,"Not Milk Drinker, Not Graphics Only"
7.4 COMBATS & ENEMIES,Madmen - Dibella's Blessing Patch,1.0,"Not Milk Drinker, Not Graphics Only"
7.4 COMBATS & ENEMIES,Madmen - Cloaks of Skyrim Patch,1.0,"Not Milk Drinker, Not Graphics Only"
7.4 COMBATS & ENEMIES,Madmen - Nolvus Integration,6.0,"Not Milk Drinker, Not Graphics Only"
7.4 COMBATS & ENEMIES,VioLens - A Killmove Mod,2.30,Not Graphics Only
7.4 COMBATS & ENEMIES,VioLens - A Killmove Mod - Settings Loader,1.1,Not Graphics Only
7.4 COMBATS & ENEMIES,VioLens - A Killmove Mod - Nolvus Settings,6.0.14,Not Graphics Only
7.4 COMBATS & ENEMIES,Boss Fight - The Dark Secret of Bloodeye,0.9,"Boss Encounter Addon, Not Graphics Only"
7.4 COMBATS & ENEMIES,Boss Fight - Penetrator,1.0,"Boss Encounter Addon, Not Graphics Only"
7.4 COMBATS & ENEMIES,Boss Fight - TsunDal,1.0,"Boss Encounter Addon, Not Graphics Only"
7.4 COMBATS & ENEMIES,Boss Fight - Soul Cairn Boss,1.0,"Boss Encounter Addon, Not Graphics Only"
7.4 COMBATS & ENEMIES,Boss Fight - Soul Cairn Boss - Texture Fix,1.0,"Boss Encounter Addon, Not Graphics Only"
7.4 COMBATS & ENEMIES,Boss Fight - Soul Cairn Boss - True HUD,1.0,"Boss Encounter Addon, Not Graphics Only"
7.4 COMBATS & ENEMIES,Boss Fight - Soul Cairn Boss - Lord Yorma,1.2,"Boss Encounter Addon, Not Graphics Only"
7.4 COMBATS & ENEMIES,Boss Fight - Ghosts of Akavir,1.2,"Boss Encounter Addon, Not Graphics Only"
7.4 COMBATS & ENEMIES,Nolvus Awakening Boss Integration,6.0.21,"Boss Encounter Addon, Not Redux, Not Graphics Only"
7.4 COMBATS & ENEMIES,Nolvus Awakening Boss Integration - Redux,6.0.21,"Boss Encounter Addon, Redux, Not Graphics Only"
7.4 COMBATS & ENEMIES,Dismembering Framework,1.2.2,"Gore Addon, Not Graphics Only"
7.4 COMBATS & ENEMIES,Dismembering Framework - Humanoid Asset Pack,1.0.1,"Gore Addon, Not Graphics Only"
7.4 COMBATS & ENEMIES,Dismembering Framework - Creature Asset Pack,1.0.2,"Gore Addon, Not Graphics Only"
7.4 COMBATS & ENEMIES,Dismembering Framework - 3BA,1.0,"Gore Addon, Not Graphics Only"
7.4 COMBATS & ENEMIES,Dismembering Framework - HIMBO,1.0,"Gore Addon, Not Graphics Only"
7.4 COMBATS & ENEMIES,Dismembering Framework - Nolvus Settings,6.0.4,"Gore Addon, Not Graphics Only"
7.4 COMBATS & ENEMIES,Next-Gen Decapitations,1.4.3,Not Graphics Only
7.4 COMBATS & ENEMIES,Dynamic Bloodpool Framework,1.1.0,Not Graphics Only
7.4 COMBATS & ENEMIES,Dynamic Bloodpool Framework - Generated Script,6.0.21,Not Graphics Only
7.4 COMBATS & ENEMIES,Sanguine Symphony,1.3.3,Not Graphics Only
7.4 COMBATS & ENEMIES,Sanguine Symphony - Nolvus Settings,6.0.15,Not Graphics Only
7.4 COMBATS & ENEMIES,Sanguine Symphony - Separated Slash Effects X,1.03,"Fantasy Combat Addon, Not Graphics Only"
7.4 COMBATS & ENEMIES,Equipment Durability System NG,3.2,Not Graphics Only
7.4 COMBATS & ENEMIES,Equipment Durability System NG - 32x9,6.0.21,"32:9, Not Graphics Only"
7.4 COMBATS & ENEMIES,Simply Balanced,1.4.6,Not Graphics Only
7.4 COMBATS & ENEMIES,Simply Balanced - Settings Loader,1.1.0,Not Graphics Only
7.4 COMBATS & ENEMIES,Simply Balanced - Settings Loader - Fix,1.0,Not Graphics Only
7.4 COMBATS & ENEMIES,Nolvus Awakening Combat Synergy Patch,6.0.21,"Exhaustion, Not Graphics Only"
7.4 COMBATS & ENEMIES,Nolvus Awakening Combat Synergy Patch - Light,6.0.21,"Not Exhaustion, Not Graphics Only"
7.4 COMBATS & ENEMIES,Shadow of Skyrim - Nemesis and Alternative Death System,1.3.4,Not Graphics Only
7.4 COMBATS & ENEMIES,Shadow of Skyrim - Nemesis and Alternative Death System - No Startup Message,1.3.4,Not Graphics Only
7.4 COMBATS & ENEMIES,Shadow of Skyrim - Nemesis and Alternative Death System - Trembling Hands Unequips,1.3.4,Not Graphics Only
7.4 COMBATS & ENEMIES,Shadow of Skyrim - Nemesis and Alternative Death System - Nolvus Settings Loader,6.0.21,Not Graphics Only
7.4 COMBATS & ENEMIES,Nolvus Awakening Combat & Enemies Patch,6.0.21,"Not Redux, Not Milk Drinker, Not Graphics Only"
7.4 COMBATS & ENEMIES,Nolvus Awakening Combat & Enemies Patch - Milk Drinker,6.0.13,"Not Redux, Milk Drinker, Not Graphics Only"
7.4 COMBATS & ENEMIES,Nolvus Awakening Combat & Enemies Patch - Redux,6.0.21,"Redux, Not Milk Drinker, Not Graphics Only"
7.4 COMBATS & ENEMIES,Nolvus Awakening Combat & Enemies Patch - Redux - Milk Drinker,6.0.13,"Redux, Milk Drinker, Not Graphics Only"
7.4 COMBATS & ENEMIES,Nolvus Awakening Combat Scaling Overhaul - Milk Drinker,6.0.21,"Milk Drinker, Not Graphics Only"
7.4 COMBATS & ENEMIES,Nolvus Awakening Combat Scaling Overhaul - Hack and Slash,6.0.21,"Hack and Slash, Not Graphics Only"
7.4 COMBATS & ENEMIES,Nolvus Awakening Combat Scaling Overhaul - Moderate,6.0.21,"True Nord, Not Graphics Only"
7.4 COMBATS & ENEMIES,Nolvus Awakening Combat Scaling Overhaul - Prepare to Die,6.0.21,"Prepare to Die, Not Graphics Only"
7.5 ECONOMY,Trade and Barter,2.0,Not Graphics Only
7.5 ECONOMY,Trade and Barter - Settings Loader,1.0.4,Not Graphics Only
7.5 ECONOMY,Trade and Barter - Nolvus Settings,6.0,Not Graphics Only
7.5 ECONOMY,Trade Routes - Regional Economy,3.0b3,Not Graphics Only
7.5 ECONOMY,COIN - Coins of Interesting Natures,2.1.3.2,Not Graphics Only
7.5 ECONOMY,COIN - LOTD Patch,1.0,Not Graphics Only
7.5 ECONOMY,COIN - Merchant Exchange,2.1,Not Graphics Only
7.5 ECONOMY,COIN - Merchant Exchange - DBVO - Bella,1.0,Not Graphics Only
7.5 ECONOMY,COIN - Smelting Add-on,1.1,Not Graphics Only
7.5 ECONOMY,Nolvus Awakening Economy Patch,6.0.20,Not Graphics Only
7.6 AI,AI Overhaul,1.8.5,Not Graphics Only
7.6 AI,AI Overhaul - Cutting Room Floor Patch,1.0.3,Not Graphics Only
7.6 AI,AI Overhaul - Nithi NPC Enhancements Patch Hub,1.0,Not Graphics Only
7.6 AI,AI Overhaul - Interesting NPCs Patch,1.1,Not Graphics Only
7.6 AI,AI Overhaul - SR Exterior Cities Patch,6.0.13,"SREX, Not Graphics Only"
7.6 AI,AI Overhaul - Dawn of Skyrim Patch,1.1,"Ultimate, Not Graphics Only"
7.6 AI,AI Overhaul - Half-Moon Mill Patch,1.11,Not Graphics Only
7.6 AI,AI Overhaul - Gourmet Patch,6.0.5,Not Graphics Only
7.6 AI,Run For Your Lives,4.0.6,Not Graphics Only
7.6 AI,Guard Dialogue Overhaul,2.19,Not Graphics Only
7.6 AI,Guard Dialogue Overhaul - MCM,1.3.1,Not Graphics Only
7.6 AI,Relationship Dialogue Overhaul,1.0,Not Graphics Only
7.6 AI,Relationship Dialogue Overhaul - Cutting Room Floor Patch,1.0,Not Graphics Only
7.6 AI,Relationship Dialogue Overhaul - AI Overhaul Patch,1.0.1,Not Graphics Only
7.6 AI,Realistic Conversations,2.1,Not Graphics Only
7.6 AI,NPC AI Process Position Fix - NG,1.1.1,Not Graphics Only
7.6 AI,SPID NPC Trap Safety,0.1,Not Graphics Only
7.6 AI,Nolvus Awakening AI Patch,6.0.21,"Not Redux, Not Milk Drinker, Not Graphics Only"
7.6 AI,Nolvus Awakening AI Patch - Milk Drinker,6.0.21,"Not Redux, Milk Drinker, Not Graphics Only"
7.6 AI,Nolvus Awakening AI Patch - Redux,6.0.21,"Redux, Not Milk Drinker, Not Graphics Only"
7.6 AI,Nolvus Awakening AI Patch - Redux - Milk Drinker,6.0.21,"Redux, Milk Drinker, Not Graphics Only"
7.7 RELIGION,Wintersun,3.2,Not Graphics Only
7.7 RELIGION,Wintersun - Settings Loader,2.0.1,Not Graphics Only
7.7 RELIGION,Wintersun - Description Fixes,1.0,Not Graphics Only
7.7 RELIGION,Wintersun - Gallows Hall,1.0,Not Graphics Only
7.7 RELIGION,Wintersun - Ghosts of the Tribunal,1.0,Not Graphics Only
7.7 RELIGION,Wintersun - Tribunal Integration,1.0,Not Graphics Only
7.7 RELIGION,Wintersun - Tribunal Integration - Description Fixes,1.0,Not Graphics Only
7.7 RELIGION,Wintersun - House of Horrors - Quest Expansion Patch,1.0,Not Graphics Only
7.7 RELIGION,Wintersun - House of Horrors - TCIY Patch,1.0.0,Not Graphics Only
7.7 RELIGION,Wintersun - The Choice is Yours Patch,1.2,Not Graphics Only
7.7 RELIGION,Wintersun - Vigilant Patch,1.0,Not Graphics Only
7.7 RELIGION,Wintersun - Moon and Star Patch,1.0,Not Graphics Only
7.7 RELIGION,Wintersun - Auri Patch,1.0,Not Graphics Only
7.7 RELIGION,Wintersun - The Great Town of Shor's Stone Addon,2.0,Not Graphics Only
7.7 RELIGION,Wintersun - Daedric Shrines - Clavicus Vile Patch,1.01,Not Graphics Only
7.7 RELIGION,Wintersun - Daedric Shrines - Mephala Patch,1.0,Not Graphics Only
7.7 RELIGION,Wintersun - Daedric Shrines - Hircine Patch,1.02,Not Graphics Only
7.7 RELIGION,Wintersun - Daedric Shrines - Sanguine Patch,1.01,Not Graphics Only
7.7 RELIGION,Wintersun - Daedric Shrines - Sheogorath Patch,1.0,Not Graphics Only
7.7 RELIGION,Wintersun - Daedric Shrines - Namira Patch,1.01,Not Graphics Only
7.7 RELIGION,Wintersun - Daedric Shrines - Molag Bal Patch,1.0,Not Graphics Only
7.7 RELIGION,Wintersun - Daedric Shrines - Vaermina Patch,1.0,Not Graphics Only
7.7 RELIGION,Wintersun - Daedric Shrines - Hermaeus Mora Patch,1.0,Not Graphics Only
7.7 RELIGION,Wintersun - Daedric Shrines - Azura Patch,1.0,Not Graphics Only
7.7 RELIGION,Wintersun - Daedric Shrines - Jyggalag,1.1,Not Graphics Only
7.7 RELIGION,Wintersun - Prelude to Purgatory Patch,1.1,Not Graphics Only
7.7 RELIGION,Wintersun - Simply Knock Patch,1.0,Not Graphics Only
7.7 RELIGION,Nolvus Awakening Religion Patch,6.0.21,Not Graphics Only
7.8 MISC GAMEPLAY,Simple Follower Framework,1.4.1.1,Not Graphics Only
7.8 MISC GAMEPLAY,Swiftly Order Squad - Follower Commands UI,1.12.1,Not Graphics Only
7.8 MISC GAMEPLAY,My Home is Your Home NG,1.3,Not Graphics Only
7.8 MISC GAMEPLAY,A Closer Look,1.3,Not Graphics Only
7.8 MISC GAMEPLAY,Smart Optimal Salves - Optimal Potion,0.3,Not Graphics Only
7.8 MISC GAMEPLAY,Smart Optimal Salves - Optimal Potion - SKSE,1.2,Not Graphics Only
7.8 MISC GAMEPLAY,Headhunter - Bounties Redone,1.52,Not Graphics Only
7.8 MISC GAMEPLAY,Disable Follower Collision,1.0,Not Graphics Only
7.8 MISC GAMEPLAY,I'm Walkin' Here,1.5,Not Graphics Only
7.8 MISC GAMEPLAY,I'm Talkin' Here,2.0,Not Graphics Only
7.8 MISC GAMEPLAY,Simple Offence Suppression,2.2.1,Not Graphics Only
7.8 MISC GAMEPLAY,Simplest Horses,0.9.5,Not Graphics Only
7.8 MISC GAMEPLAY,Animated Whistling,1.11,Not Graphics Only
7.8 MISC GAMEPLAY,Simplest Horses - Animated Whistling Patch,0.9.5.1,Not Graphics Only
7.8 MISC GAMEPLAY,Instantly Skip Dialogue NG,1.1.1,Not Graphics Only
7.8 MISC GAMEPLAY,No Need to Ask Bounty is Served,1.1.2,Not Graphics Only
7.8 MISC GAMEPLAY,State Your Claw,1.0.1,Not Graphics Only
7.8 MISC GAMEPLAY,No Furniture Camera,1.0,Not Graphics Only
7.8 MISC GAMEPLAY,Pick Up Radius,1.8,Not Graphics Only
7.8 MISC GAMEPLAY,Food For The Thirsty,1.2,Not Graphics Only
7.8 MISC GAMEPLAY,Skyrim's Got Talent - Improve As a Bard,1.75,Not Graphics Only
7.8 MISC GAMEPLAY,Skyrim's Got Talent - DBVO - Bella,1.0,Not Graphics Only
7.8 MISC GAMEPLAY,Skyrim's Got Talent - DBVO - Vampire,1.75,Not Graphics Only
7.8 MISC GAMEPLAY,Taunt Your Enemies - Taunting Matters,1.03,Not Graphics Only
7.8 MISC GAMEPLAY,Remote Interactions,1.04,Not Graphics Only
7.8 MISC GAMEPLAY,Vampire Lords Can Fly,1.0,Not Graphics Only
7.8 MISC GAMEPLAY,Switch Camera During Dialogue,1.0,Not Graphics Only
7.8 MISC GAMEPLAY,Sky Parkour,3.6.4,Not Graphics Only
7.8 MISC GAMEPLAY,Sky Parkour - Nolvus Settings,6.0.15,Not Graphics Only
7.8 MISC GAMEPLAY,Skyrim's Paraglider,1.0,Not Graphics Only
7.8 MISC GAMEPLAY,Skyrim's Paraglider - ONE (Plus),3.0,Not Graphics Only
7.8 MISC GAMEPLAY,Take a Peek,1.15,Not Graphics Only
7.8 MISC GAMEPLAY,Dragon Claws Auto-Unlock,1.1,Not Graphics Only
7.8 MISC GAMEPLAY,Dragon Claws Auto-Unlock - Script-based Patcher,1.0beta,Not Graphics Only
7.8 MISC GAMEPLAY,Carriage Stops of Skyrim,1.8,Not Graphics Only
7.8 MISC GAMEPLAY,Horse Power - Modernized Horse Riding,1.2.0,Not Graphics Only
7.8 MISC GAMEPLAY,Classic Sprinting Redone,2.3.1,"TRUE, Not Graphics Only"
7.8 MISC GAMEPLAY,Gamepad++,1.2.1,"TRUE, Not Graphics Only"
7.8 MISC GAMEPLAY,Complete Controller Setup,5.3.5,"TRUE, Not Graphics Only"
7.8 MISC GAMEPLAY,Nolvus Awakening Misc Gameplay Patch,6.0.21,Not Graphics Only
7.9 RACES,Aetherius - A Race Overhaul,2.14.1,Not Graphics Only
7.9 RACES,Growl - Werebeasts of Skyrim,3.4.0,Not Graphics Only
7.9 RACES,Growl - Werebeasts of Skyrim - Settings Loader,1.0,Not Graphics Only
7.9 RACES,Sacrosanct - Vampires of Skyrim,6.0,Not Graphics Only
7.9 RACES,Sacrosanct - Vampires of Skyrim - Settings Loader,2.0.1,Not Graphics Only
7.9 RACES,Sacrosanct - Path of Sorcery Patch,1.0,Not Graphics Only
7.9 RACES,Vampires Cast No Shadow,1.2.1,Not Graphics Only
7.9 RACES,Burning Silver,1.2,Not Graphics Only
7.9 RACES,Nolvus Awakening Races Patch,6.0.15,Not Graphics Only
8. IMMERSION,Simple Dual Sheath,1.5.7,Not Graphics Only
8. IMMERSION,Immersive Equipment Displays,1.7.4,Not Graphics Only
8. IMMERSION,Immersive Equipment Displays - Nolvus Settings,6.0.19,Not Graphics Only
8. IMMERSION,Bandit Lines Expansion,1.09,Not Graphics Only
8. IMMERSION,Civil War Lines Expansion,1.1,Not Graphics Only
8. IMMERSION,Forsworn and Thalmor Lines Expansion,1.02,Not Graphics Only
8. IMMERSION,Vampire Lines Expansion,1.02,Not Graphics Only
8. IMMERSION,Brawl Lines Expansion and Fixes,1.02,Not Graphics Only
8. IMMERSION,Dremora Lines Expansion,1.1,Not Graphics Only
8. IMMERSION,Carriages and Stables Dialogue Bundle,1.0,Not Graphics Only
8. IMMERSION,Carriages and Stables Dialogue Bundle - Wild Horses Addon,1.0,Not Graphics Only
8. IMMERSION,Animated Ships,1.2,Not Graphics Only
8. IMMERSION,Animated Ships - Patches,4.3,Not Graphics Only
8. IMMERSION,Use Those Blankets,2.11,Not Graphics Only
8. IMMERSION,Sleep in Bed,1.3.5,Not Graphics Only
8. IMMERSION,Go To Bed - Xtudo Randomizer,1.2,Not Graphics Only
8. IMMERSION,Sleeping Expanded,1.22,Not Graphics Only
8. IMMERSION,Sleeping Expanded - Use Those Blankets - Go To Bed - Xtudo Randomizer,1.4,Not Graphics Only
8. IMMERSION,No NPC Greetings,2.0a,Not Graphics Only
8. IMMERSION,NPCs React To Necromancy,1.02,Not Graphics Only
8. IMMERSION,NPCs React To Invisibility,1.03,Not Graphics Only
8. IMMERSION,NPCs React To Invisibility - Bow of Shadows Patch,1.01,Not Graphics Only
8. IMMERSION,NPCs React To Frenzy,1.0,Not Graphics Only
8. IMMERSION,Animals Swim,1.0,Not Graphics Only
8. IMMERSION,NPCs Wear Amulets of Mara,2.03,Not Graphics Only
8. IMMERSION,Immersive Rejections,1.13,Not Graphics Only
8. IMMERSION,Immersive Death Cycle,1.04,Not Graphics Only
8. IMMERSION,YOT - Your Own Thoughts,1.2,Not Graphics Only
8. IMMERSION,Better Courier,2.1.1,Not Graphics Only
8. IMMERSION,Better Courrier - JK's Whiterun Outskirts - Nolvus Integration,6.0,"Ultimate, Not Graphics Only"
8. IMMERSION,Dapper Deliveries - A Courier Overhaul,1.0,Not Graphics Only
8. IMMERSION,Informed Mail Delivery,1.4,Not Graphics Only
8. IMMERSION,ElSopa Big Backpack,1.1,Not Graphics Only
8. IMMERSION,Wash That Blood Off 2,2.1.1,Not Graphics Only
8. IMMERSION,Detailed NPCs - Basket Backpacks for NPCs,2.0,Not Graphics Only
8. IMMERSION,Detailed NPCs - Blanket Scarves for NPCs,2.0,Not Graphics Only
8. IMMERSION,Detailed NPCs - Fishing Gear for NPCs,2.0,Not Graphics Only
8. IMMERSION,Detailed NPCs - Equipped Spell Tomes for NPCs,2.0,Not Graphics Only
8. IMMERSION,Detailed NPCs - Bandages for NPCs,2.0,Not Graphics Only
8. IMMERSION,Detailed NPCs - Druid Backpack for NPCs,1.0,Not Graphics Only
8. IMMERSION,Detailed NPCs - Chordophones for NPCs,2.0,Not Graphics Only
8. IMMERSION,Whale Bones on Coasts,1.0,Not Graphics Only
8. IMMERSION,Ships On The Horizon,1.2,Not Graphics Only
8. IMMERSION,The Coachmen,2.0,"Ultimate, Not Graphics Only"
8. IMMERSION,The Coachmen - Ultra,2.0,"Ultra, Not Graphics Only"
8. IMMERSION,The Coachmen - Redux,2.0,"Redux, Not Graphics Only"
8. IMMERSION,Carriage Guards,2.0,"Ultimate, Not Graphics Only"
8. IMMERSION,Carriage Guards - Ultra,2.0,"Ultra, Not Graphics Only"
8. IMMERSION,Carriage Guards - Redux,2.0,"Redux, Not Graphics Only"
8. IMMERSION,The Clever Prisoner,1.2.3,Not Graphics Only
8. IMMERSION,Military Camps Begone,1.1,Not Graphics Only
8. IMMERSION,The Last Journey,1.1,Not Graphics Only
8. IMMERSION,The Last Swim,1.0,Not Graphics Only
8. IMMERSION,Bury Sinderion,1.1.2,Not Graphics Only
8. IMMERSION,Niyya's New Clothes,1.0,Not Graphics Only
8. IMMERSION,Good Dog,1.0.1,Not Graphics Only
8. IMMERSION,Mind of Madness Bald Fix,1.0,Not Graphics Only
8. IMMERSION,Welcome Back to the Bee and Barb,1.0.1,Not Graphics Only
8. IMMERSION,Respect for the Legate,1.0.1,Not Graphics Only
8. IMMERSION,Respect for the Arch-Mage,1.0.4,Not Graphics Only
8. IMMERSION,Store Entrance Doorbells,2.0,Not Graphics Only
8. IMMERSION,Press E to Heal Followers,1.0,Not Graphics Only
8. IMMERSION,Press E to Heal Followers - NPC Stuck in Bleedout Patch,1.0,Not Graphics Only
8. IMMERSION,Press E to Heal Followers - SKSE,1.1,Not Graphics Only
8. IMMERSION,No Camera Collision,2.0,Not Graphics Only
8. IMMERSION,Helmet Toggle 2,3.2.0,Not Graphics Only
8. IMMERSION,Helmet Toggle 2 - SMP Hair Fix,1.0.0,Not Graphics Only
8. IMMERSION,NPCs Know About Mod Towns,1.0,Not Graphics Only
8. IMMERSION,Nolvus Awakening Imersion Patch,6.0,Not Graphics Only
9. LATE LOADERS,Edge UI - Modern Skyrim Interface,0.6.1,"Edge UI, Not Graphics Only"
9. LATE LOADERS,Edge UI - Modern Skyrim Interface - GO,0.6.1,"Edge UI, Graphics Only"
9. LATE LOADERS,Edge UI - Missing Font Patch,1.0,Edge UI
9. LATE LOADERS,Edge UI - Explorer Addon,3.5.1,"Edge UI, Not Graphics Only"
9. LATE LOADERS,Edge UI - Explorer Addon - GO,3.5.1,"Edge UI, Graphics Only"
9. LATE LOADERS,Edge UI - Explorer Addon - Patch Collection,3.5.1,"Edge UI, Not Graphics Only"
9. LATE LOADERS,Edge UI - Explorer Addon - Patch Collection - GO,3.5.1,"Edge UI, Graphics Only"
9. LATE LOADERS,Edge UI - Explorer Addon - BTS Patch,6.0.15,Edge UI
9. LATE LOADERS,Edge UI - Explorer Addon - Wheeler CTD Patch,6.0.15,Edge UI
9. LATE LOADERS,Edge Explorer QuickLoot IE 4.0 BETA,6.0.21,Edge UI
9. LATE LOADERS,Edge UI - Explorer Addon - 21x9 Patch,3.2.0,"Edge UI, 21:9, Not Graphics Only"
9. LATE LOADERS,Edge UI - Explorer Addon - 21x9 Patch - GO,3.2.0,"Edge UI, 21:9, Graphics Only"
9. LATE LOADERS,Edge UI - Explorer Addon - 32x9 Patch,3.2.0,"Edge UI, 32:9, Not Graphics Only"
9. LATE LOADERS,Edge UI - Explorer Addon - 32x9 Patch - GO,3.2.0,"Edge UI, 32:9, Graphics Only"
9. LATE LOADERS,Edge UI - Explorer Addon - Modern Wait Menu Patch,6.0.21,Edge UI
9. LATE LOADERS,TrueHUD Skins collection - Redux - Edge UI,1.1.1,Edge UI
9. LATE LOADERS,STB Widgets - DwP Reskin Equipment Only - Edge UI,1.0,Edge UI
9. LATE LOADERS,Nolvus Awakening Stances Perk System NG - Edge UI,6.0.21,"Edge UI, Not Graphics Only"
9. LATE LOADERS,Nolvus Awakening Stances Perk System NG - Edge UI - 21x9,6.0.21,"Edge UI, 21:9, Not Graphics Only"
9. LATE LOADERS,Nolvus Awakening Stances Perk System NG - Edge UI - 32x9,6.0.21,"Edge UI, 32:9, Not Graphics Only"
9. LATE LOADERS,Nolvus HUD Settings (Edge UI),6.0.21,"Edge UI, 16:9"
9. LATE LOADERS,Nolvus HUD Settings (Edge UI) - 21x9,6.0.21,"Edge UI, 21:9"
9. LATE LOADERS,Nolvus HUD Settings (Edge UI) - 32x9,6.0.21,"Edge UI, 32:9"
9. LATE LOADERS,Oathvein UI,1.2.2,"Oathvein UI, 16:9, Not Graphics Only"
9. LATE LOADERS,Oathvein UI - GO,1.2.2,"Oathvein UI, 16:9, Graphics Only"
9. LATE LOADERS,Oathvein UI - Wide Screen,1.2.2,"Oathvein UI, Not 16:9, Not Graphics Only"
9. LATE LOADERS,Oathvein UI - Wide Screen - GO,1.2.2,"Oathvein UI, Not 16:9, Graphics Only"
9. LATE LOADERS,Oathvein UI - Quickloot 4.0 BETA,1.2.2,Oathvein UI
9. LATE LOADERS,Oathvein UI - Dirt And Blood Widget Addon Patch,6.0.21,"Oathvein UI, Not Graphics Only"
9. LATE LOADERS,Oathvein UI - EncounterZone Level Indicator,2.0,"Oathvein UI, Not Graphics Only, TRUE"
9. LATE LOADERS,Nolvus Awakening Stances Perk System NG - Oathvein UI,6.0.21,"Oathvein UI, Not Graphics Only"
9. LATE LOADERS,Nolvus Awakening Stances Perk System NG - Oathvein UI - 21x9,6.0.21,"Oathvein UI, 21:9, Not Graphics Only"
9. LATE LOADERS,Nolvus Awakening Stances Perk System NG - Oathvein UI - 32x9,6.0.21,"Oathvein UI, 32:9, Not Graphics Only"
9. LATE LOADERS,Nolvus HUD Settings (Oathvein UI),6.0.21,"Oathvein UI, 16:9"
9. LATE LOADERS,Nolvus HUD Settings (Oathvein UI) - 21x9,6.0.21,"Oathvein UI, 21:9"
9. LATE LOADERS,Nolvus HUD Settings (Oathvein UI) - 32x9,6.0.21,"Oathvein UI, 32:9"
9. LATE LOADERS,Norden UI,1.2.4,"Norden UI, 16:9, Not Graphics Only"
9. LATE LOADERS,Norden UI - GO,1.2.4,"Norden UI, 16:9, Graphics Only"
9. LATE LOADERS,Norden UI - Wide Screen,1.2.4,"Norden UI, Not 16:9, Not Graphics Only"
9. LATE LOADERS,Norden UI - Wide Screen - GO,1.2.4,"Norden UI, Not 16:9, Graphics Only"
9. LATE LOADERS,Norden UI - Quickloot 4.0 BETA,1.2.1,Norden UI
9. LATE LOADERS,TrueHUD Skins collection - Redux - Norden UI,1.1.1,Norden UI
9. LATE LOADERS,Norden UI - Dirt And Blood Widget Addon Patch,6.0.21,"Norden UI, Not Graphics Only"
9. LATE LOADERS,Norden UI - EncounterZone Level Indicator,2.0,"Norden UI, Not Graphics Only, TRUE"
9. LATE LOADERS,Nolvus Awakening Stances Perk System NG - Norden UI,6.0.21,"Norden UI, Not Graphics Only"
9. LATE LOADERS,Nolvus Awakening Stances Perk System NG - Norden UI - 21x9,6.0.21,"Norden UI, 21:9, Not Graphics Only"
9. LATE LOADERS,Nolvus Awakening Stances Perk System NG - Norden UI - 32x9,6.0.21,"Norden UI, 32:9, Not Graphics Only"
9. LATE LOADERS,Nolvus HUD Settings (Norden UI),6.0.21,"Norden UI, 16:9"
9. LATE LOADERS,Nolvus HUD Settings (Norden UI) - 21x9,6.0.21,"Norden UI, 21:9"
9. LATE LOADERS,Nolvus HUD Settings (Norden UI) - 32x9,6.0.21,"Norden UI, 32:9"
9. LATE LOADERS,Vel'dun UI,1.0.4,"Vel'dun UI, 16:9, Not Graphics Only"
9. LATE LOADERS,Vel'dun UI - GO,1.0.4,"Vel'dun UI, 16:9, Graphics Only"
9. LATE LOADERS,Vel'dun UI - 21x9,1.0.4,"Vel'dun UI, 21:9, Not Graphics Only"
9. LATE LOADERS,Vel'dun UI - 21x9 - GO,1.0.4,"Vel'dun UI, 21:9, Graphics Only"
9. LATE LOADERS,Vel'dun UI - 32x9,1.0.4,"Vel'dun UI, 32:9, Not Graphics Only"
9. LATE LOADERS,Vel'dun UI - 32x9 - GO,1.0.4,"Vel'dun UI, 32:9, Graphics Only"
9. LATE LOADERS,Vel'dun UI - Patch Collection,1.0.4,"Vel'dun UI, 16:9, Not Graphics Only"
9. LATE LOADERS,Vel'dun UI - Patch Collection - Wide Screen,1.0.6,"Vel'dun UI, Not 16:9, Not Graphics Only"
9. LATE LOADERS,Vel'dun UI - Patch Collection - GO,1.0.4,"Veld'un UI, Graphics Only"
9. LATE LOADERS,Vel'dun UI - Overhauls,1.0.4,"Vel'dun UI, Not Graphics Only"
9. LATE LOADERS,Vel'dun UI - Overhauls - GO,1.0.4,"Vel'dun UI, Graphics Only"
9. LATE LOADERS,Vel'dun UI - Wheeler Patch,6.0.21,Vel'dun UI
9. LATE LOADERS,Vel'dun UI Quickloot 4.0 BETA,0.9.4,Vel'dun UI
9. LATE LOADERS,Vel'dun UI - Dirt And Blood Widget Addon Patch,6.0.21,Vel'dun UI
9. LATE LOADERS,Vel'dun UI - EncounterZone Level Indicator,2.0,"Vel'dun UI, Not Graphics Only, TRUE"
9. LATE LOADERS,Nolvus Awakening Stances Perk System NG - Vel'dun UI,6.0.21,"Vel'dun UI, Not Graphics Only"
9. LATE LOADERS,Nolvus Awakening Stances Perk System NG - Vel'dun UI - 21x9,6.0.21,"Vel'dun UI, 21:9, Not Graphics Only"
9. LATE LOADERS,Nolvus Awakening Stances Perk System NG - Vel'dun UI - 32x9,6.0.21,"Vel'dun UI, 32:9, Not Graphics Only"
9. LATE LOADERS,Nolvus HUD Settings (Vel'dun UI),6.0.21,"Vel'dun UI, 16:9"
9. LATE LOADERS,Nolvus HUD Settings (Vel'dun UI) - 21x9,6.0.21,"Vel'dun UI, 21:9"
9. LATE LOADERS,Nolvus HUD Settings (Vel'dun UI) - 32x9,6.0.21,"Vel'dun UI, 32:9"
9. LATE LOADERS,Legacy of the Dragonborn Patches (Official),5.6.2,Ultimate
9. LATE LOADERS,Legacy of the Dragonborn Patches (Official) - Ultra,5.6.2,Ultra
9. LATE LOADERS,Legacy of the Dragonborn Patches (Official) - Redux,5.6.2,Redux
9. LATE LOADERS,Legacy of the Dragonborn Patches (Official) - Custom JK's Skyrim Patch,6.0,"Not Redux, Not Graphics Only"
9. LATE LOADERS,Unofficial Patch for DBM Wintersun Patch,1.0,Not Graphics Only
9. LATE LOADERS,Lilebonymace's Patches,2.35,Not Graphics Only
9. LATE LOADERS,SD's Lotta Patches,1.0,Not Graphics Only
9. LATE LOADERS,Tiny but Useful - Yet Another Patch Hub,2.1,Not Graphics Only
9. LATE LOADERS,ChickenMike's Random Assortment of Patches,3.13,Not Graphics Only
9. LATE LOADERS,eFPS - Official Patch Hub,1.7a,Ultimate
9. LATE LOADERS,eFPS - Official Patch Hub - Ultra,1.7a,Ultra
9. LATE LOADERS,eFPS - Official Patch Hub - Redux,1.7a,Redux
9. LATE LOADERS,eFPS - Official Patch Hub - GO,1.7a,Graphics Only
9. LATE LOADERS,eFPS - Unofficial Patches,1.49,Ultimate
9. LATE LOADERS,eFPS - Unofficial Patches - Ultra,1.49,Ultra
9. LATE LOADERS,eFPS - Unofficial Patches - Redux,1.49,Redux
9. LATE LOADERS,eFPS - Unofficial Patches - GO,1.49,Graphics Only
9. LATE LOADERS,eFPS - Miscellaneous Patches,1.2,Always Install
9. LATE LOADERS,eFPS - Strongholds - Narzulbur,1.1.1.2,Always Install
9. LATE LOADERS,eFPS - Strongholds - Largashbur,1.0,Always Install
9. LATE LOADERS,eFPS - Custom JK's Skyrim Patch,6.0.4,Not Redux
9. LATE LOADERS,eFPS - Dawn of Skyrim - SREX Patch,6.0,"Ultimate, SREX"
9. LATE LOADERS,Nolvus - Northern Roads Grass Patches,6.0.21,Ultimate
9. LATE LOADERS,Nolvus - Northern Roads Grass Patches - Ultra,6.0.21,Ultra
9. LATE LOADERS,Nolvus - Northern Roads Grass Patches - Redux,6.0.21,Redux
9. LATE LOADERS,Nolvus - Northern Roads Grass Patches - GO,6.0.21,Graphics Only
9. LATE LOADERS,Nolvus Awakening Meshes Patch,6.0.1,Always Install
9. LATE LOADERS,Nolvus Awakening Map Marker Patch,6.0.15,Not Graphics Only
9. LATE LOADERS,Nolvus Awakening Map Marker Patch - GO,6.0.19,Graphics Only
9. LATE LOADERS,Nolvus Awakening Map Marker Patch - SREX Patch,6.0.15,SREX
9. LATE LOADERS,Nolvus Awakening Consistency Patch,6.0,"Not Redux, Not Graphics Only"
9. LATE LOADERS,Nolvus Awakening Consistency Patch - Redux,6.0,Redux
9. LATE LOADERS,Nolvus Awakening Consistency Patch - GO,6.0.19,Graphics Only
9. LATE LOADERS,SREX Nolvus Consistency Patch,6.0.21,"Ultimate, SREX"
9. LATE LOADERS,SREX Nolvus Consistency Patch - Ultra,6.0.13,"Ultra, SREX"
9. LATE LOADERS,SREX Nolvus Consistency Patch - Redux,6.0.21,"Redux, SREX"
9. LATE LOADERS,SREX Nolvus Consistency Patch - GO,6.0.19,"Graphics Only, SREX"
9. LATE LOADERS,Descriptions for Various Mods,2.4.1,Always Install
9. LATE LOADERS,Psychopatchist Purgatory,0.5,Not Graphics Only
9. LATE LOADERS,Leveled List Patch,6.0.21,"Not Milk Drinker, Not Graphics Only"
9. LATE LOADERS,Leveled List Patch - Milk Drinker,6.0.21,"Milk Drinker, Not Graphics Only"
10. OUTPUTS,Synthesis Patch,6.0.21,"Ultimate, SREX"
10. OUTPUTS,Synthesis Patch - NOSREX,6.0.21,"Ultimate, Not SREX"
10. OUTPUTS,Synthesis Patch - Ultra,6.0.21,"Ultra, SREX"
10. OUTPUTS,Synthesis Patch - Ultra - NOSREX,6.0.21,"Ultra, Not SREX"
10. OUTPUTS,Synthesis Patch - Redux,6.0.21,"Redux, SREX"
10. OUTPUTS,Synthesis Patch - Redux - NOSREX,6.0.21,"Redux, Not SREX"
10. OUTPUTS,Synthesis Patch - GO,6.0.21,"Graphics Only, SREX"
10. OUTPUTS,Synthesis Patch - GO - NOSREX,6.0.21,"Graphics Only, Not SREX"
10. OUTPUTS,Nemesis Output,6.0.21,Not Graphics Only
10. OUTPUTS,BodySlide (Dressed),6.0.21,"Not Dressed, Not Graphics Only"
10. OUTPUTS,BodySlide - GO (Dressed),6.0.21,"Not Dressed, Graphics Only"
10. OUTPUTS,BodySlide (Nude),6.0.21,"Nude, Not Graphics Only"
10. OUTPUTS,BodySlide - GO (Nude),6.0.21,"Nude, Graphics Only"
10. OUTPUTS,LODGEN,6.0.21,Ultimate
10. OUTPUTS,LODGEN - Ultra,6.0.21,Ultra
10. OUTPUTS,LODGEN - Redux,6.0.21,Redux
10. OUTPUTS,LODGEN - GO,6.0.21,Graphics Only
10. OUTPUTS,Grass Cache - Ultimate,6.0.21,Ultimate
10. OUTPUTS,Grass Cache - Ultra,6.0.21,Ultra
10. OUTPUTS,Grass Cache - Redux,6.0.21,Redux
10. OUTPUTS,Grass Cache - GO,6.0.21,Graphics Only
10. OUTPUTS,DynDOLOD - Textures - Ultimate,6.0.21,Ultimate
10. OUTPUTS,DynDOLOD - Textures - Ultra,6.0.21,Ultra
10. OUTPUTS,DynDOLOD - Textures - Redux,6.0.21,Redux
10. OUTPUTS,DynDOLOD - Textures - GO,6.0.21,Graphics Only
10. OUTPUTS,DynDOLOD - Output - Ultimate,6.0.21,Ultimate
10. OUTPUTS,DynDOLOD - Output - Ultimate (NO SREX),6.0.21,"Not SREX, Ultimate"
10. OUTPUTS,DynDOLOD - Output - Ultra,6.0.21,"Ultra, | Ultra Lods"
10. OUTPUTS,DynDOLOD - Output - Ultra (NO SREX),6.0.21,"Not SREX, Ultra, | Ultra Lods"
10. OUTPUTS,DynDOLOD - Output - Performance,6.0.21,"Ultra, | Performance Lods"
10. OUTPUTS,DynDOLOD - Output - Performance (NO SREX),6.0.21,"Not SREX, Ultra, | Performance Lods"
10. OUTPUTS,DynDOLOD - Output - Ultra Performance,6.0.21,"Ultra, | Ultra Performance Lods"
10. OUTPUTS,DynDOLOD - Output - Ultra Performance (NO SREX),6.0.21,"Not SREX, Ultra, | Ultra Performance Lods"
10. OUTPUTS,DynDOLOD - Output - Redux,6.0.21,Redux
10. OUTPUTS,DynDOLOD - Output - Redux (NO SREX),6.0.21,"Not SREX, Redux"
10. OUTPUTS,DynDOLOD - Output - GO,6.0.21,Graphics Only
10. OUTPUTS,DynDOLOD - Output - GO (NO SREX),6.0.21,"Not SREX, Graphics Only"
10. OUTPUTS,Automatic CRDW,1.2.7,Always Install
10. OUTPUTS,CRDW - Cache,6.0.21,Always Install
10. OUTPUTS,Flat World Map Framework,1.85,Always Install
10. OUTPUTS,Skyrim Paper Map by Caro,1.72,Always Install
10. OUTPUTS,Dayspring Canyon Paper Map,1.7,Always Install
10. OUTPUTS,Markarth Paper Map,1.7,Always Install
10. OUTPUTS,Duncan's Paper Maps,1.73,Not Graphics Only
10. OUTPUTS,Blackreach Paper Map,1.75,Always Install
10. OUTPUTS,Sovngarde Paper Map,1.72,Always Install
10. OUTPUTS,Forgotten Vale Paper Map,1.8,Always Install
10. OUTPUTS,Beyond Skyrim Bruma Paper Map,1.72,Not Graphics Only
10. OUTPUTS,Soul Cairn Paper Map,1.8,Always Install
10. OUTPUTS,Paper Coldharbour Map,1.0,Not Graphics Only
10. OUTPUTS,Paper Coldharbour Map - Update,1.01,Not Graphics Only
10. OUTPUTS,Skuldafn Paper Map,1.1,Always Install
10. OUTPUTS,Skuldafn Paper Map - Update,1.01,Always Install
10. OUTPUTS,Deepwood Vale Paper Map,1.71,Always Install
10. OUTPUTS,Paper Darkend Map,1.0,Not Graphics Only
10. OUTPUTS,Paper Darkend Map - Update,1.01,Not Graphics Only
10. OUTPUTS,Midwood Isle Paper Map,1.71,Not Graphics Only
10. OUTPUTS,Nolvus Awakening Paper Map Patch,6.0.21,Always Install
11. ENB & RESHADE,ENB Binaries,0.505,Always Install
11. ENB & RESHADE,ENB Grass Collisions,1.3,Always Install
11. ENB & RESHADE,ENB Parallax Occlusion Mapping,2.0,Always Install
11. ENB & RESHADE,ENB Dynamic Cubemaps,1.0,Always Install
11. ENB & RESHADE,ENB - ShaderCache,6.0.15,Always Install
11. ENB & RESHADE,Subtle eye cubemap,3.0,Always Install
11. ENB & RESHADE,ENB Extender for Skyrim,1.3.2,Not Amon ENB
11. ENB & RESHADE,KiLoader for Skyrim,1.2,Not Amon ENB
11. ENB & RESHADE,KiLoader - Output,6.0.15,Not Amon ENB
11. ENB & RESHADE,Native EditorID Fix,1.2.2,Kauz ENB
11. ENB & RESHADE,KreatE,1.3.1,Kauz ENB
11. ENB & RESHADE,Silent Horizons 2 - Shader Core,1.7.1,"Not Amon ENB, Not PI-CHO ENB"
11. ENB & RESHADE,Cabbage ENB,1.2.8,Cabbage ENB
11. ENB & RESHADE,Kauz ENB EVLaS preset,0.4.0,Kauz ENB
11. ENB & RESHADE,Kauz ENB,0.4.0,Kauz ENB
11. ENB & RESHADE,PI-CHO ENB,9.4,PI-CHO ENB
11. ENB & RESHADE,Amon ENB,5.0,Amon ENB
11. ENB & RESHADE,Amon ENB - NAT III Esp Fix,2.0,Amon ENB
11. ENB & RESHADE,Reshade Binaries,6.3.1,Always Install
11. ENB & RESHADE,Nolvus Reshade for Cabbage,2026a,Cabbage ENB
11. ENB & RESHADE,Nolvus Reshade for Picho,2026c,PI-CHO ENB
11. ENB & RESHADE,Nolvus Reshade for Amon,2026b,Amon ENB
11. ENB & RESHADE,ENB Anti-Aliasing Preset - DLAA,6.0.7,DLAA
11. ENB & RESHADE,ENB Anti-Aliasing Preset - FSR,6.0.7,FSR
11. ENB & RESHADE,ENB Frame Generation,1.0.2,TRUE
11. ENB & RESHADE,ENB Frame Generation - DisplayTweaks Settings,1.0.0,TRUE
11. ENB & RESHADE,ENB Frame Generation - Settings,6.0.15,TRUE
