group,output_path,final_choice,source,first_build_choice,docs_rule_choice,docs_rule_note,nolvus_choice,nolvus_match,candidates
1,meshes\1Markynaz\MarkynazArmor_F,4th Unknown Dremora Markynaz 3BA,rule: 3BA/3BBB,4th Unknown Dremora Markynaz 3BA,4th Unknown Dremora Markynaz 3BA,3BA/3BBB,,ambiguous: 4th Unknown Dremora Markynaz 3BA 0.98; 4th Unknown Dremora Markynaz 0.95,4th Unknown Dremora Markynaz | 4th Unknown Dremora Markynaz 3BA
2,meshes\creationclub\mtysse002\armor\vigilenforcer\veteran\veterancuirasssashf,CBBE 3BA Creation Club - Body - Vigil Veteran Sashed Armor,rule: 3BA/3BBB,CBBE 3BA Creation Club - Body - Vigil Veteran Sashed Armor,CBBE 3BA Creation Club - Body - Vigil Veteran Sashed Armor,3BA/3BBB,CBBE 3BA Creation Club - Body - Vigil Veteran Sashed Armor,match 0.96 (next 0.73),CBBE 3BA Creation Club - Body - Vigil Veteran Sashed Armor | CBBE Creation Club - Body - Vigil Veteran Sashed Armor
3,meshes\actors\character\ashe\femalebody,Ashe Body (3BA),rule: 3BA/3BBB,Ashe Body (3BA),Ashe Body (3BA),3BA/3BBB,,not in Nolvus output,Ashe Body (3BA) | Ashe Body (BHUNP) | Ashe Body (CBBE)
4,meshes\actors\character\ashe\femalefeet,Ashe Feet (3BA),rule: 3BA/3BBB,Ashe Feet (3BA),Ashe Feet (3BA),3BA/3BBB,,not in Nolvus output,Ashe Feet (3BA) | Ashe Feet (BHUNP) | Ashe Feet (CBBE)
5,meshes\armor\ebony\f\cuirass,3BA Vanilla - Body - Ebony,rule: 3BA/3BBB,3BA Vanilla - Body - Ebony,3BA Vanilla - Body - Ebony,3BA/3BBB,,ambiguous: 3BA Vanilla - Body - Ebony 0.83; CBBE Vanilla - Body - Ebony 0.77,3BA Vanilla - Body - Ebony | CBBE Vanilla - Body - Ebony
6,meshes\__Iolana\body\Outfit01,Ashlander Apparel - Erabenimsun (Physics),nolvus (same as default),Ashlander Apparel - Erabenimsun (Physics),Ashlander Apparel - Erabenimsun (Physics),"no body keyword, physics variant (by analogy)",Ashlander Apparel - Erabenimsun (Physics),match 0.93 (next 0.67),Ashlander Apparel - Erabenimsun | Ashlander Apparel - Erabenimsun (Physics)
7,meshes\__Iolana\body\Outfit02,Ashlander Apparel - Ahemmusa (Physics),default (undecidable),Ashlander Apparel - Ahemmusa (Physics),Ashlander Apparel - Ahemmusa (Physics),"no body keyword, physics variant (by analogy)",,ambiguous: Ashlander Apparel - Ahemmusa (Physics) 0.86; Ashlander Apparel - Ahemmusa 0.70,Ashlander Apparel - Ahemmusa | Ashlander Apparel - Ahemmusa (Physics)
8,meshes\actors\character\character assets\1stpersonfemalebody,CBBE 3BBB Arm (1st person),rule: 3BA/3BBB,CBBE 3BBB Arm (1st person),CBBE 3BBB Arm (1st person),3BA/3BBB,,ambiguous: CBBE 3BBB Arm (1st person) 0.77; CBBE Body 1st Person 0.32,CBBE 3BBB Arm (1st person) | CBBE Body 1st Person
9,meshes\clothes\chef\f\chef,3BA Vanilla - Body - Chef,rule: 3BA/3BBB,3BA Vanilla - Body - Chef,3BA Vanilla - Body - Chef,3BA/3BBB,3BA Vanilla - Body - Chef,match 0.92 (next 0.55),3BA Vanilla - Body - Chef | CBBE Vanilla - Body - Chef (Physics) | CBBE Vanilla - Body - Chef
10,meshes\furexarot\KE\m\cuirass2beast,Chevalier HIMBO - Cuirass Surcoat Beast,nolvus (same as default),Chevalier HIMBO - Cuirass Surcoat Beast,Chevalier HIMBO - Cuirass Surcoat Beast,"HIMBO, physics variant (by analogy)",Chevalier HIMBO - Cuirass Surcoat Beast,match 0.99 (next 0.73),Chevalier HIMBO - Cuirass Surcoat Beast | Chevalier HIMBO - Cuirass Surcoat Beast No Physics
11,meshes\__Iolana\body\Outfit03,Ashlander Apparel - Urshilaku (Physics),nolvus (same as default),Ashlander Apparel - Urshilaku (Physics),Ashlander Apparel - Urshilaku (Physics),"no body keyword, physics variant (by analogy)",Ashlander Apparel - Urshilaku (Physics),match 0.93 (next 0.68),Ashlander Apparel - Urshilaku | Ashlander Apparel - Urshilaku (Physics)
12,meshes\creationclub\bgssse025\armor\darkseducer\darkseducercuirassf,CBBE 3BA Creation Club - Body - Dark Seducer Cuirass,rule: 3BA/3BBB,CBBE 3BA Creation Club - Body - Dark Seducer Cuirass,CBBE 3BA Creation Club - Body - Dark Seducer Cuirass,3BA/3BBB,CBBE 3BA Creation Club - Body - Dark Seducer Cuirass,match 0.97 (next 0.50),CBBE 3BA Creation Club - Body - Dark Seducer Cuirass | CBBE Creation Club - Body - Dark Seducer Cuirass
13,meshes\__Iolana\body\Outfit04,Ashlander Apparel - Zainab (Physics),nolvus (same as default),Ashlander Apparel - Zainab (Physics),Ashlander Apparel - Zainab (Physics),"no body keyword, physics variant (by analogy)",Ashlander Apparel - Zainab (Physics),match 0.90 (next 0.70),Ashlander Apparel - Zainab | Ashlander Apparel - Zainab (Physics)
14,meshes\armor\dbarmor\dbarmorgauntlets,HIMBO - 4thUnknown's Dark Brotherhood Gauntlets,nolvus (same as default),HIMBO - 4thUnknown's Dark Brotherhood Gauntlets,,2 HIMBO candidates,HIMBO - 4thUnknown's Dark Brotherhood Gauntlets,match 0.96 (next 0.84),HIMBO - 4thUnknown's Dark Brotherhood Gauntlets | HIMBO Vanilla - Hands - Dark Brotherhood
15,meshes\actors\character\ashe\femalehands,Ashe Hands (3BA),rule: 3BA/3BBB,Ashe Hands (3BA),Ashe Hands (3BA),3BA/3BBB,,not in Nolvus output,Ashe Hands (3BA) | Ashe Hands (BHUNP) | Ashe Hands (CBBE)
16,meshes\armor\steel\f\cuirasslight,3BA Vanilla - Body - Steel Light,rule: 3BA/3BBB,3BA Vanilla - Body - Steel Light,3BA Vanilla - Body - Steel Light,3BA/3BBB,3BA Vanilla - Body - Steel Light,match 0.93 (next 0.58),3BA Vanilla - Body - Steel Light | CBBE Vanilla - Body - Steel Light
17,meshes\armor\dragonscale\dragonscalearmorf,3BA Vanilla - Body - Dragonscale,rule: 3BA/3BBB,3BA Vanilla - Body - Dragonscale,3BA Vanilla - Body - Dragonscale,3BA/3BBB,3BA Vanilla - Body - Dragonscale,match 0.95 (next 0.66),3BA Vanilla - Body - Dragonscale | CBBE Vanilla - Body - Dragonscale
18,meshes\armor\bandit\body3f,3BA Vanilla - Body - Fur 4,rule: 3BA/3BBB,3BA Vanilla - Body - Fur 4,3BA Vanilla - Body - Fur 4,3BA/3BBB,3BA Vanilla - Body - Fur 4,match 0.95 (next 0.62),3BA Vanilla - Body - Fur 4 | CBBE Vanilla - Body - Fur 4 (Physics) | CBBE Vanilla - Body - Fur 4
19,meshes\creationclub\bgssse054\armor\orcishplate\1stpersonorcishplatetorsof,CBBE 3BA Creation Club - 1st - Orcish Plate,rule: 3BA/3BBB,CBBE 3BA Creation Club - 1st - Orcish Plate,CBBE 3BA Creation Club - 1st - Orcish Plate,3BA/3BBB,CBBE 3BA Creation Club - 1st - Orcish Plate,match 0.94 (next 0.76),CBBE 3BA Creation Club - 1st - Orcish Plate | CBBE Creation Club - 1st Person - Orcish Plate Armor
20,meshes\creationclub\bgssse056\armor\silver\silverglovesf,CBBE 3BA Creation Club - Hands - Silver,rule: 3BA/3BBB,CBBE 3BA Creation Club - Hands - Silver,CBBE 3BA Creation Club - Hands - Silver,3BA/3BBB,,ambiguous: CBBE 3BA Creation Club - Hands - Silver 0.96; CBBE Creation Club - Hands - Silver Gauntlets 0.92,CBBE 3BA Creation Club - Hands - Silver | CBBE Creation Club - Hands - Silver Gauntlets
21,meshes\dlc02\clothes\temple\templepriestf,3BA Dragonborn - Body - Temple Priest,rule: 3BA/3BBB,3BA Dragonborn - Body - Temple Priest,3BA Dragonborn - Body - Temple Priest,3BA/3BBB,3BA Dragonborn - Body - Temple Priest,match 0.95 (next 0.88),3BA Dragonborn - Body - Temple Priest | CBBE Dragonborn - Body - Temple Priest
22,meshes\actors\character\character assets\1stpersonfemalehands,Hands Redone F Hands 1st Person,nolvus (rule said: CBBE 3BBB Hands (1st person)),CBBE 3BBB Hands (1st person),CBBE 3BBB Hands (1st person),3BA/3BBB,,ambiguous: Hands Redone F Hands 1st Person 0.96; CBBE Hands 1st Person 0.91; CBBE 3BBB Hands (1st person) 0.91,CBBE 3BBB Hands (1st person) | CBBE Hands 1st Person | Hands Redone F Hands 1st Person
23,meshes\furexarot\KE\f\cuirass2,Chevalier CBBE 3BA - Cuirass Surcoat No Physics,nolvus (same as default),Chevalier CBBE 3BA - Cuirass Surcoat No Physics,Chevalier CBBE 3BA - Cuirass Surcoat,"3BA/3BBB, physics variant (by analogy)",Chevalier CBBE 3BA - Cuirass Surcoat No Physics,match 0.99 (next 0.72),Chevalier CBBE 3BA - Cuirass Surcoat No Physics | Chevalier CBBE 3BA - Cuirass Surcoat
24,meshes\actors\character\character assets\1stpersonfemalehandsargonian,Hands Redone F Hands Beast 1st Person,nolvus (rule said: CBBE 3BBB Hands Beast (1st person)),CBBE 3BBB Hands Beast (1st person),CBBE 3BBB Hands Beast (1st person),3BA/3BBB,,ambiguous: Hands Redone F Hands Beast 1st Person 0.96; CBBE Hands Beast 1st Person 0.91; CBBE 3BBB Hands Beast (1st person) 0.91,CBBE 3BBB Hands Beast (1st person) | CBBE Hands Beast 1st Person | Hands Redone F Hands Beast 1st Person
25,meshes\furexarot\KE\f\cuirass3,Chevalier CBBE 3BA - Cuirass Plate,nolvus (same as default),Chevalier CBBE 3BA - Cuirass Plate,Chevalier CBBE 3BA - Cuirass Plate,"3BA/3BBB, physics variant (by analogy)",Chevalier CBBE 3BA - Cuirass Plate,match 0.99 (next 0.71),Chevalier CBBE 3BA - Cuirass Plate | Chevalier CBBE 3BA - Cuirass Plate No Physics
26,meshes\actors\character\character assets\femalefeet,CBBE 3BBB Feet,rule: 3BA/3BBB,CBBE Feet,CBBE 3BBB Feet,3BA/3BBB,,ambiguous: CBBE Feet 0.86; CBBE 3BBB Feet 0.86,CBBE Feet | CBBE 3BBB Feet
27,meshes\actors\character\character assets\femalebody,CBBE 3BBB Body Amazing,rule: female body,CBBE Body,CBBE 3BBB Body Amazing,female body,CBBE 3BBB Body Amazing,match 0.97 (next 0.81),CBBE Body | CBBE Body Physics | CBBE Body Special | CBBE NeverNude | CBBE NeverNude Physics | CBBE Underwear | CBBE Underwear Physics | CBBE 3BBB Amazing NeverNude | CBBE 3BBB Amazing NeverNude UniBoob | CBBE 3BBB Body Amazing
28,meshes\creationclub\bgssse061\armor\dwarvenplate\dwarvenplatetorsof,CBBE 3BA Creation Club - Body - Dwarven Plate,rule: 3BA/3BBB,CBBE 3BA Creation Club - Body - Dwarven Plate,CBBE 3BA Creation Club - Body - Dwarven Plate,3BA/3BBB,CBBE 3BA Creation Club - Body - Dwarven Plate,match 0.95 (next 0.73),CBBE 3BA Creation Club - Body - Dwarven Plate | CBBE Creation Club - Body - Dwarven Plate Armor
29,meshes\Kreis\KSA\ksws03\SkirtF,CBBE 3BA KSA - Acc - Wild Witch Skirt (Phys),nolvus (same as default),CBBE 3BA KSA - Acc - Wild Witch Skirt (Phys),CBBE 3BA KSA - Acc - Wild Witch Skirt (Phys),"3BA/3BBB, physics variant (by analogy)",CBBE 3BA KSA - Acc - Wild Witch Skirt (Phys),match 0.99 (next 0.21),CBBE 3BA KSA - Acc - Wild Witch Skirt (Phys) | CBBE 3BA KSA - Acc - Wild Witch Skirt
30,meshes\armor\batman\talia\skirt_back,[3BA League of Assassins] Skirt Back SMP,nolvus (same as default),[3BA League of Assassins] Skirt Back SMP,[3BA League of Assassins] Skirt Back SMP,"3BA/3BBB, physics variant (by analogy)",[3BA League of Assassins] Skirt Back SMP,match 0.99 (next 0.30),[3BA League of Assassins] Skirt Back SMP | [3BA League of Assassins] Skirt Back
31,meshes\actors\character\character assets\femalehandsargonian,Hands Redone F Hands Beast,nolvus (rule said: CBBE 3BBB Hands Beast),CBBE Hands Beast,CBBE 3BBB Hands Beast,3BA/3BBB,,ambiguous: Hands Redone F Hands Beast 0.96; CBBE Hands Beast 0.91; CBBE 3BBB Hands Beast 0.91,CBBE Hands Beast | Hands Redone F Hands Beast | CBBE 3BBB Hands Beast
32,meshes\creationclub\bgssse031\clothes\pirate\pirateboatswainbodyf,CBBE 3BA Creation Club - Body - Pirate Boatswain Body,rule: 3BA/3BBB,CBBE 3BA Creation Club - Body - Pirate Boatswain Body,CBBE 3BA Creation Club - Body - Pirate Boatswain Body,3BA/3BBB,CBBE 3BA Creation Club - Body - Pirate Boatswain Body,match 0.96 (next 0.55),CBBE 3BA Creation Club - Body - Pirate Boatswain Body | CBBE Creation Club - Body - Boatswain Clothes
33,meshes\actors\character\character assets\femalebodyastrid,3BA Vanilla - Body - Astrid,rule: 3BA/3BBB,3BA Vanilla - Body - Astrid,3BA Vanilla - Body - Astrid,3BA/3BBB,3BA Vanilla - Body - Astrid,match 0.97 (next 0.41),3BA Vanilla - Body - Astrid | CBBE Vanilla - Body - Astrid
34,meshes\creationclub\bgssse056\armor\silver\silverbodyf,CBBE 3BA Creation Club - Body - Silver,rule: 3BA/3BBB,CBBE 3BA Creation Club - Body - Silver,CBBE 3BA Creation Club - Body - Silver,3BA/3BBB,CBBE 3BA Creation Club - Body - Silver,match 0.95 (next 0.66),CBBE 3BA Creation Club - Body - Silver | CBBE Creation Club - Body - Silver Armor
35,meshes\dlc02\armor\bonemold\f\bonemoldcuirass,3BA Dragonborn - Body - Bonemold Heavy,rule: 3BA/3BBB,3BA Dragonborn - Body - Bonemold Heavy,3BA Dragonborn - Body - Bonemold Heavy,3BA/3BBB,3BA Dragonborn - Body - Bonemold Heavy,match 0.97 (next 0.87),3BA Dragonborn - Body - Bonemold Heavy | CBBE Dragonborn - Body - Bonemold Heavy
36,meshes\actors\character\character assets\femalehands,Hands Redone F Hands,nolvus (rule said: CBBE 3BBB Hands),CBBE Hands,CBBE 3BBB Hands,3BA/3BBB,,ambiguous: Hands Redone F Hands 0.96; CBBE Hands 0.91; CBBE 3BBB Hands 0.91,CBBE Hands | Hands Redone F Hands | CBBE 3BBB Hands
37,meshes\armor\batman\talia\black armor\torso,[3BA League of Assassins] Torso Black (3BA Physics),nolvus (same as default),[3BA League of Assassins] Torso Black (3BA Physics),[3BA League of Assassins] Torso Black (3BA Physics),"3BA/3BBB, physics variant (by analogy)",[3BA League of Assassins] Torso Black (3BA Physics),match 0.97 (next 0.57),[3BA League of Assassins] Torso Black (3BA Physics) | [3BA League of Assassins] Torso Black
38,meshes\actors\character\character assets\malebody,HIMBO Body - SOS High Poly Phys CBPC,nolvus (rule said: undecidable),HIMBO Body - HDT Collision Resource,,16 HIMBO candidates,,ambiguous: HIMBO Body - SOS High Poly Phys SMP 0.95; HIMBO Body - SOS High Poly Phys CBPC 0.95; HIMBO Body - SOS Phys SMP 0.90,HIMBO Body - HDT Collision Resource | HIMBO Body - SOS | HIMBO Body - Vanilla (Nevernude) | HIMBO Body - SOS High Poly Phys SMP | HIMBO Body - SOS Phys SMP | HIMBO Body - Vanilla High Poly Nevernude Phys SMP | HIMBO Body - Vanilla Nevernude Phys SMP | HIMBO Body - SOS Phys SMP Col | HIMBO Body - SOS High Poly Phys SMP Col | HIMBO Body - SOS High Poly Phys CBPC | HIMBO Body - SOS Phys CBPC | HIMBO Body - Vanilla High Poly Nevernude Phys CBPC | HIMBO Body - Vanilla Nevernude Phys CBPC | HIMBO Body - Vanilla Nevernude | HIMBO Body - SOS High Poly | HIMBO Body - Vanilla High Poly Nevernude
39,meshes\armor\bandit\bodyf,3BA Vanilla - Body - Fur 1,rule: 3BA/3BBB,3BA Vanilla - Body - Fur 1,3BA Vanilla - Body - Fur 1,3BA/3BBB,3BA Vanilla - Body - Fur 1,match 0.95 (next 0.62),3BA Vanilla - Body - Fur 1 | CBBE Vanilla - Body - Fur 1 (Physics) | CBBE Vanilla - Body - Fur 1
40,meshes\creationclub\bgssse025\armor\madness\madnessbootsf,CBBE 3BA Creation Club - Feet - Madness Boots,rule: 3BA/3BBB,CBBE 3BA Creation Club - Feet - Madness Boots,CBBE 3BA Creation Club - Feet - Madness Boots,3BA/3BBB,,ambiguous: CBBE 3BA Creation Club - Feet - Madness Boots 0.88; CBBE Creation Club - Feet - Madness Boots 0.65,CBBE 3BA Creation Club - Feet - Madness Boots | CBBE Creation Club - Feet - Madness Boots
41,meshes\actors\character\character assets\maleunderwear,HIMBO Undies for SOS - Briefs,nolvus (rule said: undecidable),HIMBO Undies for SOS - Thong,,6 HIMBO candidates,HIMBO Undies for SOS - Briefs,match 0.93 (next 0.43),HIMBO Undies for SOS - Thong | HIMBO Undies for SOS - Briefs | HIMBO Undies for SOS - Briefs Phys SMP | HIMBO Undies for SOS - Thong Phys SMP | HIMBO Undies for SOS - Briefs Phys CBPC | HIMBO Undies for SOS - Thong Phys CBPC
42,meshes\Alchemist's Vestments\KM_AVCuirass,Alchemist's Vestments - Armour (Physics),rule: CBBE physics/SMP,Alchemist's Vestments - Armour,Alchemist's Vestments - Armour (Physics),CBBE physics/SMP,Alchemist's Vestments - Armour (Physics),match 0.90 (next 0.71),Alchemist's Vestments - Armour | Alchemist's Vestments - Armour (Physics)
43,Meshes\armor\[dint999]\SCofTalos\dress,TBD SE - [Dint999] SecretChildofTalos Dress (Yel-Black),default (undecidable),TBD SE - [Dint999] SecretChildofTalos Dress (Yel-Black),,only TBD-body versions (no 3BA/CBBE version),,not in Nolvus output,TBD SE - [Dint999] SecretChildofTalos Dress (Yel-Black) | TBD SE - [Dint999] SecretChildofTalos Dress (Yel-Black) [SMP]
44,meshes\armor\elven\f\cuirasslight,3BA Vanilla - Body - Elven Light,rule: 3BA/3BBB,3BA Vanilla - Body - Elven Light,3BA Vanilla - Body - Elven Light,3BA/3BBB,,ambiguous: 3BA Vanilla - Body - Elven Light 0.79; CBBE Vanilla - Body - Elven Light 0.71,3BA Vanilla - Body - Elven Light | CBBE Vanilla - Body - Elven Light
45,meshes\armor\amuletsandrings\elder council\eldercouncil_amuletf,Elder Council Amulet CBBE BS,nolvus (rule said: undecidable),CBBE Vanilla - Amulet - Elder,,2 candidates tie (CBBE),Elder Council Amulet CBBE BS,match 0.95 (next 0.17),CBBE Vanilla - Amulet - Elder | Elder Council Amulet CBBE BS
46,meshes\creationclub\bgssse058\armor\steel\steelbootsf,CBBE 3BA Creation Club - Feet - Steel Soldier Boots,rule: 3BA/3BBB,CBBE 3BA Creation Club - Feet - Steel Soldier Boots,CBBE 3BA Creation Club - Feet - Steel Soldier Boots,3BA/3BBB,,ambiguous: CBBE 3BA Creation Club - Feet - Steel Soldier Boots 0.88; CBBE Creation Club - Feet - Steel Soldier Boots 0.76,CBBE 3BA Creation Club - Feet - Steel Soldier Boots | CBBE Creation Club - Feet - Steel Soldier Boots
47,meshes\armor\bandit\1stpersonglovesf,Hands Redone F Vanilla Bandit 1st Person,nolvus (rule said: CBBE Vanilla - 1st Person - Fur Bracers),CBBE Vanilla - 1st Person - Fur Bracers,CBBE Vanilla - 1st Person - Fur Bracers,CBBE,Hands Redone F Vanilla Bandit 1st Person,match 0.96 (next 0.87),CBBE Vanilla - 1st Person - Fur Bracers | Hands Redone F Vanilla Bandit 1st Person
48,meshes\blackmage\blackmage_both_boots2,Blackmage Both 3BA - Boots 2,default (undecidable),Blackmage Both 3BA - Boots 2,,HIMBO and female versions share this output (unisex mesh),,ambiguous: Blackmage Both 3BA - Boots 2 0.89; Blackmage Both HIMBO - Boots 2 0.56,Blackmage Both 3BA - Boots 2 | Blackmage Both HIMBO - Boots 2
49,meshes\clothes\yarlclothes\f\torso_var1,3BA Vanilla - Body - Yarl Clothes 1 Var 1,rule: 3BA/3BBB,3BA Vanilla - Body - Yarl Clothes 1 Var 1,3BA Vanilla - Body - Yarl Clothes 1 Var 1,3BA/3BBB,3BA Vanilla - Body - Yarl Clothes 1 Var 1,match 0.94 (next 0.43),3BA Vanilla - Body - Yarl Clothes 1 Var 1 | CBBE Vanilla - Body - Yarl Clothes 1 Var 1
50,meshes\armor\aokili\ShatteredRoyalArmor\Miniskirt,Aokili Shattered Royal Armor Miniskirt 3BA,default (undecidable),Aokili Shattered Royal Armor Miniskirt 3BA,Aokili Shattered Royal Armor Miniskirt 3BA,"3BA/3BBB, physics variant (by analogy)",,not in Nolvus output,Aokili Shattered Royal Armor Miniskirt 3BA | Aokili Shattered Royal Armor Miniskirt 3BA No Physics
51,meshes\dlc01\armor\dawnguard\dawnguardbody5f,3BA Dawnguard - Body - Dawnguard 5,rule: 3BA/3BBB,3BA Dawnguard - Body - Dawnguard 5,3BA Dawnguard - Body - Dawnguard 5,3BA/3BBB,3BA Dawnguard - Body - Dawnguard 5,match 0.95 (next 0.87),3BA Dawnguard - Body - Dawnguard 5 | CBBE Dawnguard - Body - Dawnguard 5 | CBBE Frankly HD - Body - Dawnguard 5
52,meshes\armor\aokili\ShatteredRoyalArmor\Necklace,Aokili Shattered Royal Armor Necklace 3BA,default (undecidable),Aokili Shattered Royal Armor Necklace 3BA,,2 candidates tie (3BA/3BBB),,not in Nolvus output,Aokili Shattered Royal Armor Necklace 3BA | Aokili Shattered Royal Armor Necklace 3BA Transparent
53,meshes\armor\dbarmor\dbarmorsleeveless_f,Dark Brotherhood Sleeveless Physics,rule: CBBE physics/SMP,Dark Brotherhood Sleeveless,Dark Brotherhood Sleeveless Physics,CBBE physics/SMP,,ambiguous: Dark Brotherhood Sleeveless Physics 0.89; Dark Brotherhood Sleeveless 0.71,Dark Brotherhood Sleeveless | Dark Brotherhood Sleeveless Physics
54,meshes\armor\aokili\ShatteredRoyalArmor\Sabatons,Aokili Shattered Royal Armor Sabatons 3BA,default (undecidable),Aokili Shattered Royal Armor Sabatons 3BA,,2 candidates tie (3BA/3BBB),,not in Nolvus output,Aokili Shattered Royal Armor Sabatons 3BA | Aokili Shattered Royal Armor Sabatons Flat 3BA
55,meshes\armor\bandit\body1f,3BA Vanilla - Body - Fur 2,rule: 3BA/3BBB,3BA Vanilla - Body - Fur 2,3BA Vanilla - Body - Fur 2,3BA/3BBB,,ambiguous: 3BA Vanilla - Body - Fur 2 0.82; CBBE Vanilla - Body - Fur 2 (Physics) 0.60; CBBE Vanilla - Body - Fur 2 0.55,3BA Vanilla - Body - Fur 2 | CBBE Vanilla - Body - Fur 2 (Physics) | CBBE Vanilla - Body - Fur 2
56,meshes\armor\bandit\body2f,3BA Vanilla - Body - Fur 3,rule: 3BA/3BBB,3BA Vanilla - Body - Fur 3,3BA Vanilla - Body - Fur 3,3BA/3BBB,,ambiguous: 3BA Vanilla - Body - Fur 3 0.82; CBBE Vanilla - Body - Fur 3 (Physics) 0.61; CBBE Vanilla - Body - Fur 3 0.56,3BA Vanilla - Body - Fur 3 | CBBE Vanilla - Body - Fur 3 (Physics) | CBBE Vanilla - Body - Fur 3
57,meshes\creationclub\mtysse002\armor\vigilenforcer\enforcer\bootsf,CBBE 3BA Creation Club - Feet - Vigil Enforcer Boots,rule: 3BA/3BBB,CBBE 3BA Creation Club - Feet - Vigil Enforcer Boots,CBBE 3BA Creation Club - Feet - Vigil Enforcer Boots,3BA/3BBB,CBBE 3BA Creation Club - Feet - Vigil Enforcer Boots,match 0.90 (next 0.80),CBBE 3BA Creation Club - Feet - Vigil Enforcer Boots | CBBE Creation Club - Feet - Vigil Enforcer Boots
58,meshes\armor\elven\f\cuirass,3BA Vanilla - Body - Elven,rule: 3BA/3BBB,3BA Vanilla - Body - Elven,3BA Vanilla - Body - Elven,3BA/3BBB,,ambiguous: 3BA Vanilla - Body - Elven 0.79; CBBE Vanilla - Body - Elven 0.71,3BA Vanilla - Body - Elven | CBBE Vanilla - Body - Elven
59,meshes\armor\bandit\glovesf,Hands Redone F Vanilla Bandit,nolvus (rule said: CBBE Vanilla - Hands - Fur),CBBE Vanilla - Hands - Fur,CBBE Vanilla - Hands - Fur,CBBE,Hands Redone F Vanilla Bandit,match 0.96 (next 0.87),CBBE Vanilla - Hands - Fur | Hands Redone F Vanilla Bandit
60,meshes\armor\batman\talia\black armor\skirt_back,[3BA League of Assassins] Skirt Back Black SMP,nolvus (same as default),[3BA League of Assassins] Skirt Back Black SMP,[3BA League of Assassins] Skirt Back Black SMP,"3BA/3BBB, physics variant (by analogy)",[3BA League of Assassins] Skirt Back Black SMP,match 0.99 (next 0.30),[3BA League of Assassins] Skirt Back Black SMP | [3BA League of Assassins] Skirt Back Black
61,meshes\creationclub\mtysse002\armor\vigilenforcer\enforcer\1stperson\1stpersonenforcercuirassf,CBBE 3BA Creation Club - 1st - Vigil Enforcer,rule: 3BA/3BBB,CBBE 3BA Creation Club - 1st - Vigil Enforcer,CBBE 3BA Creation Club - 1st - Vigil Enforcer,3BA/3BBB,CBBE 3BA Creation Club - 1st - Vigil Enforcer,match 0.92 (next 0.76),CBBE 3BA Creation Club - 1st - Vigil Enforcer | CBBE Creation Club - 1st Person - Vigil Enforcer Armor
62,meshes\armor\batman\talia\black armor\skirt_front,[3BA League of Assassins] Skirt Front Black SMP,nolvus (same as default),[3BA League of Assassins] Skirt Front Black SMP,[3BA League of Assassins] Skirt Front Black SMP,"3BA/3BBB, physics variant (by analogy)",[3BA League of Assassins] Skirt Front Black SMP,match 0.99 (next 0.07),[3BA League of Assassins] Skirt Front Black SMP | [3BA League of Assassins] Skirt Front Black
63,meshes\armor\draugr\draugrgauntletsfemale,Hands Redone F Vanilla Ancient Nord,nolvus (rule said: CBBE Vanilla - Hands - Ancient Nord),CBBE Vanilla - Hands - Ancient Nord,CBBE Vanilla - Hands - Ancient Nord,CBBE,Hands Redone F Vanilla Ancient Nord,match 0.96 (next 0.88),CBBE Vanilla - Hands - Ancient Nord | Hands Redone F Vanilla Ancient Nord
64,meshes\clothes\monk\monkrobes_f,3BA Vanilla - Body - Monk,rule: 3BA/3BBB,3BA Vanilla - Body - Monk,3BA Vanilla - Body - Monk,3BA/3BBB,3BA Vanilla - Body - Monk,match 0.94 (next 0.54),3BA Vanilla - Body - Monk | CBBE Vanilla - Body - Monk (Physics) | CBBE Vanilla - Body - Monk
65,meshes\armor\batman\talia\skirt_front,[3BA League of Assassins] Skirt Front SMP,nolvus (same as default),[3BA League of Assassins] Skirt Front SMP,[3BA League of Assassins] Skirt Front SMP,"3BA/3BBB, physics variant (by analogy)",[3BA League of Assassins] Skirt Front SMP,match 0.99 (next 0.07),[3BA League of Assassins] Skirt Front SMP | [3BA League of Assassins] Skirt Front
66,meshes\armor\thievesguild\f\1stpersonbracersvariant,Hands Redone F Vanilla Thief Variant 1st Person,nolvus (rule said: CBBE Vanilla - 1st Person - Thief Variant Bracers),CBBE Vanilla - 1st Person - Thief Variant Bracers,CBBE Vanilla - 1st Person - Thief Variant Bracers,CBBE,Hands Redone F Vanilla Thief Variant 1st Person,match 0.96 (next 0.85),CBBE Vanilla - 1st Person - Thief Variant Bracers | Hands Redone F Vanilla Thief Variant 1st Person
67,meshes\armor\draugr\draugrarmorfemale,3BA Vanilla - Body - Ancient Nord,rule: 3BA/3BBB,3BA Vanilla - Body - Ancient Nord,3BA Vanilla - Body - Ancient Nord,3BA/3BBB,,ambiguous: 3BA Vanilla - Body - Ancient Nord 0.81; CBBE Vanilla - Body - Ancient Nord (Physics) 0.58; CBBE Vanilla - Body - Ancient Nord 0.53,3BA Vanilla - Body - Ancient Nord | CBBE Vanilla - Body - Ancient Nord (Physics) | CBBE Vanilla - Body - Ancient Nord
68,meshes\creationclub\bgssse008\armor\wraithguard\f\1stpersongauntlet,CBBE 3BA Creation Club - 1st - Wraith Guard,rule: 3BA/3BBB,CBBE 3BA Creation Club - 1st - Wraith Guard,CBBE 3BA Creation Club - 1st - Wraith Guard,3BA/3BBB,CBBE 3BA Creation Club - 1st - Wraith Guard,match 0.96 (next 0.91),CBBE 3BA Creation Club - 1st - Wraith Guard | CBBE Creation Club - 1st Person - Wraithguard
69,meshes\armor\batman\talia\torso,[3BA League of Assassins] Torso (3BA physics),nolvus (same as default),[3BA League of Assassins] Torso (3BA physics),[3BA League of Assassins] Torso (3BA physics),"3BA/3BBB, physics variant (by analogy)",[3BA League of Assassins] Torso (3BA physics),match 0.97 (next 0.57),[3BA League of Assassins] Torso (3BA physics) | [3BA League of Assassins] Torso
70,meshes\dlc02\armor\stahlrimlight\f\cuirass,3BA Dragonborn - Body - Stahlrim Light,rule: 3BA/3BBB,3BA Dragonborn - Body - Stahlrim Light,3BA Dragonborn - Body - Stahlrim Light,3BA/3BBB,3BA Dragonborn - Body - Stahlrim Light,match 0.94 (next 0.84),3BA Dragonborn - Body - Stahlrim Light | CBBE Dragonborn - Body - Stalhrim Light
71,meshes\armor\BeatricesAmulet\BeatricesAmuletF,Ave INPCs Beatrices Amulet CBBE Physics,rule: CBBE physics/SMP,Ave INPCs Beatrices Amulet BHUNP TBBP,Ave INPCs Beatrices Amulet CBBE Physics,CBBE physics/SMP,,ambiguous: Ave INPCs Beatrices Amulet CBBE Physics 0.88; Ave INPCs Beatrices Amulet CBBE 0.88; Ave INPCs Beatrices Amulet BHUNP TBBP 0.40,Ave INPCs Beatrices Amulet BHUNP TBBP | Ave INPCs Beatrices Amulet BHUNP | Ave INPCs Beatrices Amulet CBBE Physics | Ave INPCs Beatrices Amulet CBBE
72,meshes\dlc02\armor\stahlrimheavy\f\gauntletsbeast,Hands Redone F Dragonborn Stahlrim Heavy Beast,nolvus (rule said: CBBE Dragonborn - Hands - Stalhrim Heavy Beast),CBBE Dragonborn - Hands - Stalhrim Heavy Beast,CBBE Dragonborn - Hands - Stalhrim Heavy Beast,CBBE,Hands Redone F Dragonborn Stahlrim Heavy Beast,match 0.96 (next 0.91),CBBE Dragonborn - Hands - Stalhrim Heavy Beast | Hands Redone F Dragonborn Stahlrim Heavy Beast
73,meshes\armor\dbarmor\1stpersondbarmortorso,HIMBO - 4thUnknown's Dark Brotherhood Armor - 1st person,nolvus (same as default),HIMBO - 4thUnknown's Dark Brotherhood Armor - 1st person,,2 HIMBO candidates,HIMBO - 4thUnknown's Dark Brotherhood Armor - 1st person,match 0.92 (next 0.73),HIMBO - 4thUnknown's Dark Brotherhood Armor - 1st person | HIMBO Vanilla - 1st - Dark Brotherhood
74,meshes\armor\BetrothalNecklace\BetrothalNecklaceF,Ave INPCs Betrothal Necklace CBBE Physics,rule: CBBE physics/SMP,Ave INPCs Betrothal Necklace BHUNP TBBP,Ave INPCs Betrothal Necklace CBBE Physics,CBBE physics/SMP,,ambiguous: Ave INPCs Betrothal Necklace CBBE Physics 0.91; Ave INPCs Betrothal Necklace CBBE 0.91; Ave INPCs Betrothal Necklace BHUNP TBBP 0.62,Ave INPCs Betrothal Necklace BHUNP TBBP | Ave INPCs Betrothal Necklace BHUNP | Ave INPCs Betrothal Necklace CBBE Physics | Ave INPCs Betrothal Necklace CBBE
75,meshes\armor\dbarmor\dbarmortorso,HIMBO - 4thUnknown's Dark Brotherhood Armor,nolvus (same as default),HIMBO - 4thUnknown's Dark Brotherhood Armor,,2 HIMBO candidates,HIMBO - 4thUnknown's Dark Brotherhood Armor,match 0.95 (next 0.76),HIMBO - 4thUnknown's Dark Brotherhood Armor | HIMBO Vanilla - Body - Dark Brotherhood
76,meshes\armor\blades\bladesarmorf,3BA Vanilla - Body - Blades,rule: 3BA/3BBB,3BA Vanilla - Body - Blades,3BA Vanilla - Body - Blades,3BA/3BBB,3BA Vanilla - Body - Blades,match 0.95 (next 0.88),3BA Vanilla - Body - Blades | CBBE Vanilla - Body - Blades
77,meshes\armor\BloodWitch\Bloodarmortorso_f,[ZF] Blood Witch Coat 3BA Physics,rule: 3BA/3BBB,[ZF] Blood Witch Coat 3BA Physics,[ZF] Blood Witch Coat 3BA Physics,3BA/3BBB,,ambiguous: [ZF] Blood Witch Coat 3BA Physics 0.99; [ZF] Blood Witch Coat No Body 0.95,[ZF] Blood Witch Coat 3BA Physics | [ZF] Blood Witch Coat No Body
78,meshes\creationclub\bgssse052\armor\iron\irontorsof,CBBE 3BA Creation Club - Body - Iron,rule: 3BA/3BBB,CBBE 3BA Creation Club - Body - Iron,CBBE 3BA Creation Club - Body - Iron,3BA/3BBB,CBBE 3BA Creation Club - Body - Iron,match 0.95 (next 0.73),CBBE 3BA Creation Club - Body - Iron | CBBE Creation Club - Body - Iron Plate Armor
79,meshes\creationclub\bgssse053\armor\leather\1stpersonleathertorsof,CBBE 3BA Creation Club - 1st - Leather,rule: 3BA/3BBB,CBBE 3BA Creation Club - 1st - Leather,CBBE 3BA Creation Club - 1st - Leather,3BA/3BBB,CBBE 3BA Creation Club - 1st - Leather,match 0.93 (next 0.78),CBBE 3BA Creation Club - 1st - Leather | CBBE Creation Club - 1st Person - Leather Scout Armor
80,meshes\Armor\dbarmor\dbarmorgauntlets_f,4thUnknown DB Armor Gauntlets SE CBBE 3BA,rule: 3BA/3BBB,4thUnknown DB Armor Gauntlets SE CBBE 3BA,4thUnknown DB Armor Gauntlets SE CBBE 3BA,3BA/3BBB,4thUnknown DB Armor Gauntlets SE CBBE 3BA,match 0.96 (next 0.82),4thUnknown DB Armor Gauntlets SE CBBE 3BA | CBBE Vanilla - Hands - Dark Brotherhood
81,meshes\armor\briarheart\briarheart,HIMBO Vanilla - Body - Briarheart,nolvus (same as default),HIMBO Vanilla - Body - Briarheart,,2 HIMBO candidates,HIMBO Vanilla - Body - Briarheart,match 0.94 (next 0.45),HIMBO Vanilla - Body - Briarheart | HIMBO Vanilla - Amulet - Briarheart (USSEP)
82,meshes\armor\hide\f\gauntletsheavy,Hands Redone F Vanilla Hide Heavy,nolvus (rule said: CBBE Vanilla - Hands - Scaled),CBBE Vanilla - Hands - Scaled,CBBE Vanilla - Hands - Scaled,CBBE,Hands Redone F Vanilla Hide Heavy,match 0.96 (next 0.91),CBBE Vanilla - Hands - Scaled | Hands Redone F Vanilla Hide Heavy
83,meshes\armor\briarheart\briarheartempty,HIMBO Vanilla - Body - Briarheart Empty,nolvus (same as default),HIMBO Vanilla - Body - Briarheart Empty,,2 HIMBO candidates,HIMBO Vanilla - Body - Briarheart Empty,match 0.95 (next 0.32),HIMBO Vanilla - Body - Briarheart Empty | HIMBO Vanilla - Amulet - Briarheart Empty (USSEP)
84,meshes\armor\daedric\daedrictorsof,3BA Vanilla - Body - Daedric,rule: 3BA/3BBB,3BA Vanilla - Body - Daedric,3BA Vanilla - Body - Daedric,3BA/3BBB,3BA Vanilla - Body - Daedric,match 0.96 (next 0.87),3BA Vanilla - Body - Daedric | CBBE Vanilla - Body - Daedric
85,meshes\armor\dbarmor\dbarmorboots,HIMBO - 4thunknown's Dark Brotherhood Boots,default (undecidable),HIMBO - 4thunknown's Dark Brotherhood Boots,,2 HIMBO candidates,,ambiguous: HIMBO - 4thunknown's Dark Brotherhood Boots 0.88; HIMBO Vanilla - Feet - Dark Brotherhood 0.59,HIMBO - 4thunknown's Dark Brotherhood Boots | HIMBO Vanilla - Feet - Dark Brotherhood
86,meshes\creationclub\bgssse052\armor\iron\1stpersonirontorsof,CBBE 3BA Creation Club - 1st - Iron,rule: 3BA/3BBB,CBBE 3BA Creation Club - 1st - Iron,CBBE 3BA Creation Club - 1st - Iron,3BA/3BBB,CBBE 3BA Creation Club - 1st - Iron,match 0.93 (next 0.71),CBBE 3BA Creation Club - 1st - Iron | CBBE Creation Club - 1st Person - Iron Plate Armor
87,meshes\armor\dbarmor\dbarmortorso_f,3BA Vanilla - Body - Dark Brotherhood,rule: 3BA/3BBB,3BA Vanilla - Body - Dark Brotherhood,3BA Vanilla - Body - Dark Brotherhood,3BA/3BBB,,ambiguous: 3BA Vanilla - Body - Dark Brotherhood 0.77; CBBE Vanilla - Body - Dark Brotherhood (Physics) 0.57; CBBE Vanilla - Body - Dark Brotherhood 0.50,3BA Vanilla - Body - Dark Brotherhood | CBBE Vanilla - Body - Dark Brotherhood (Physics) | CBBE Vanilla - Body - Dark Brotherhood
88,meshes\creationclub\mtysse002\armor\vigilenforcer\corrupted\corruptedgauntletsf,CBBE 3BA Creation Club - Hands - Vigil Corrupted Gauntlets,rule: 3BA/3BBB,CBBE 3BA Creation Club - Hands - Vigil Corrupted Gauntlets,CBBE 3BA Creation Club - Hands - Vigil Corrupted Gauntlets,3BA/3BBB,,ambiguous: CBBE 3BA Creation Club - Hands - Vigil Corrupted Gauntlets 0.96; CBBE Creation Club - Hands - Vigil Corrupted Gauntlets 0.92,CBBE 3BA Creation Club - Hands - Vigil Corrupted Gauntlets | CBBE Creation Club - Hands - Vigil Corrupted Gauntlets
89,meshes\armor\dragonbone\dragonbonearmorf,3BA Vanilla - Body - Dragonbone,rule: 3BA/3BBB,3BA Vanilla - Body - Dragonbone,3BA Vanilla - Body - Dragonbone,3BA/3BBB,3BA Vanilla - Body - Dragonbone,match 0.94 (next 0.63),3BA Vanilla - Body - Dragonbone | CBBE Vanilla - Body - Dragonbone
90,meshes\creationclub\cbhsse001\glass\uaglassf,CBBE 3BA Creation Club - Hands - Unarmed Glass,rule: 3BA/3BBB,CBBE 3BA Creation Club - Hands - Unarmed Glass,CBBE 3BA Creation Club - Hands - Unarmed Glass,3BA/3BBB,,ambiguous: CBBE 3BA Creation Club - Hands - Unarmed Glass 0.98; CBBE Creation Club - Hands - Brawler's Glass Gauntlets 0.97,CBBE 3BA Creation Club - Hands - Unarmed Glass | CBBE Creation Club - Hands - Brawler's Glass Gauntlets
91,meshes\armor\dragonpriesthelms\wtdragonhelm_rust,CBBE 3BA Wt Dragonhelm rust,default (undecidable),CBBE 3BA Wt Dragonhelm rust,,HIMBO and female versions share this output (unisex mesh),,ambiguous: CBBE 3BA Wt Dragonhelm rust 0.90; HIMBO Wt Dragonhelm rust 0.86,CBBE 3BA Wt Dragonhelm rust | HIMBO Wt Dragonhelm rust
92,meshes\armor\dwarven\dwarvenarmorf,3BA Vanilla - Body - Dwarven,rule: 3BA/3BBB,3BA Vanilla - Body - Dwarven,3BA Vanilla - Body - Dwarven,3BA/3BBB,3BA Vanilla - Body - Dwarven,match 0.95 (next 0.88),3BA Vanilla - Body - Dwarven | CBBE Vanilla - Body - Dwarven
93,meshes\clothes\Kozakowy\FalkaArmor\torsosc,Falka Armor SC (3BA),rule: 3BA/3BBB,Falka Armor SC (3BA),Falka Armor SC (3BA),3BA/3BBB,Falka Armor SC (3BA),match 0.97 (next 0.60),Falka Armor SC (3BA) | Falka Armor SC
94,meshes\creationclub\bgssse031\clothes\pirate\1stpersonpiratescrubbodyf,CBBE 3BA Creation Club - 1st - Pirate Scrub,rule: 3BA/3BBB,CBBE 3BA Creation Club - 1st - Pirate Scrub,CBBE 3BA Creation Club - 1st - Pirate Scrub,3BA/3BBB,CBBE 3BA Creation Club - 1st - Pirate Scrub,match 0.95 (next 0.59),CBBE 3BA Creation Club - 1st - Pirate Scrub | CBBE Creation Club - 1st Person - Scrub Clothes
95,meshes\creationclub\bgssse041\armor\netchleather\female\netchleathergauntlets_f,CBBE 3BA Creation Club - Hands - Netch Leather Gauntlets,rule: 3BA/3BBB,CBBE 3BA Creation Club - Hands - Netch Leather Gauntlets,CBBE 3BA Creation Club - Hands - Netch Leather Gauntlets,3BA/3BBB,CBBE 3BA Creation Club - Hands - Netch Leather Gauntlets,match 0.96 (next 0.90),CBBE 3BA Creation Club - Hands - Netch Leather Gauntlets | CBBE Creation Club - Hands - Netch Leather Gauntlets
96,meshes\armor\ebonymail\cuirassf,3BA Vanilla - Body - Ebony Mail,rule: 3BA/3BBB,3BA Vanilla - Body - Ebony Mail,3BA Vanilla - Body - Ebony Mail,3BA/3BBB,,ambiguous: 3BA Vanilla - Body - Ebony Mail 0.73; CBBE Vanilla - Body - Ebony Mail 0.55,3BA Vanilla - Body - Ebony Mail | CBBE Vanilla - Body - Ebony Mail
97,meshes\armor\generaltulius\generaltuliusf,3BA Vanilla - Body - Tulius,rule: 3BA/3BBB,3BA Vanilla - Body - Tulius,3BA Vanilla - Body - Tulius,3BA/3BBB,3BA Vanilla - Body - Tulius,match 0.94 (next 0.57),3BA Vanilla - Body - Tulius | CBBE Vanilla - Body - Tullius (Physics) | CBBE Vanilla - Body - Tullius
98,meshes\dlc02\armor\stahlrimheavy\f\cuirass,3BA Dragonborn - Body - Stahlrim Heavy,rule: 3BA/3BBB,3BA Dragonborn - Body - Stahlrim Heavy,3BA Dragonborn - Body - Stahlrim Heavy,3BA/3BBB,3BA Dragonborn - Body - Stahlrim Heavy,match 0.94 (next 0.84),3BA Dragonborn - Body - Stahlrim Heavy | CBBE Dragonborn - Body - Stalhrim Heavy
99,meshes\armor\elvish\chest,Arcane Mage Armour 3BA - Chest,rule: 3BA/3BBB,Arcane Mage Armour 3BA - Chest,Arcane Mage Armour 3BA - Chest,3BA/3BBB,,ambiguous: Arcane Mage Armour Vanilla - Chest 0.98; Arcane Mage Armour 3BA - Chest 0.98,Arcane Mage Armour 3BA - Chest | Arcane Mage Armour Vanilla - Chest
100,meshes\armor\falmer\falmerarmorf,3BA Vanilla - Body - Falmer,rule: 3BA/3BBB,3BA Vanilla - Body - Falmer,3BA Vanilla - Body - Falmer,3BA/3BBB,,ambiguous: 3BA Vanilla - Body - Falmer 0.81; CBBE Vanilla - Body - Falmer 0.56,3BA Vanilla - Body - Falmer | CBBE Vanilla - Body - Falmer
101,meshes\creationclub\vsvsse003\armor\necrorobesrunesf_k,CBBE 3BA Creation Club - Body - Necromancer Runes K,rule: 3BA/3BBB,CBBE 3BA Creation Club - Body - Necromancer Runes K,CBBE 3BA Creation Club - Body - Necromancer Runes K,3BA/3BBB,CBBE 3BA Creation Club - Body - Necromancer Runes K,match 0.97 (next 0.76),CBBE 3BA Creation Club - Body - Necromancer Runes K | CBBE Creation Club - Body - Runic Necromancer Robes (Kha)
102,meshes\armor\falmer\falmergauntletsf,Hands Redone F Vanilla Falmer,nolvus (rule said: CBBE Vanilla - Hands - Falmer),CBBE Vanilla - Hands - Falmer,CBBE Vanilla - Hands - Falmer,CBBE,Hands Redone F Vanilla Falmer,match 0.96 (next 0.91),CBBE Vanilla - Hands - Falmer | Hands Redone F Vanilla Falmer
103,meshes\armor\glass\f\cuirass,3BA Vanilla - Body - Glass,rule: 3BA/3BBB,3BA Vanilla - Body - Glass,3BA Vanilla - Body - Glass,3BA/3BBB,3BA Vanilla - Body - Glass,match 0.95 (next 0.78),3BA Vanilla - Body - Glass | CBBE Vanilla - Body - Glass
104,meshes\armor\hide\f\1stpersongauntletsheavy,Hands Redone F Vanilla Hide Heavy 1st Person,nolvus (rule said: CBBE Vanilla - 1st Person - Scaled Bracers),CBBE Vanilla - 1st Person - Scaled Bracers,CBBE Vanilla - 1st Person - Scaled Bracers,CBBE,Hands Redone F Vanilla Hide Heavy 1st Person,match 0.96 (next 0.91),CBBE Vanilla - 1st Person - Scaled Bracers | Hands Redone F Vanilla Hide Heavy 1st Person
105,meshes\armor\hide\f\1stpersongauntletsheavybeast,Hands Redone F Vanilla Hide Heavy Beast 1st Person,nolvus (rule said: CBBE Vanilla - 1st Person - Scaled Bracers Beast),CBBE Vanilla - 1st Person - Scaled Bracers Beast,CBBE Vanilla - 1st Person - Scaled Bracers Beast,CBBE,Hands Redone F Vanilla Hide Heavy Beast 1st Person,match 0.96 (next 0.91),CBBE Vanilla - 1st Person - Scaled Bracers Beast | Hands Redone F Vanilla Hide Heavy Beast 1st Person
106,meshes\furexarot\KE\m\cuirass2,Chevalier HIMBO - Cuirass Surcoat,nolvus (same as default),Chevalier HIMBO - Cuirass Surcoat,Chevalier HIMBO - Cuirass Surcoat,"HIMBO, physics variant (by analogy)",Chevalier HIMBO - Cuirass Surcoat,match 0.99 (next 0.71),Chevalier HIMBO - Cuirass Surcoat | Chevalier HIMBO - Cuirass Surcoat No Physics
107,meshes\armor\hide\f\1stpersongauntletslight,Hands Redone F Vanilla Hide Light 1st Person,nolvus (rule said: CBBE Vanilla - 1st Person - Hide Bracers),CBBE Vanilla - 1st Person - Hide Bracers,CBBE Vanilla - 1st Person - Hide Bracers,CBBE,Hands Redone F Vanilla Hide Light 1st Person,match 0.96 (next 0.91),CBBE Vanilla - 1st Person - Hide Bracers | Hands Redone F Vanilla Hide Light 1st Person
108,meshes\clothes\farmclothes02\f\dress,3BA Vanilla - Body - Farm Clothes 2,rule: 3BA/3BBB,3BA Vanilla - Body - Farm Clothes 2,3BA Vanilla - Body - Farm Clothes 2,3BA/3BBB,3BA Vanilla - Body - Farm Clothes 2,match 0.95 (next 0.60),3BA Vanilla - Body - Farm Clothes 2 | CBBE Vanilla - Body - Farm Clothes 2 (Physics) | CBBE Vanilla - Body - Farm Clothes 2
109,meshes\armor\hide\f\1stpersongauntletslightbeast,Hands Redone F Vanilla Hide Light Beast 1st Person,nolvus (rule said: CBBE Vanilla - 1st Person - Hide Bracers Beast),CBBE Vanilla - 1st Person - Hide Bracers Beast,CBBE Vanilla - 1st Person - Hide Bracers Beast,CBBE,Hands Redone F Vanilla Hide Light Beast 1st Person,match 0.96 (next 0.91),CBBE Vanilla - 1st Person - Hide Bracers Beast | Hands Redone F Vanilla Hide Light Beast 1st Person
110,meshes\clothes\wounds\woundsusanna,3BA Vanilla - Body - Wounds Susanna,rule: 3BA/3BBB,3BA Vanilla - Body - Wounds Susanna,3BA Vanilla - Body - Wounds Susanna,3BA/3BBB,3BA Vanilla - Body - Wounds Susanna,match 0.95 (next 0.63),3BA Vanilla - Body - Wounds Susanna | CBBE Vanilla - Body - Wounds Susanna
111,meshes\armor\hide\f\cuirassheavy,3BA Vanilla - Body - Scaled,rule: 3BA/3BBB,3BA Vanilla - Body - Scaled,3BA Vanilla - Body - Scaled,3BA/3BBB,3BA Vanilla - Body - Scaled,match 0.94 (next 0.66),3BA Vanilla - Body - Scaled | CBBE Vanilla - Body - Scaled
112,meshes\creationclub\bgssse058\armor\steel\steelbodyf,CBBE 3BA Creation Club - Body - Steel Soldier Armor,rule: 3BA/3BBB,CBBE 3BA Creation Club - Body - Steel Soldier Armor,CBBE 3BA Creation Club - Body - Steel Soldier Armor,3BA/3BBB,CBBE 3BA Creation Club - Body - Steel Soldier Armor,match 0.95 (next 0.85),CBBE 3BA Creation Club - Body - Steel Soldier Armor | CBBE Creation Club - Body - Steel Soldier Armor
113,meshes\creationclub\cbhsse001\bandit\uabanditf,CBBE 3BA Creation Club - Hands - Unarmed Bandit,rule: 3BA/3BBB,CBBE 3BA Creation Club - Hands - Unarmed Bandit,CBBE 3BA Creation Club - Hands - Unarmed Bandit,3BA/3BBB,,ambiguous: CBBE 3BA Creation Club - Hands - Unarmed Bandit 0.99; CBBE Creation Club - Hands - Brawler's Fur Bracers 0.98,CBBE 3BA Creation Club - Hands - Unarmed Bandit | CBBE Creation Club - Hands - Brawler's Fur Bracers
114,meshes\armor\hide\f\cuirassheavychieftain,3BA Vanilla - Body - Scaled Horn,rule: 3BA/3BBB,3BA Vanilla - Body - Scaled Horn,3BA Vanilla - Body - Scaled Horn,3BA/3BBB,3BA Vanilla - Body - Scaled Horn,match 0.95 (next 0.66),3BA Vanilla - Body - Scaled Horn | CBBE Vanilla - Body - Scaled Horn
115,meshes\armor\orcish\cuirassf,3BA Vanilla - Body - Orcish,rule: 3BA/3BBB,3BA Vanilla - Body - Orcish,3BA Vanilla - Body - Orcish,3BA/3BBB,3BA Vanilla - Body - Orcish,match 0.92 (next 0.66),3BA Vanilla - Body - Orcish | CBBE Vanilla - Body - Orcish
116,meshes\armor\hide\f\cuirasslight,3BA Vanilla - Body - Hide,rule: 3BA/3BBB,3BA Vanilla - Body - Hide,3BA Vanilla - Body - Hide,3BA/3BBB,3BA Vanilla - Body - Hide,match 0.95 (next 0.62),3BA Vanilla - Body - Hide | CBBE Vanilla - Body - Hide (Physics) | CBBE Vanilla - Body - Hide
117,meshes\creationclub\edhsse002\armor\splknt\splknteliteglovesf,CBBE 3BA Creation Club - Hands -Spell Knight Ebony Gloves,rule: 3BA/3BBB,CBBE 3BA Creation Club - Hands -Spell Knight Ebony Gloves,CBBE 3BA Creation Club - Hands -Spell Knight Ebony Gloves,3BA/3BBB,CBBE 3BA Creation Club - Hands -Spell Knight Ebony Gloves,match 0.96 (next 0.88),CBBE 3BA Creation Club - Hands -Spell Knight Ebony Gloves | CBBE Creation Club - Hands - Ebony Spell Knight Gauntlets
118,meshes\dlc01\clothes\blindmothpriest\blindmothpriestrobesf,3BA Dawnguard - Body - Blind Moth Priest,rule: 3BA/3BBB,3BA Dawnguard - Body - Blind Moth Priest,3BA Dawnguard - Body - Blind Moth Priest,3BA/3BBB,3BA Dawnguard - Body - Blind Moth Priest,match 0.94 (next 0.54),3BA Dawnguard - Body - Blind Moth Priest | CBBE Dawnguard - Body - Blind Moth Priest (Physics) | CBBE Dawnguard - Body - Blind Moth Priest
119,meshes\armor\hide\f\cuirassmedium,3BA Vanilla - Body - Studded,rule: 3BA/3BBB,3BA Vanilla - Body - Studded,3BA Vanilla - Body - Studded,3BA/3BBB,3BA Vanilla - Body - Studded,match 0.95 (next 0.62),3BA Vanilla - Body - Studded | CBBE Vanilla - Body - Studded (Physics) | CBBE Vanilla - Body - Studded
120,meshes\creationclub\cbhsse001\hide\m\gauntletslightf,CBBE 3BA Creation Club - Hands - Unarmed Hide Light,rule: 3BA/3BBB,CBBE 3BA Creation Club - Hands - Unarmed Hide Light,CBBE 3BA Creation Club - Hands - Unarmed Hide Light,3BA/3BBB,CBBE 3BA Creation Club - Hands - Unarmed Hide Light,match 0.99 (next 0.87),CBBE 3BA Creation Club - Hands - Unarmed Hide Light | CBBE Creation Club - Hands - Brawler's Hide Bracers
121,meshes\armor\hide\f\gauntletslight,Hands Redone F Vanilla Hide Light,nolvus (rule said: CBBE Vanilla - Hands - Hide),CBBE Vanilla - Hands - Hide,CBBE Vanilla - Hands - Hide,CBBE,Hands Redone F Vanilla Hide Light,match 0.96 (next 0.91),CBBE Vanilla - Hands - Hide | Hands Redone F Vanilla Hide Light
122,meshes\clothes\farmclothes03\farmerrobef,3BA Vanilla - Body - Farm Clothes 3,rule: 3BA/3BBB,3BA Vanilla - Body - Farm Clothes 3,3BA Vanilla - Body - Farm Clothes 3,3BA/3BBB,3BA Vanilla - Body - Farm Clothes 3,match 0.95 (next 0.61),3BA Vanilla - Body - Farm Clothes 3 | CBBE Vanilla - Body - Farm Clothes 3 (Physics) | CBBE Vanilla - Body - Farm Clothes 3
123,meshes\Kreis\KSA\viridianknight\bodyF,CBBE 3BA KSA - Body - Viridian Knight,rule: 3BA/3BBB,BHUNP KSA - Body - Viridian Knight,CBBE 3BA KSA - Body - Viridian Knight,3BA/3BBB,,ambiguous: CBBE KSA - Body - Viridian Knight 0.97; CBBE 3BA KSA - Body - Viridian Knight 0.97; BHUNP KSA - Body - Viridian Knight 0.69,BHUNP KSA - Body - Viridian Knight | CBBE 3BA KSA - Body - Viridian Knight | CBBE KSA - Body - Viridian Knight
124,meshes\armor\imperial\f\1stpersongauntletsheavy,Hands Redone F Vanilla Imperial Heavy 1st Person,nolvus (rule said: CBBE Vanilla - 1st Person - Imperial Gauntlets),CBBE Vanilla - 1st Person - Imperial Gauntlets,CBBE Vanilla - 1st Person - Imperial Gauntlets,CBBE,Hands Redone F Vanilla Imperial Heavy 1st Person,match 0.96 (next 0.91),CBBE Vanilla - 1st Person - Imperial Gauntlets | Hands Redone F Vanilla Imperial Heavy 1st Person
125,meshes\armor\imperial\f\1stpersongauntletsheavybeast,Hands Redone F Vanilla Imperial Heavy Beast 1st Person,nolvus (rule said: CBBE Vanilla - 1st Person - Imperial Gauntlets Beast),CBBE Vanilla - 1st Person - Imperial Gauntlets Beast,CBBE Vanilla - 1st Person - Imperial Gauntlets Beast,CBBE,Hands Redone F Vanilla Imperial Heavy Beast 1st Person,match 0.96 (next 0.91),CBBE Vanilla - 1st Person - Imperial Gauntlets Beast | Hands Redone F Vanilla Imperial Heavy Beast 1st Person
126,meshes\dlc01\clothes\prisoner\prisonerclothesbloody_f,3BA Dawnguard - Body - Prisoner Bloody,rule: 3BA/3BBB,3BA Dawnguard - Body - Prisoner Bloody,3BA Dawnguard - Body - Prisoner Bloody,3BA/3BBB,,ambiguous: 3BA Dawnguard - Body - Prisoner Bloody 0.87; CBBE Dawnguard - Body - Prisoner Bloody (Physics) 0.59; CBBE Dawnguard - Body - Prisoner Bloody 0.54,3BA Dawnguard - Body - Prisoner Bloody | CBBE Dawnguard - Body - Prisoner Bloody (Physics) | CBBE Dawnguard - Body - Prisoner Bloody
127,meshes\armor\imperial\f\1stpersongauntletslight,Hands Redone F Vanilla Imperial Light 1st Person,nolvus (rule said: CBBE Vanilla - 1st Person - Imperial Light Gauntlets),CBBE Vanilla - 1st Person - Imperial Light Gauntlets,CBBE Vanilla - 1st Person - Imperial Light Gauntlets,CBBE,Hands Redone F Vanilla Imperial Light 1st Person,match 0.96 (next 0.91),CBBE Vanilla - 1st Person - Imperial Light Gauntlets | Hands Redone F Vanilla Imperial Light 1st Person
128,meshes\armor\imperial\f\1stpersongauntletslightbeast,Hands Redone F Vanilla Imperial Light Beast 1st Person,nolvus (rule said: CBBE Vanilla - 1st Person - Imperial Light Gauntlets Beast),CBBE Vanilla - 1st Person - Imperial Light Gauntlets Beast,CBBE Vanilla - 1st Person - Imperial Light Gauntlets Beast,CBBE,Hands Redone F Vanilla Imperial Light Beast 1st Person,match 0.96 (next 0.91),CBBE Vanilla - 1st Person - Imperial Light Gauntlets Beast | Hands Redone F Vanilla Imperial Light Beast 1st Person
129,meshes\armor\imperial\f\cuirassheavy,3BA Vanilla - Body - Imperial Heavy,rule: 3BA/3BBB,3BA Vanilla - Body - Imperial Heavy,3BA Vanilla - Body - Imperial Heavy,3BA/3BBB,3BA Vanilla - Body - Imperial Heavy,match 0.95 (next 0.59),3BA Vanilla - Body - Imperial Heavy | CBBE Vanilla - Body - Imperial
130,meshes\clothes\wounds\woundsarivanya,3BA Vanilla - Body - Wounds Arivanya,rule: 3BA/3BBB,3BA Vanilla - Body - Wounds Arivanya,3BA Vanilla - Body - Wounds Arivanya,3BA/3BBB,3BA Vanilla - Body - Wounds Arivanya,match 0.95 (next 0.63),3BA Vanilla - Body - Wounds Arivanya | CBBE Vanilla - Body - Wounds Arivanya
131,meshes\armor\imperial\f\cuirasslight,3BA Vanilla - Body - Imperial Light,rule: 3BA/3BBB,3BA Vanilla - Body - Imperial Light,3BA Vanilla - Body - Imperial Light,3BA/3BBB,3BA Vanilla - Body - Imperial Light,match 0.94 (next 0.59),3BA Vanilla - Body - Imperial Light | CBBE Vanilla - Body - Imperial Light (Physics) | CBBE Vanilla - Body - Imperial Light
132,Meshes\armor\LeatherDarkArmorByXtudo\LeatherDark_Hood,Nibenean Armors and Outfit Original 3BA Hood (Physics),default (undecidable),Nibenean Armors and Outfit Original 3BA Hood (Physics),,2 candidates tie (3BA/3BBB),,ambiguous: Nibenean Armors and Outfit Original 3BA Large Hood (Physics) 0.95; Nibenean Armors and Outfit Original 3BA Hood (Physics) 0.95,Nibenean Armors and Outfit Original 3BA Hood (Physics) | Nibenean Armors and Outfit Original 3BA Large Hood (Physics)
133,meshes\armor\imperial\f\cuirassmedium,3BA Vanilla - Body - Imperial Medium,rule: 3BA/3BBB,3BA Vanilla - Body - Imperial Medium,3BA Vanilla - Body - Imperial Medium,3BA/3BBB,3BA Vanilla - Body - Imperial Medium,match 0.94 (next 0.59),3BA Vanilla - Body - Imperial Medium | CBBE Vanilla - Body - Studded Imperial (Physics) | CBBE Vanilla - Body - Studded Imperial
134,meshes\armor\imperial\f\gauntletsheavy,Hands Redone F Vanilla Imperial Heavy,nolvus (rule said: CBBE Vanilla - Hands - Imperial),CBBE Vanilla - Hands - Imperial,CBBE Vanilla - Hands - Imperial,CBBE,Hands Redone F Vanilla Imperial Heavy,match 0.96 (next 0.91),CBBE Vanilla - Hands - Imperial | Hands Redone F Vanilla Imperial Heavy
135,meshes\armor\imperial\f\gauntletslight,Hands Redone F Vanilla Imperial Light,nolvus (rule said: CBBE Vanilla - Hands - Imperial Light),CBBE Vanilla - Hands - Imperial Light,CBBE Vanilla - Hands - Imperial Light,CBBE,Hands Redone F Vanilla Imperial Light,match 0.96 (next 0.91),CBBE Vanilla - Hands - Imperial Light | Hands Redone F Vanilla Imperial Light
136,meshes\clothes\beggarclothes\torsof,3BA Vanilla - Body - Beggar,rule: 3BA/3BBB,3BA Vanilla - Body - Beggar,3BA Vanilla - Body - Beggar,3BA/3BBB,3BA Vanilla - Body - Beggar,match 0.95 (next 0.45),3BA Vanilla - Body - Beggar | CBBE Vanilla - Body - Beggar (Physics) | CBBE Vanilla - Body - Beggar
137,meshes\creationclub\edhsse002\armor\splknt\1stpersonsplkntsteeltorsof,CBBE 3BA Creation Club - 1st - Spell Knight Steel,rule: 3BA/3BBB,CBBE 3BA Creation Club - 1st - Spell Knight Steel,CBBE 3BA Creation Club - 1st - Spell Knight Steel,3BA/3BBB,CBBE 3BA Creation Club - 1st - Spell Knight Steel,match 0.92 (next 0.80),CBBE 3BA Creation Club - 1st - Spell Knight Steel | CBBE Creation Club - 1st Person - Steel Spell Knight Armor
138,meshes\armor\iron\f\cuirassheavy,3BA Vanilla - Body - Iron,rule: 3BA/3BBB,3BA Vanilla - Body - Iron,3BA Vanilla - Body - Iron,3BA/3BBB,3BA Vanilla - Body - Iron,match 0.94 (next 0.72),3BA Vanilla - Body - Iron | CBBE Vanilla - Body - Banded Iron
139,meshes\armor\iron\f\cuirasslight,3BA Vanilla - Body - Iron Light,rule: 3BA/3BBB,3BA Vanilla - Body - Iron Light,3BA Vanilla - Body - Iron Light,3BA/3BBB,3BA Vanilla - Body - Iron Light,match 0.93 (next 0.72),3BA Vanilla - Body - Iron Light | CBBE Vanilla - Body - Iron
140,meshes\armor\knightsofthenine\1stpersonf,CBBE 3BA Creation Club - 1st - Knights of the Nine,rule: 3BA/3BBB,CBBE 3BA Creation Club - 1st - Knights of the Nine,CBBE 3BA Creation Club - 1st - Knights of the Nine,3BA/3BBB,CBBE 3BA Creation Club - 1st - Knights of the Nine,match 0.95 (next 0.55),CBBE 3BA Creation Club - 1st - Knights of the Nine | CBBE Creation Club - 1st Person - Cuirass of the Crusader
141,meshes\armor\knightsofthenine\bootsf,CBBE 3BA Creation Club - Feet - Knights of the Nine,rule: 3BA/3BBB,CBBE 3BA Creation Club - Feet - Knights of the Nine,CBBE 3BA Creation Club - Feet - Knights of the Nine,3BA/3BBB,,ambiguous: CBBE 3BA Creation Club - Feet - Knights of the Nine 0.88; CBBE Creation Club - Feet - Boots of the Crusader 0.76,CBBE 3BA Creation Club - Feet - Knights of the Nine | CBBE Creation Club - Feet - Boots of the Crusader
142,meshes\armor\knightsofthenine\cuirassf,CBBE 3BA Creation Club - Body - Knights of the Nine,rule: 3BA/3BBB,CBBE 3BA Creation Club - Body - Knights of the Nine,CBBE 3BA Creation Club - Body - Knights of the Nine,3BA/3BBB,CBBE 3BA Creation Club - Body - Knights of the Nine,match 0.96 (next 0.69),CBBE 3BA Creation Club - Body - Knights of the Nine | CBBE Creation Club - Body - Cuirass of the Crusader
143,meshes\armor\knightsofthenine\gauntletsf,CBBE 3BA Creation Club - Hands - Knights of the Nine,rule: 3BA/3BBB,CBBE 3BA Creation Club - Hands - Knights of the Nine,CBBE 3BA Creation Club - Hands - Knights of the Nine,3BA/3BBB,CBBE 3BA Creation Club - Hands - Knights of the Nine,match 0.96 (next 0.87),CBBE 3BA Creation Club - Hands - Knights of the Nine | CBBE Creation Club - Hands - Gauntlets of the Crusader
144,meshes\creationclub\bgssse061\armor\dwarvenplate\1stpersondwarvenplatetorsof,CBBE 3BA Creation Club - 1st - Dwarven Plate,rule: 3BA/3BBB,CBBE 3BA Creation Club - 1st - Dwarven Plate,CBBE 3BA Creation Club - 1st - Dwarven Plate,3BA/3BBB,CBBE 3BA Creation Club - 1st - Dwarven Plate,match 0.92 (next 0.81),CBBE 3BA Creation Club - 1st - Dwarven Plate | CBBE Creation Club - 1st Person - Dwarven Plate Armor
145,meshes\dlc02\effects\dragonbornfxf01,3BA Dragonborn - Body - Dragon Aspect (Lite),rule: 3BA/3BBB,3BA Dragonborn - Body - Dragon Aspect (Lite),3BA Dragonborn - Body - Dragon Aspect (Lite),3BA/3BBB,,ambiguous: CBBE Dragonborn - Body - Dragon Aspect (Lite) 0.96; 3BA Dragonborn - Body - Dragon Aspect (Lite) 0.96,3BA Dragonborn - Body - Dragon Aspect (Lite) | CBBE Dragonborn - Body - Dragon Aspect (Lite)
146,meshes\armor\knightsofthenine\reforged\1stpersonf,CBBE 3BA Creation Club - 1st - Knights of the Nine Reforged,rule: 3BA/3BBB,CBBE 3BA Creation Club - 1st - Knights of the Nine Reforged,CBBE 3BA Creation Club - 1st - Knights of the Nine Reforged,3BA/3BBB,CBBE 3BA Creation Club - 1st - Knights of the Nine Reforged,match 0.94 (next 0.56),CBBE 3BA Creation Club - 1st - Knights of the Nine Reforged | CBBE Creation Club - 1st Person - Reforged Cuirass of the Crusader
147,meshes\armor\knightsofthenine\reforged\bootsf,CBBE 3BA Creation Club - Feet - Knights of the Nine Reforged,rule: 3BA/3BBB,CBBE 3BA Creation Club - Feet - Knights of the Nine Reforged,CBBE 3BA Creation Club - Feet - Knights of the Nine Reforged,3BA/3BBB,,ambiguous: CBBE 3BA Creation Club - Feet - Knights of the Nine Reforged 0.89; CBBE Creation Club - Feet - Reforged Boots of the Crusader 0.75,CBBE 3BA Creation Club - Feet - Knights of the Nine Reforged | CBBE Creation Club - Feet - Reforged Boots of the Crusader
148,meshes\armor\knightsofthenine\reforged\cuirassf,CBBE 3BA Creation Club - Body - Knights of the Nine Reforged,rule: 3BA/3BBB,CBBE 3BA Creation Club - Body - Knights of the Nine Reforged,CBBE 3BA Creation Club - Body - Knights of the Nine Reforged,3BA/3BBB,CBBE 3BA Creation Club - Body - Knights of the Nine Reforged,match 0.96 (next 0.70),CBBE 3BA Creation Club - Body - Knights of the Nine Reforged | CBBE Creation Club - Body - Reforged Cuirass of the Crusader
149,meshes\dlc02\clothes\telvanni\telvannibodyf_Ildari,3BA Dragonborn - Body - Telvanni Ildari,rule: 3BA/3BBB,3BA Dragonborn - Body - Telvanni Ildari,3BA Dragonborn - Body - Telvanni Ildari,3BA/3BBB,3BA Dragonborn - Body - Telvanni Ildari,match 0.96 (next 0.87),3BA Dragonborn - Body - Telvanni Ildari | CBBE Dragonborn - Body - Telvanni Ildari
150,meshes\armor\knightsofthenine\reforged\gauntletsf,CBBE 3BA Creation Club - Hands - Knights of the Nine Reforged,rule: 3BA/3BBB,CBBE 3BA Creation Club - Hands - Knights of the Nine Reforged,CBBE 3BA Creation Club - Hands - Knights of the Nine Reforged,3BA/3BBB,CBBE 3BA Creation Club - Hands - Knights of the Nine Reforged,match 0.96 (next 0.90),CBBE 3BA Creation Club - Hands - Knights of the Nine Reforged | CBBE Creation Club - Hands - Reforged Gauntlets of the Crusader
151,Meshes\armor\LeatherDarkArmorByXtudo\LeatherDark_Armor1,Nibenean Armors and Outfit Alternative 3BA Dark Leather Armor 1 (Physics),nolvus (same as default),Nibenean Armors and Outfit Alternative 3BA Dark Leather Armor 1 (Physics),,6 candidates tie (3BA/3BBB),Nibenean Armors and Outfit Alternative 3BA Dark Leather Armor 1 (Physics),match 0.96 (next 0.90),Nibenean Armors and Outfit Alternative 3BA Dark Leather Armor 1 (Physics) | Nibenean Armors and Outfit Alternative 3BA Dark Leather Armor 1 (Im Physics) | Nibenean Armors and Outfit Original 3BA Dark Leather Armor 1 (Physics) | Nibenean Armors and Outfit Original 3BA Dark Leather Armor 1 (Im Physics) | Nibenean Armors and Outfit Top Only 3BA Dark Leather Armor 1 (Physics) | Nibenean Armors and Outfit Top Only 3BA Dark Leather Armor 1 (Im Physics)
152,Meshes\armor\LeatherDarkArmorByXtudo\LeatherDark_Armor2,Nibenean Armors and Outfit Alternative 3BA Dark Leather Armor 2 (Physics),default (undecidable),Nibenean Armors and Outfit Alternative 3BA Dark Leather Armor 2 (Physics),,5 candidates tie (3BA/3BBB),,ambiguous: Nibenean Armors and Outfit Alternative 3BA Dark Leather Armor 2 (Physics) 0.95; Nibenean Armors and Outfit Alternative 3BA Dark Leather Armor 2 (Im Physics) 0.92; Nibenean Armors and Outfit Top Only 3BA Dark Leather Armor 2 (Physics) 0.80,Nibenean Armors and Outfit Alternative 3BA Dark Leather Armor 2 (Physics) | Nibenean Armors and Outfit Alternative 3BA Dark Leather Armor 2 (Im Physics) | Nibenean Armors and Outfit Original 3BA Dark Leather Armor 2 (Physics) | Nibenean Armors and Outfit Original 3BA Dark Leather Armor 2 (Im Physics) | Nibenean Armors and Outfit Top Only 3BA Dark Leather Armor 2 (Physics)
153,Meshes\armor\LeatherDarkArmorByXtudo\LeatherDark_Armor3,Nibenean Armors and Outfit Alternative 3BA Dark Leather Armor 3 (Physics),nolvus (same as default),Nibenean Armors and Outfit Alternative 3BA Dark Leather Armor 3 (Physics),,6 candidates tie (3BA/3BBB),Nibenean Armors and Outfit Alternative 3BA Dark Leather Armor 3 (Physics),match 0.92 (next 0.77),Nibenean Armors and Outfit Alternative 3BA Dark Leather Armor 3 (Physics) | Nibenean Armors and Outfit Alternative 3BA Dark Leather Armor 3 (Im Physics) | Nibenean Armors and Outfit Original 3BA Dark Leather Armor 3 (Physics) | Nibenean Armors and Outfit Original 3BA Dark Leather Armor 3 (Im Physics) | Nibenean Armors and Outfit Top Only 3BA Dark Leather Armor 3 (Physics) | Nibenean Armors and Outfit Top Only 3BA Dark Leather Armor 3 (Im Physics)
154,Meshes\armor\LeatherDarkArmorByXtudo\LeatherDark_Armor4,Nibenean Armors and Outfit Alternative 3BA Dark Leather Armor 4 (Physics),nolvus (same as default),Nibenean Armors and Outfit Alternative 3BA Dark Leather Armor 4 (Physics),,6 candidates tie (3BA/3BBB),Nibenean Armors and Outfit Alternative 3BA Dark Leather Armor 4 (Physics),match 0.96 (next 0.86),Nibenean Armors and Outfit Alternative 3BA Dark Leather Armor 4 (Physics) | Nibenean Armors and Outfit Alternative 3BA Dark Leather Armor 4 (Im Physics) | Nibenean Armors and Outfit Original 3BA Dark Leather Armor 4 (Physics) | Nibenean Armors and Outfit Original 3BA Dark Leather Armor 4 (Im Physics) | Nibenean Armors and Outfit Top Only 3BA Dark Leather Armor 4 (Physics) | Nibenean Armors and Outfit Top Only 3BA Dark Leather Armor 4 (Im Physics)
155,Meshes\armor\LeatherDarkArmorByXtudo\LeatherDark_Outfit,Nibenean Armors and Outfit Alternative 3BA Dark Leather Outfit (Physics),nolvus (same as default),Nibenean Armors and Outfit Alternative 3BA Dark Leather Outfit (Physics),,3 candidates tie (3BA/3BBB),Nibenean Armors and Outfit Alternative 3BA Dark Leather Outfit (Physics),match 0.95 (next 0.87),Nibenean Armors and Outfit Alternative 3BA Dark Leather Outfit (Physics) | Nibenean Armors and Outfit Original 3BA Dark Leather Outfit (Physics) | Nibenean Armors and Outfit Top Only 3BA Dark Leather Outfit (Physics)
156,meshes\creationclub\cbhsse001\dragonbone\dragonbonegauntletsf,CBBE 3BA Creation Club - Hands - Unarmed Dragonbone,rule: 3BA/3BBB,CBBE 3BA Creation Club - Hands - Unarmed Dragonbone,CBBE 3BA Creation Club - Hands - Unarmed Dragonbone,3BA/3BBB,,ambiguous: CBBE 3BA Creation Club - Hands - Unarmed Dragonbone 0.99; CBBE Creation Club - Hands - Brawler's Dragonplate Gauntlets 0.97,CBBE 3BA Creation Club - Hands - Unarmed Dragonbone | CBBE Creation Club - Hands - Brawler's Dragonplate Gauntlets
157,meshes\creationclub\mtysse002\armor\vigilenforcer\enforcer\gauntletsf,CBBE 3BA Creation Club - Hands - Vigil Enforcer Gauntlets,rule: 3BA/3BBB,CBBE 3BA Creation Club - Hands - Vigil Enforcer Gauntlets,CBBE 3BA Creation Club - Hands - Vigil Enforcer Gauntlets,3BA/3BBB,,ambiguous: CBBE 3BA Creation Club - Hands - Vigil Enforcer Gauntlets 0.96; CBBE Creation Club - Hands - Vigil Enforcer Gauntlets 0.92,CBBE 3BA Creation Club - Hands - Vigil Enforcer Gauntlets | CBBE Creation Club - Hands - Vigil Enforcer Gauntlets
158,meshes\armor\nightingale\f\boots,CBBE Frankly HD - Feet - Nightingale,default (undecidable),CBBE Frankly HD - Feet - Nightingale,,2 candidates tie (CBBE),,ambiguous: CBBE Frankly HD - Feet - Nightingale 0.86; CBBE Vanilla - Feet - Nightingale 0.71,CBBE Frankly HD - Feet - Nightingale | CBBE Vanilla - Feet - Nightingale
159,meshes\armor\nightingale\f\gauntlets,Hands Redone F Vanilla Nightingale,nolvus (rule said: undecidable),CBBE Frankly HD - Hands - Nightingale,,2 candidates tie (CBBE),Hands Redone F Vanilla Nightingale,match 0.96 (next 0.84),CBBE Frankly HD - Hands - Nightingale | CBBE Vanilla - Hands - Nightingale | Hands Redone F Vanilla Nightingale
160,meshes\armor\stormcloaks\cuirassfsleeves,3BA Vanilla - Body - Stormcloaks Sleeves,rule: 3BA/3BBB,3BA Vanilla - Body - Stormcloaks Sleeves,3BA Vanilla - Body - Stormcloaks Sleeves,3BA/3BBB,3BA Vanilla - Body - Stormcloaks Sleeves,match 0.94 (next 0.55),3BA Vanilla - Body - Stormcloaks Sleeves | CBBE Vanilla - Body - Stormcloaks Sleeves (Physics) | CBBE Vanilla - Body - Stormcloaks Sleeves
161,Meshes\Cumulative Armor Mashup\F\Cumulative Boots,Cumulative Boots Non Heels,default (undecidable),Cumulative Boots Non Heels,,2 candidates tie (no body keyword),,not in Nolvus output,Cumulative Boots Non Heels | Cumulative Boots
162,meshes\armor\nightingale\f\torso,AltairNightingaleHDTCapeArmor,nolvus (rule said: 3BA Vanilla - Body - Nightingale),3BA Vanilla - Body - Nightingale,3BA Vanilla - Body - Nightingale,3BA/3BBB,AltairNightingaleHDTCapeArmor,match 0.99 (next 0.24),3BA Vanilla - Body - Nightingale | AltairNightingaleHDTCapeArmor | CBBE Frankly HD - Body - Nightingale | CBBE Vanilla - Body - Nightingale
163,meshes\armor\nordplate\nordcuirassf,3BA Vanilla - Body - Nord Plate,rule: 3BA/3BBB,3BA Vanilla - Body - Nord Plate,3BA Vanilla - Body - Nord Plate,3BA/3BBB,,ambiguous: 3BA Vanilla - Body - Nord Plate 0.84; CBBE Vanilla - Body - Nord Plate 0.69,3BA Vanilla - Body - Nord Plate | CBBE Vanilla - Body - Nord Plate
164,meshes\armor\savior'shide\bodyf,3BA Vanilla - Body - Savior's Hide,rule: 3BA/3BBB,3BA Vanilla - Body - Savior's Hide,3BA Vanilla - Body - Savior's Hide,3BA/3BBB,,ambiguous: 3BA Vanilla - Body - Savior's Hide 0.85; CBBE Vanilla - Body - Savior's Hide 0.62,3BA Vanilla - Body - Savior's Hide | CBBE Vanilla - Body - Savior's Hide
165,meshes\creationclub\asvsse001\clothes\commonrobe02\commonrobe02f,CBBE 3BA Creation Club - Body - Common Robe 2,rule: 3BA/3BBB,CBBE 3BA Creation Club - Body - Common Robe 2,CBBE 3BA Creation Club - Body - Common Robe 2,3BA/3BBB,CBBE 3BA Creation Club - Body - Common Robe 2,match 0.97 (next 0.61),CBBE 3BA Creation Club - Body - Common Robe 2 | CBBE Creation Club - Body - Common Robes (Green Bag)
166,meshes\armor\sons of talos\outfitf,3BA Vanilla - Body - Sons Of Talos,rule: 3BA/3BBB,3BA Vanilla - Body - Sons Of Talos,3BA Vanilla - Body - Sons Of Talos,3BA/3BBB,3BA Vanilla - Body - Sons Of Talos,match 0.94 (next 0.55),3BA Vanilla - Body - Sons Of Talos | CBBE Vanilla - Body - Sons Of Talos (Physics) | CBBE Vanilla - Body - Sons Of Talos
167,meshes\creationclub\bgssse031\clothes\pirate\1stpersonpirateboatswainbodyf,CBBE 3BA Creation Club - 1st - Pirate Boatswain,rule: 3BA/3BBB,CBBE 3BA Creation Club - 1st - Pirate Boatswain,CBBE 3BA Creation Club - 1st - Pirate Boatswain,3BA/3BBB,CBBE 3BA Creation Club - 1st - Pirate Boatswain,match 0.94 (next 0.69),CBBE 3BA Creation Club - 1st - Pirate Boatswain | CBBE Creation Club - 1st Person - Boatswain Clothes
168,meshes\armor\steel\f\1stpersongauntlets,Hands Redone F Vanilla Steel 1st Person,nolvus (rule said: CBBE Vanilla - 1st Person - Steel Gauntlets),CBBE Vanilla - 1st Person - Steel Gauntlets,CBBE Vanilla - 1st Person - Steel Gauntlets,CBBE,Hands Redone F Vanilla Steel 1st Person,match 0.96 (next 0.87),CBBE Vanilla - 1st Person - Steel Gauntlets | Hands Redone F Vanilla Steel 1st Person
169,meshes\clothes\robedarkbrotherhood\female\dbglovesarg,Hands Redone F Vanilla Dark Brotherhood Robe Beast,nolvus (rule said: CBBE Vanilla - Hands - Dark Brotherhood Robe Beast),CBBE Vanilla - Hands - Dark Brotherhood Robe Beast,CBBE Vanilla - Hands - Dark Brotherhood Robe Beast,CBBE,Hands Redone F Vanilla Dark Brotherhood Robe Beast,match 0.96 (next 0.88),CBBE Vanilla - Hands - Dark Brotherhood Robe Beast | Hands Redone F Vanilla Dark Brotherhood Robe Beast
170,meshes\armor\steel\f\1stpersongauntletsarg,Hands Redone F Vanilla Steel Argonian 1st Person,nolvus (rule said: CBBE Vanilla - 1st Person - Steel Gauntlets (Arg)),CBBE Vanilla - 1st Person - Steel Gauntlets (Arg),CBBE Vanilla - 1st Person - Steel Gauntlets (Arg),CBBE,Hands Redone F Vanilla Steel Argonian 1st Person,match 0.96 (next 0.87),CBBE Vanilla - 1st Person - Steel Gauntlets (Arg) | Hands Redone F Vanilla Steel Argonian 1st Person
171,meshes\creationclub\cbhsse001\steel\uasteelf,CBBE 3BA Creation Club - Hands - Unarmed Steel,rule: 3BA/3BBB,CBBE 3BA Creation Club - Hands - Unarmed Steel,CBBE 3BA Creation Club - Hands - Unarmed Steel,3BA/3BBB,CBBE 3BA Creation Club - Hands - Unarmed Steel,match 0.94 (next 0.57),CBBE 3BA Creation Club - Hands - Unarmed Steel | CBBE Creation Club - Hands - Brawler's Steel Gauntlets
172,meshes\creationclub\ffbsse001\armor\imperialdragon\imperialdragoncloakf,CBBE 3BA Creation Club - Body - Imperial Dragon Cloak,rule: 3BA/3BBB,CBBE 3BA Creation Club - Body - Imperial Dragon Cloak,CBBE 3BA Creation Club - Body - Imperial Dragon Cloak,3BA/3BBB,CBBE 3BA Creation Club - Body - Imperial Dragon Cloak,match 0.90 (next 0.80),CBBE 3BA Creation Club - Body - Imperial Dragon Cloak | CBBE Creation Club - Back - Imperial Dragon Cloak
173,meshes\creationclub\ffbsse001\armor\stormbear\1stpersonstormbeararmorf,CBBE 3BA Creation Club - 1st - Stormbear,rule: 3BA/3BBB,CBBE 3BA Creation Club - 1st - Stormbear,CBBE 3BA Creation Club - 1st - Stormbear,3BA/3BBB,CBBE 3BA Creation Club - 1st - Stormbear,match 0.92 (next 0.76),CBBE 3BA Creation Club - 1st - Stormbear | CBBE Creation Club - 1st Person - Storm-Bear Armor
174,meshes\creationclub\ffbsse001\armor\stormbear\stormbearcloakf,CBBE 3BA Creation Club - Body - Stormbear Cloak,rule: 3BA/3BBB,CBBE 3BA Creation Club - Body - Stormbear Cloak,CBBE 3BA Creation Club - Body - Stormbear Cloak,3BA/3BBB,,ambiguous: CBBE 3BA Creation Club - Body - Stormbear Cloak 0.97; CBBE Creation Club - Back - Storm-Bear Cloak 0.93,CBBE 3BA Creation Club - Body - Stormbear Cloak | CBBE Creation Club - Back - Storm-Bear Cloak
175,meshes\creationclub\vsvsse001\armor\saturaliaoutfit\1stpersoncoatf,CBBE 3BA Creation Club - 1st - Saturalia Clothes,rule: 3BA/3BBB,CBBE 3BA Creation Club - 1st - Saturalia Clothes,CBBE 3BA Creation Club - 1st - Saturalia Clothes,3BA/3BBB,CBBE 3BA Creation Club - 1st - Saturalia Clothes,match 0.94 (next 0.75),CBBE 3BA Creation Club - 1st - Saturalia Clothes | CBBE Creation Club - 1st Person - Saturalia Clothes
176,meshes\dlc02\clothes\miraakrobes\miraakrobes_f,3BA Dragonborn - Body - Miraak,rule: 3BA/3BBB,3BA Dragonborn - Body - Miraak,3BA Dragonborn - Body - Miraak,3BA/3BBB,3BA Dragonborn - Body - Miraak,match 0.94 (next 0.58),3BA Dragonborn - Body - Miraak | CBBE Dragonborn - Body - Miraak (Physics) | CBBE Dragonborn - Body - Miraak | CBBE Frankly HD - Body - Miraak
177,meshes\armor\steel\f\1stpersongauntletskha,Hands Redone F Vanilla Steel Khajiit 1st Person,nolvus (rule said: CBBE Vanilla - 1st Person - Steel Gauntlets (Kha)),CBBE Vanilla - 1st Person - Steel Gauntlets (Kha),CBBE Vanilla - 1st Person - Steel Gauntlets (Kha),CBBE,Hands Redone F Vanilla Steel Khajiit 1st Person,match 0.96 (next 0.87),CBBE Vanilla - 1st Person - Steel Gauntlets (Kha) | Hands Redone F Vanilla Steel Khajiit 1st Person
178,meshes\dlc01\clothes\vampclothes\vampclothesf,3BA Dawnguard - Body - Vamp Clothes,rule: 3BA/3BBB,3BA Dawnguard - Body - Vamp Clothes,3BA Dawnguard - Body - Vamp Clothes,3BA/3BBB,3BA Dawnguard - Body - Vamp Clothes,match 0.95 (next 0.62),3BA Dawnguard - Body - Vamp Clothes | CBBE Dawnguard - Body - Vampire Robes (Physics) | CBBE Dawnguard - Body - Vampire Robes
179,meshes\armor\steel\f\cuirass,3BA Vanilla - Body - Steel,rule: 3BA/3BBB,3BA Vanilla - Body - Steel,3BA Vanilla - Body - Steel,3BA/3BBB,3BA Vanilla - Body - Steel,match 0.93 (next 0.55),3BA Vanilla - Body - Steel | CBBE Vanilla - Body - Steel
180,meshes\creationclub\bgssse063\armor\ebony\ebonyglovesf,CBBE 3BA Creation Club - Hands - Ebony Plate Gloves,rule: 3BA/3BBB,CBBE 3BA Creation Club - Hands - Ebony Plate Gloves,CBBE 3BA Creation Club - Hands - Ebony Plate Gloves,3BA/3BBB,,ambiguous: CBBE 3BA Creation Club - Hands - Ebony Plate Gloves 0.96; CBBE Creation Club - Hands - Ebony Plate Gauntlets 0.91,CBBE 3BA Creation Club - Hands - Ebony Plate Gloves | CBBE Creation Club - Hands - Ebony Plate Gauntlets
181,meshes\Kreis\KSA\viridianknight\headF,CBBE 3BA KSA - Head - Viridian Knight (Phys),rule: 3BA/3BBB,CBBE 3BA KSA - Head - Viridian Knight (Phys),CBBE 3BA KSA - Head - Viridian Knight (Phys),3BA/3BBB,,ambiguous: CBBE KSA - Head - Viridian Knight (Phys) 0.90; CBBE 3BA KSA - Head - Viridian Knight (Phys) 0.90; CBBE KSA - Head - Viridian Knight 0.40,CBBE 3BA KSA - Head - Viridian Knight (Phys) | CBBE KSA - Head - Viridian Knight (Phys) | CBBE KSA - Head - Viridian Knight
182,meshes\armor\steel\f\gauntlets,Hands Redone F Vanilla Steel,nolvus (rule said: CBBE Vanilla - Hands - Steel),CBBE Vanilla - Hands - Steel,CBBE Vanilla - Hands - Steel,CBBE,Hands Redone F Vanilla Steel,match 0.96 (next 0.87),CBBE Vanilla - Hands - Steel | Hands Redone F Vanilla Steel
183,meshes\creationclub\edhsse002\armor\splknt\splkntsteelglovesf,CBBE 3BA Creation Club - Hands - Spell Knight Steel Gloves,rule: 3BA/3BBB,CBBE 3BA Creation Club - Hands - Spell Knight Steel Gloves,CBBE 3BA Creation Club - Hands - Spell Knight Steel Gloves,3BA/3BBB,CBBE 3BA Creation Club - Hands - Spell Knight Steel Gloves,match 0.96 (next 0.88),CBBE 3BA Creation Club - Hands - Spell Knight Steel Gloves | CBBE Creation Club - Hands - Steel Spell Knight Gauntlets
184,meshes\armor\stormcloaks\cuirassf,3BA Vanilla - Body - Stormcloaks,rule: 3BA/3BBB,3BA Vanilla - Body - Stormcloaks,3BA Vanilla - Body - Stormcloaks,3BA/3BBB,3BA Vanilla - Body - Stormcloaks,match 0.94 (next 0.55),3BA Vanilla - Body - Stormcloaks | CBBE Vanilla - Body - Stormcloaks (Physics) | CBBE Vanilla - Body - Stormcloaks
185,meshes\armor\studded\female\1stpersongloves,Hands Redone F Vanilla Studded 1st Person,nolvus (rule said: CBBE Vanilla - 1st Person - Leather Bracers),CBBE Vanilla - 1st Person - Leather Bracers,CBBE Vanilla - 1st Person - Leather Bracers,CBBE,Hands Redone F Vanilla Studded 1st Person,match 0.97 (next 0.91),CBBE Vanilla - 1st Person - Leather Bracers | Hands Redone F Vanilla Studded 1st Person
186,meshes\dlc02\effects\dragonbornfxf02,3BA Dragonborn - Body - Dragon Aspect (Mid),rule: 3BA/3BBB,3BA Dragonborn - Body - Dragon Aspect (Mid),3BA Dragonborn - Body - Dragon Aspect (Mid),3BA/3BBB,3BA Dragonborn - Body - Dragon Aspect (Mid),match 0.97 (next 0.70),3BA Dragonborn - Body - Dragon Aspect (Mid) | CBBE Dragonborn - Body - Dragon Aspect (Mid)
187,meshes\armor\studded\female\body,3BA Vanilla - Body - Leather,rule: 3BA/3BBB,3BA Vanilla - Body - Leather,3BA Vanilla - Body - Leather,3BA/3BBB,3BA Vanilla - Body - Leather,match 0.95 (next 0.56),3BA Vanilla - Body - Leather | CBBE Vanilla - Body - Leather
188,meshes\armor\studded\female\gloves,Hands Redone F Vanilla Studded,nolvus (rule said: CBBE Vanilla - Hands - Leather),CBBE Vanilla - Hands - Leather,CBBE Vanilla - Hands - Leather,CBBE,Hands Redone F Vanilla Studded,match 0.97 (next 0.91),CBBE Vanilla - Hands - Leather | Hands Redone F Vanilla Studded
189,meshes\creationclub\edhsse002\armor\splknt\splkntelitebootsf,CBBE 3BA Creation Club - Feet - Spell Knight Ebony Boots,rule: 3BA/3BBB,CBBE 3BA Creation Club - Feet - Spell Knight Ebony Boots,CBBE 3BA Creation Club - Feet - Spell Knight Ebony Boots,3BA/3BBB,,ambiguous: CBBE 3BA Creation Club - Feet - Spell Knight Ebony Boots 0.88; CBBE Creation Club - Feet - Ebony Spell Knight Boots 0.76,CBBE 3BA Creation Club - Feet - Spell Knight Ebony Boots | CBBE Creation Club - Feet - Ebony Spell Knight Boots
190,meshes\armor\thievesguild\f\1stpersonbracers,Hands Redone F Vanilla Thief 1st Person,nolvus (rule said: CBBE Vanilla - 1st Person - Thief Bracers),CBBE Vanilla - 1st Person - Thief Bracers,CBBE Vanilla - 1st Person - Thief Bracers,CBBE,Hands Redone F Vanilla Thief 1st Person,match 0.96 (next 0.85),CBBE Vanilla - 1st Person - Thief Bracers | Hands Redone F Vanilla Thief 1st Person
191,meshes\creationclub\bgssse064\armor\elvenmail\f\gauntlets,CBBE 3BA Creation Club - Hands - Elven Hunter Gauntlets,rule: 3BA/3BBB,CBBE 3BA Creation Club - Hands - Elven Hunter Gauntlets,CBBE 3BA Creation Club - Hands - Elven Hunter Gauntlets,3BA/3BBB,CBBE 3BA Creation Club - Hands - Elven Hunter Gauntlets,match 0.96 (next 0.88),CBBE 3BA Creation Club - Hands - Elven Hunter Gauntlets | CBBE Creation Club - Hands - Elven Hunter Gauntlets
192,meshes\armor\thievesguild\f\1stpersonbracersleader,Hands Redone F Vanilla Thief Leader 1st Person,nolvus (rule said: CBBE Vanilla - 1st Person - Thief Bracers Leader),CBBE Vanilla - 1st Person - Thief Bracers Leader,CBBE Vanilla - 1st Person - Thief Bracers Leader,CBBE,Hands Redone F Vanilla Thief Leader 1st Person,match 0.96 (next 0.85),CBBE Vanilla - 1st Person - Thief Bracers Leader | Hands Redone F Vanilla Thief Leader 1st Person
193,meshes\armor\thievesguild\f\bracers,Hands Redone F Vanilla Thief,nolvus (rule said: CBBE Vanilla - Hands - Thief),CBBE Vanilla - Hands - Thief,CBBE Vanilla - Hands - Thief,CBBE,Hands Redone F Vanilla Thief,match 0.96 (next 0.85),CBBE Vanilla - Hands - Thief | Hands Redone F Vanilla Thief
194,meshes\armor\thievesguild\f\bracersleader,Hands Redone F Vanilla Thief Leader,nolvus (rule said: CBBE Vanilla - Hands - Thief Leader),CBBE Vanilla - Hands - Thief Leader,CBBE Vanilla - Hands - Thief Leader,CBBE,Hands Redone F Vanilla Thief Leader,match 0.96 (next 0.85),CBBE Vanilla - Hands - Thief Leader | Hands Redone F Vanilla Thief Leader
195,meshes\armor\thievesguild\f\bracersvariant,Hands Redone F Vanilla Thief Variant,nolvus (rule said: CBBE Vanilla - Hands - Thief Variant),CBBE Vanilla - Hands - Thief Variant,CBBE Vanilla - Hands - Thief Variant,CBBE,Hands Redone F Vanilla Thief Variant,match 0.96 (next 0.85),CBBE Vanilla - Hands - Thief Variant | Hands Redone F Vanilla Thief Variant
196,meshes\creationclub\bgssse041\armor\netchleather\female\1stpersonnetchleathercuirassboiled_f,CBBE 3BA Creation Club - 1st - Netch Leather Boiled,rule: 3BA/3BBB,CBBE 3BA Creation Club - 1st - Netch Leather Boiled,CBBE 3BA Creation Club - 1st - Netch Leather Boiled,3BA/3BBB,CBBE 3BA Creation Club - 1st - Netch Leather Boiled,match 0.95 (next 0.59),CBBE 3BA Creation Club - 1st - Netch Leather Boiled | CBBE Creation Club - 1st Person - Boiled Netch Leather Armour
197,Meshes\Cumulative Armor Mashup\F\Cumulative Vest (City),Cumulative Vest (City),default (undecidable),Cumulative Vest (City),Cumulative Vest Physics (City),"no body keyword, physics variant (by analogy)",,not in Nolvus output,Cumulative Vest (City) | Cumulative Vest Physics (City)
198,meshes\armor\thievesguild\f\torso,3BA Vanilla - Body - Thief,rule: 3BA/3BBB,3BA Vanilla - Body - Thief,3BA Vanilla - Body - Thief,3BA/3BBB,3BA Vanilla - Body - Thief,match 0.96 (next 0.60),3BA Vanilla - Body - Thief | CBBE Vanilla - Body - Thief
199,meshes\creationclub\bgssse025\armor\madness\1stpersonmadnesscuirassf,CBBE 3BA Creation Club - 1st - Madness,rule: 3BA/3BBB,CBBE 3BA Creation Club - 1st - Madness,CBBE 3BA Creation Club - 1st - Madness,3BA/3BBB,CBBE 3BA Creation Club - 1st - Madness,match 0.94 (next 0.82),CBBE 3BA Creation Club - 1st - Madness | CBBE Creation Club - 1st Person - Madness Cuirass
200,meshes\armor\thievesguild\f\torsokarliah,3BA Vanilla - Body - Thief Karliah,rule: 3BA/3BBB,3BA Vanilla - Body - Thief Karliah,3BA Vanilla - Body - Thief Karliah,3BA/3BBB,3BA Vanilla - Body - Thief Karliah,match 0.97 (next 0.62),3BA Vanilla - Body - Thief Karliah | CBBE Vanilla - Body - Thief Karliah
201,meshes\armor\thievesguild\f\torsoleader,3BA Vanilla - Body - Thief Leader,rule: 3BA/3BBB,3BA Vanilla - Body - Thief Leader,3BA Vanilla - Body - Thief Leader,3BA/3BBB,3BA Vanilla - Body - Thief Leader,match 0.96 (next 0.60),3BA Vanilla - Body - Thief Leader | CBBE Vanilla - Body - Thief Leader
202,Meshes\DX\Necromancer\DX_Necromancer_White_Amulet,DX Necromancer 3BA White Amulet (Physics),nolvus (same as default),DX Necromancer 3BA White Amulet (Physics),DX Necromancer 3BA White Amulet (Physics),"3BA/3BBB, physics variant (by analogy)",DX Necromancer 3BA White Amulet (Physics),match 0.95 (next 0.62),DX Necromancer 3BA White Amulet (Physics) | DX Necromancer 3BA White Amulet (No Physics)
203,meshes\armor\thievesguild\f\torsovariantgeneric,3BA Vanilla - Body - Thief Variant Generic,rule: 3BA/3BBB,3BA Vanilla - Body - Thief Variant Generic,3BA Vanilla - Body - Thief Variant Generic,3BA/3BBB,3BA Vanilla - Body - Thief Variant Generic,match 0.94 (next 0.51),3BA Vanilla - Body - Thief Variant Generic | CBBE Vanilla - Body - Thief Variant Generic
204,meshes\armor\wolf\bodyf,3BA Vanilla - Body - Wolf,rule: 3BA/3BBB,3BA Vanilla - Body - Wolf,3BA Vanilla - Body - Wolf,3BA/3BBB,,ambiguous: 3BA Vanilla - Body - Wolf 0.83; CBBE Vanilla - Body - Wolf 0.76,3BA Vanilla - Body - Wolf | CBBE Vanilla - Body - Wolf
205,meshes\clothes\archmage\f\archmagerobesf,3BA Vanilla - Body - Archmage,rule: 3BA/3BBB,3BA Vanilla - Body - Archmage,3BA Vanilla - Body - Archmage,3BA/3BBB,3BA Vanilla - Body - Archmage,match 0.93 (next 0.47),3BA Vanilla - Body - Archmage | CBBE Vanilla - Body - Archmage
206,meshes\creationclub\bgssse025\armor\goldensaint\1stpersongoldensaintcuirassf,CBBE 3BA Creation Club - 1st - Golden Saint,rule: 3BA/3BBB,CBBE 3BA Creation Club - 1st - Golden Saint,CBBE 3BA Creation Club - 1st - Golden Saint,3BA/3BBB,CBBE 3BA Creation Club - 1st - Golden Saint,match 0.94 (next 0.58),CBBE 3BA Creation Club - 1st - Golden Saint | CBBE Creation Club - 1st Person - Golden Saint Cuirass
207,meshes\clothes\barkeeper\f\torso,3BA Vanilla - Body - Barkeeper,rule: 3BA/3BBB,3BA Vanilla - Body - Barkeeper,3BA Vanilla - Body - Barkeeper,3BA/3BBB,3BA Vanilla - Body - Barkeeper,match 0.92 (next 0.55),3BA Vanilla - Body - Barkeeper | CBBE Vanilla - Body - Barkeeper (Physics) | CBBE Vanilla - Body - Barkeeper
208,meshes\clothes\yarlclothes02\glovesf,Hands Redone F Vanilla Yarl 2,nolvus (rule said: CBBE Vanilla - Hands - Yarl 2),CBBE Vanilla - Hands - Yarl 2,CBBE Vanilla - Hands - Yarl 2,CBBE,Hands Redone F Vanilla Yarl 2,match 0.96 (next 0.89),CBBE Vanilla - Hands - Yarl 2 | Hands Redone F Vanilla Yarl 2
209,meshes\clothes\blacksmith\f\torso,3BA Vanilla - Body - Blacksmith,rule: 3BA/3BBB,3BA Vanilla - Body - Blacksmith,3BA Vanilla - Body - Blacksmith,3BA/3BBB,3BA Vanilla - Body - Blacksmith,match 0.92 (next 0.55),3BA Vanilla - Body - Blacksmith | CBBE Vanilla - Body - Blacksmith (Physics) | CBBE Vanilla - Body - Blacksmith
210,meshes\clothes\yarlclothes03\outfitf_Var1,3BA Vanilla - Body - Yarl Clothes 3 Var 1,rule: 3BA/3BBB,3BA Vanilla - Body - Yarl Clothes 3 Var 1,3BA Vanilla - Body - Yarl Clothes 3 Var 1,3BA/3BBB,3BA Vanilla - Body - Yarl Clothes 3 Var 1,match 0.94 (next 0.48),3BA Vanilla - Body - Yarl Clothes 3 Var 1 | CBBE Vanilla - Body - Yarl Clothes 3 Var 1
211,meshes\creationclub\bgssse025\armor\amber\ambergauntletsf,CBBE 3BA Creation Club - Hands - Amber Gauntlets,rule: 3BA/3BBB,CBBE 3BA Creation Club - Hands - Amber Gauntlets,CBBE 3BA Creation Club - Hands - Amber Gauntlets,3BA/3BBB,CBBE 3BA Creation Club - Hands - Amber Gauntlets,match 0.96 (next 0.90),CBBE 3BA Creation Club - Hands - Amber Gauntlets | CBBE Creation Club - Hands - Amber Gauntlets
212,meshes\clothes\executioner\bodyf,Executioner Physics,rule: CBBE physics/SMP,Executioner,Executioner Physics,CBBE physics/SMP,Executioner Physics,match 0.91 (next 0.78),Executioner | Executioner Physics
213,meshes\creationclub\bgssse031\clothes\cyrus\cyrusclothesbootsf,CBBE 3BA Creation Club - Feet - Cyrus Clothes Boots,rule: 3BA/3BBB,CBBE 3BA Creation Club - Feet - Cyrus Clothes Boots,CBBE 3BA Creation Club - Feet - Cyrus Clothes Boots,3BA/3BBB,,ambiguous: CBBE 3BA Creation Club - Feet - Cyrus Clothes Boots 0.88; CBBE Creation Club - Feet - Cyrus' Boots 0.76,CBBE 3BA Creation Club - Feet - Cyrus Clothes Boots | CBBE Creation Club - Feet - Cyrus' Boots
214,meshes\clothes\farmclothes01\torsof,3BA Vanilla - Body - Farm Clothes 1,rule: 3BA/3BBB,3BA Vanilla - Body - Farm Clothes 1,3BA Vanilla - Body - Farm Clothes 1,3BA/3BBB,3BA Vanilla - Body - Farm Clothes 1,match 0.95 (next 0.61),3BA Vanilla - Body - Farm Clothes 1 | CBBE Vanilla - Body - Farm Clothes 1 (Physics) | CBBE Vanilla - Body - Farm Clothes 1
215,meshes\creationclub\asvsse001\clothes\extravagantrobe02\1stpersonextravagantrobe02f,CBBE 3BA Creation Club - 1st - Extravagant Robe 2,rule: 3BA/3BBB,CBBE 3BA Creation Club - 1st - Extravagant Robe 2,CBBE 3BA Creation Club - 1st - Extravagant Robe 2,3BA/3BBB,CBBE 3BA Creation Club - 1st - Extravagant Robe 2,match 0.93 (next 0.79),CBBE 3BA Creation Club - 1st - Extravagant Robe 2 | CBBE Creation Club - 1st Person - Extravagant Robes (Green)
216,meshes\clothes\farmclothes03\farmerrobefplus,3BA Vanilla - Body - Farm Clothes 3 Plus,rule: 3BA/3BBB,3BA Vanilla - Body - Farm Clothes 3 Plus,3BA Vanilla - Body - Farm Clothes 3 Plus,3BA/3BBB,3BA Vanilla - Body - Farm Clothes 3 Plus,match 0.95 (next 0.57),3BA Vanilla - Body - Farm Clothes 3 Plus | CBBE Vanilla - Body - Farm Clothes 3 Plus (Physics) | CBBE Vanilla - Body - Farm Clothes 3 Plus
217,meshes\Fafny stash\Master Thief\FB_Master_Thief_Armor_f,[FB] Master Thief Armor 3BA (with breast physics),nolvus (same as default),[FB] Master Thief Armor 3BA (with breast physics),[FB] Master Thief Armor 3BA (with breast physics),"3BA/3BBB, physics variant (by analogy)",[FB] Master Thief Armor 3BA (with breast physics),match 0.99 (next 0.91),[FB] Master Thief Armor 3BA (with breast physics) | [FB] Master Thief Armor 3BA
218,meshes\clothes\farmclothes04\robef,3BA Vanilla - Body - Farm Clothes 4,rule: 3BA/3BBB,3BA Vanilla - Body - Farm Clothes 4,3BA Vanilla - Body - Farm Clothes 4,3BA/3BBB,3BA Vanilla - Body - Farm Clothes 4,match 0.95 (next 0.61),3BA Vanilla - Body - Farm Clothes 4 | CBBE Vanilla - Body - Farm Clothes 4 (Physics) | CBBE Vanilla - Body - Farm Clothes 4
219,meshes\clothes\fineclothes01\outfitf,3BA Vanilla - Body - Fine Clothes 1,rule: 3BA/3BBB,3BA Vanilla - Body - Fine Clothes 1,3BA Vanilla - Body - Fine Clothes 1,3BA/3BBB,3BA Vanilla - Body - Fine Clothes 1,match 0.92 (next 0.48),3BA Vanilla - Body - Fine Clothes 1 | CBBE Vanilla - Body - Fine Clothes 1
220,meshes\clothes\fineclothes02\outfitf,3BA Vanilla - Body - Fine Clothes 2,rule: 3BA/3BBB,3BA Vanilla - Body - Fine Clothes 2,3BA Vanilla - Body - Fine Clothes 2,3BA/3BBB,3BA Vanilla - Body - Fine Clothes 2,match 0.94 (next 0.50),3BA Vanilla - Body - Fine Clothes 2 | CBBE Vanilla - Body - Fine Clothes 2
221,meshes\Kreis\KSA\ksws02\HandsHF,CBBE 3BA KSA - Hands - KSWS02 H,rule: 3BA/3BBB,BHUNP KSA - Hands - KSWS02 H,CBBE 3BA KSA - Hands - KSWS02 H,3BA/3BBB,,ambiguous: CBBE KSA - Hands - KSWS02 H 0.97; CBBE 3BA KSA - Hands - KSWS02 H 0.97; UUNP KSA - Hands - KSWS02 H 0.68,BHUNP KSA - Hands - KSWS02 H | CBBE 3BA KSA - Hands - KSWS02 H | CBBE KSA - Hands - KSWS02 H | UUNP KSA - Hands - KSWS02 H
222,meshes\clothes\forswornarmor\1stpersonforsworngauntletsf,Hands Redone F Vanilla Forsworn,nolvus (rule said: CBBE Vanilla - Hands - Forsworn),CBBE Vanilla - Hands - Forsworn,CBBE Vanilla - Hands - Forsworn,CBBE,Hands Redone F Vanilla Forsworn,match 0.97 (next 0.88),CBBE Vanilla - Hands - Forsworn | Hands Redone F Vanilla Forsworn
223,meshes\clothes\forswornarmor\forswornarmorf,3BA Vanilla - Body - Forsworn,rule: 3BA/3BBB,3BA Vanilla - Body - Forsworn,3BA Vanilla - Body - Forsworn,3BA/3BBB,,ambiguous: 3BA Vanilla - Body - Forsworn 0.83; CBBE Vanilla - Body - Forsworn (Physics) 0.59; CBBE Vanilla - Body - Forsworn 0.54,3BA Vanilla - Body - Forsworn | CBBE Vanilla - Body - Forsworn (Physics) | CBBE Vanilla - Body - Forsworn
224,meshes\clothes\graybeardrobe\greybeardrobef,3BA Vanilla - Body - Greybeard,rule: 3BA/3BBB,3BA Vanilla - Body - Greybeard,3BA Vanilla - Body - Greybeard,3BA/3BBB,3BA Vanilla - Body - Greybeard,match 0.96 (next 0.58),3BA Vanilla - Body - Greybeard | CBBE Vanilla - Body - Greybeard
225,meshes\creationclub\bgssse051\armor\daedricmail\f\1stpersonarmor,CBBE 3BA Creation Club - 1st - Daedric Mail,rule: 3BA/3BBB,CBBE 3BA Creation Club - 1st - Daedric Mail,CBBE 3BA Creation Club - 1st - Daedric Mail,3BA/3BBB,CBBE 3BA Creation Club - 1st - Daedric Mail,match 0.92 (next 0.77),CBBE 3BA Creation Club - 1st - Daedric Mail | CBBE Creation Club - 1st Person - Daedric Mail Armor
226,meshes\clothes\jester\jesterf,3BA Vanilla - Body - Jester,rule: 3BA/3BBB,3BA Vanilla - Body - Jester,3BA Vanilla - Body - Jester,3BA/3BBB,3BA Vanilla - Body - Jester,match 0.96 (next 0.65),3BA Vanilla - Body - Jester | CBBE Vanilla - Body - Jester (Physics) | CBBE Vanilla - Body - Jester
227,meshes\clothes\Kozakowy\FalkaArmor\boots,Falka Armor Boots (3BA),rule: 3BA/3BBB,Falka Armor Boots (3BA),Falka Armor Boots (3BA),3BA/3BBB,Falka Armor Boots (3BA),match 0.94 (next 0.56),Falka Armor Boots (3BA) | Falka Armor Boots
228,meshes\creationclub\bgssse059\armor\dragonplate\dragonplatetorsof,CBBE 3BA Creation Club - Body - Dragon Plate,rule: 3BA/3BBB,CBBE 3BA Creation Club - Body - Dragon Plate,CBBE 3BA Creation Club - Body - Dragon Plate,3BA/3BBB,CBBE 3BA Creation Club - Body - Dragon Plate,match 0.96 (next 0.67),CBBE 3BA Creation Club - Body - Dragon Plate | CBBE Creation Club - Body - Dragonplate Insulated Cuirass
229,meshes\clothes\Kozakowy\FalkaArmor\bootss,Falka Armor Boots S (3BA),rule: 3BA/3BBB,Falka Armor Boots S (3BA),Falka Armor Boots S (3BA),3BA/3BBB,Falka Armor Boots S (3BA),match 0.94 (next 0.56),Falka Armor Boots S (3BA) | Falka Armor Boots S
230,meshes\clothes\yarlclothes02\outfitf,3BA Vanilla - Body - Yarl Clothes 2,rule: 3BA/3BBB,3BA Vanilla - Body - Yarl Clothes 2,3BA Vanilla - Body - Yarl Clothes 2,3BA/3BBB,3BA Vanilla - Body - Yarl Clothes 2,match 0.96 (next 0.55),3BA Vanilla - Body - Yarl Clothes 2 | CBBE Vanilla - Body - Yarl Clothes 2
231,meshes\creationclub\edhsse002\armor\splknt\splkntirontorsof,CBBE 3BA Creation Club - Body - Spell Knight Iron Armor,rule: 3BA/3BBB,CBBE 3BA Creation Club - Body - Spell Knight Iron Armor,CBBE 3BA Creation Club - Body - Spell Knight Iron Armor,3BA/3BBB,CBBE 3BA Creation Club - Body - Spell Knight Iron Armor,match 0.96 (next 0.70),CBBE 3BA Creation Club - Body - Spell Knight Iron Armor | CBBE Creation Club - Body - Iron Spell Knight Armor
232,meshes\clothes\Kozakowy\FalkaArmor\bootssc,Falka Armor Boots SC (3BA),rule: 3BA/3BBB,Falka Armor Boots SC (3BA),Falka Armor Boots SC (3BA),3BA/3BBB,Falka Armor Boots SC (3BA),match 0.94 (next 0.56),Falka Armor Boots SC (3BA) | Falka Armor Boots SC
233,meshes\clothes\Kozakowy\FalkaArmor\torso,Falka Armor (3BA),rule: 3BA/3BBB,Falka Armor (3BA),Falka Armor (3BA),3BA/3BBB,Falka Armor (3BA),match 0.97 (next 0.60),Falka Armor (3BA) | Falka Armor
234,meshes\clothes\robedarkbrotherhood\female\dbgloves,Hands Redone F Vanilla Dark Brotherhood Robe,nolvus (rule said: CBBE Vanilla - Hands - Dark Brotherhood Robe),CBBE Vanilla - Hands - Dark Brotherhood Robe,CBBE Vanilla - Hands - Dark Brotherhood Robe,CBBE,Hands Redone F Vanilla Dark Brotherhood Robe,match 0.96 (next 0.88),CBBE Vanilla - Hands - Dark Brotherhood Robe | Hands Redone F Vanilla Dark Brotherhood Robe
235,meshes\creationclub\mtysse002\armor\vigilenforcer\enforcer\cuirassf,CBBE 3BA Creation Club - Body - Vigil Enforcer Armor,rule: 3BA/3BBB,CBBE 3BA Creation Club - Body - Vigil Enforcer Armor,CBBE 3BA Creation Club - Body - Vigil Enforcer Armor,3BA/3BBB,CBBE 3BA Creation Club - Body - Vigil Enforcer Armor,match 0.95 (next 0.74),CBBE 3BA Creation Club - Body - Vigil Enforcer Armor | CBBE Creation Club - Body - Vigil Enforcer Armor
236,meshes\clothes\Kozakowy\FalkaArmor\torsos,Falka Armor S (3BA),rule: 3BA/3BBB,Falka Armor S (3BA),Falka Armor S (3BA),3BA/3BBB,Falka Armor S (3BA),match 0.97 (next 0.60),Falka Armor S (3BA) | Falka Armor S
237,meshes\clothes\mageapprentice\mageapprenticerobesf,3BA Vanilla - Body - Apprentice,rule: 3BA/3BBB,3BA Vanilla - Body - Apprentice,3BA Vanilla - Body - Apprentice,3BA/3BBB,3BA Vanilla - Body - Apprentice,match 0.93 (next 0.54),3BA Vanilla - Body - Apprentice | CBBE Vanilla - Body - Apprentice
238,Meshes\KS Hairdo's\HDT\VirtualHairCollision_4,KS Hairdos SMP - Collision 4 (CBBE),rule: CBBE physics/SMP,KS Hairdos SMP - Collision 4 (BHUNP),KS Hairdos SMP - Collision 4 (CBBE),CBBE physics/SMP,KS Hairdos SMP - Collision 4 (CBBE),match 0.94 (next 0.69),KS Hairdos SMP - Collision 4 (BHUNP) | KS Hairdos SMP - Collision 4 (CBBE) | KS Hairdos SMP - Collision 4 (TBD)
239,meshes\clothes\magejourneyman\hoodf,Mage Hood Journeyman Physics,rule: CBBE physics/SMP,Mage Hood Journeyman,Mage Hood Journeyman Physics,CBBE physics/SMP,,ambiguous: Mage Hood Journeyman Physics 0.88; Mage Hood Journeyman 0.53,Mage Hood Journeyman | Mage Hood Journeyman Physics
240,meshes\clothes\magejourneyman\magejourneymanrobesf,3BA Vanilla - Body - Journeyman,rule: 3BA/3BBB,3BA Vanilla - Body - Journeyman,3BA Vanilla - Body - Journeyman,3BA/3BBB,3BA Vanilla - Body - Journeyman,match 0.92 (next 0.56),3BA Vanilla - Body - Journeyman | CBBE Vanilla - Body - Journeyman (Physics) | CBBE Vanilla - Body - Journeyman
241,meshes\Kreis\KSA\ksws02\FeetF,CBBE 3BA KSA - Feet - KSWS02,rule: 3BA/3BBB,BHUNP KSA - Feet - KSWS02,CBBE 3BA KSA - Feet - KSWS02,3BA/3BBB,,ambiguous: CBBE KSA - Feet - KSWS02 0.91; CBBE 3BA KSA - Feet - KSWS02 0.91; BHUNP KSA - Feet - KSWS02 0.56,BHUNP KSA - Feet - KSWS02 | CBBE 3BA KSA - Feet - KSWS02 | CBBE KSA - Feet - KSWS02 | UUNP KSA - Feet - KSWS02
242,meshes\clothes\merchantclothes\torsof,3BA Vanilla - Body - Merchant,rule: 3BA/3BBB,3BA Vanilla - Body - Merchant,3BA Vanilla - Body - Merchant,3BA/3BBB,3BA Vanilla - Body - Merchant,match 0.95 (next 0.60),3BA Vanilla - Body - Merchant | CBBE Vanilla - Body - Merchant (Physics) | CBBE Vanilla - Body - Merchant
243,meshes\clothes\minerclothes\minerclothesf,3BA Vanilla - Body - Miner,rule: 3BA/3BBB,3BA Vanilla - Body - Miner,3BA Vanilla - Body - Miner,3BA/3BBB,3BA Vanilla - Body - Miner,match 0.94 (next 0.62),3BA Vanilla - Body - Miner | CBBE Vanilla - Body - Miner (Physics) | CBBE Vanilla - Body - Miner
244,meshes\creationclub\bgssse062\armor\dwarvenmail\f\gauntlets,CBBE 3BA Creation Club - Hands - Dwarven Mail Gauntlets,rule: 3BA/3BBB,CBBE 3BA Creation Club - Hands - Dwarven Mail Gauntlets,CBBE 3BA Creation Club - Hands - Dwarven Mail Gauntlets,3BA/3BBB,,ambiguous: CBBE 3BA Creation Club - Hands - Dwarven Mail Gauntlets 0.96; CBBE Creation Club - Hands - Dwarven Mail Gauntlets 0.92,CBBE 3BA Creation Club - Hands - Dwarven Mail Gauntlets | CBBE Creation Club - Hands - Dwarven Mail Gauntlets
245,Meshes\DX\Necromancer\DX_Necromancer_Red_Amulet,DX Necromancer 3BA Red Amulet (Physics),nolvus (same as default),DX Necromancer 3BA Red Amulet (Physics),DX Necromancer 3BA Red Amulet (Physics),"3BA/3BBB, physics variant (by analogy)",DX Necromancer 3BA Red Amulet (Physics),match 0.95 (next 0.62),DX Necromancer 3BA Red Amulet (Physics) | DX Necromancer 3BA Red Amulet (No Physics)
246,meshes\clothes\monk\monkvariantoutfitf,3BA Vanilla - Body - Monk Variant,rule: 3BA/3BBB,3BA Vanilla - Body - Monk Variant,3BA Vanilla - Body - Monk Variant,3BA/3BBB,3BA Vanilla - Body - Monk Variant,match 0.94 (next 0.54),3BA Vanilla - Body - Monk Variant | CBBE Vanilla - Body - Monk Variant (Physics) | CBBE Vanilla - Body - Monk Variant
247,meshes\creationclub\bgssse052\armor\iron\ironglovesf,CBBE 3BA Creation Club - Hands - Iron,rule: 3BA/3BBB,CBBE 3BA Creation Club - Hands - Iron,CBBE 3BA Creation Club - Hands - Iron,3BA/3BBB,,ambiguous: CBBE 3BA Creation Club - Hands - Iron 0.96; CBBE Creation Club - Hands - Iron Plate Gauntlets 0.92,CBBE 3BA Creation Club - Hands - Iron | CBBE Creation Club - Hands - Iron Plate Gauntlets
248,meshes\creationclub\bgssse053\armor\leather\1stpersonleatherglovesf,CBBE 3BA Creation Club - 1st - Leather Gloves,rule: 3BA/3BBB,CBBE 3BA Creation Club - 1st - Leather Gloves,CBBE 3BA Creation Club - 1st - Leather Gloves,3BA/3BBB,CBBE 3BA Creation Club - 1st - Leather Gloves,match 0.96 (next 0.84),CBBE 3BA Creation Club - 1st - Leather Gloves | CBBE Creation Club - 1st Person - Leather Scout Gloves
249,meshes\clothes\monk\vaerminarobesf,3BA Vanilla - Body - Vaermina,rule: 3BA/3BBB,3BA Vanilla - Body - Vaermina,3BA Vanilla - Body - Vaermina,3BA/3BBB,3BA Vanilla - Body - Vaermina,match 0.94 (next 0.54),3BA Vanilla - Body - Vaermina | CBBE Vanilla - Body - Vaermina (Physics) | CBBE Vanilla - Body - Vaermina
250,meshes\creationclub\mtysse002\armor\vigilenforcer\corrupted\corruptedcuirasssashf,CBBE 3BA Creation Club - Body - Vigil Corrupted Sashed Armor,rule: 3BA/3BBB,CBBE 3BA Creation Club - Body - Vigil Corrupted Sashed Armor,CBBE 3BA Creation Club - Body - Vigil Corrupted Sashed Armor,3BA/3BBB,CBBE 3BA Creation Club - Body - Vigil Corrupted Sashed Armor,match 0.96 (next 0.73),CBBE 3BA Creation Club - Body - Vigil Corrupted Sashed Armor | CBBE Creation Club - Body - Vigil Corrupted Sashed Armor
251,meshes\clothes\necromancer\necromancerrobes_f,3BA Vanilla - Body - Necromancer,rule: 3BA/3BBB,3BA Vanilla - Body - Necromancer,3BA Vanilla - Body - Necromancer,3BA/3BBB,3BA Vanilla - Body - Necromancer,match 0.94 (next 0.54),3BA Vanilla - Body - Necromancer | CBBE Vanilla - Body - Necromancer (Physics) | CBBE Vanilla - Body - Necromancer
252,meshes\clothes\nocturnal\outfitf,3BA Vanilla - Body - Nocturnal,rule: 3BA/3BBB,3BA Vanilla - Body - Nocturnal,3BA Vanilla - Body - Nocturnal,3BA/3BBB,,ambiguous: 3BA Vanilla - Body - Nocturnal 0.82; CBBE Vanilla - Body - Nocturnal (Physics) 0.54; CBBE Vanilla - Body - Nocturnal 0.49,3BA Vanilla - Body - Nocturnal | CBBE Vanilla - Body - Nocturnal (Physics) | CBBE Vanilla - Body - Nocturnal
253,meshes\clothes\prisoner\prisonerclothes_f,3BA Vanilla - Body - Prisoner,rule: 3BA/3BBB,3BA Vanilla - Body - Prisoner,3BA Vanilla - Body - Prisoner,3BA/3BBB,,ambiguous: 3BA Vanilla - Body - Prisoner 0.87; CBBE Vanilla - Body - Roughspun Tunic (Physics) 0.59; CBBE Vanilla - Body - Roughspun Tunic 0.54,3BA Vanilla - Body - Prisoner | CBBE Vanilla - Body - Roughspun Tunic (Physics) | CBBE Vanilla - Body - Roughspun Tunic
254,meshes\clothes\robedarkbrotherhood\female\1stpersondbglovesarg,Hands Redone F Vanilla Dark Brotherhood Robe 1st Person Argonian,nolvus (rule said: CBBE Vanilla - 1st Person - Dark Brotherhood Robe Gloves Beast),CBBE Vanilla - 1st Person - Dark Brotherhood Robe Gloves Beast,CBBE Vanilla - 1st Person - Dark Brotherhood Robe Gloves Beast,CBBE,Hands Redone F Vanilla Dark Brotherhood Robe 1st Person Argonian,match 0.96 (next 0.88),CBBE Vanilla - 1st Person - Dark Brotherhood Robe Gloves Beast | Hands Redone F Vanilla Dark Brotherhood Robe 1st Person Argonian
255,meshes\clothes\prisoner\prisonercuffsf,Hands Redone F Vanilla Prisoner,nolvus (rule said: CBBE Vanilla - Hands - Prisoner),CBBE Vanilla - Hands - Prisoner,CBBE Vanilla - Hands - Prisoner,CBBE,Hands Redone F Vanilla Prisoner,match 0.96 (next 0.90),CBBE Vanilla - Hands - Prisoner | Hands Redone F Vanilla Prisoner
256,meshes\clothes\psiijic\psiijicglovesf,Hands Redone F Vanilla Psiijic,nolvus (rule said: CBBE Vanilla - Hands - Psiijic),CBBE Vanilla - Hands - Psiijic,CBBE Vanilla - Hands - Psiijic,CBBE,Hands Redone F Vanilla Psiijic,match 0.96 (next 0.89),CBBE Vanilla - Hands - Psiijic | Hands Redone F Vanilla Psiijic
257,meshes\clothes\psiijic\psiijicrobesf,3BA Vanilla - Body - Psiijic,rule: 3BA/3BBB,3BA Vanilla - Body - Psiijic,3BA Vanilla - Body - Psiijic,3BA/3BBB,3BA Vanilla - Body - Psiijic,match 0.94 (next 0.54),3BA Vanilla - Body - Psiijic | CBBE Vanilla - Body - Psiijic
258,meshes\creationclub\mtysse002\armor\vigilenforcer\silverhand\silverhandgauntletsf,CBBE 3BA Creation Club - Hands -Vigil Silver Hand Gauntlets,rule: 3BA/3BBB,CBBE 3BA Creation Club - Hands -Vigil Silver Hand Gauntlets,CBBE 3BA Creation Club - Hands -Vigil Silver Hand Gauntlets,3BA/3BBB,,ambiguous: CBBE 3BA Creation Club - Hands -Vigil Silver Hand Gauntlets 0.96; CBBE Creation Club - Hands - Vigil Silver Hand Gauntlets 0.92,CBBE 3BA Creation Club - Hands -Vigil Silver Hand Gauntlets | CBBE Creation Club - Hands - Vigil Silver Hand Gauntlets
259,meshes\clothes\redguard\redguardoutfitf,3BA Vanilla - Body - Redguard,rule: 3BA/3BBB,3BA Vanilla - Body - Redguard,3BA Vanilla - Body - Redguard,3BA/3BBB,3BA Vanilla - Body - Redguard,match 0.94 (next 0.50),3BA Vanilla - Body - Redguard | CBBE Vanilla - Body - Redguard
260,meshes\clothes\robedarkbrotherhood\female\1stpersondbgloves,Hands Redone F Vanilla Dark Brotherhood Robe 1st Person,nolvus (rule said: CBBE Vanilla - 1st Person - Dark Brotherhood Robe Gloves),CBBE Vanilla - 1st Person - Dark Brotherhood Robe Gloves,CBBE Vanilla - 1st Person - Dark Brotherhood Robe Gloves,CBBE,Hands Redone F Vanilla Dark Brotherhood Robe 1st Person,match 0.96 (next 0.88),CBBE Vanilla - 1st Person - Dark Brotherhood Robe Gloves | Hands Redone F Vanilla Dark Brotherhood Robe 1st Person
261,meshes\clothes\robedarkbrotherhood\female\dbtorso,3BA Vanilla - Body - Dark Brotherhood Robe,rule: 3BA/3BBB,3BA Vanilla - Body - Dark Brotherhood Robe,3BA Vanilla - Body - Dark Brotherhood Robe,3BA/3BBB,3BA Vanilla - Body - Dark Brotherhood Robe,match 0.94 (next 0.51),3BA Vanilla - Body - Dark Brotherhood Robe | CBBE Vanilla - Body - Dark Brotherhood Robe
262,meshes\Fafny stash\Master Thief\FB_Master_Thief_Shoulder_f,[FB] Master Thief Shoulder 3BA (with breast physics),nolvus (same as default),[FB] Master Thief Shoulder 3BA (with breast physics),[FB] Master Thief Shoulder 3BA (with breast physics),"3BA/3BBB, physics variant (by analogy)",[FB] Master Thief Shoulder 3BA (with breast physics),match 0.95 (next 0.47),[FB] Master Thief Shoulder 3BA (with breast physics) | [FB] Master Thief Shoulder 3BA
263,meshes\clothes\robemythicdawn\mdrobe_f,3BA Vanilla - Body - Mythic Dawn,rule: 3BA/3BBB,3BA Vanilla - Body - Mythic Dawn,3BA Vanilla - Body - Mythic Dawn,3BA/3BBB,3BA Vanilla - Body - Mythic Dawn,match 0.94 (next 0.54),3BA Vanilla - Body - Mythic Dawn | CBBE Vanilla - Body - Mythic Dawn
264,meshes\clothes\thalmor\thalmorrobesf,3BA Vanilla - Body - Thalmor Robe,rule: 3BA/3BBB,3BA Vanilla - Body - Thalmor Robe,3BA Vanilla - Body - Thalmor Robe,3BA/3BBB,,ambiguous: 3BA Vanilla - Body - Thalmor Robe 0.88; CBBE Vanilla - Body - Thalmor Robe 0.47,3BA Vanilla - Body - Thalmor Robe | CBBE Vanilla - Body - Thalmor Robe
265,meshes\creationclub\vsvsse001\armor\saturaliaoutfit\bootsf,CBBE 3BA Creation Club - Feet - Saturalia Boots,rule: 3BA/3BBB,CBBE 3BA Creation Club - Feet - Saturalia Boots,CBBE 3BA Creation Club - Feet - Saturalia Boots,3BA/3BBB,,ambiguous: CBBE Creation Club - Feet - Saturalia Boots 0.87; CBBE 3BA Creation Club - Feet - Saturalia Boots 0.87,CBBE 3BA Creation Club - Feet - Saturalia Boots | CBBE Creation Club - Feet - Saturalia Boots
266,meshes\clothes\warlock\warlockrobes_f,3BA Vanilla - Body - Warlock,rule: 3BA/3BBB,3BA Vanilla - Body - Warlock,3BA Vanilla - Body - Warlock,3BA/3BBB,3BA Vanilla - Body - Warlock,match 0.94 (next 0.54),3BA Vanilla - Body - Warlock | CBBE Vanilla - Body - Warlock (Physics) | CBBE Vanilla - Body - Warlock
267,meshes\creationclub\bgssse025\armor\madness\madnesscuirassf,CBBE 3BA Creation Club - Body - Madness Cuirass,rule: 3BA/3BBB,CBBE 3BA Creation Club - Body - Madness Cuirass,CBBE 3BA Creation Club - Body - Madness Cuirass,3BA/3BBB,CBBE 3BA Creation Club - Body - Madness Cuirass,match 0.97 (next 0.59),CBBE 3BA Creation Club - Body - Madness Cuirass | CBBE Creation Club - Body - Madness Cuirass
268,meshes\clothes\weddingdress\outfitf,3BA Vanilla - Body - Wedding Dress,rule: 3BA/3BBB,3BA Vanilla - Body - Wedding Dress,3BA Vanilla - Body - Wedding Dress,3BA/3BBB,3BA Vanilla - Body - Wedding Dress,match 0.94 (next 0.49),3BA Vanilla - Body - Wedding Dress | CBBE Vanilla - Body - Wedding Dress
269,Meshes\DX\Necromancer\DX_Necromancer_Black_Amulet,DX Necromancer 3BA Black Amulet (Physics),nolvus (same as default),DX Necromancer 3BA Black Amulet (Physics),DX Necromancer 3BA Black Amulet (Physics),"3BA/3BBB, physics variant (by analogy)",DX Necromancer 3BA Black Amulet (Physics),match 0.95 (next 0.62),DX Necromancer 3BA Black Amulet (Physics) | DX Necromancer 3BA Black Amulet (No Physics)
270,meshes\clothes\wench\wenchoutfitf,3BA Vanilla - Body - Wench,rule: 3BA/3BBB,3BA Vanilla - Body - Wench,3BA Vanilla - Body - Wench,3BA/3BBB,3BA Vanilla - Body - Wench,match 0.95 (next 0.62),3BA Vanilla - Body - Wench | CBBE Vanilla - Body - Wench (Physics) | CBBE Vanilla - Body - Wench
271,meshes\clothes\yarlclothes02\ulfricf,Ulfric Armor Physics,rule: CBBE physics/SMP,Ulfric Armor,Ulfric Armor Physics,CBBE physics/SMP,Ulfric Armor Physics,match 0.95 (next 0.68),Ulfric Armor | Ulfric Armor Physics
272,meshes\clothes\yarlclothes03\outfitf,3BA Vanilla - Body - Yarl Clothes 3,rule: 3BA/3BBB,3BA Vanilla - Body - Yarl Clothes 3,3BA Vanilla - Body - Yarl Clothes 3,3BA/3BBB,3BA Vanilla - Body - Yarl Clothes 3,match 0.94 (next 0.48),3BA Vanilla - Body - Yarl Clothes 3 | CBBE Vanilla - Body - Yarl Clothes 3
273,meshes\clothes\yarlclothes\f\1stpersongloves,Hands Redone F Vanilla Yarl 1 1st Person,nolvus (rule said: CBBE Vanilla - 1st Person - Yarl 1 Bracers),CBBE Vanilla - 1st Person - Yarl 1 Bracers,CBBE Vanilla - 1st Person - Yarl 1 Bracers,CBBE,Hands Redone F Vanilla Yarl 1 1st Person,match 0.96 (next 0.91),CBBE Vanilla - 1st Person - Yarl 1 Bracers | Hands Redone F Vanilla Yarl 1 1st Person
274,meshes\creationclub\asvsse001\armor\ordinator\1stpersonordinatorcuirassf,CBBE 3BA Creation Club - 1st - Ordinator,rule: 3BA/3BBB,CBBE 3BA Creation Club - 1st - Ordinator,CBBE 3BA Creation Club - 1st - Ordinator,3BA/3BBB,CBBE 3BA Creation Club - 1st - Ordinator,match 0.94 (next 0.78),CBBE 3BA Creation Club - 1st - Ordinator | CBBE Creation Club - 1st Person - Indoril Armor
275,meshes\clothes\yarlclothes\f\gloves,Hands Redone F Vanilla Yarl 1,nolvus (rule said: CBBE Vanilla - Hands - Yarl 1),CBBE Vanilla - Hands - Yarl 1,CBBE Vanilla - Hands - Yarl 1,CBBE,Hands Redone F Vanilla Yarl 1,match 0.96 (next 0.91),CBBE Vanilla - Hands - Yarl 1 | Hands Redone F Vanilla Yarl 1
276,meshes\clothes\yarlclothes\f\torso,3BA Vanilla - Body - Yarl Clothes 1,rule: 3BA/3BBB,3BA Vanilla - Body - Yarl Clothes 1,3BA Vanilla - Body - Yarl Clothes 1,3BA/3BBB,3BA Vanilla - Body - Yarl Clothes 1,match 0.94 (next 0.51),3BA Vanilla - Body - Yarl Clothes 1 | CBBE Vanilla - Body - Yarl Clothes 1
277,meshes\clothes\yarlclothes\f\torso_var2,3BA Vanilla - Body - Yarl Clothes 1 Var 2,rule: 3BA/3BBB,3BA Vanilla - Body - Yarl Clothes 1 Var 2,3BA Vanilla - Body - Yarl Clothes 1 Var 2,3BA/3BBB,3BA Vanilla - Body - Yarl Clothes 1 Var 2,match 0.94 (next 0.51),3BA Vanilla - Body - Yarl Clothes 1 Var 2 | CBBE Vanilla - Body - Yarl Clothes 1 Var 2
278,meshes\creationclub\asvsse001\armor\highordinator\1stpersonhighordinatorcuirassf,CBBE 3BA Creation Club - 1st - High Ordinator,rule: 3BA/3BBB,CBBE 3BA Creation Club - 1st - High Ordinator,CBBE 3BA Creation Club - 1st - High Ordinator,3BA/3BBB,CBBE 3BA Creation Club - 1st - High Ordinator,match 0.93 (next 0.79),CBBE 3BA Creation Club - 1st - High Ordinator | CBBE Creation Club - 1st Person - Her Hand Armor
279,meshes\creationclub\mtysse002\armor\vigilenforcer\silverhand\silverhandbootsf,CBBE 3BA Creation Club - Feet - Vigil Silver Hand Boots,rule: 3BA/3BBB,CBBE 3BA Creation Club - Feet - Vigil Silver Hand Boots,CBBE 3BA Creation Club - Feet - Vigil Silver Hand Boots,3BA/3BBB,CBBE 3BA Creation Club - Feet - Vigil Silver Hand Boots,match 0.91 (next 0.73),CBBE 3BA Creation Club - Feet - Vigil Silver Hand Boots | CBBE Creation Club - Feet - Vigil Silver Hand Boots
280,meshes\creationclub\asvsse001\armor\highordinator\highordinatorbootsf,CBBE 3BA Creation Club - Feet - High Ordinator,rule: 3BA/3BBB,CBBE 3BA Creation Club - Feet - High Ordinator,CBBE 3BA Creation Club - Feet - High Ordinator,3BA/3BBB,,ambiguous: CBBE 3BA Creation Club - Feet - High Ordinator 0.87; CBBE Creation Club - Feet - Her Hand Boots 0.73,CBBE 3BA Creation Club - Feet - High Ordinator | CBBE Creation Club - Feet - Her Hand Boots
281,meshes\creationclub\asvsse001\armor\highordinator\highordinatorcuirassf,CBBE 3BA Creation Club - Body - High Ordinator,rule: 3BA/3BBB,CBBE 3BA Creation Club - Body - High Ordinator,CBBE 3BA Creation Club - Body - High Ordinator,3BA/3BBB,CBBE 3BA Creation Club - Body - High Ordinator,match 0.96 (next 0.81),CBBE 3BA Creation Club - Body - High Ordinator | CBBE Creation Club - Body - Her Hand Armor
282,meshes\creationclub\bgssse050\armor\daedricplate\daedricplatebodyf,CBBE 3BA Creation Club - Body - Daedric Plate,rule: 3BA/3BBB,CBBE 3BA Creation Club - Body - Daedric Plate,CBBE 3BA Creation Club - Body - Daedric Plate,3BA/3BBB,CBBE 3BA Creation Club - Body - Daedric Plate,match 0.95 (next 0.84),CBBE 3BA Creation Club - Body - Daedric Plate | CBBE Creation Club - Body - Daedric Plate
283,meshes\creationclub\asvsse001\armor\highordinator\highordinatorglovesf,CBBE 3BA Creation Club - Hands - High Ordinator,rule: 3BA/3BBB,CBBE 3BA Creation Club - Hands - High Ordinator,CBBE 3BA Creation Club - Hands - High Ordinator,3BA/3BBB,,ambiguous: CBBE 3BA Creation Club - Hands - High Ordinator 0.96; CBBE Creation Club - Hands - Her Hand Gauntlets 0.92,CBBE 3BA Creation Club - Hands - High Ordinator | CBBE Creation Club - Hands - Her Hand Gauntlets
284,Meshes\DX\Necromancer\DX_Necromancer_Green_Amulet,DX Necromancer 3BA Green Amulet (Physics),nolvus (same as default),DX Necromancer 3BA Green Amulet (Physics),DX Necromancer 3BA Green Amulet (Physics),"3BA/3BBB, physics variant (by analogy)",DX Necromancer 3BA Green Amulet (Physics),match 0.95 (next 0.62),DX Necromancer 3BA Green Amulet (Physics) | DX Necromancer 3BA Green Amulet (No Physics)
285,meshes\creationclub\asvsse001\armor\ordinator\ordinatorbootsf,CBBE 3BA Creation Club - Feet - Ordinator,rule: 3BA/3BBB,CBBE 3BA Creation Club - Feet - Ordinator,CBBE 3BA Creation Club - Feet - Ordinator,3BA/3BBB,,ambiguous: CBBE 3BA Creation Club - Feet - Ordinator 0.87; CBBE Creation Club - Feet - Indoril Boots 0.73,CBBE 3BA Creation Club - Feet - Ordinator | CBBE Creation Club - Feet - Indoril Boots
286,meshes\Soul hunter\F\Soul Hunter Skirt,Soul Hunter Skirt NO-SMP,default (undecidable),Soul Hunter Skirt NO-SMP,Soul Hunter Skirt SMP,"no body keyword, physics variant (by analogy)",,ambiguous: Soul Hunter Skirt NO-SMP 1.00; Soul Hunter Skirt SMP 0.97,Soul Hunter Skirt NO-SMP | Soul Hunter Skirt SMP
287,meshes\creationclub\asvsse001\armor\ordinator\ordinatorcuirassf,CBBE 3BA Creation Club - Body - Ordinator,rule: 3BA/3BBB,CBBE 3BA Creation Club - Body - Ordinator,CBBE 3BA Creation Club - Body - Ordinator,3BA/3BBB,CBBE 3BA Creation Club - Body - Ordinator,match 0.96 (next 0.80),CBBE 3BA Creation Club - Body - Ordinator | CBBE Creation Club - Body - Indoril Armor
288,meshes\creationclub\asvsse001\armor\ordinator\ordinatorglovesf,CBBE 3BA Creation Club - Hands - Ordinator,rule: 3BA/3BBB,CBBE 3BA Creation Club - Hands - Ordinator,CBBE 3BA Creation Club - Hands - Ordinator,3BA/3BBB,,ambiguous: CBBE 3BA Creation Club - Hands - Ordinator 0.96; CBBE Creation Club - Hands - Indoril Gauntlets 0.92,CBBE 3BA Creation Club - Hands - Ordinator | CBBE Creation Club - Hands - Indoril Gauntlets
289,meshes\dlc02\armor\stahlrimheavy\f\gauntlets,Hands Redone F Dragonborn Stahlrim Heavy,nolvus (rule said: CBBE Dragonborn - Hands - Stalhrim Heavy),CBBE Dragonborn - Hands - Stalhrim Heavy,CBBE Dragonborn - Hands - Stalhrim Heavy,CBBE,Hands Redone F Dragonborn Stahlrim Heavy,match 0.96 (next 0.91),CBBE Dragonborn - Hands - Stalhrim Heavy | Hands Redone F Dragonborn Stahlrim Heavy
290,meshes\creationclub\asvsse001\clothes\commonrobe02\1stpersoncommonrobe02f,CBBE 3BA Creation Club - 1st - Common Robe 2,rule: 3BA/3BBB,CBBE 3BA Creation Club - 1st - Common Robe 2,CBBE 3BA Creation Club - 1st - Common Robe 2,3BA/3BBB,CBBE 3BA Creation Club - 1st - Common Robe 2,match 0.93 (next 0.83),CBBE 3BA Creation Club - 1st - Common Robe 2 | CBBE Creation Club - 1st Person - Common Robes (Green Bag)
291,meshes\creationclub\asvsse001\clothes\commonrobe03\1stpersoncommonrobe03f,CBBE 3BA Creation Club - 1st - Common Robe 3,rule: 3BA/3BBB,CBBE 3BA Creation Club - 1st - Common Robe 3,CBBE 3BA Creation Club - 1st - Common Robe 3,3BA/3BBB,CBBE 3BA Creation Club - 1st - Common Robe 3,match 0.93 (next 0.86),CBBE 3BA Creation Club - 1st - Common Robe 3 | CBBE Creation Club - 1st Person - Common Robes (Blue Sash)
292,meshes\creationclub\asvsse001\clothes\commonrobe03\commonrobe03f,CBBE 3BA Creation Club - Body - Common Robe 3,rule: 3BA/3BBB,CBBE 3BA Creation Club - Body - Common Robe 3,CBBE 3BA Creation Club - Body - Common Robe 3,3BA/3BBB,CBBE 3BA Creation Club - Body - Common Robe 3,match 0.97 (next 0.65),CBBE 3BA Creation Club - Body - Common Robe 3 | CBBE Creation Club - Body - Common Robes (Blue Sash)
293,meshes\creationclub\asvsse001\clothes\commonrobe05\1stpersoncommonrobe05f,CBBE 3BA Creation Club - 1st - Common Robe 5,rule: 3BA/3BBB,CBBE 3BA Creation Club - 1st - Common Robe 5,CBBE 3BA Creation Club - 1st - Common Robe 5,3BA/3BBB,CBBE 3BA Creation Club - 1st - Common Robe 5,match 0.93 (next 0.86),CBBE 3BA Creation Club - 1st - Common Robe 5 | CBBE Creation Club - 1st Person - Common Robes (Green Sash)
294,meshes\creationclub\asvsse001\clothes\commonrobe05\commonrobe05f,CBBE 3BA Creation Club - Body - Common Robe 5,rule: 3BA/3BBB,CBBE 3BA Creation Club - Body - Common Robe 5,CBBE 3BA Creation Club - Body - Common Robe 5,3BA/3BBB,CBBE 3BA Creation Club - Body - Common Robe 5,match 0.97 (next 0.65),CBBE 3BA Creation Club - Body - Common Robe 5 | CBBE Creation Club - Body - Common Robes (Green Sash)
295,meshes\creationclub\asvsse001\clothes\extravagantrobe01b\1stpersonextravagantrobe01bf,CBBE 3BA Creation Club - 1st - Extravagant Robe 1b,rule: 3BA/3BBB,CBBE 3BA Creation Club - 1st - Extravagant Robe 1b,CBBE 3BA Creation Club - 1st - Extravagant Robe 1b,3BA/3BBB,CBBE 3BA Creation Club - 1st - Extravagant Robe 1b,match 0.94 (next 0.76),CBBE 3BA Creation Club - 1st - Extravagant Robe 1b | CBBE Creation Club - 1st Person - Extravagant Robes (Gold)
296,meshes\creationclub\asvsse001\clothes\extravagantrobe01b\extravagantrobe01bf,CBBE 3BA Creation Club - Body - Extravagant Robe 1b,rule: 3BA/3BBB,CBBE 3BA Creation Club - Body - Extravagant Robe 1b,CBBE 3BA Creation Club - Body - Extravagant Robe 1b,3BA/3BBB,CBBE 3BA Creation Club - Body - Extravagant Robe 1b,match 0.97 (next 0.71),CBBE 3BA Creation Club - Body - Extravagant Robe 1b | CBBE Creation Club - Body - Extravagant Robes (Gold)
297,meshes\creationclub\asvsse001\clothes\extravagantrobe01r\1stpersonextravagantrobe01rf,CBBE 3BA Creation Club - 1st - Extravagant Robe 1r,rule: 3BA/3BBB,CBBE 3BA Creation Club - 1st - Extravagant Robe 1r,CBBE 3BA Creation Club - 1st - Extravagant Robe 1r,3BA/3BBB,CBBE 3BA Creation Club - 1st - Extravagant Robe 1r,match 0.93 (next 0.79),CBBE 3BA Creation Club - 1st - Extravagant Robe 1r | CBBE Creation Club - 1st Person - Extravagant Robes (Red)
298,meshes\creationclub\asvsse001\clothes\extravagantrobe01r\extravagantrobe01rf,CBBE 3BA Creation Club - Body - Extravagant Robe 1r,rule: 3BA/3BBB,CBBE 3BA Creation Club - Body - Extravagant Robe 1r,CBBE 3BA Creation Club - Body - Extravagant Robe 1r,3BA/3BBB,CBBE 3BA Creation Club - Body - Extravagant Robe 1r,match 0.97 (next 0.66),CBBE 3BA Creation Club - Body - Extravagant Robe 1r | CBBE Creation Club - Body - Extravagant Robes (Red)
299,meshes\creationclub\asvsse001\clothes\extravagantrobe02\extravagantrobe02beastf,CBBE 3BA Creation Club - Body - Extravagant Robe 2 (Beast),rule: 3BA/3BBB,CBBE 3BA Creation Club - Body - Extravagant Robe 2 (Beast),CBBE 3BA Creation Club - Body - Extravagant Robe 2 (Beast),3BA/3BBB,CBBE 3BA Creation Club - Body - Extravagant Robe 2 (Beast),match 0.97 (next 0.58),CBBE 3BA Creation Club - Body - Extravagant Robe 2 (Beast) | CBBE Creation Club - Body - Extravagant Robes (Green Beast)
300,meshes\creationclub\asvsse001\clothes\extravagantrobe02\extravagantrobe02f,CBBE 3BA Creation Club - Body - Extravagant Robe 2,rule: 3BA/3BBB,CBBE 3BA Creation Club - Body - Extravagant Robe 2,CBBE 3BA Creation Club - Body - Extravagant Robe 2,3BA/3BBB,CBBE 3BA Creation Club - Body - Extravagant Robe 2,match 0.97 (next 0.54),CBBE 3BA Creation Club - Body - Extravagant Robe 2 | CBBE Creation Club - Body - Extravagant Robes (Green)
301,meshes\Kreis\KSA\viridianknight\headM,HIMBO KSA - Head - Viridian Knight (Phys),nolvus (same as default),HIMBO KSA - Head - Viridian Knight (Phys),HIMBO KSA - Head - Viridian Knight (Phys),"HIMBO, physics variant (by analogy)",,ambiguous: HIMBO KSA - Head - Viridian Knight (Phys) 0.90; HIMBO KSA - Head - Viridian Knight 0.40,HIMBO KSA - Head - Viridian Knight (Phys) | HIMBO KSA - Head - Viridian Knight
302,meshes\creationclub\asvsse001\clothes\robeofthelich\1stpersonrobeofthelichf,CBBE 3BA Creation Club - 1st - Robe of the Lich,rule: 3BA/3BBB,CBBE 3BA Creation Club - 1st - Robe of the Lich,CBBE 3BA Creation Club - 1st - Robe of the Lich,3BA/3BBB,CBBE 3BA Creation Club - 1st - Robe of the Lich,match 0.93 (next 0.79),CBBE 3BA Creation Club - 1st - Robe of the Lich | CBBE Creation Club - 1st Person - Robe of the Lich
303,meshes\creationclub\asvsse001\clothes\robeofthelich\robeofthelichf,CBBE 3BA Creation Club - Body - Robe of the Lich,rule: 3BA/3BBB,CBBE 3BA Creation Club - Body - Robe of the Lich,CBBE 3BA Creation Club - Body - Robe of the Lich,3BA/3BBB,CBBE 3BA Creation Club - Body - Robe of the Lich,match 0.96 (next 0.68),CBBE 3BA Creation Club - Body - Robe of the Lich | CBBE Creation Club - Body - Robe of the Lich
304,meshes\creationclub\bgssse051\armor\daedricmail\f\boots,CBBE 3BA Creation Club - Feet - Daedric Mail Boots,rule: 3BA/3BBB,CBBE 3BA Creation Club - Feet - Daedric Mail Boots,CBBE 3BA Creation Club - Feet - Daedric Mail Boots,3BA/3BBB,,ambiguous: CBBE 3BA Creation Club - Feet - Daedric Mail Boots 0.87; CBBE Creation Club - Feet - Daedric Mail Boots 0.60,CBBE 3BA Creation Club - Feet - Daedric Mail Boots | CBBE Creation Club - Feet - Daedric Mail Boots
305,meshes\hmmWorks\Marika_the_Eternal\Hair,[Odd] Queen Marika's Hair CBBE 3BA,default (undecidable),[Odd] Queen Marika's Hair CBBE 3BA,,2 candidates tie (3BA/3BBB),,ambiguous: [Odd] Queen Marika's Hair CBBE 3BA 0.99; [Odd] Queen Marika's Hair (smaller) CBBE 3BA 0.99,[Odd] Queen Marika's Hair CBBE 3BA | [Odd] Queen Marika's Hair (smaller) CBBE 3BA
306,meshes\creationclub\bgssse001\armor\amuletsandrings\crabamuletf,CBBE 3BA Creation Club - Amulet - Crab Amulet,rule: 3BA/3BBB,CBBE 3BA Creation Club - Amulet - Crab Amulet,CBBE 3BA Creation Club - Amulet - Crab Amulet,3BA/3BBB,,ambiguous: CBBE 3BA Creation Club - Amulet - Crab Amulet 0.85; CBBE Creation Club - Amulet - Crabber's Charm 0.69,CBBE 3BA Creation Club - Amulet - Crab Amulet | CBBE Creation Club - Amulet - Crabber's Charm
307,meshes\creationclub\bgssse001\clothes\fishingoutfit\1stpersonfishingclothesf,CBBE 3BA Creation Club - 1st - Fishing,rule: 3BA/3BBB,CBBE 3BA Creation Club - 1st - Fishing,CBBE 3BA Creation Club - 1st - Fishing,3BA/3BBB,CBBE 3BA Creation Club - 1st - Fishing,match 0.93 (next 0.73),CBBE 3BA Creation Club - 1st - Fishing | CBBE Creation Club - 1st Person - Fishing Clothes
308,meshes\creationclub\mtysse002\armor\vigilenforcer\veteran\veterangauntletsf,CBBE 3BA Creation Club - Hands - Vigil Veteran Gauntlets,rule: 3BA/3BBB,CBBE 3BA Creation Club - Hands - Vigil Veteran Gauntlets,CBBE 3BA Creation Club - Hands - Vigil Veteran Gauntlets,3BA/3BBB,,ambiguous: CBBE 3BA Creation Club - Hands - Vigil Veteran Gauntlets 0.96; CBBE Creation Club - Hands - Vigil Veteran Gauntlets 0.92,CBBE 3BA Creation Club - Hands - Vigil Veteran Gauntlets | CBBE Creation Club - Hands - Vigil Veteran Gauntlets
309,meshes\dlc01\armor\falmerheavy\falmerheavycuirassf,3BA Dawnguard - Body - Falmer Heavy,rule: 3BA/3BBB,3BA Dawnguard - Body - Falmer Heavy,3BA Dawnguard - Body - Falmer Heavy,3BA/3BBB,3BA Dawnguard - Body - Falmer Heavy,match 0.96 (next 0.48),3BA Dawnguard - Body - Falmer Heavy | CBBE Dawnguard - Body - Falmer Heavy
310,meshes\creationclub\bgssse001\clothes\fishingoutfit\fishingclothesf,CBBE 3BA Creation Club - Body - Fishing,rule: 3BA/3BBB,CBBE 3BA Creation Club - Body - Fishing,CBBE 3BA Creation Club - Body - Fishing,3BA/3BBB,CBBE 3BA Creation Club - Body - Fishing,match 0.96 (next 0.62),CBBE 3BA Creation Club - Body - Fishing | CBBE Creation Club - Body - Fishing Clothes
311,meshes\creationclub\bgssse001\clothes\fishingoutfit\fishingshoesf,CBBE 3BA Creation Club - Feet - Fishing,rule: 3BA/3BBB,CBBE 3BA Creation Club - Feet - Fishing,CBBE 3BA Creation Club - Feet - Fishing,3BA/3BBB,,ambiguous: CBBE 3BA Creation Club - Feet - Fishing 0.88; CBBE Creation Club - Feet - Fishing Shoes 0.65,CBBE 3BA Creation Club - Feet - Fishing | CBBE Creation Club - Feet - Fishing Shoes
312,meshes\creationclub\bgssse054\armor\orcishplate\orcishplateglovesf,CBBE 3BA Creation Club - Hands - Orcish Plate,rule: 3BA/3BBB,CBBE 3BA Creation Club - Hands - Orcish Plate,CBBE 3BA Creation Club - Hands - Orcish Plate,3BA/3BBB,,ambiguous: CBBE 3BA Creation Club - Hands - Orcish Plate 0.96; CBBE Creation Club - Hands - Orcish Plate Gauntlets 0.92,CBBE 3BA Creation Club - Hands - Orcish Plate | CBBE Creation Club - Hands - Orcish Plate Gauntlets
313,meshes\creationclub\bgssse008\armor\wraithguard\f\gauntlet,CBBE 3BA Creation Club - Hands - Wraith Guard,rule: 3BA/3BBB,CBBE 3BA Creation Club - Hands - Wraith Guard,CBBE 3BA Creation Club - Hands - Wraith Guard,3BA/3BBB,,ambiguous: CBBE 3BA Creation Club - Hands - Wraith Guard 0.96; CBBE Creation Club - Hands - Wraithguard 0.93,CBBE 3BA Creation Club - Hands - Wraith Guard | CBBE Creation Club - Hands - Wraithguard
314,meshes\creationclub\bgssse021\armor\lordsmail\f\1stpersoncuirass,CBBE 3BA Creation Club - 1st - Lord's Mail,rule: 3BA/3BBB,CBBE 3BA Creation Club - 1st - Lord's Mail,CBBE 3BA Creation Club - 1st - Lord's Mail,3BA/3BBB,CBBE 3BA Creation Club - 1st - Lord's Mail,match 0.95 (next 0.66),CBBE 3BA Creation Club - 1st - Lord's Mail | CBBE Creation Club - 1st Person - Lord's Mail
315,meshes\creationclub\edhsse002\armor\splknt\splkntelitetorsof,CBBE 3BA Creation Club - Body - Spell Knight Ebony Armor,rule: 3BA/3BBB,CBBE 3BA Creation Club - Body - Spell Knight Ebony Armor,CBBE 3BA Creation Club - Body - Spell Knight Ebony Armor,3BA/3BBB,CBBE 3BA Creation Club - Body - Spell Knight Ebony Armor,match 0.96 (next 0.70),CBBE 3BA Creation Club - Body - Spell Knight Ebony Armor | CBBE Creation Club - Body - Ebony Spell Knight Armor
316,meshes\creationclub\bgssse021\armor\lordsmail\f\cuirass,CBBE 3BA Creation Club - Body - Lords Mail,rule: 3BA/3BBB,CBBE 3BA Creation Club - Body - Lords Mail,CBBE 3BA Creation Club - Body - Lords Mail,3BA/3BBB,CBBE 3BA Creation Club - Body - Lords Mail,match 0.98 (next 0.53),CBBE 3BA Creation Club - Body - Lords Mail | CBBE Creation Club - Body - Lord's Mail
317,meshes\creationclub\bgssse057\armor\stalhrimarmor\f\armor,CBBE 3BA Creation Club - Body - Stalhrim Fur Armor,rule: 3BA/3BBB,CBBE 3BA Creation Club - Body - Stalhrim Fur Armor,CBBE 3BA Creation Club - Body - Stalhrim Fur Armor,3BA/3BBB,CBBE 3BA Creation Club - Body - Stalhrim Fur Armor,match 0.95 (next 0.82),CBBE 3BA Creation Club - Body - Stalhrim Fur Armor | CBBE Creation Club - Body - Stalhrim Fur Armor
318,meshes\creationclub\bgssse025\armor\amber\1stpersonambercuirassf,CBBE 3BA Creation Club - 1st - Amber,rule: 3BA/3BBB,CBBE 3BA Creation Club - 1st - Amber,CBBE 3BA Creation Club - 1st - Amber,3BA/3BBB,CBBE 3BA Creation Club - 1st - Amber,match 0.93 (next 0.79),CBBE 3BA Creation Club - 1st - Amber | CBBE Creation Club - 1st Person - Amber Cuirass
319,meshes\creationclub\bgssse025\armor\amber\amberbootsf,CBBE 3BA Creation Club - Feet - Amber Boots,rule: 3BA/3BBB,CBBE 3BA Creation Club - Feet - Amber Boots,CBBE 3BA Creation Club - Feet - Amber Boots,3BA/3BBB,,ambiguous: CBBE 3BA Creation Club - Feet - Amber Boots 0.87; CBBE Creation Club - Feet - Amber Boots 0.67,CBBE 3BA Creation Club - Feet - Amber Boots | CBBE Creation Club - Feet - Amber Boots
320,meshes\creationclub\bgssse050\armor\daedricplate\1stpersondaedricplatebodyf,CBBE 3BA Creation Club - 1st - Daedric Plate,rule: 3BA/3BBB,CBBE 3BA Creation Club - 1st - Daedric Plate,CBBE 3BA Creation Club - 1st - Daedric Plate,3BA/3BBB,CBBE 3BA Creation Club - 1st - Daedric Plate,match 0.93 (next 0.82),CBBE 3BA Creation Club - 1st - Daedric Plate | CBBE Creation Club - 1st Person - Daedric Plate
321,meshes\creationclub\bgssse025\armor\amber\ambercuirassf,CBBE 3BA Creation Club - Body - Amber Cuirass,rule: 3BA/3BBB,CBBE 3BA Creation Club - Body - Amber Cuirass,CBBE 3BA Creation Club - Body - Amber Cuirass,3BA/3BBB,CBBE 3BA Creation Club - Body - Amber Cuirass,match 0.95 (next 0.85),CBBE 3BA Creation Club - Body - Amber Cuirass | CBBE Creation Club - Body - Amber Cuirass
322,meshes\creationclub\bgssse025\armor\darkseducer\1stpersondarkseducercuirassf,CBBE 3BA Creation Club - 1st - Dark Seducer,rule: 3BA/3BBB,CBBE 3BA Creation Club - 1st - Dark Seducer,CBBE 3BA Creation Club - 1st - Dark Seducer,3BA/3BBB,CBBE 3BA Creation Club - 1st - Dark Seducer,match 0.94 (next 0.59),CBBE 3BA Creation Club - 1st - Dark Seducer | CBBE Creation Club - 1st Person - Dark Seducer Cuirass
323,meshes\creationclub\bgssse025\armor\darkseducer\darkseducerbootsf,CBBE 3BA Creation Club - Feet - Dark Seducer Boots,rule: 3BA/3BBB,CBBE 3BA Creation Club - Feet - Dark Seducer Boots,CBBE 3BA Creation Club - Feet - Dark Seducer Boots,3BA/3BBB,,ambiguous: CBBE 3BA Creation Club - Feet - Dark Seducer Boots 0.87; CBBE Creation Club - Feet - Dark Seducer Boots 0.60,CBBE 3BA Creation Club - Feet - Dark Seducer Boots | CBBE Creation Club - Feet - Dark Seducer Boots
324,meshes\creationclub\bgssse025\armor\darkseducer\darkseducergauntletsf,CBBE 3BA Creation Club - Hands - Dark Seducer Gauntlets,rule: 3BA/3BBB,CBBE 3BA Creation Club - Hands - Dark Seducer Gauntlets,CBBE 3BA Creation Club - Hands - Dark Seducer Gauntlets,3BA/3BBB,CBBE 3BA Creation Club - Hands - Dark Seducer Gauntlets,match 0.96 (next 0.84),CBBE 3BA Creation Club - Hands - Dark Seducer Gauntlets | CBBE Creation Club - Hands - Dark Seducer Gauntlets
325,meshes\creationclub\bgssse025\armor\goldensaint\goldensaintbootsf,CBBE 3BA Creation Club - Feet -Golden Saint Boots,rule: 3BA/3BBB,CBBE 3BA Creation Club - Feet -Golden Saint Boots,CBBE 3BA Creation Club - Feet -Golden Saint Boots,3BA/3BBB,,ambiguous: CBBE 3BA Creation Club - Feet -Golden Saint Boots 0.87; CBBE Creation Club - Feet - Golden Saint Boots 0.67,CBBE 3BA Creation Club - Feet -Golden Saint Boots | CBBE Creation Club - Feet - Golden Saint Boots
326,meshes\creationclub\bgssse025\armor\goldensaint\goldensaintcuirassf,CBBE 3BA Creation Club - Body - Golden Saint Cuirass,rule: 3BA/3BBB,CBBE 3BA Creation Club - Body - Golden Saint Cuirass,CBBE 3BA Creation Club - Body - Golden Saint Cuirass,3BA/3BBB,CBBE 3BA Creation Club - Body - Golden Saint Cuirass,match 0.97 (next 0.49),CBBE 3BA Creation Club - Body - Golden Saint Cuirass | CBBE Creation Club - Body - Golden Saint Cuirass
327,meshes\creationclub\bgssse025\armor\goldensaint\goldensaintgauntletsf,CBBE 3BA Creation Club - Hands - Golden Saint Gauntlets,rule: 3BA/3BBB,CBBE 3BA Creation Club - Hands - Golden Saint Gauntlets,CBBE 3BA Creation Club - Hands - Golden Saint Gauntlets,3BA/3BBB,CBBE 3BA Creation Club - Hands - Golden Saint Gauntlets,match 0.96 (next 0.88),CBBE 3BA Creation Club - Hands - Golden Saint Gauntlets | CBBE Creation Club - Hands - Golden Saint Gauntlets
328,meshes\creationclub\bgssse025\armor\madness\madnessgauntletsf,CBBE 3BA Creation Club - Hands - Madness Gauntlets,rule: 3BA/3BBB,CBBE 3BA Creation Club - Hands - Madness Gauntlets,CBBE 3BA Creation Club - Hands - Madness Gauntlets,3BA/3BBB,CBBE 3BA Creation Club - Hands - Madness Gauntlets,match 0.96 (next 0.90),CBBE 3BA Creation Club - Hands - Madness Gauntlets | CBBE Creation Club - Hands - Madness Gauntlets
329,meshes\creationclub\bgssse031\clothes\cyrus\1stpersoncyrusclothesbodyf,CBBE 3BA Creation Club - 1st - Cyrus Clothes,rule: 3BA/3BBB,CBBE 3BA Creation Club - 1st - Cyrus Clothes,CBBE 3BA Creation Club - 1st - Cyrus Clothes,3BA/3BBB,CBBE 3BA Creation Club - 1st - Cyrus Clothes,match 0.94 (next 0.67),CBBE 3BA Creation Club - 1st - Cyrus Clothes | CBBE Creation Club - 1st Person - Cyrus' Clothes
330,meshes\creationclub\ffbsse001\armor\stormbear\stormbeararmorf,CBBE 3BA Creation Club - Body - Stormbear Armor,rule: 3BA/3BBB,CBBE 3BA Creation Club - Body - Stormbear Armor,CBBE 3BA Creation Club - Body - Stormbear Armor,3BA/3BBB,CBBE 3BA Creation Club - Body - Stormbear Armor,match 0.94 (next 0.81),CBBE 3BA Creation Club - Body - Stormbear Armor | CBBE Creation Club - Body - Storm-Bear Armor
331,meshes\creationclub\bgssse031\clothes\cyrus\cyrusclothesbodyf,CBBE 3BA Creation Club - Body - Cyrus Clothes,rule: 3BA/3BBB,CBBE 3BA Creation Club - Body - Cyrus Clothes,CBBE 3BA Creation Club - Body - Cyrus Clothes,3BA/3BBB,CBBE 3BA Creation Club - Body - Cyrus Clothes,match 0.97 (next 0.57),CBBE 3BA Creation Club - Body - Cyrus Clothes | CBBE Creation Club - Body - Cyrus' Clothes
332,meshes\creationclub\bgssse031\clothes\pirate\1stpersonpiratecaptainbodyf,CBBE 3BA Creation Club - 1st - Pirate Captain,rule: 3BA/3BBB,CBBE 3BA Creation Club - 1st - Pirate Captain,CBBE 3BA Creation Club - 1st - Pirate Captain,3BA/3BBB,CBBE 3BA Creation Club - 1st - Pirate Captain,match 0.94 (next 0.73),CBBE 3BA Creation Club - 1st - Pirate Captain | CBBE Creation Club - 1st Person - Captain Clothes
333,meshes\creationclub\bgssse031\clothes\pirate\pirateboatswainshoesf,CBBE 3BA Creation Club - Feet - Pirate Boatswain Shoes,rule: 3BA/3BBB,CBBE 3BA Creation Club - Feet - Pirate Boatswain Shoes,CBBE 3BA Creation Club - Feet - Pirate Boatswain Shoes,3BA/3BBB,,ambiguous: CBBE Creation Club - Feet - Boatswain Shoes 0.90; CBBE 3BA Creation Club - Feet - Pirate Boatswain Shoes 0.90,CBBE 3BA Creation Club - Feet - Pirate Boatswain Shoes | CBBE Creation Club - Feet - Boatswain Shoes
334,meshes\creationclub\bgssse031\clothes\pirate\piratecaptainbodyf,CBBE 3BA Creation Club - Body - Pirate Captain Body,rule: 3BA/3BBB,CBBE 3BA Creation Club - Body - Pirate Captain Body,CBBE 3BA Creation Club - Body - Pirate Captain Body,3BA/3BBB,CBBE 3BA Creation Club - Body - Pirate Captain Body,match 0.97 (next 0.58),CBBE 3BA Creation Club - Body - Pirate Captain Body | CBBE Creation Club - Body - Captain Clothes
335,meshes\creationclub\bgssse031\clothes\pirate\piratecaptainbootsf,CBBE 3BA Creation Club - Feet - Pirate Captain Boots,rule: 3BA/3BBB,CBBE 3BA Creation Club - Feet - Pirate Captain Boots,CBBE 3BA Creation Club - Feet - Pirate Captain Boots,3BA/3BBB,,ambiguous: CBBE 3BA Creation Club - Feet - Pirate Captain Boots 0.88; CBBE Creation Club - Feet - Captain Boots 0.76,CBBE 3BA Creation Club - Feet - Pirate Captain Boots | CBBE Creation Club - Feet - Captain Boots
336,meshes\creationclub\bgssse031\clothes\pirate\piratescrubbodyf,CBBE 3BA Creation Club - Body - Pirate Scrub Body,rule: 3BA/3BBB,CBBE 3BA Creation Club - Body - Pirate Scrub Body,CBBE 3BA Creation Club - Body - Pirate Scrub Body,3BA/3BBB,CBBE 3BA Creation Club - Body - Pirate Scrub Body,match 0.97 (next 0.53),CBBE 3BA Creation Club - Body - Pirate Scrub Body | CBBE Creation Club - Body - Scrub Clothes
337,meshes\furexarot\KE\f\cuirass2beast,Chevalier CBBE 3BA - Cuirass Surcoat Beast No Physics,nolvus (same as default),Chevalier CBBE 3BA - Cuirass Surcoat Beast No Physics,Chevalier CBBE 3BA - Cuirass Surcoat Beast,"3BA/3BBB, physics variant (by analogy)",Chevalier CBBE 3BA - Cuirass Surcoat Beast No Physics,match 0.99 (next 0.74),Chevalier CBBE 3BA - Cuirass Surcoat Beast No Physics | Chevalier CBBE 3BA - Cuirass Surcoat Beast
338,meshes\creationclub\bgssse041\armor\netchleather\female\1stpersonnetchleathercuirass_f,CBBE 3BA Creation Club - 1st - Netch Leather,rule: 3BA/3BBB,CBBE 3BA Creation Club - 1st - Netch Leather,CBBE 3BA Creation Club - 1st - Netch Leather,3BA/3BBB,CBBE 3BA Creation Club - 1st - Netch Leather,match 0.94 (next 0.67),CBBE 3BA Creation Club - 1st - Netch Leather | CBBE Creation Club - 1st Person - Netch Leather Armour
339,meshes\creationclub\bgssse041\armor\netchleather\female\1stpersonnetchleathergauntlets_f,CBBE 3BA Creation Club - 1st - Netch Leather Gauntlets,rule: 3BA/3BBB,CBBE 3BA Creation Club - 1st - Netch Leather Gauntlets,CBBE 3BA Creation Club - 1st - Netch Leather Gauntlets,3BA/3BBB,,ambiguous: CBBE 3BA Creation Club - 1st - Netch Leather Gauntlets 0.96; CBBE Creation Club - 1st Person - Netch Leather Gauntlets 0.92,CBBE 3BA Creation Club - 1st - Netch Leather Gauntlets | CBBE Creation Club - 1st Person - Netch Leather Gauntlets
340,meshes\creationclub\bgssse054\armor\orcishplate\orcishplatebootsf,CBBE 3BA Creation Club - Feet - Orcish Plate,rule: 3BA/3BBB,CBBE 3BA Creation Club - Feet - Orcish Plate,CBBE 3BA Creation Club - Feet - Orcish Plate,3BA/3BBB,,ambiguous: CBBE 3BA Creation Club - Feet - Orcish Plate 0.88; CBBE Creation Club - Feet - Orcish Plate Boots 0.76,CBBE 3BA Creation Club - Feet - Orcish Plate | CBBE Creation Club - Feet - Orcish Plate Boots
341,meshes\creationclub\bgssse041\armor\netchleather\female\netchleatherboots_f,CBBE 3BA Creation Club - Feet - Netch Leather Boots,rule: 3BA/3BBB,CBBE 3BA Creation Club - Feet - Netch Leather Boots,CBBE 3BA Creation Club - Feet - Netch Leather Boots,3BA/3BBB,,ambiguous: CBBE 3BA Creation Club - Feet - Netch Leather Boots 0.88; CBBE Creation Club - Feet - Netch Leather Boots 0.76,CBBE 3BA Creation Club - Feet - Netch Leather Boots | CBBE Creation Club - Feet - Netch Leather Boots
342,meshes\creationclub\bgssse041\armor\netchleather\female\netchleathercuirass_f,CBBE 3BA Creation Club - Body - Netch Leather Cuirass,rule: 3BA/3BBB,CBBE 3BA Creation Club - Body - Netch Leather Cuirass,CBBE 3BA Creation Club - Body - Netch Leather Cuirass,3BA/3BBB,CBBE 3BA Creation Club - Body - Netch Leather Cuirass,match 0.97 (next 0.58),CBBE 3BA Creation Club - Body - Netch Leather Cuirass | CBBE Creation Club - Body - Netch Leather Armour
343,meshes\creationclub\bgssse041\armor\netchleather\female\netchleathercuirassboiled_f,CBBE 3BA Creation Club - Body - Netch Leather Cuirass Boiled,rule: 3BA/3BBB,CBBE 3BA Creation Club - Body - Netch Leather Cuirass Boiled,CBBE 3BA Creation Club - Body - Netch Leather Cuirass Boiled,3BA/3BBB,CBBE 3BA Creation Club - Body - Netch Leather Cuirass Boiled,match 0.97 (next 0.56),CBBE 3BA Creation Club - Body - Netch Leather Cuirass Boiled | CBBE Creation Club - Body - Boiled Netch Leather Armour
344,meshes\creationclub\bgssse051\armor\daedricmail\f\armor,CBBE 3BA Creation Club - Body - Daedric Mail Armor,rule: 3BA/3BBB,CBBE 3BA Creation Club - Body - Daedric Mail Armor,CBBE 3BA Creation Club - Body - Daedric Mail Armor,3BA/3BBB,CBBE 3BA Creation Club - Body - Daedric Mail Armor,match 0.97 (next 0.60),CBBE 3BA Creation Club - Body - Daedric Mail Armor | CBBE Creation Club - Body - Daedric Mail Armor
345,meshes\creationclub\bgssse051\armor\daedricmail\f\gauntlets,CBBE 3BA Creation Club - Hands - Daedric Mail Gauntlets,rule: 3BA/3BBB,CBBE 3BA Creation Club - Hands - Daedric Mail Gauntlets,CBBE 3BA Creation Club - Hands - Daedric Mail Gauntlets,3BA/3BBB,CBBE 3BA Creation Club - Hands - Daedric Mail Gauntlets,match 0.96 (next 0.87),CBBE 3BA Creation Club - Hands - Daedric Mail Gauntlets | CBBE Creation Club - Hands - Daedric Mail Gauntlets
346,meshes\creationclub\ffbsse001\armor\imperialdragon\imperialdragonbootsf,CBBE 3BA Creation Club - Feet- Imperial Dragon Boots,rule: 3BA/3BBB,CBBE 3BA Creation Club - Feet- Imperial Dragon Boots,CBBE 3BA Creation Club - Feet- Imperial Dragon Boots,3BA/3BBB,,ambiguous: CBBE 3BA Creation Club - Feet- Imperial Dragon Boots 0.89; CBBE Creation Club - Feet - Imperial Dragon Boots 0.79,CBBE 3BA Creation Club - Feet- Imperial Dragon Boots | CBBE Creation Club - Feet - Imperial Dragon Boots
347,meshes\creationclub\ffbsse001\armor\stormbear\stormbearbootsf,CBBE 3BA Creation Club - Feet - Stormbear Boots,rule: 3BA/3BBB,CBBE 3BA Creation Club - Feet - Stormbear Boots,CBBE 3BA Creation Club - Feet - Stormbear Boots,3BA/3BBB,,ambiguous: CBBE Creation Club - Feet - Storm-Bear Boots 0.86; CBBE 3BA Creation Club - Feet - Stormbear Boots 0.86,CBBE 3BA Creation Club - Feet - Stormbear Boots | CBBE Creation Club - Feet - Storm-Bear Boots
348,meshes\creationclub\bgssse052\armor\iron\ironbootsf,CBBE 3BA Creation Club - Feet - Iron,rule: 3BA/3BBB,CBBE 3BA Creation Club - Feet - Iron,CBBE 3BA Creation Club - Feet - Iron,3BA/3BBB,,ambiguous: CBBE 3BA Creation Club - Feet - Iron 0.88; CBBE Creation Club - Feet - Iron Plate Boots 0.65,CBBE 3BA Creation Club - Feet - Iron | CBBE Creation Club - Feet - Iron Plate Boots
349,meshes\creationclub\bgssse053\armor\leather\1stpersonleatherglovesbeastf,CBBE 3BA Creation Club - 1st - Leather Gloves (Beast),rule: 3BA/3BBB,CBBE 3BA Creation Club - 1st - Leather Gloves (Beast),CBBE 3BA Creation Club - 1st - Leather Gloves (Beast),3BA/3BBB,CBBE 3BA Creation Club - 1st - Leather Gloves (Beast),match 0.96 (next 0.85),CBBE 3BA Creation Club - 1st - Leather Gloves (Beast) | CBBE Creation Club - 1st Person - Leather Scout Gloves (Beast)
350,meshes\Soul hunter\F\Soul Hunter Cloak Desirae,Soul Hunter Cloak Desirae NO-SMP,default (undecidable),Soul Hunter Cloak Desirae NO-SMP,Soul Hunter Cloak Desirae SMP,"no body keyword, physics variant (by analogy)",,ambiguous: Soul Hunter Cloak Desirae NO-SMP 1.00; Soul Hunter Cloak Desirae SMP 0.99,Soul Hunter Cloak Desirae NO-SMP | Soul Hunter Cloak Desirae SMP
351,meshes\creationclub\bgssse053\armor\leather\leatherbootsf,CBBE 3BA Creation Club - Feet - Leather,rule: 3BA/3BBB,CBBE 3BA Creation Club - Feet - Leather,CBBE 3BA Creation Club - Feet - Leather,3BA/3BBB,,ambiguous: CBBE 3BA Creation Club - Feet - Leather 0.87; CBBE Creation Club - Feet - Leather Scout Boots 0.73,CBBE 3BA Creation Club - Feet - Leather | CBBE Creation Club - Feet - Leather Scout Boots
352,meshes\creationclub\vsvsse003\armor\necrorobesrunesf,CBBE 3BA Creation Club - Body - Necromancer Runes,rule: 3BA/3BBB,CBBE 3BA Creation Club - Body - Necromancer Runes,CBBE 3BA Creation Club - Body - Necromancer Runes,3BA/3BBB,CBBE 3BA Creation Club - Body - Necromancer Runes,match 0.97 (next 0.76),CBBE 3BA Creation Club - Body - Necromancer Runes | CBBE Creation Club - Body - Runic Necromancer Robes
353,meshes\creationclub\bgssse053\armor\leather\leatherglovesbeastf,CBBE 3BA Creation Club - Hands - Leather (Beast),rule: 3BA/3BBB,CBBE 3BA Creation Club - Hands - Leather (Beast),CBBE 3BA Creation Club - Hands - Leather (Beast),3BA/3BBB,CBBE 3BA Creation Club - Hands - Leather (Beast),match 0.96 (next 0.87),CBBE 3BA Creation Club - Hands - Leather (Beast) | CBBE Creation Club - Hands - Leather Scout Gloves (Beast)
354,meshes\creationclub\bgssse053\armor\leather\leatherglovesf,CBBE 3BA Creation Club - Hands - Leather,rule: 3BA/3BBB,CBBE 3BA Creation Club - Hands - Leather,CBBE 3BA Creation Club - Hands - Leather,3BA/3BBB,CBBE 3BA Creation Club - Hands - Leather,match 0.96 (next 0.85),CBBE 3BA Creation Club - Hands - Leather | CBBE Creation Club - Hands - Leather Scout Gloves
355,meshes\creationclub\bgssse054\armor\orcishplate\orcishplatetorsof,CBBE 3BA Creation Club - Body - Orcish Plate,rule: 3BA/3BBB,CBBE 3BA Creation Club - Body - Orcish Plate,CBBE 3BA Creation Club - Body - Orcish Plate,3BA/3BBB,CBBE 3BA Creation Club - Body - Orcish Plate,match 0.96 (next 0.68),CBBE 3BA Creation Club - Body - Orcish Plate | CBBE Creation Club - Body - Orcish Plate Armor
356,meshes\creationclub\bgssse053\armor\leather\leathertorsof,CBBE 3BA Creation Club - Body - Leather,rule: 3BA/3BBB,CBBE 3BA Creation Club - Body - Leather,CBBE 3BA Creation Club - Body - Leather,3BA/3BBB,CBBE 3BA Creation Club - Body - Leather,match 0.96 (next 0.65),CBBE 3BA Creation Club - Body - Leather | CBBE Creation Club - Body - Leather Scout Armor
357,meshes\creationclub\bgssse055\armor\orcishscale\1stpersonorcishscaletorsof,CBBE 3BA Creation Club - 1st - Orcish Scale,rule: 3BA/3BBB,CBBE 3BA Creation Club - 1st - Orcish Scale,CBBE 3BA Creation Club - 1st - Orcish Scale,3BA/3BBB,CBBE 3BA Creation Club - 1st - Orcish Scale,match 0.93 (next 0.67),CBBE 3BA Creation Club - 1st - Orcish Scale | CBBE Creation Club - 1st Person - Orcish Scale Armor
358,meshes\creationclub\bgssse055\armor\orcishscale\orcishscalebootsf,CBBE 3BA Creation Club - Feet - Orcish Scale,rule: 3BA/3BBB,CBBE 3BA Creation Club - Feet - Orcish Scale,CBBE 3BA Creation Club - Feet - Orcish Scale,3BA/3BBB,,ambiguous: CBBE 3BA Creation Club - Feet - Orcish Scale 0.89; CBBE Creation Club - Feet - Orcish Scale Boots 0.78,CBBE 3BA Creation Club - Feet - Orcish Scale | CBBE Creation Club - Feet - Orcish Scale Boots
359,meshes\creationclub\bgssse055\armor\orcishscale\orcishscaleglovesf,CBBE 3BA Creation Club - Hands - Orcish Scale,rule: 3BA/3BBB,CBBE 3BA Creation Club - Hands - Orcish Scale,CBBE 3BA Creation Club - Hands - Orcish Scale,3BA/3BBB,,ambiguous: CBBE 3BA Creation Club - Hands - Orcish Scale 0.96; CBBE Creation Club - Hands - Orcish Scale Gauntlets 0.93,CBBE 3BA Creation Club - Hands - Orcish Scale | CBBE Creation Club - Hands - Orcish Scale Gauntlets
360,meshes\creationclub\bgssse058\armor\steel\1stpersonsteelbodyf,CBBE 3BA Creation Club - 1st - Steel Soldier,rule: 3BA/3BBB,CBBE 3BA Creation Club - 1st - Steel Soldier,CBBE 3BA Creation Club - 1st - Steel Soldier,3BA/3BBB,CBBE 3BA Creation Club - 1st - Steel Soldier,match 0.93 (next 0.82),CBBE 3BA Creation Club - 1st - Steel Soldier | CBBE Creation Club - 1st Person - Steel Soldier Armor
361,meshes\creationclub\bgssse055\armor\orcishscale\orcishscaletorsof,CBBE 3BA Creation Club - Body - Orcish Scale,rule: 3BA/3BBB,CBBE 3BA Creation Club - Body - Orcish Scale,CBBE 3BA Creation Club - Body - Orcish Scale,3BA/3BBB,CBBE 3BA Creation Club - Body - Orcish Scale,match 0.95 (next 0.72),CBBE 3BA Creation Club - Body - Orcish Scale | CBBE Creation Club - Body - Orcish Scale Armor
362,meshes\creationclub\bgssse056\armor\silver\1stpersonsilverbodyf,CBBE 3BA Creation Club - 1st - Silver,rule: 3BA/3BBB,CBBE 3BA Creation Club - 1st - Silver,CBBE 3BA Creation Club - 1st - Silver,3BA/3BBB,CBBE 3BA Creation Club - 1st - Silver,match 0.92 (next 0.76),CBBE 3BA Creation Club - 1st - Silver | CBBE Creation Club - 1st Person - Silver Armor
363,meshes\creationclub\bgssse056\armor\silver\silverbodybeastf,CBBE 3BA Creation Club - Body - Silver (Beast),rule: 3BA/3BBB,CBBE 3BA Creation Club - Body - Silver (Beast),CBBE 3BA Creation Club - Body - Silver (Beast),3BA/3BBB,CBBE 3BA Creation Club - Body - Silver (Beast),match 0.95 (next 0.66),CBBE 3BA Creation Club - Body - Silver (Beast) | CBBE Creation Club - Body - Silver Armor (Beast)
364,meshes\creationclub\cbhsse001\orcish\gauntletsf,CBBE 3BA Creation Club - Hands - Unarmed Orcish,rule: 3BA/3BBB,CBBE 3BA Creation Club - Hands - Unarmed Orcish,CBBE 3BA Creation Club - Hands - Unarmed Orcish,3BA/3BBB,,ambiguous: CBBE 3BA Creation Club - Hands - Unarmed Orcish 0.98; CBBE Creation Club - Hands - Brawler's Orcish Gauntlets 0.96,CBBE 3BA Creation Club - Hands - Unarmed Orcish | CBBE Creation Club - Hands - Brawler's Orcish Gauntlets
365,meshes\creationclub\bgssse056\armor\silver\silverbootsf,CBBE 3BA Creation Club - Feet - Silver,rule: 3BA/3BBB,CBBE 3BA Creation Club - Feet - Silver,CBBE 3BA Creation Club - Feet - Silver,3BA/3BBB,,ambiguous: CBBE 3BA Creation Club - Feet - Silver 0.88; CBBE Creation Club - Feet - Silver Boots 0.76,CBBE 3BA Creation Club - Feet - Silver | CBBE Creation Club - Feet - Silver Boots
366,meshes\creationclub\bgssse057\armor\stalhrimarmor\f\boots,CBBE 3BA Creation Club - Feet - Stalhrim Fur Boots,rule: 3BA/3BBB,CBBE 3BA Creation Club - Feet - Stalhrim Fur Boots,CBBE 3BA Creation Club - Feet - Stalhrim Fur Boots,3BA/3BBB,,ambiguous: CBBE 3BA Creation Club - Feet - Stalhrim Fur Boots 0.89; CBBE Creation Club - Feet - Stalhrim Fur Boots 0.67,CBBE 3BA Creation Club - Feet - Stalhrim Fur Boots | CBBE Creation Club - Feet - Stalhrim Fur Boots
367,meshes\creationclub\bgssse057\armor\stalhrimarmor\f\gauntlets,CBBE 3BA Creation Club - Hands - Stalhrim Fur Gauntlets,rule: 3BA/3BBB,CBBE 3BA Creation Club - Hands - Stalhrim Fur Gauntlets,CBBE 3BA Creation Club - Hands - Stalhrim Fur Gauntlets,3BA/3BBB,CBBE 3BA Creation Club - Hands - Stalhrim Fur Gauntlets,match 0.96 (next 0.90),CBBE 3BA Creation Club - Hands - Stalhrim Fur Gauntlets | CBBE Creation Club - Hands - Stalhrim Fur Gauntlets
368,meshes\creationclub\mtysse002\armor\vigilenforcer\veteran\veteranbootsf,CBBE 3BA Creation Club - Feet - Vigil Veteran Boots,rule: 3BA/3BBB,CBBE 3BA Creation Club - Feet - Vigil Veteran Boots,CBBE 3BA Creation Club - Feet - Vigil Veteran Boots,3BA/3BBB,CBBE 3BA Creation Club - Feet - Vigil Veteran Boots,match 0.90 (next 0.80),CBBE 3BA Creation Club - Feet - Vigil Veteran Boots | CBBE Creation Club - Feet - Vigil Veteran Boots
369,meshes\creationclub\bgssse058\armor\steel\1stpersonsteelglovesf,CBBE 3BA Creation Club - 1st - Steel Soldier Gloves,rule: 3BA/3BBB,CBBE 3BA Creation Club - 1st - Steel Soldier Gloves,CBBE 3BA Creation Club - 1st - Steel Soldier Gloves,3BA/3BBB,CBBE 3BA Creation Club - 1st - Steel Soldier Gloves,match 0.97 (next 0.88),CBBE 3BA Creation Club - 1st - Steel Soldier Gloves | CBBE Creation Club - 1st Person - Steel Soldier Gauntlets
370,meshes\creationclub\bgssse058\armor\steel\steelglovesf,CBBE 3BA Creation Club - Hands - Steel Soldier Gloves,rule: 3BA/3BBB,CBBE 3BA Creation Club - Hands - Steel Soldier Gloves,CBBE 3BA Creation Club - Hands - Steel Soldier Gloves,3BA/3BBB,,ambiguous: CBBE 3BA Creation Club - Hands - Steel Soldier Gloves 0.97; CBBE Creation Club - Hands - Steel Soldier Gauntlets 0.93,CBBE 3BA Creation Club - Hands - Steel Soldier Gloves | CBBE Creation Club - Hands - Steel Soldier Gauntlets
371,meshes\creationclub\bgssse059\armor\dragonbonemail\dragonbonemailtorsof,CBBE 3BA Creation Club - Body - Dragonbone Mail,rule: 3BA/3BBB,CBBE 3BA Creation Club - Body - Dragonbone Mail,CBBE 3BA Creation Club - Body - Dragonbone Mail,3BA/3BBB,CBBE 3BA Creation Club - Body - Dragonbone Mail,match 0.97 (next 0.61),CBBE 3BA Creation Club - Body - Dragonbone Mail | CBBE Creation Club - Body - Dragonbone Mail Armor
372,meshes\Kreis\KSA\ksws03\SkirtM,HIMBO KSA - Acc - Wild Witch Skirt (Phys),nolvus (same as default),HIMBO KSA - Acc - Wild Witch Skirt (Phys),HIMBO KSA - Acc - Wild Witch Skirt (Phys),"HIMBO, physics variant (by analogy)",HIMBO KSA - Acc - Wild Witch Skirt (Phys),match 0.99 (next 0.13),HIMBO KSA - Acc - Wild Witch Skirt (Phys) | HIMBO KSA - Acc - Wild Witch Skirt
373,meshes\creationclub\bgssse059\armor\dragonplate\1stpersondragonplatetorsof,CBBE 3BA Creation Club - 1st - Dragon Plate,rule: 3BA/3BBB,CBBE 3BA Creation Club - 1st - Dragon Plate,CBBE 3BA Creation Club - 1st - Dragon Plate,3BA/3BBB,CBBE 3BA Creation Club - 1st - Dragon Plate,match 0.95 (next 0.65),CBBE 3BA Creation Club - 1st - Dragon Plate | CBBE Creation Club - 1st Person - Dragonplate Insulated Cuirass
374,meshes\creationclub\edhsse002\armor\splknt\1stpersonsplkntelitetorsof,CBBE 3BA Creation Club - 1st - Spell Knight Ebony,rule: 3BA/3BBB,CBBE 3BA Creation Club - 1st - Spell Knight Ebony,CBBE 3BA Creation Club - 1st - Spell Knight Ebony,3BA/3BBB,CBBE 3BA Creation Club - 1st - Spell Knight Ebony,match 0.92 (next 0.80),CBBE 3BA Creation Club - 1st - Spell Knight Ebony | CBBE Creation Club - 1st Person - Ebony Spell Knight Armor
375,Meshes\DX\Necromancer\DX_Necromancer_Purple_Amulet,DX Necromancer 3BA Purple Amulet (Physics),nolvus (same as default),DX Necromancer 3BA Purple Amulet (Physics),DX Necromancer 3BA Purple Amulet (Physics),"3BA/3BBB, physics variant (by analogy)",DX Necromancer 3BA Purple Amulet (Physics),match 0.95 (next 0.62),DX Necromancer 3BA Purple Amulet (Physics) | DX Necromancer 3BA Purple Amulet (No Physics)
376,meshes\creationclub\bgssse059\armor\dragonplate\dragonplatebootsf,CBBE 3BA Creation Club - Feet - Dragon Plate,rule: 3BA/3BBB,CBBE 3BA Creation Club - Feet - Dragon Plate,CBBE 3BA Creation Club - Feet - Dragon Plate,3BA/3BBB,,ambiguous: CBBE 3BA Creation Club - Feet - Dragon Plate 0.89; CBBE Creation Club - Feet - Dragonplate Insulated Boots 0.78,CBBE 3BA Creation Club - Feet - Dragon Plate | CBBE Creation Club - Feet - Dragonplate Insulated Boots
377,meshes\creationclub\mtysse002\armor\vigilenforcer\corrupted\1stperson\1stpersoncorruptedcuirassf,CBBE 3BA Creation Club - 1st - Vigil Corrupted,rule: 3BA/3BBB,CBBE 3BA Creation Club - 1st - Vigil Corrupted,CBBE 3BA Creation Club - 1st - Vigil Corrupted,3BA/3BBB,CBBE 3BA Creation Club - 1st - Vigil Corrupted,match 0.92 (next 0.76),CBBE 3BA Creation Club - 1st - Vigil Corrupted | CBBE Creation Club - 1st Person - Vigil Corrupted Armor
378,meshes\creationclub\mtysse002\armor\vigilenforcer\silverhand\1stperson\1stpersonsilverhandcuirassf,CBBE 3BA Creation Club - 1st - Vigil Silver Hand,rule: 3BA/3BBB,CBBE 3BA Creation Club - 1st - Vigil Silver Hand,CBBE 3BA Creation Club - 1st - Vigil Silver Hand,3BA/3BBB,CBBE 3BA Creation Club - 1st - Vigil Silver Hand,match 0.92 (next 0.76),CBBE 3BA Creation Club - 1st - Vigil Silver Hand | CBBE Creation Club - 1st Person - Vigil Silver Hand Armor
379,meshes\creationclub\bgssse059\armor\dragonplate\dragonplateglovesf,CBBE 3BA Creation Club - Hands - Dragon Plate,rule: 3BA/3BBB,CBBE 3BA Creation Club - Hands - Dragon Plate,CBBE 3BA Creation Club - Hands - Dragon Plate,3BA/3BBB,,ambiguous: CBBE 3BA Creation Club - Hands - Dragon Plate 0.96; CBBE Creation Club - Hands - Dragonplate Insulated Gauntlets 0.93,CBBE 3BA Creation Club - Hands - Dragon Plate | CBBE Creation Club - Hands - Dragonplate Insulated Gauntlets
380,meshes\dlc02\clothes\telvanni\telvannibodyf,3BA Dragonborn - Body - Telvanni,rule: 3BA/3BBB,3BA Dragonborn - Body - Telvanni,3BA Dragonborn - Body - Telvanni,3BA/3BBB,3BA Dragonborn - Body - Telvanni,match 0.95 (next 0.87),3BA Dragonborn - Body - Telvanni | CBBE Dragonborn - Body - Telvanni
381,meshes\creationclub\bgssse060\armor\dragonscale\f\dragonscalebody,CBBE 3BA Creation Club - Body - Studded Dragonscale Armor,rule: 3BA/3BBB,CBBE 3BA Creation Club - Body - Studded Dragonscale Armor,CBBE 3BA Creation Club - Body - Studded Dragonscale Armor,3BA/3BBB,CBBE 3BA Creation Club - Body - Studded Dragonscale Armor,match 0.95 (next 0.70),CBBE 3BA Creation Club - Body - Studded Dragonscale Armor | CBBE Creation Club - Body - Studded Dragonscale Armor
382,meshes\creationclub\bgssse060\armor\dragonscale\f\dragonscaleboots,CBBE 3BA Creation Club - Feet - Studded Dragonscale Boots,rule: 3BA/3BBB,CBBE 3BA Creation Club - Feet - Studded Dragonscale Boots,CBBE 3BA Creation Club - Feet - Studded Dragonscale Boots,3BA/3BBB,,ambiguous: CBBE 3BA Creation Club - Feet - Studded Dragonscale Boots 0.88; CBBE Creation Club - Feet - Studded Dragonscale Boots 0.76,CBBE 3BA Creation Club - Feet - Studded Dragonscale Boots | CBBE Creation Club - Feet - Studded Dragonscale Boots
383,meshes\creationclub\pewsse002\chaosnecklace\chaosnecklacef,CBBE 3BA Creation Club - Amulet - Chaos Necklace,rule: 3BA/3BBB,CBBE 3BA Creation Club - Amulet - Chaos Necklace,CBBE 3BA Creation Club - Amulet - Chaos Necklace,3BA/3BBB,,ambiguous: CBBE 3BA Creation Club - Amulet - Chaos Necklace 0.89; CBBE Creation Club - Amulet - Warlock's Mark 0.78,CBBE 3BA Creation Club - Amulet - Chaos Necklace | CBBE Creation Club - Amulet - Warlock's Mark
384,meshes\creationclub\bgssse060\armor\dragonscale\f\dragonscalegauntlets,CBBE 3BA Creation Club - Hands - Studded Dragonscale Gauntlets,rule: 3BA/3BBB,CBBE 3BA Creation Club - Hands - Studded Dragonscale Gauntlets,CBBE 3BA Creation Club - Hands - Studded Dragonscale Gauntlets,3BA/3BBB,CBBE 3BA Creation Club - Hands - Studded Dragonscale Gauntlets,match 0.96 (next 0.88),CBBE 3BA Creation Club - Hands - Studded Dragonscale Gauntlets | CBBE Creation Club - Hands - Studded Dragonscale Gauntlets
385,meshes\dlc02\clothes\miraakrobes\miraakboots_f,CBBE Frankly HD - Feet - Miraak,nolvus (rule said: undecidable),CBBE Dragonborn - Feet - Miraak,,2 candidates tie (CBBE),,ambiguous: CBBE Frankly HD - Feet - Miraak 0.88; CBBE Dragonborn - Feet - Miraak 0.75,CBBE Dragonborn - Feet - Miraak | CBBE Frankly HD - Feet - Miraak
386,meshes\creationclub\bgssse061\armor\dwarvenplate\dwarvenplatebootsf,CBBE 3BA Creation Club - Feet - Dwarven Plate,rule: 3BA/3BBB,CBBE 3BA Creation Club - Feet - Dwarven Plate,CBBE 3BA Creation Club - Feet - Dwarven Plate,3BA/3BBB,,ambiguous: CBBE 3BA Creation Club - Feet - Dwarven Plate 0.87; CBBE Creation Club - Feet - Dwarven Plate Boots 0.73,CBBE 3BA Creation Club - Feet - Dwarven Plate | CBBE Creation Club - Feet - Dwarven Plate Boots
387,meshes\creationclub\bgssse062\armor\dwarvenmail\f\1stpersonarmor,CBBE 3BA Creation Club - 1st - Dwarven Mail,rule: 3BA/3BBB,CBBE 3BA Creation Club - 1st - Dwarven Mail,CBBE 3BA Creation Club - 1st - Dwarven Mail,3BA/3BBB,CBBE 3BA Creation Club - 1st - Dwarven Mail,match 0.92 (next 0.77),CBBE 3BA Creation Club - 1st - Dwarven Mail | CBBE Creation Club - 1st Person - Dwarven Mail Armor
388,meshes\creationclub\bgssse062\armor\dwarvenmail\f\armor,CBBE 3BA Creation Club - Body - Dwarven Mail Armor,rule: 3BA/3BBB,CBBE 3BA Creation Club - Body - Dwarven Mail Armor,CBBE 3BA Creation Club - Body - Dwarven Mail Armor,3BA/3BBB,CBBE 3BA Creation Club - Body - Dwarven Mail Armor,match 0.95 (next 0.81),CBBE 3BA Creation Club - Body - Dwarven Mail Armor | CBBE Creation Club - Body - Dwarven Mail Armor
389,meshes\furexarot\KE\m\cuirass3,Chevalier HIMBO - Cuirass Plate,nolvus (same as default),Chevalier HIMBO - Cuirass Plate,Chevalier HIMBO - Cuirass Plate,"HIMBO, physics variant (by analogy)",Chevalier HIMBO - Cuirass Plate,match 0.99 (next 0.73),Chevalier HIMBO - Cuirass Plate | Chevalier HIMBO - Cuirass Plate No Physics
390,meshes\creationclub\bgssse062\armor\dwarvenmail\f\boots,CBBE 3BA Creation Club - Feet - Dwarven Mail Boots,rule: 3BA/3BBB,CBBE 3BA Creation Club - Feet - Dwarven Mail Boots,CBBE 3BA Creation Club - Feet - Dwarven Mail Boots,3BA/3BBB,,ambiguous: CBBE 3BA Creation Club - Feet - Dwarven Mail Boots 0.88; CBBE Creation Club - Feet - Dwarven Mail Boots 0.76,CBBE 3BA Creation Club - Feet - Dwarven Mail Boots | CBBE Creation Club - Feet - Dwarven Mail Boots
391,meshes\creationclub\mtysse002\armor\vigilenforcer\veteran\veterancuirassf,CBBE 3BA Creation Club - Body - Vigil Veteran Armor,rule: 3BA/3BBB,CBBE 3BA Creation Club - Body - Vigil Veteran Armor,CBBE 3BA Creation Club - Body - Vigil Veteran Armor,3BA/3BBB,CBBE 3BA Creation Club - Body - Vigil Veteran Armor,match 0.95 (next 0.74),CBBE 3BA Creation Club - Body - Vigil Veteran Armor | CBBE Creation Club - Body - Vigil Veteran Armor
392,meshes\creationclub\bgssse063\armor\ebony\1stpersonebonybodyf,CBBE 3BA Creation Club - 1st - Ebony Plate,rule: 3BA/3BBB,CBBE 3BA Creation Club - 1st - Ebony Plate,CBBE 3BA Creation Club - 1st - Ebony Plate,3BA/3BBB,CBBE 3BA Creation Club - 1st - Ebony Plate,match 0.92 (next 0.81),CBBE 3BA Creation Club - 1st - Ebony Plate | CBBE Creation Club - 1st Person - Ebony Plate Armor
393,meshes\Kreis\KSA\ksws02\HandsBF,CBBE 3BA KSA - Hands - KSWS02 B,rule: 3BA/3BBB,BHUNP KSA - Hands - KSWS02 B,CBBE 3BA KSA - Hands - KSWS02 B,3BA/3BBB,,ambiguous: CBBE KSA - Hands - KSWS02 B 0.97; CBBE 3BA KSA - Hands - KSWS02 B 0.97; UUNP KSA - Hands - KSWS02 B 0.66,BHUNP KSA - Hands - KSWS02 B | CBBE 3BA KSA - Hands - KSWS02 B | CBBE KSA - Hands - KSWS02 B | UUNP KSA - Hands - KSWS02 B
394,meshes\creationclub\bgssse063\armor\ebony\ebonybodyf,CBBE 3BA Creation Club - Body - Ebony Plate Armor,rule: 3BA/3BBB,CBBE 3BA Creation Club - Body - Ebony Plate Armor,CBBE 3BA Creation Club - Body - Ebony Plate Armor,3BA/3BBB,CBBE 3BA Creation Club - Body - Ebony Plate Armor,match 0.96 (next 0.72),CBBE 3BA Creation Club - Body - Ebony Plate Armor | CBBE Creation Club - Body - Ebony Plate Armor
395,meshes\creationclub\mtysse002\armor\vigilenforcer\veteran\1stperson\1stpersonveterancuirassf,CBBE 3BA Creation Club - 1st - Vigil Veteran,rule: 3BA/3BBB,CBBE 3BA Creation Club - 1st - Vigil Veteran,CBBE 3BA Creation Club - 1st - Vigil Veteran,3BA/3BBB,CBBE 3BA Creation Club - 1st - Vigil Veteran,match 0.92 (next 0.76),CBBE 3BA Creation Club - 1st - Vigil Veteran | CBBE Creation Club - 1st Person - Vigil Veteran Armor
396,meshes\creationclub\bgssse063\armor\ebony\ebonybootsf,CBBE 3BA Creation Club - Feet - Ebony Plate Boots,rule: 3BA/3BBB,CBBE 3BA Creation Club - Feet - Ebony Plate Boots,CBBE 3BA Creation Club - Feet - Ebony Plate Boots,3BA/3BBB,,ambiguous: CBBE 3BA Creation Club - Feet - Ebony Plate Boots 0.87; CBBE Creation Club - Feet - Ebony Plate Boots 0.73,CBBE 3BA Creation Club - Feet - Ebony Plate Boots | CBBE Creation Club - Feet - Ebony Plate Boots
397,meshes\creationclub\bgssse064\armor\elvenmail\f\1stpersonarmor,CBBE 3BA Creation Club - 1st - Elven Hunter,rule: 3BA/3BBB,CBBE 3BA Creation Club - 1st - Elven Hunter,CBBE 3BA Creation Club - 1st - Elven Hunter,3BA/3BBB,CBBE 3BA Creation Club - 1st - Elven Hunter,match 0.92 (next 0.77),CBBE 3BA Creation Club - 1st - Elven Hunter | CBBE Creation Club - 1st Person - Elven Hunter Armor
398,meshes\creationclub\bgssse064\armor\elvenmail\f\armor,CBBE 3BA Creation Club - Body - Elven Hunter Armor,rule: 3BA/3BBB,CBBE 3BA Creation Club - Body - Elven Hunter Armor,CBBE 3BA Creation Club - Body - Elven Hunter Armor,3BA/3BBB,,ambiguous: CBBE 3BA Creation Club - Body - Elven Hunter Armor 0.80; CBBE Creation Club - Body - Elven Hunter Armor 0.72,CBBE 3BA Creation Club - Body - Elven Hunter Armor | CBBE Creation Club - Body - Elven Hunter Armor
399,meshes\Kreis\KSA\ksws02\BodyF,CBBE 3BA KSA - Body - KSWS02 (3BBB Phys),"rule: 3BA/3BBB, physics variant (by analogy)",BHUNP KSA - Body - KSWS02 (3BBB Phys),CBBE 3BA KSA - Body - KSWS02 (3BBB Phys),"3BA/3BBB, physics variant (by analogy)",CBBE 3BA KSA - Body - KSWS02 (3BBB Phys),match 0.98 (next 0.64),BHUNP KSA - Body - KSWS02 (3BBB Phys) | BHUNP KSA - Body - KSWS02 | CBBE 3BA KSA - Body - KSWS02 (3BBB Phys) | CBBE 3BA KSA - Body - KSWS02 | CBBE KSA - Body - KSWS02 | UUNP KSA - Body - KSWS02
400,meshes\creationclub\bgssse064\armor\elvenmail\f\boots,CBBE 3BA Creation Club - Feet - Elven Hunter Boots,rule: 3BA/3BBB,CBBE 3BA Creation Club - Feet - Elven Hunter Boots,CBBE 3BA Creation Club - Feet - Elven Hunter Boots,3BA/3BBB,,ambiguous: CBBE 3BA Creation Club - Feet - Elven Hunter Boots 0.87; CBBE Creation Club - Feet - Elven Hunter Boots 0.60,CBBE 3BA Creation Club - Feet - Elven Hunter Boots | CBBE Creation Club - Feet - Elven Hunter Boots
401,meshes\Kreis\KSA\viridianknight\bodyM,HIMBO KSA - Body - Viridian Knight (Alt),default (undecidable),HIMBO KSA - Body - Viridian Knight (Alt),,3 HIMBO candidates,,ambiguous: HIMBO KSA - Body - Viridian Knight (Alt) 0.97; HIMBO KSA - Body - Viridian Knight 0.96; HIMBO KSA - Body - Viridian Knight (Redux) 0.87,HIMBO KSA - Body - Viridian Knight (Alt) | HIMBO KSA - Body - Viridian Knight (Redux) | HIMBO KSA - Body - Viridian Knight
402,meshes\creationclub\bgssse069\armor\fistsofrandagulf\fistsofrandagulff,CBBE 3BA Creation Club - Hands - Fists of Randagulf,rule: 3BA/3BBB,CBBE 3BA Creation Club - Hands - Fists of Randagulf,CBBE 3BA Creation Club - Hands - Fists of Randagulf,3BA/3BBB,,ambiguous: CBBE 3BA Creation Club - Hands - Fists of Randagulf 0.96; CBBE Creation Club - Hands - Fists of Randagulff 0.92,CBBE 3BA Creation Club - Hands - Fists of Randagulf | CBBE Creation Club - Hands - Fists of Randagulff
403,meshes\creationclub\cbhsse001\daedric\uadaedricf,CBBE 3BA Creation Club - Hands - Unarmed Daedric,rule: 3BA/3BBB,CBBE 3BA Creation Club - Hands - Unarmed Daedric,CBBE 3BA Creation Club - Hands - Unarmed Daedric,3BA/3BBB,,ambiguous: CBBE 3BA Creation Club - Hands - Unarmed Daedric 0.98; CBBE Creation Club - Hands - Brawler's Daedric Gauntlets 0.94,CBBE 3BA Creation Club - Hands - Unarmed Daedric | CBBE Creation Club - Hands - Brawler's Daedric Gauntlets
404,meshes\creationclub\cbhsse001\dragonscale\dragonscaleglovesf,CBBE 3BA Creation Club - Hands - Unarmed Dragonscale,rule: 3BA/3BBB,CBBE 3BA Creation Club - Hands - Unarmed Dragonscale,CBBE 3BA Creation Club - Hands - Unarmed Dragonscale,3BA/3BBB,,ambiguous: CBBE 3BA Creation Club - Hands - Unarmed Dragonscale 0.98; CBBE Creation Club - Hands - Brawler's Dragonscale Gauntlets 0.96,CBBE 3BA Creation Club - Hands - Unarmed Dragonscale | CBBE Creation Club - Hands - Brawler's Dragonscale Gauntlets
405,meshes\creationclub\cbhsse001\dwarven\1stpersondwarvengauntletsf,CBBE 3BA Creation Club - 1st - Unarmed Dwarven,rule: 3BA/3BBB,CBBE 3BA Creation Club - 1st - Unarmed Dwarven,CBBE 3BA Creation Club - 1st - Unarmed Dwarven,3BA/3BBB,,ambiguous: CBBE 3BA Creation Club - 1st - Unarmed Dwarven 0.97; CBBE Creation Club - Hands - Brawler's Dwarven Gauntlets 0.95,CBBE 3BA Creation Club - 1st - Unarmed Dwarven | CBBE Creation Club - Hands - Brawler's Dwarven Gauntlets
406,meshes\creationclub\cbhsse001\ebony\m\gauntletsf,CBBE 3BA Creation Club - Hands - Unarmed Ebony,rule: 3BA/3BBB,CBBE 3BA Creation Club - Hands - Unarmed Ebony,CBBE 3BA Creation Club - Hands - Unarmed Ebony,3BA/3BBB,,ambiguous: CBBE 3BA Creation Club - Hands - Unarmed Ebony 0.98; CBBE Creation Club - Hands - Brawler's Ebony Gauntlets 0.96,CBBE 3BA Creation Club - Hands - Unarmed Ebony | CBBE Creation Club - Hands - Brawler's Ebony Gauntlets
407,meshes\creationclub\cbhsse001\elven\uaelvenf,CBBE 3BA Creation Club - Hands - Unarmed Elven,rule: 3BA/3BBB,CBBE 3BA Creation Club - Hands - Unarmed Elven,CBBE 3BA Creation Club - Hands - Unarmed Elven,3BA/3BBB,,ambiguous: CBBE 3BA Creation Club - Hands - Unarmed Elven 0.98; CBBE Creation Club - Hands - Brawler's Elven Gauntlets 0.96,CBBE 3BA Creation Club - Hands - Unarmed Elven | CBBE Creation Club - Hands - Brawler's Elven Gauntlets
408,meshes\creationclub\cbhsse001\hide\m\gauntletsheavyf,CBBE 3BA Creation Club - Hands - Unarmed Hide Heavy,rule: 3BA/3BBB,CBBE 3BA Creation Club - Hands - Unarmed Hide Heavy,CBBE 3BA Creation Club - Hands - Unarmed Hide Heavy,3BA/3BBB,,ambiguous: CBBE 3BA Creation Club - Hands - Unarmed Hide Heavy 0.98; CBBE Creation Club - Hands - Brawler's Scaled Bracers 0.96,CBBE 3BA Creation Club - Hands - Unarmed Hide Heavy | CBBE Creation Club - Hands - Brawler's Scaled Bracers
409,meshes\creationclub\cbhsse001\iron\uaironf,CBBE 3BA Creation Club - Hands - Unarmed Iron,rule: 3BA/3BBB,CBBE 3BA Creation Club - Hands - Unarmed Iron,CBBE 3BA Creation Club - Hands - Unarmed Iron,3BA/3BBB,,ambiguous: CBBE 3BA Creation Club - Hands - Unarmed Iron 0.98; CBBE Creation Club - Hands - Brawler's Iron Gauntlets 0.96,CBBE 3BA Creation Club - Hands - Unarmed Iron | CBBE Creation Club - Hands - Brawler's Iron Gauntlets
410,meshes\Kreis\KSA\viridianknight\handsF,CBBE 3BA KSA - Hands - Viridian Knight,rule: 3BA/3BBB,BHUNP KSA - Hands - Viridian Knight,CBBE 3BA KSA - Hands - Viridian Knight,3BA/3BBB,,ambiguous: CBBE KSA - Hands - Viridian Knight 0.96; CBBE 3BA KSA - Hands - Viridian Knight 0.96; BHUNP KSA - Hands - Viridian Knight 0.81,BHUNP KSA - Hands - Viridian Knight | CBBE 3BA KSA - Hands - Viridian Knight | CBBE KSA - Hands - Viridian Knight
411,meshes\creationclub\cbhsse001\nordplate\nordgauntletsf,CBBE 3BA Creation Club - Hands - Unarmed Steel Plate,rule: 3BA/3BBB,CBBE 3BA Creation Club - Hands - Unarmed Steel Plate,CBBE 3BA Creation Club - Hands - Unarmed Steel Plate,3BA/3BBB,,ambiguous: CBBE 3BA Creation Club - Hands - Unarmed Steel Plate 0.98; CBBE Creation Club - Hands - Brawler's Steel Plate Gauntlets 0.95,CBBE 3BA Creation Club - Hands - Unarmed Steel Plate | CBBE Creation Club - Hands - Brawler's Steel Plate Gauntlets
412,meshes\creationclub\cbhsse001\steel\uasteelargf,CBBE 3BA Creation Club - Hands - Unarmed Steel (Argonian),rule: 3BA/3BBB,CBBE 3BA Creation Club - Hands - Unarmed Steel (Argonian),CBBE 3BA Creation Club - Hands - Unarmed Steel (Argonian),3BA/3BBB,CBBE 3BA Creation Club - Hands - Unarmed Steel (Argonian),match 0.94 (next 0.57),CBBE 3BA Creation Club - Hands - Unarmed Steel (Argonian) | CBBE Creation Club - Hands - Brawler's Steel Gauntlets (Arg)
413,meshes\creationclub\cbhsse001\steel\uasteelkhaf,CBBE 3BA Creation Club - Hands - Unarmed Steel (Khajiit),rule: 3BA/3BBB,CBBE 3BA Creation Club - Hands - Unarmed Steel (Khajiit),CBBE 3BA Creation Club - Hands - Unarmed Steel (Khajiit),3BA/3BBB,CBBE 3BA Creation Club - Hands - Unarmed Steel (Khajiit),match 0.98 (next 0.86),CBBE 3BA Creation Club - Hands - Unarmed Steel (Khajiit) | CBBE Creation Club - Hands - Brawler's Steel Gauntlets (Kha)
414,meshes\creationclub\cbhsse001\studded\male\glovesf,CBBE 3BA Creation Club - Hands - Unarmed Studded,rule: 3BA/3BBB,CBBE 3BA Creation Club - Hands - Unarmed Studded,CBBE 3BA Creation Club - Hands - Unarmed Studded,3BA/3BBB,,ambiguous: CBBE 3BA Creation Club - Hands - Unarmed Studded 0.98; CBBE Creation Club - Hands - Brawler's Leather Bracers 0.96,CBBE 3BA Creation Club - Hands - Unarmed Studded | CBBE Creation Club - Hands - Brawler's Leather Bracers
415,meshes\creationclub\edhsse001\armor\amuletsandrings\noramuletf,CBBE 3BA Creation Club - Amulet - Nora Amulet,rule: 3BA/3BBB,CBBE 3BA Creation Club - Amulet - Nora Amulet,CBBE 3BA Creation Club - Amulet - Nora Amulet,3BA/3BBB,,ambiguous: CBBE 3BA Creation Club - Amulet - Nora Amulet 0.83; CBBE Creation Club - Amulet - Nordic Amulet 0.67,CBBE 3BA Creation Club - Amulet - Nora Amulet | CBBE Creation Club - Amulet - Nordic Amulet
416,meshes\creationclub\edhsse002\armor\splknt\1stpersonsplkntirontorsof,CBBE 3BA Creation Club - 1st - Spell Knight Iron,rule: 3BA/3BBB,CBBE 3BA Creation Club - 1st - Spell Knight Iron,CBBE 3BA Creation Club - 1st - Spell Knight Iron,3BA/3BBB,CBBE 3BA Creation Club - 1st - Spell Knight Iron,match 0.92 (next 0.80),CBBE 3BA Creation Club - 1st - Spell Knight Iron | CBBE Creation Club - 1st Person - Iron Spell Knight Armor
417,meshes\creationclub\edhsse002\armor\splknt\splkntironbootsf,CBBE 3BA Creation Club - Feet - Spell Knight Iron Boots,rule: 3BA/3BBB,CBBE 3BA Creation Club - Feet - Spell Knight Iron Boots,CBBE 3BA Creation Club - Feet - Spell Knight Iron Boots,3BA/3BBB,,ambiguous: CBBE 3BA Creation Club - Feet - Spell Knight Iron Boots 0.88; CBBE Creation Club - Feet - Iron Spell Knight Boots 0.76,CBBE 3BA Creation Club - Feet - Spell Knight Iron Boots | CBBE Creation Club - Feet - Iron Spell Knight Boots
418,meshes\Kreis\KSA\ksws03\CapeAM,HIMBO KSA - Acc - Wild Witch Cape (Phys),nolvus (same as default),HIMBO KSA - Acc - Wild Witch Cape (Phys),HIMBO KSA - Acc - Wild Witch Cape (Phys),"HIMBO, physics variant (by analogy)",HIMBO KSA - Acc - Wild Witch Cape (Phys),match 0.98 (next 0.15),HIMBO KSA - Acc - Wild Witch Cape (Phys) | HIMBO KSA - Acc - Wild Witch Cape
419,meshes\creationclub\edhsse002\armor\splknt\splkntironglovesf,CBBE 3BA Creation Club - Hands - Spell Knight Iron Gloves,rule: 3BA/3BBB,CBBE 3BA Creation Club - Hands - Spell Knight Iron Gloves,CBBE 3BA Creation Club - Hands - Spell Knight Iron Gloves,3BA/3BBB,CBBE 3BA Creation Club - Hands - Spell Knight Iron Gloves,match 0.96 (next 0.87),CBBE 3BA Creation Club - Hands - Spell Knight Iron Gloves | CBBE Creation Club - Hands - Iron Spell Knight Gauntlets
420,meshes\creationclub\edhsse002\armor\splknt\splkntsteelbootsf,CBBE 3BA Creation Club - Feet - Spell Knight Steel Boots,rule: 3BA/3BBB,CBBE 3BA Creation Club - Feet - Spell Knight Steel Boots,CBBE 3BA Creation Club - Feet - Spell Knight Steel Boots,3BA/3BBB,,ambiguous: CBBE 3BA Creation Club - Feet - Spell Knight Steel Boots 0.88; CBBE Creation Club - Feet - Steel Spell Knight Boots 0.76,CBBE 3BA Creation Club - Feet - Spell Knight Steel Boots | CBBE Creation Club - Feet - Steel Spell Knight Boots
421,meshes\creationclub\edhsse002\armor\splknt\splkntsteeltorsof,CBBE 3BA Creation Club - Body - Spell Knight Steel Armor,rule: 3BA/3BBB,CBBE 3BA Creation Club - Body - Spell Knight Steel Armor,CBBE 3BA Creation Club - Body - Spell Knight Steel Armor,3BA/3BBB,CBBE 3BA Creation Club - Body - Spell Knight Steel Armor,match 0.96 (next 0.70),CBBE 3BA Creation Club - Body - Spell Knight Steel Armor | CBBE Creation Club - Body - Steel Spell Knight Armor
422,meshes\creationclub\edhsse003\armor\redguardelite\1stpersonredguardelitetorsof,CBBE 3BA Creation Club - 1st - Redguard Elite,rule: 3BA/3BBB,CBBE 3BA Creation Club - 1st - Redguard Elite,CBBE 3BA Creation Club - 1st - Redguard Elite,3BA/3BBB,CBBE 3BA Creation Club - 1st - Redguard Elite,match 0.93 (next 0.72),CBBE 3BA Creation Club - 1st - Redguard Elite | CBBE Creation Club - 1st Person - Remnant Armor
423,meshes\creationclub\edhsse003\armor\redguardelite\redguardelitebootsf,CBBE 3BA Creation Club - Feet - Redguard Elite,rule: 3BA/3BBB,CBBE 3BA Creation Club - Feet - Redguard Elite,CBBE 3BA Creation Club - Feet - Redguard Elite,3BA/3BBB,,ambiguous: CBBE 3BA Creation Club - Feet - Redguard Elite 0.88; CBBE Creation Club - Feet - Remnant Boots 0.76,CBBE 3BA Creation Club - Feet - Redguard Elite | CBBE Creation Club - Feet - Remnant Boots
424,meshes\creationclub\edhsse003\armor\redguardelite\redguardeliteglovesf,CBBE 3BA Creation Club - Hands - Redguard Elite,rule: 3BA/3BBB,CBBE 3BA Creation Club - Hands - Redguard Elite,CBBE 3BA Creation Club - Hands - Redguard Elite,3BA/3BBB,,ambiguous: CBBE 3BA Creation Club - Hands - Redguard Elite 0.96; CBBE Creation Club - Hands - Remnant Gloves 0.92,CBBE 3BA Creation Club - Hands - Redguard Elite | CBBE Creation Club - Hands - Remnant Gloves
425,meshes\creationclub\edhsse003\armor\redguardelite\redguardelitetorsof,CBBE 3BA Creation Club - Body - Redguard Elite,rule: 3BA/3BBB,CBBE 3BA Creation Club - Body - Redguard Elite,CBBE 3BA Creation Club - Body - Redguard Elite,3BA/3BBB,CBBE 3BA Creation Club - Body - Redguard Elite,match 0.97 (next 0.63),CBBE 3BA Creation Club - Body - Redguard Elite | CBBE Creation Club - Body - Remnant Armor
426,meshes\creationclub\ffbsse001\armor\imperialdragon\1stpersonimperialdragoncuirassf,CBBE 3BA Creation Club - 1st - Imperial Dragon,rule: 3BA/3BBB,CBBE 3BA Creation Club - 1st - Imperial Dragon,CBBE 3BA Creation Club - 1st - Imperial Dragon,3BA/3BBB,CBBE 3BA Creation Club - 1st - Imperial Dragon,match 0.93 (next 0.57),CBBE 3BA Creation Club - 1st - Imperial Dragon | CBBE Creation Club - 1st Person - Imperial Dragon Armor
427,Meshes\KS Hairdo's\HDT\VirtualHairCollision_2,KS Hairdos SMP - Collision 2 (CBBE),rule: CBBE physics/SMP,KS Hairdos SMP - Collision 2 (BHUNP),KS Hairdos SMP - Collision 2 (CBBE),CBBE physics/SMP,KS Hairdos SMP - Collision 2 (CBBE),match 0.93 (next 0.78),KS Hairdos SMP - Collision 2 (BHUNP) | KS Hairdos SMP - Collision 2 (CBBE) | KS Hairdos SMP - Collision 2 (TBD)
428,meshes\creationclub\ffbsse001\armor\imperialdragon\imperialdragoncuirassf,CBBE 3BA Creation Club - Body - Imperial Dragon Cuirass,rule: 3BA/3BBB,CBBE 3BA Creation Club - Body - Imperial Dragon Cuirass,CBBE 3BA Creation Club - Body - Imperial Dragon Cuirass,3BA/3BBB,CBBE 3BA Creation Club - Body - Imperial Dragon Cuirass,match 0.96 (next 0.86),CBBE 3BA Creation Club - Body - Imperial Dragon Cuirass | CBBE Creation Club - Body - Imperial Dragon Armor
429,meshes\creationclub\ffbsse001\armor\imperialdragon\imperialdragongauntletsf,CBBE 3BA Creation Club - Hands - Imperial Dragon Gauntlets,rule: 3BA/3BBB,CBBE 3BA Creation Club - Hands - Imperial Dragon Gauntlets,CBBE 3BA Creation Club - Hands - Imperial Dragon Gauntlets,3BA/3BBB,,ambiguous: CBBE 3BA Creation Club - Hands - Imperial Dragon Gauntlets 0.96; CBBE Creation Club - Hands - Imperial Dragon Gauntlets 0.92,CBBE 3BA Creation Club - Hands - Imperial Dragon Gauntlets | CBBE Creation Club - Hands - Imperial Dragon Gauntlets
430,meshes\furexarot\KE\m\cuirass3beast,Chevalier HIMBO - Cuirass Plate Beast,nolvus (same as default),Chevalier HIMBO - Cuirass Plate Beast,Chevalier HIMBO - Cuirass Plate Beast,"HIMBO, physics variant (by analogy)",Chevalier HIMBO - Cuirass Plate Beast,match 0.99 (next 0.74),Chevalier HIMBO - Cuirass Plate Beast | Chevalier HIMBO - Cuirass Plate Beast No Physics
431,meshes\creationclub\ffbsse001\armor\stormbear\stormbearglovesf,CBBE 3BA Creation Club - Hands - Stormbear Gloves,rule: 3BA/3BBB,CBBE 3BA Creation Club - Hands - Stormbear Gloves,CBBE 3BA Creation Club - Hands - Stormbear Gloves,3BA/3BBB,CBBE 3BA Creation Club - Hands - Stormbear Gloves,match 0.96 (next 0.87),CBBE 3BA Creation Club - Hands - Stormbear Gloves | CBBE Creation Club - Hands - Storm-Bear Gloves
432,meshes\creationclub\mtysse002\armor\vigilenforcer\corrupted\corruptedarmorf,CBBE 3BA Creation Club - Body - Vigil Corrupted Armor,rule: 3BA/3BBB,CBBE 3BA Creation Club - Body - Vigil Corrupted Armor,CBBE 3BA Creation Club - Body - Vigil Corrupted Armor,3BA/3BBB,CBBE 3BA Creation Club - Body - Vigil Corrupted Armor,match 0.95 (next 0.74),CBBE 3BA Creation Club - Body - Vigil Corrupted Armor | CBBE Creation Club - Body - Vigil Corrupted Armor
433,meshes\creationclub\mtysse002\armor\vigilenforcer\corrupted\corruptedbootsf,CBBE 3BA Creation Club - Feet - Vigil Corrupted Boots,rule: 3BA/3BBB,CBBE 3BA Creation Club - Feet - Vigil Corrupted Boots,CBBE 3BA Creation Club - Feet - Vigil Corrupted Boots,3BA/3BBB,CBBE 3BA Creation Club - Feet - Vigil Corrupted Boots,match 0.91 (next 0.73),CBBE 3BA Creation Club - Feet - Vigil Corrupted Boots | CBBE Creation Club - Feet - Vigil Corrupted Boots
434,meshes\creationclub\mtysse002\armor\vigilenforcer\silverhand\silverhandarmorf,CBBE 3BA Creation Club - Body - Vigil Silver Hand Armor,rule: 3BA/3BBB,CBBE 3BA Creation Club - Body - Vigil Silver Hand Armor,CBBE 3BA Creation Club - Body - Vigil Silver Hand Armor,3BA/3BBB,CBBE 3BA Creation Club - Body - Vigil Silver Hand Armor,match 0.96 (next 0.77),CBBE 3BA Creation Club - Body - Vigil Silver Hand Armor | CBBE Creation Club - Body - Vigil Silver Hand Armor
435,meshes\creationclub\vsvsse001\armor\saturaliaoutfit\coatf,CBBE 3BA Creation Club - Body - Saturalia Clothes,rule: 3BA/3BBB,CBBE 3BA Creation Club - Body - Saturalia Clothes,CBBE 3BA Creation Club - Body - Saturalia Clothes,3BA/3BBB,CBBE 3BA Creation Club - Body - Saturalia Clothes,match 0.96 (next 0.73),CBBE 3BA Creation Club - Body - Saturalia Clothes | CBBE Creation Club - Body - Saturalia Clothes
436,meshes\creationclub\vsvsse001\armor\saturaliaoutfit\glovef,CBBE 3BA Creation Club - Hands - Saturalia Gloves,rule: 3BA/3BBB,CBBE 3BA Creation Club - Hands - Saturalia Gloves,CBBE 3BA Creation Club - Hands - Saturalia Gloves,3BA/3BBB,,ambiguous: CBBE Creation Club - Hands - Saturalia Gloves 0.96; CBBE 3BA Creation Club - Hands - Saturalia Gloves 0.96,CBBE 3BA Creation Club - Hands - Saturalia Gloves | CBBE Creation Club - Hands - Saturalia Gloves
437,meshes\creationclub\vsvsse003\armor\1stpnecrorobesf,CBBE 3BA Creation Club - 1st - Necromancer,rule: 3BA/3BBB,CBBE 3BA Creation Club - 1st - Necromancer,CBBE 3BA Creation Club - 1st - Necromancer,3BA/3BBB,CBBE 3BA Creation Club - 1st - Necromancer,match 0.92 (next 0.68),CBBE 3BA Creation Club - 1st - Necromancer | CBBE Creation Club - 1st Person - Necromancer Robes
438,meshes\creationclub\vsvsse003\armor\necrorobesf,CBBE 3BA Creation Club - Body - Necromancer,rule: 3BA/3BBB,CBBE 3BA Creation Club - Body - Necromancer,CBBE 3BA Creation Club - Body - Necromancer,3BA/3BBB,CBBE 3BA Creation Club - Body - Necromancer,match 0.96 (next 0.65),CBBE 3BA Creation Club - Body - Necromancer | CBBE Creation Club - Body - Necromancer Robes
439,meshes\creationclub\vsvsse003\armor\necrorobesf_alt,CBBE 3BA Creation Club - Body - Necromancer (Alt),rule: 3BA/3BBB,CBBE 3BA Creation Club - Body - Necromancer (Alt),CBBE 3BA Creation Club - Body - Necromancer (Alt),3BA/3BBB,CBBE 3BA Creation Club - Body - Necromancer (Alt),match 0.96 (next 0.65),CBBE 3BA Creation Club - Body - Necromancer (Alt) | CBBE Creation Club - Body - Necromancer Robes Alt
440,Meshes\Cumulative Armor Mashup\Cloak\Ashe's Traveling Cloak,Ashe's Traveling Cloak SMP (3BA),rule: 3BA/3BBB,Ashe's Traveling Cloak SMP (CBBE),Ashe's Traveling Cloak SMP (3BA),3BA/3BBB,,not in Nolvus output,Ashe's Traveling Cloak SMP (CBBE) | Ashe's Traveling Cloak SMP (BHUNP) | Ashe's Traveling Cloak SMP (3BA)
441,Meshes\Cumulative Armor Mashup\F\Cumulative Vest (Adventuring),Cumulative Vest (Adventuring),default (undecidable),Cumulative Vest (Adventuring),Cumulative Vest Physics (Adventuring),"no body keyword, physics variant (by analogy)",,not in Nolvus output,Cumulative Vest (Adventuring) | Cumulative Vest Physics (Adventuring)
442,meshes\dlc02\clothes\darkelf\f\outfit,3BA Dragonborn - Body - Darkelf,rule: 3BA/3BBB,3BA Dragonborn - Body - Darkelf,3BA Dragonborn - Body - Darkelf,3BA/3BBB,3BA Dragonborn - Body - Darkelf,match 0.96 (next 0.65),3BA Dragonborn - Body - Darkelf | CBBE Dragonborn - Body - Darkelf (Physics) | CBBE Dragonborn - Body - Darkelf
443,meshes\Kreis\KSA\ksws03\BodyBM,HIMBO KSA - Body - Wild Witch B (Phys),nolvus (same as default),HIMBO KSA - Body - Wild Witch B (Phys),HIMBO KSA - Body - Wild Witch B (Phys),"HIMBO, physics variant (by analogy)",HIMBO KSA - Body - Wild Witch B (Phys),match 0.98 (next 0.39),HIMBO KSA - Body - Wild Witch B (Phys) | HIMBO KSA - Body - Wild Witch B
444,meshes\dlc01\armor\dawnguard\dawnguardbody1f,3BA Dawnguard - Body - Dawnguard 1,rule: 3BA/3BBB,3BA Dawnguard - Body - Dawnguard 1,3BA Dawnguard - Body - Dawnguard 1,3BA/3BBB,3BA Dawnguard - Body - Dawnguard 1,match 0.95 (next 0.87),3BA Dawnguard - Body - Dawnguard 1 | CBBE Dawnguard - Body - Dawnguard 1
445,meshes\dlc01\armor\dawnguard\dawnguardbody2f,3BA Dawnguard - Body - Dawnguard 2,rule: 3BA/3BBB,3BA Dawnguard - Body - Dawnguard 2,3BA Dawnguard - Body - Dawnguard 2,3BA/3BBB,3BA Dawnguard - Body - Dawnguard 2,match 0.95 (next 0.89),3BA Dawnguard - Body - Dawnguard 2 | CBBE Dawnguard - Body - Dawnguard 2 | CBBE Frankly HD - Body - Dawnguard 2
446,meshes\dlc01\armor\dawnguard\dawnguardbody3f,3BA Dawnguard - Body - Dawnguard 3,rule: 3BA/3BBB,3BA Dawnguard - Body - Dawnguard 3,3BA Dawnguard - Body - Dawnguard 3,3BA/3BBB,3BA Dawnguard - Body - Dawnguard 3,match 0.95 (next 0.86),3BA Dawnguard - Body - Dawnguard 3 | CBBE Dawnguard - Body - Dawnguard 3 | CBBE Frankly HD - Body - Dawnguard 3 | Dawnguard 3 Sleeveless | Dawnguard 3 Sleeveless Physics
447,meshes\dlc01\armor\dawnguard\dawnguardbody4f,3BA Dawnguard - Body - Dawnguard 4,rule: 3BA/3BBB,3BA Dawnguard - Body - Dawnguard 4,3BA Dawnguard - Body - Dawnguard 4,3BA/3BBB,3BA Dawnguard - Body - Dawnguard 4,match 0.95 (next 0.87),3BA Dawnguard - Body - Dawnguard 4 | CBBE Dawnguard - Body - Dawnguard 4
448,meshes\dlc01\armor\ivory\f\cuirassivory,3BA Dawnguard - Body - Ivory,rule: 3BA/3BBB,3BA Dawnguard - Body - Ivory,3BA Dawnguard - Body - Ivory,3BA/3BBB,3BA Dawnguard - Body - Ivory,match 0.94 (next 0.61),3BA Dawnguard - Body - Ivory | CBBE Dawnguard - Body - Ivory
449,meshes\dlc01\clothes\vampire\vampirerobesf,3BA Dawnguard - Body - Vamp Robes,rule: 3BA/3BBB,3BA Dawnguard - Body - Vamp Robes,3BA Dawnguard - Body - Vamp Robes,3BA/3BBB,3BA Dawnguard - Body - Vamp Robes,match 0.95 (next 0.58),3BA Dawnguard - Body - Vamp Robes | CBBE Dawnguard - Body - Vampire Royal Robes (Physics) | CBBE Dawnguard - Body - Vampire Royal Robes
450,meshes\Soul hunter\F\Soul Hunter Cloak Runaway,Soul Hunter Cloak Runaway NO-SMP,default (undecidable),Soul Hunter Cloak Runaway NO-SMP,Soul Hunter Cloak Runaway SMP,"no body keyword, physics variant (by analogy)",,ambiguous: Soul Hunter Cloak Runaway NO-SMP 1.00; Soul Hunter Cloak Runaway SMP 0.99,Soul Hunter Cloak Runaway NO-SMP | Soul Hunter Cloak Runaway SMP
451,meshes\dlc01\clothes\vampire\vampirerobesf_alt,3BA Dawnguard - Body - Vamp Robes Alt,rule: 3BA/3BBB,3BA Dawnguard - Body - Vamp Robes Alt,3BA Dawnguard - Body - Vamp Robes Alt,3BA/3BBB,3BA Dawnguard - Body - Vamp Robes Alt,match 0.94 (next 0.60),3BA Dawnguard - Body - Vamp Robes Alt | CBBE Dawnguard - Body - Vampire Armor (Physics) | CBBE Dawnguard - Body - Vampire Armor
452,meshes\dlc02\armor\bonemold\f\bonemoldcuirasslight,3BA Dragonborn - Body - Bonemold Light,rule: 3BA/3BBB,3BA Dragonborn - Body - Bonemold Light,3BA Dragonborn - Body - Bonemold Light,3BA/3BBB,3BA Dragonborn - Body - Bonemold Light,match 0.96 (next 0.87),3BA Dragonborn - Body - Bonemold Light | CBBE Dragonborn - Body - Bonemold Light
453,meshes\dlc02\armor\bonemold\f\bonemoldcuirassmedium,3BA Dragonborn - Body - Bonemold Medium,rule: 3BA/3BBB,3BA Dragonborn - Body - Bonemold Medium,3BA Dragonborn - Body - Bonemold Medium,3BA/3BBB,3BA Dragonborn - Body - Bonemold Medium,match 0.97 (next 0.87),3BA Dragonborn - Body - Bonemold Medium | CBBE Dragonborn - Body - Bonemold Medium
454,meshes\Kreis\KSA\ksws03\BodyAF,CBBE 3BA KSA - Body - Wild Witch A (Phys),nolvus (same as default),CBBE 3BA KSA - Body - Wild Witch A (Phys),CBBE 3BA KSA - Body - Wild Witch A (Phys),"3BA/3BBB, physics variant (by analogy)",CBBE 3BA KSA - Body - Wild Witch A (Phys),match 0.98 (next 0.46),CBBE 3BA KSA - Body - Wild Witch A (Phys) | CBBE 3BA KSA - Body - Wild Witch A
455,meshes\dlc02\armor\chitinheavy\f\cuirass,3BA Dragonborn - Body - Chitin Heavy,rule: 3BA/3BBB,3BA Dragonborn - Body - Chitin Heavy,3BA Dragonborn - Body - Chitin Heavy,3BA/3BBB,3BA Dragonborn - Body - Chitin Heavy,match 0.95 (next 0.87),3BA Dragonborn - Body - Chitin Heavy | CBBE Dragonborn - Body - Chitin Heavy
456,meshes\dlc02\armor\chitinlight\f\cuirass,3BA Dragonborn - Body - Chitin Light,rule: 3BA/3BBB,3BA Dragonborn - Body - Chitin Light,3BA Dragonborn - Body - Chitin Light,3BA/3BBB,3BA Dragonborn - Body - Chitin Light,match 0.94 (next 0.85),3BA Dragonborn - Body - Chitin Light | CBBE Dragonborn - Body - Chitin Light
457,meshes\dlc02\armor\nordiccarved\nordiccarvedcuirassf,3BA Dragonborn - Body - Nordic Carved,rule: 3BA/3BBB,3BA Dragonborn - Body - Nordic Carved,3BA Dragonborn - Body - Nordic Carved,3BA/3BBB,,ambiguous: 3BA Dragonborn - Body - Nordic Carved 0.81; CBBE Dragonborn - Body - Nordic Carved 0.74,3BA Dragonborn - Body - Nordic Carved | CBBE Dragonborn - Body - Nordic Carved
458,meshes\Soul hunter\F\Soul Hunter Cloak,Soul Hunter Cloak NO-SMP,nolvus (same as default),Soul Hunter Cloak NO-SMP,Soul Hunter Cloak SMP,"no body keyword, physics variant (by analogy)",,ambiguous: Soul Hunter Cloak NO-SMP 1.00; Soul Hunter Cloak SMP 0.95,Soul Hunter Cloak NO-SMP | Soul Hunter Cloak SMP
459,meshes\dlc02\armor\stahlrimlight\f\gauntlets,Hands Redone F Dragonborn Stahlrim Light,nolvus (rule said: CBBE Dragonborn - Hands - Stalhrim Light),CBBE Dragonborn - Hands - Stalhrim Light,CBBE Dragonborn - Hands - Stalhrim Light,CBBE,Hands Redone F Dragonborn Stahlrim Light,match 0.96 (next 0.84),CBBE Dragonborn - Hands - Stalhrim Light | Hands Redone F Dragonborn Stahlrim Light
460,meshes\dlc02\armor\stahlrimlight\f\gauntletsbeast,Hands Redone F Dragonborn Stahlrim Light Beast,nolvus (rule said: CBBE Dragonborn - Hands - Stalhrim Light Beast),CBBE Dragonborn - Hands - Stalhrim Light Beast,CBBE Dragonborn - Hands - Stalhrim Light Beast,CBBE,Hands Redone F Dragonborn Stahlrim Light Beast,match 0.96 (next 0.84),CBBE Dragonborn - Hands - Stalhrim Light Beast | Hands Redone F Dragonborn Stahlrim Light Beast
461,meshes\dlc02\clothes\cultist\f\cultisttorso,3BA Dragonborn - Body - Cultist,rule: 3BA/3BBB,3BA Dragonborn - Body - Cultist,3BA Dragonborn - Body - Cultist,3BA/3BBB,3BA Dragonborn - Body - Cultist,match 0.96 (next 0.67),3BA Dragonborn - Body - Cultist | CBBE Dragonborn - Body - Cultist (Physics) | CBBE Dragonborn - Body - Cultist
462,meshes\dlc02\clothes\miraakrobes\1stpersonmiraakgloves_f,CBBE Dragonborn - Hands - Miraak,default (undecidable),CBBE Dragonborn - Hands - Miraak,,2 candidates tie (CBBE),,ambiguous: CBBE Frankly HD - Hands - Miraak 0.96; CBBE Dragonborn - Hands - Miraak 0.92,CBBE Dragonborn - Hands - Miraak | CBBE Frankly HD - Hands - Miraak
463,meshes\dlc02\clothes\skaal\f\skaaltorso,3BA Dragonborn - Body - Skaal,rule: 3BA/3BBB,3BA Dragonborn - Body - Skaal,3BA Dragonborn - Body - Skaal,3BA/3BBB,3BA Dragonborn - Body - Skaal,match 0.96 (next 0.60),3BA Dragonborn - Body - Skaal | CBBE Dragonborn - Body - Skaal
464,meshes\dlc02\effects\dragonbornfxf03,3BA Dragonborn - Body - Dragon Aspect,rule: 3BA/3BBB,3BA Dragonborn - Body - Dragon Aspect,3BA Dragonborn - Body - Dragon Aspect,3BA/3BBB,,ambiguous: CBBE Dragonborn - Body - Dragon Aspect 0.98; 3BA Dragonborn - Body - Dragon Aspect 0.98,3BA Dragonborn - Body - Dragon Aspect | CBBE Dragonborn - Body - Dragon Aspect
465,meshes\furexarot\KE\f\cuirass1,Chevalier CBBE 3BA - Cuirass Half-Plate No Physics,nolvus (same as default),Chevalier CBBE 3BA - Cuirass Half-Plate No Physics,Chevalier CBBE 3BA - Cuirass Half-Plate,"3BA/3BBB, physics variant (by analogy)",Chevalier CBBE 3BA - Cuirass Half-Plate No Physics,match 0.98 (next 0.50),Chevalier CBBE 3BA - Cuirass Half-Plate No Physics | Chevalier CBBE 3BA - Cuirass Half-Plate
466,meshes\furexarot\KE\f\cuirass3beast,Chevalier CBBE 3BA - Cuirass Plate Beast No Physics,nolvus (same as default),Chevalier CBBE 3BA - Cuirass Plate Beast No Physics,Chevalier CBBE 3BA - Cuirass Plate Beast,"3BA/3BBB, physics variant (by analogy)",Chevalier CBBE 3BA - Cuirass Plate Beast No Physics,match 0.98 (next 0.72),Chevalier CBBE 3BA - Cuirass Plate Beast No Physics | Chevalier CBBE 3BA - Cuirass Plate Beast
467,meshes\furexarot\KE\m\cuirass1,Chevalier HIMBO - Cuirass Half-Plate,nolvus (same as default),Chevalier HIMBO - Cuirass Half-Plate,Chevalier HIMBO - Cuirass Half-Plate,"HIMBO, physics variant (by analogy)",Chevalier HIMBO - Cuirass Half-Plate,match 0.99 (next 0.51),Chevalier HIMBO - Cuirass Half-Plate | Chevalier HIMBO - Cuirass Half-Plate No Physics
468,meshes\hmmWorks\Marika_the_Eternal\Belt,[Odd] Queen Marika's Belt (UniBoob) CBBE 3BA,default (undecidable),[Odd] Queen Marika's Belt (UniBoob) CBBE 3BA,,2 candidates tie (3BA/3BBB),,ambiguous: [Odd] Queen Marika's Belt (UniString) CBBE 3BA 0.97; [Odd] Queen Marika's Belt (UniBoob) CBBE 3BA 0.97,[Odd] Queen Marika's Belt (UniBoob) CBBE 3BA | [Odd] Queen Marika's Belt (UniString) CBBE 3BA
469,meshes\hmmWorks\Marika_the_Eternal\Dress,[Odd] Queen Marika's Dress (UniBoob) CBBE 3BA,nolvus (same as default),[Odd] Queen Marika's Dress (UniBoob) CBBE 3BA,,2 candidates tie (3BA/3BBB),[Odd] Queen Marika's Dress (UniBoob) CBBE 3BA,match 0.97 (next 0.92),[Odd] Queen Marika's Dress (UniBoob) CBBE 3BA | [Odd] Queen Marika's Dress (UniString) CBBE 3BA
470,meshes\hmmWorks\Marika_the_Eternal\Dress_alpha,[Odd] Queen Marika's Dress Transparent (UniString) CBBE 3BA,nolvus (same as default),[Odd] Queen Marika's Dress Transparent (UniString) CBBE 3BA,,2 candidates tie (3BA/3BBB),[Odd] Queen Marika's Dress Transparent (UniString) CBBE 3BA,match 0.99 (next 0.94),[Odd] Queen Marika's Dress Transparent (UniString) CBBE 3BA | [Odd] Queen Marika's Dress Transparent (UniBoob) CBBE 3BA
471,meshes\Kreis\KSA\ksws03\BodyAM,HIMBO KSA - Body - Wild Witch A (Phys),nolvus (same as default),HIMBO KSA - Body - Wild Witch A (Phys),HIMBO KSA - Body - Wild Witch A (Phys),"HIMBO, physics variant (by analogy)",HIMBO KSA - Body - Wild Witch A (Phys),match 0.98 (next 0.41),HIMBO KSA - Body - Wild Witch A (Phys) | HIMBO KSA - Body - Wild Witch A
472,meshes\Kreis\KSA\ksws03\BodyBF,CBBE 3BA KSA - Body - Wild Witch B (Phys),nolvus (same as default),CBBE 3BA KSA - Body - Wild Witch B (Phys),CBBE 3BA KSA - Body - Wild Witch B (Phys),"3BA/3BBB, physics variant (by analogy)",CBBE 3BA KSA - Body - Wild Witch B (Phys),match 0.98 (next 0.48),CBBE 3BA KSA - Body - Wild Witch B (Phys) | CBBE 3BA KSA - Body - Wild Witch B
473,meshes\Kreis\KSA\ksws03\CapeAF,CBBE 3BA KSA - Acc - Wild Witch Cape (Phys),nolvus (same as default),CBBE 3BA KSA - Acc - Wild Witch Cape (Phys),CBBE 3BA KSA - Acc - Wild Witch Cape (Phys),"3BA/3BBB, physics variant (by analogy)",CBBE 3BA KSA - Acc - Wild Witch Cape (Phys),match 0.98 (next 0.19),CBBE 3BA KSA - Acc - Wild Witch Cape (Phys) | CBBE 3BA KSA - Acc - Wild Witch Cape
474,meshes\Kreis\KSA\ksws03\Head,KSA - Head - Wild Witch (Phys),default (undecidable),KSA - Head - Wild Witch (Phys),KSA - Head - Wild Witch (Phys),"no body keyword, physics variant (by analogy)",,ambiguous: KSA - Head - Wild Witch (Phys) 0.89; KSA - Head - Wild Witch 0.22,KSA - Head - Wild Witch (Phys) | KSA - Head - Wild Witch
475,meshes\Kreis\KSA\viridianknight\1stF,CBBE 3BA KSA - 1st - Viridian Knight,rule: 3BA/3BBB,BHUNP KSA - 1st - Viridian Knight,CBBE 3BA KSA - 1st - Viridian Knight,3BA/3BBB,,ambiguous: CBBE KSA - 1st - Viridian Knight 0.92; CBBE 3BA KSA - 1st - Viridian Knight 0.92; BHUNP KSA - 1st - Viridian Knight 0.69,BHUNP KSA - 1st - Viridian Knight | CBBE 3BA KSA - 1st - Viridian Knight | CBBE KSA - 1st - Viridian Knight
476,meshes\Kreis\KSA\viridianknight\armorF,CBBE 3BA KSA - Armor - Viridian Knight,rule: 3BA/3BBB,BHUNP KSA - Armor - Viridian Knight,CBBE 3BA KSA - Armor - Viridian Knight,3BA/3BBB,,ambiguous: CBBE KSA - Armor - Viridian Knight 0.96; CBBE 3BA KSA - Armor - Viridian Knight 0.96; BHUNP KSA - Armor - Viridian Knight 0.81,BHUNP KSA - Armor - Viridian Knight | CBBE 3BA KSA - Armor - Viridian Knight | CBBE KSA - Armor - Viridian Knight
477,meshes\Kreis\KSA\viridianknight\feetF,CBBE 3BA KSA - Feet - Viridian Knight,rule: 3BA/3BBB,BHUNP KSA - Feet - Viridian Knight,CBBE 3BA KSA - Feet - Viridian Knight,3BA/3BBB,,ambiguous: CBBE KSA - Feet - Viridian Knight 0.91; CBBE 3BA KSA - Feet - Viridian Knight 0.91; BHUNP KSA - Feet - Viridian Knight 0.74,BHUNP KSA - Feet - Viridian Knight | CBBE 3BA KSA - Feet - Viridian Knight | CBBE KSA - Feet - Viridian Knight
478,meshes\Kreis\KSA\viridianknight\headBF,CBBE 3BA KSA - Head - Viridian Knight Beast (Phys),rule: 3BA/3BBB,CBBE 3BA KSA - Head - Viridian Knight Beast (Phys),CBBE 3BA KSA - Head - Viridian Knight Beast (Phys),3BA/3BBB,,ambiguous: CBBE KSA - Head - Viridian Knight Beast (Phys) 0.98; CBBE 3BA KSA - Head - Viridian Knight Beast (Phys) 0.98; CBBE KSA - Head - Viridian Knight Beast 0.53,CBBE 3BA KSA - Head - Viridian Knight Beast (Phys) | CBBE KSA - Head - Viridian Knight Beast (Phys) | CBBE KSA - Head - Viridian Knight Beast
479,meshes\Kreis\KSA\viridianknight\headBM,HIMBO KSA - Head - Viridian Knight Beast (Phys),nolvus (same as default),HIMBO KSA - Head - Viridian Knight Beast (Phys),HIMBO KSA - Head - Viridian Knight Beast (Phys),"HIMBO, physics variant (by analogy)",HIMBO KSA - Head - Viridian Knight Beast (Phys),match 0.98 (next 0.43),HIMBO KSA - Head - Viridian Knight Beast (Phys) | HIMBO KSA - Head - Viridian Knight Beast
480,Meshes\KS Hairdo's\HDT\VirtualHairCollision_1,KS Hairdos SMP - Collision 1 (CBBE),rule: CBBE physics/SMP,KS Hairdos SMP - Collision 1 (BHUNP),KS Hairdos SMP - Collision 1 (CBBE),CBBE physics/SMP,KS Hairdos SMP - Collision 1 (CBBE),match 0.90 (next 0.80),KS Hairdos SMP - Collision 1 (BHUNP) | KS Hairdos SMP - Collision 1 (CBBE) | KS Hairdos SMP - Collision 1 (TBD)
481,Meshes\KS Hairdo's\HDT\VirtualHairCollision_3,KS Hairdos SMP - Collision 3 (CBBE),rule: CBBE physics/SMP,KS Hairdos SMP - Collision 3 (BHUNP),KS Hairdos SMP - Collision 3 (CBBE),CBBE physics/SMP,KS Hairdos SMP - Collision 3 (CBBE),match 0.90 (next 0.65),KS Hairdos SMP - Collision 3 (BHUNP) | KS Hairdos SMP - Collision 3 (CBBE) | KS Hairdos SMP - Collision 3 (TBD)
482,meshes\Soul hunter\F\Soul Hunter Cloak Soundwave,Soul Hunter Cloak Soundwave NO-SMP,default (undecidable),Soul Hunter Cloak Soundwave NO-SMP,Soul Hunter Cloak Soundwave SMP,"no body keyword, physics variant (by analogy)",,ambiguous: Soul Hunter Cloak Soundwave NO-SMP 1.00; Soul Hunter Cloak Soundwave SMP 0.99,Soul Hunter Cloak Soundwave NO-SMP | Soul Hunter Cloak Soundwave SMP
483,meshes\Soul hunter\F\Soul Hunter Cuirass,Soul Hunter Cuirass 3BA,rule: 3BA/3BBB,Soul Hunter Cuirass 3BA,Soul Hunter Cuirass 3BA,3BA/3BBB,Soul Hunter Cuirass 3BA,match 1.00 (next 0.94),Soul Hunter Cuirass 3BA | Soul Hunter Cuirass CBBE
