folder,target_line,category,nexus_mod_id,nexus_mod_name,nexus_author,match_method,confidence,suggested_file_id,suggested_file_name,suggested_file_version,file_category,related_plugins,notes
Skyshards - CS Light Addon,2,nexus_found,150715,Skyshards - CS Light Addon,Polluxe (uploader UnseekedFate),name_exact,high,633538,Skyshards - CS Light Addon,1.0.0,MAIN,,folder matches the file name
CS shaders,3,custom,,,,manual_hint,high,,,,,,locally assembled Community Shaders shader files
Pandora Output,5,generated,,,,manual_hint,high,,,,,,Pandora Behaviour Engine output
CustomFixes1,6,custom,,,,manual_hint,high,,,,,,user's custom fixes
CommunityShaders_AIO-2026-05-28T17-09Z,26,custom,,,,manual_hint,high,,,,,,"timestamped Community Shaders AIO build (CI/nightly artifact, not a Nexus release)"
dyndolodCS2,27,generated,,,,manual_hint,high,,,,,,DynDOLOD output
texgenCS,28,generated,,,,manual_hint,high,,,,,,TexGen output
grass CS,29,generated,,,,manual_hint,high,,,,,,grass cache / grass precache output
pgpatcher_output,31,generated,,,,manual_hint,high,,,,,,ParallaxGen / PG Patcher output
SYNTHESSIS,32,generated,,,,manual_hint,high,,,,,,Synthesis patcher output
overwrite2,33,custom,,,,manual_hint,high,,,,,,renamed MO2 overwrite contents
Nature of the Wild Lands - Animations Addon,35,nexus_found,148132,Nature of the Wild Lands - Animations Addon,Ylikollikas and fxxkthisworld,name_exact,high,715711,Nature of the Wild Lands - Animations MESHES,1.04,MAIN,Nature of the Wild Lands - Animation Plugin.esp,linked plugin(s) found in this mod's files: Nature of the Wild Lands - Animation Plugin.esp | folder matches the file name
Nature of the Wild Lands - Animations Addon - PBR,36,nexus_found,148132,Nature of the Wild Lands - Animations Addon,Ylikollikas and fxxkthisworld,name_exact,high,715712,Nature of the Wild Lands - Animations Addon - PBR,1.04,OPTIONAL,,folder matches the file name
Guardians of Valtheim ALT MOUNTAIN TXT SCALED,37,nexus_found,145116,Guardians of Valtheim,SKYKLF,name_exact,high,663080,Guardians of Valtheim ALT MOUNTAIN TXT SCALED,2.1,OPTIONAL,Valtheim Guardians.esp,folder matches the file name
Guardians of Valtheim,38,nexus_found,145116,Guardians of Valtheim,SKYKLF,name_exact,high,630304,Guardians of Valtheim,2.0,MAIN,Valtheim Guardians.esp,linked plugin(s) found in this mod's files: Valtheim Guardians.esp | folder matches the file name
Fantasy Cities - Cross of Lake Ilinalta only SE,39,nexus_found,111958,Fantasy Cities - Cross of Lake Ilinalta only SE,Original by congtuan999 and modified by turtlegodking,name_exact,high,472127,Fantasy Cities - Cross of Lake Ilinalta only,1.0,ARCHIVED,Fantasy Cities - Cross of Lake Ilinalta.esp,linked plugin(s) found in this mod's files: Fantasy Cities - Cross of Lake Ilinalta.esp | folder matches the file name | suggested file only exists as ARCHIVED; current MAIN: Fantasy Cities - Cross of Lake Ilinalta v1.0.2 (#534037)
Templar Assassin Armor PBR (2K),41,nexus_found,169136,Templar Assassin Armor - Complex Material and PBR,Leo,name_exact,high,706797,Templar Assassin Armor PBR (2K),1.0.0,MAIN,,other files match equally well: Templar Assassin Armor PBR (4K) | folder matches the file name
NordwarUA Legions PBR,42,not_found,,,,,,,,,,,"closest: NordwarUA - New Legion - SOSAM Conversion (#99071, s=0.49, dl=498)"
Complex Silverware PBR,43,nexus_found,131693,Complex Silverware - PBR and Complex Material,Leo,name_exact,high,773101,Complex Silverware PBR,1.5.0,MAIN,,folder matches the file name
Praedy's Chantry of Auriel - PBR,44,nexus_found,145417,Praedy's Chantry of Auriel - PBR,Praedyth - Sym3tric,name_exact,high,,,,,Praedy's AncientFalmerThrone.esp,no file name matches the folder; several MAIN files: Praedy's Chantry PBR - 2K | Praedy's Chantry PBR - 4K
Praedy's Chantry of Auriel AIO - SE,45,nexus_found,47204,Praedy's Chantry of Auriel - SE,Praedyth (uploader PraedythXVI),name_exact,high,546031,Praedy's Chantry of Auriel AIO 2K,3.0,MAIN,Praedy's AncientFalmerThrone.esp,match after dropping version/edition tokens | other files match equally well: Praedy's Chantry of Auriel AIO 4K | folder matches the file name
Improved Dwemer Glass PBR,46,nexus_found,139889,PBR Hub,Leo,name_exact,high,586770,Improved Dwemer Glass PBR,1.0,MAIN,,folder matches the file name | matched a file of a mod already identified for other folders (second pass)
Thrones Expanded PBR,47,nexus_found,139889,PBR Hub,Leo,name_exact,high,586797,Thrones Expanded PBR,1.0,MAIN,,folder matches the file name | matched a file of a mod already identified for other folders (second pass)
Thrones Expanded,48,nexus_found,139544,Thrones Expanded,morgynn,name_exact,high,587744,Thrones Expanded,1.2.1,MAIN,,folder matches the file name
Praedys College of Winterhold PBR,49,nexus_found,190773,Praedy's PBR Hub,Leo,name_exact,medium,800518,Praedy'S College Of Winterhold PBR,1.0.0,MAIN,,"another mod has an equally exact name but only as an archived/old file | folder matches the file name | alternatives: PBR Hub (#139889, s=1.00, dl=1889196) | matched a file of a mod already identified for other folders (second pass)"
Praedy's Skeleton Replacer HD PBR,51,nexus_found,139889,PBR Hub,Leo,name_exact,medium,597195,Praedy's Skeleton Replacer HD PBR,1.0,ARCHIVED,,linked plugin(s) found only in other mods: PraedysSkeletons.esl | folder matches the file name | suggested file only exists as ARCHIVED; current MAIN: TMD Winery PBR v1.0.0 (#727182) | matched a file of a mod already identified for other folders (second pass) | name-linked plugin(s) that Nexus places in other mods: PraedysSkeletons.esl
Skeleton Replacer HD 2K SE,52,nexus_found,52845,Skeleton Replacer HD - SE,PraedythXVI,name_exact,high,217702,Skeleton Replacer HD 2K SE,1.1,MAIN,PraedysSkeletons.esl,folder matches the file name
Praedy's Castle Volkihar - PBR,53,nexus_found,190773,Praedy's PBR Hub,Leo,name_exact,medium,800515,Praedy'S Castle Volkihar PBR,1.0.0,MAIN,,"another mod has an equally exact name but only as an archived/old file | folder matches the file name | alternatives: PBR Hub (#139889, s=1.00, dl=1889196) | matched a file of a mod already identified for other folders (second pass)"
Praedy's Apocrypha - PBR,55,nexus_found,190773,Praedy's PBR Hub,Leo,name_exact,medium,800514,Praedy'S Apocrypha PBR,1.0.0,MAIN,,"another mod has an equally exact name but only as an archived/old file | folder matches the file name | alternatives: PBR Hub (#139889, s=1.00, dl=1889196) | matched a file of a mod already identified for other folders (second pass)"
Praedy's Apocrypha 2K,56,nexus_found,127944,Praedy's Apocrypha - SE,Praedyth (uploader PraedythXVI),name_exact,high,537761,Praedy's Apocrypha 2K,1.2,MAIN,,folder matches the file name
Reinforced Civil War Camps PBR,57,nexus_found,139889,PBR Hub,Leo,name_exact,high,646303,Reinforced Civil War Camps PBR,1.0.2,MAIN,,folder matches the file name | matched a file of a mod already identified for other folders (second pass)
Praedy's Soul Cairn - PBR,58,nexus_found,190773,Praedy's PBR Hub,Leo,name_exact,medium,800520,Praedy'S Soul Cairn PBR,1.0.0,MAIN,Praedys_SoulCairn PBR.esp,"another mod has an equally exact name but only as an archived/old file | linked plugin(s) found in this mod's files: Praedys_SoulCairn PBR.esp | folder matches the file name | alternatives: PBR Hub (#139889, s=1.00, dl=1889196)"
Dreadful Alduin,60,nexus_found,136437,Dreadful Alduin,Lucaoys,name_exact,high,578734,Dreadful Alduin 8K,1.4,OLD_VERSION,,folder matches the file name | suggested file only exists as OLD_VERSION; current MAIN: Dreadful Void Alduin All Included v3.2 (#772344)
YXZ True Diverse Northern Roads Reforged-Complex Parallax Material-PBR CORE,61,nexus_found,182981,YXZ True Diverse Northern Roads Reforged-Complex Parallax Material-PBR,YXZvyr,name_fuzzy,medium,,,,,YXZ_NRoad PBR DGS.esp,no file name matches the folder; several MAIN files: CPM Core Distribution Files | PBR Core Distribution Files | YXZ Diverse Northern Road Reforged AIO - CPM - 1K | YXZ Diverse Northern Road Reforged AIO - CPM - 2K
YXZ True Diverse Northern Roads Reforged-Complex Parallax Material-PBR,62,nexus_found,182981,YXZ True Diverse Northern Roads Reforged-Complex Parallax Material-PBR,YXZvyr,name_exact,high,,,,,YXZ_NRoad PBR DGS.esp,no file name matches the folder; several MAIN files: CPM Core Distribution Files | PBR Core Distribution Files | YXZ Diverse Northern Road Reforged AIO - CPM - 1K | YXZ Diverse Northern Road Reforged AIO - CPM - 2K
Small Nordic Tent Replacer - PBR Textures,63,nexus_found,182966,Small Nordic Tent Replacer - PBR Textures,Tomatokillz,name_exact,high,765123,Small Nordic Tent Replacer   PBR,1.0.PBR,MAIN,,folder matches the file name
Northern Roads - Overgrowing Grass Remover,64,nexus_found,77893,Northern Roads - Patches Compendium,Alaxouche (uploader AlaxoucheModding),name_exact,high,532197,Northern Roads - Overgrowing Grass Remover,1.0.0alt,ARCHIVED,Northern Roads - Grass Patch.esp,folder matches the file name | suggested file only exists as ARCHIVED; current MAIN: Northern Roads - Patches Compendium v8.0.0 (#794461)
Northern Roads PBR,73,nexus_found,139889,PBR Hub,Leo,name_exact,high,613937,Northern Roads PBR,1.0.2,MAIN,Northern Roads - PBR.esp,"linked plugin(s) found in this mod's files: Northern Roads - PBR.esp | folder matches the file name | alternatives: PBR Northern Roads (#140565, s=0.89, dl=5740)"
Meshes Optimization Project - Northern Roads - Optimized Meshes,77,nexus_found,160495,Meshes Optimization Project,Ivy (uploader ItzIvy),name_exact,high,753593,Northern Roads - Optimized Meshes,1.0,OPTIONAL,,folder matches '<mod name> <file name>'
RELight - Official Light Addon,80,nexus_found,174783,RELight - Official Light Addon,RELight Team (uploader Wired1up),name_exact,high,755801,RELight - Official Light Addon,4.2,MAIN,,folder matches the file name
ReLight2,81,nexus_found,167186,ReLight,Legendman - Wired1Up - Truman - StevenHonor (uploader TrumanAE),name_exact,high,808398,RELight,7.3,MAIN,,folder matches the file name
Intellightent,82,nexus_found,172423,Intellightent,meh321,name_exact,high,795280,Intellightent v3,3,MAIN,,folder matches the file name
Dancing LUX CS,83,nexus_found,113926,Dancing lights,Tenz81,name_exact,high,801880,Dancing LUX CS,2,MAIN,Dancing LUX CS.esp,linked plugin(s) found in this mod's files: Dancing LUX CS.esp | folder matches the file name
Lux CS Patch,84,nexus_found,153919,Lux CS,Bottle,name_exact,high,669745,Lux CS Patch,2.0.0,ARCHIVED,Lux - HDR.esp,folder matches the file name | suggested file only exists as ARCHIVED; current MAIN: Lux CS v2.6.0 (#785223)
CS Potion Lights - Awesome Potions Simplified,85,nexus_found,170328,CS Potion Lights,Cynoqem,name_exact,high,712346,CS Potion Lights - Awesome Potions Simplified,1.0.1,MAIN,,folder matches the file name
Tiny Light Placer Hub2,86,nexus_found,169472,Tiny Light Placer Hub (CS Lights),Oaristys,name_exact,high,732085,Tiny Light Placer Hub,1.2,MAIN,,folder matches the file name
CS Lights2,87,nexus_found,138443,CS Light,Bottle,name_exact,high,669746,CS Lights,1.8.0,ARCHIVED,CS Light.esp,linked plugin(s) found in this mod's files: CS Light.esp | folder matches the file name | suggested file only exists as ARCHIVED; current MAIN: CS Light v2.0.1 (#756910)
Light Placer,88,nexus_found,127557,Light Placer,powerofthree,name_exact,high,810446,Light Placer,5.0.0,MAIN,,folder matches the file name
Lux (cs),91,nexus_found,43158,Lux,GGUNIT,name_exact,medium,649989,Lux (main),7.0,MAIN,Lux.esp;Lux - Brighter interior nights.esp,"another mod has an equally exact name; the linked plugin points to this one | linked plugin(s) found in this mod's files: Lux.esp | match after dropping version/edition tokens | other files match equally well: Lux (main plugin update) | folder matches the file name | alternatives: Lux CS (#153919, s=1.00, dl=310156)"
Lux Orbis cs,93,nexus_found,153919,Lux CS,Bottle,plugin_contents,medium,785223,Lux CS,2.6.0,MAIN,Lux Orbis CS.esp;Lux - HDR.esp;Lux CS - Bulbs.esp;Lux CS Templates - Bright.esp,"linked plugin(s) found in this mod's files: Lux Orbis CS.esp | file chosen because it contains the linked plugin | alternatives: Lux Orbis (#56095, s=0.83, dl=5319101); Lux Orbis - Patch Hub (#114169, s=0.64, dl=2428260); Lux Orbis Misc Patches (#67610, s=0.64, dl=696983)"
Vanilla CS rain TEXTURES,98,custom,,,,manual_hint,high,,,,,,user-made texture set for Community Shaders rain
NAT.CS III,99,nexus_found,139567,NAT.CS III,Bottle,name_exact,high,681414,NAT.CS III,2.0.0,MAIN,NAT-CS.esp,linked plugin(s) found in this mod's files: NAT-CS.esp | folder matches the file name
Skyrim Main Menu - Edge Edition,103,nexus_found,145863,Skyrim Main Menu - Edge Edition,KR0GH - Stormhand (uploader Stormhand81),name_exact,high,619880,Skyrim Main Menu - Edge Edition,2.0,MAIN,,folder matches the file name
Grand Solitude - eFPS patch,108,nexus_found,162597,Grand Solitude - eFPS patch,CarpeNihil,name_exact,high,679953,Grand Solitude - eFPS patch,1.1,MAIN,Grand Solitude - eFPS patch.esp,linked plugin(s) found in this mod's files: Grand Solitude - eFPS patch.esp | folder matches the file name
LOTDV6 - Blubbos Solitude - Tree Patch,114,nexus_found,87785,Legacy of the Dragonborn - Blubbo's Solitude 2023 - Trees Patch,Magus80 (uploader Magus80Mods),name_exact,high,597370,LOTDV6 - Blubbos Solitude - Tree Patch,v2.0,MAIN,LOTDV6 - Blubbos Solitude - Tree Patch.esp,linked plugin(s) found in this mod's files: LOTDV6 - Blubbos Solitude - Tree Patch.esp | linked plugin(s) found only in other mods: blubbos_trees_in_solitude.esp | folder matches the file name | name-linked plugin(s) that Nexus places in other mods: blubbos_trees_in_solitude.esp
Sanguis - Mist's Font Replacer,117,nexus_found,37001,Sanguis - Mist's Font Replacer,Mist (uploader MJORK4),name_exact,high,144386,Sanguis - Mist's Font Replacer,1.0,MAIN,,folder matches the file name
Edge UI Racemenu,118,nexus_ambiguous,131948,Edge UI - RaceMenu DIP Patch,Eugene - Wuerfelhusten,name_fuzzy,low,666172,Edge UI - RaceMenu - DIP Patch,v1.1,MAIN,,"no file name matches the folder; the only current MAIN file is suggested | alternatives: Edge UI 0.6.1 - TrueHUD Patch (#131921, s=0.69, dl=321518); Edge UI - Explorer Addon (#143678, s=0.65, dl=1062022)"
Reskin For Edge UI _ Project 3 - Quest Journal Overhaul,119,nexus_found,157551,Reskin For Edge UI _ Project 3 - Quest Journal Overhaul,3THANY,name_exact,high,697834,Reskin For Edge UI _ Project 3 - QJO v1.2,1.2,MAIN,,no file name matches the folder; the only current MAIN file is suggested
Quest Journal Overhaul - Wide Screen,120,nexus_ambiguous,141295,Quest Journal Overhaul,JPSteel2,name_fuzzy,low,608018,Quest Journal Overhaul,1.3,MAIN,,"no file name matches the folder; the only current MAIN file is suggested | alternatives: Quest Journal Overhaul UA (#161075, s=0.72, dl=58)"
Edge UI - Wheeler Reskin,122,nexus_found,99419,Edge UI - Wheeler Reskin,TheLordRigel,name_exact,high,421341,Edge UI - Wheeler Reskin,1.0,MAIN,,"folder matches the file name | alternatives: Edge UI 2- Wheeler Reskin (#162221, s=0.92, dl=987)"
Seasonal Wigfrid's Erdtrees Replacer,125,not_found,,,,,,,,,,,"closest: Seasonal Landscapes (#66903, s=0.45, dl=1719045)"
Dwemer Pipework Reworked PBR,126,nexus_found,175031,Dwemer Pipework Reworked PBR,Julio005,name_exact,high,733621,Dwemer Pipework Reworked PBR 4K,1.0.1,OLD_VERSION,,folder matches the file name | suggested file only exists as OLD_VERSION; current MAIN: Dwemer Pipework Reworked 5 PBR v1.0.1 (#797692)
Novigrad my Solitude,127,nexus_found,126508,Novigrad my Solitude,DaveHans_TB_Shish15_Oracuso,name_exact,high,530429,Novigrad my Solitude,1.0,MAIN,,folder matches the file name
Dawnguard Arsenal - PBR,128,nexus_found,188229,Dawnguard Arsenal - PBR,Tomatokillz - MadCat221,name_exact,high,789205,Dawnguard Arsenal SSE - PBR,1.0,MAIN,,folder matches the file name
Bears of the North - My Fluffy Patch,129,nexus_found,188392,Bears of the North - My Fluffy Patch,blo0d1k,name_exact,high,789914,Bears Of The North - My Fluffy Patch,1,MAIN,,folder matches the file name
Bladedancer's Edge - PBR,130,nexus_found,162295,Bladedancer's Edge - PBR,Addi (uploader Addidi),name_exact,high,682606,Bladedancer's Edge - PBR,2.0,MAIN,,mod flagged adult content | folder matches the file name
Gryphonknight Regalia - PBR 4k,131,nexus_found,107437,Gryphonknight Regalia - Breton Noble Armor (optional SMP and PBR),GVLT,name_exact,high,779872,Gryphonknight Regalia - PBR 4k,1,OPTIONAL,,folder matches the file name
Fortified Morthal - PBR Brick and Roof,132,nexus_found,169263,Fortified Morthal - PBR Brick and Roof,potapovd923,name_exact,high,,,,,,no file name matches the folder; several MAIN files: Fortified Morthal 2K PBR Roof | Fortified Morthal 4K PBR Brick
Shattered Royal Armor PBR 4k,133,nexus_found,183637,Shattered Royal Armor (Fragile)  SMP 3BA  UBE,Aokili and Nandamonaiya,name_exact,high,768317,Shattered Royal Armor PBR 4k,1,OPTIONAL,,mod flagged adult content | folder matches the file name | matched a file of a mod already identified for other folders (second pass)
GoW Guardian Shield - Spellbreaker Replacer,134,nexus_found,92378,GoW Guardian Shield - Spellbreaker Replacer,Circonianas,name_exact,high,392812,GOW - Guardian Shield - Spellbreaker Replacer,1.1,MAIN,,folder matches the file name
Dark Apprentice - PBR,135,nexus_found,171845,Dark Apprentice - PBR,Addi (uploader Addidi),name_exact,high,718013,Dark Apprentice - PBR,1.0,MAIN,,folder matches the file name
Snazzy Resources and SCFO PBR Conversion,136,nexus_found,174749,Snazzy Resources and SCFO PBR Conversion,Julio005,name_exact,high,,,,,,no file name matches the folder; several MAIN files: Snazzy Bookcases   Base Object Swapper PBR | Snazzy Furniture And Clutter Overhaul PBR | Snazzy Location Resources PBR | Snazzy Resources And SFCO Combo PBR
Solitude and Temple Frescoes - PBR and Light Placer,137,nexus_found,176597,Solitude and Temple Frescoes - PBR and Light Placer,Addi (uploader Addidi),name_exact,high,738942,Solitude Temple Frescoes - PBR,1.0,MAIN,,no file name matches the folder; the only current MAIN file is suggested
RMS Lux patch,138,nexus_ambiguous,80934,Lazy Lux Patches,eberkain,name_fuzzy,low,,,,,SDA - UnLux.esp,"no file name matches the folder; several MAIN files: Aethernautics UnLux Patch | Brotherhood of Old UnLux Patch | Dark Arts Un-Lux Patch | FryManor UnLux Patch | alternatives: Unofficial Lux Patches (#62550, s=0.62, dl=1007214)"
SKYKLF Modular Whiterun Resources PBR Conversion,139,nexus_found,177322,SKYKLF Modular Whiterun Resources PBR Conversion,Julio005,name_exact,high,,,,,,no file name matches the folder; several MAIN files: Whiterun Temple Bench Replacer PBR | XX SKYKLFS MODULAR WR RESOURCES XX PBR Refined | XX SKYKLFS RESOURCES XX PBR (Original Quality)
Lunar Guard Armor - PBR,140,nexus_found,162358,Lunar Guard Armor - PBR,Deydranos and tmwd,name_exact,high,723167,Lunar Guard Armor - Silver - PBR,1.1,MAIN,,folder matches the file name
ErdtreeGildergreen - PBR 2.0,141,not_found,,,,,,,,,,,"closest: Silverguard - PBR (#148440, s=0.52, dl=5939)"
Obi's Cimmerian - PBR,142,nexus_found,157665,Obi's Cimmerian - PBR,Obicnii and tmwd,name_exact,high,658806,Obi's Cimmerian - PBR,1.0,MAIN,,folder matches the file name
Cimmerian Armor 3BA - SMP Bodyslides,143,nexus_found,135392,Obi's Cimmerian 3BA  BHUNP SMP 4K,Obicnii,name_exact,high,574476,Cimmerian Armor 3BA - SMP Bodyslides,1.1,UPDATE,,mod flagged adult content | folder matches the file name
Obi's Cimmerian 3BA BHUNP SMP 4K,144,nexus_found,135392,Obi's Cimmerian 3BA  BHUNP SMP 4K,Obicnii,name_exact,high,568319,Cimmerian Armor 3BA,1.0,MAIN,,mod flagged adult content | no file name matches the folder; the only current MAIN file is suggested
RUSTIC SOULGEMS - Special Edition,146,nexus_found,5785,RUSTIC SOULGEMS - Special Edition,Gamwich and Saerileth,name_exact,high,12944,RUSTIC SOULGEMS - Special Edition - 1K Sorted,1.0,MAIN,,other files match equally well: RUSTIC SOULGEMS - Special Edition - 2K Sorted | folder matches the file name
Faultier's PBR Windows,147,not_found,,,,,,,,,,,"closest: Lux - Faultier's PBR Windows Shadow mask fix (#170443, s=0.64, dl=1315)"
Faultier's PBR Road Signs,148,not_found,,,,,,,,,,,"closest: Weathered Road Signs (#10180, s=0.53, dl=195018)"
Unslaad PBR,149,not_found,,,,,,,,,,,"closest: Unslaad Lift (#147685, s=0.50, dl=7912)"
Wicky's Solitude PBR,150,nexus_found,172523,Wicky's Solitude PBR,wicky (uploader wickytheuser),name_exact,high,721682,Wicky's Solitude pbr,1.1,UPDATE,,folder matches the file name
Riton's PBR fort dawnguard,151,nexus_found,159315,Riton's PBR fort dawnguard,RiToN (uploader riton67000),name_exact,high,666199,Riton's PBR fort dawnguard 4k,1.0,MAIN,,other files match equally well: Riton's PBR fort dawnguard 2k | folder matches the file name
Nirn Necessities PBR,152,nexus_found,135807,Nirn Necessities PBR,Everglaid and Jiaye (uploader jiayev),name_exact,high,569945,Nirn Necessities PBR,1.0,MAIN,,folder matches the file name
Modern Hay - PBR and CM,153,nexus_found,155815,Modern Hay - PBR and CM,Exist (uploader RealExist),name_exact,high,,,,,,no file name matches the folder; several MAIN files: Modern Hay CM 1k | Modern Hay CM 2k | Modern Hay CM 4k | Modern Hay PBR 1k
Jiaye's Vigilant PBR AIO,154,nexus_found,167174,GTS - PBR Visual Overhaul - Resource Repository,kiza054,name_exact,high,728431,PBR for GTS - Jiaye's Vigilant PBR AIO,1.0,ARCHIVED,Jiaye's Vigilant PBR.esp,linked plugin(s) found in this mod's files: Jiaye's Vigilant PBR.esp | folder matches the file's archive name | suggested file only exists as ARCHIVED; current MAIN: GTS - PBR VO - Visual Animated Enchants Reborn AE v1.0 (#801773)
clockwork pbr,155,not_found,,,,,,,,,,,"closest: Clockwork (SSE) (#4155, s=0.64, dl=3462027)"
Forgotten Princess - PBR,156,nexus_found,163679,Forgotten Princess - PBR,Addi (uploader Addidi),name_exact,high,694398,Forgotten Princess - PBR,1.2,MAIN,,mod flagged adult content | folder matches the file name
Children of the North Wind - PBR,158,nexus_ambiguous,78283,Children of the North,lilson,name_fuzzy,low,368667,Children of the North,final,MAIN,,"no file name matches the folder; the only current MAIN file is suggested | alternatives: Children of the North Wind - Ruins of the Ancient Nords (French) (#149352, s=0.67, dl=1013); Children of the North Wind - Official Patch Collection (#169780, s=0.64, dl=22696); Children of the North Wind - Kanjs glow patched (#150379, s=0.63, dl=6922)"
PBR textures for The Great Cities Collection,159,nexus_found,133493,PBR textures for The Great Cities Collection,jepster,name_exact,high,571460,PBR textures for The Great Cities,4.2.1,MAIN,,folder matches the file name
Kvetchi Mercenary Set - PBR,160,nexus_ambiguous,79226,Kvetchi Mercenary Set,Pulcharmsolis,name_fuzzy,low,334954,Kvetchi Mercenary Set ESL,1.1,MAIN,,"no file name matches the folder; the only current MAIN file is suggested | alternatives: SPID for Kvetchi Mercenary Set by Pulcharmsolis (#80601, s=0.73, dl=22864); Kvetchi Mercenary Set - SPID and CID (#121119, s=0.73, dl=64207); Kvetchi Mercenary - SAM Refit (#83724, s=0.71, dl=442)"
Colovian Prince Set - PBR,161,nexus_ambiguous,79894,Colovian Prince Set,Pulcharmsolis,name_fuzzy,low,357807,Colovian Prince Set,1.1,MAIN,,"no file name matches the folder; the only current MAIN file is suggested | alternatives: Colovian Prince Set - SPID and CID (#121176, s=0.72, dl=64340); Colovian Prince Set - SAM (#91429, s=0.71, dl=563)"
Armors of the Velothi Pt. I - PBR,162,nexus_ambiguous,62752,Armors of the Velothi Pt. I,Pulcharmsolis - VishVadeva50,name_fuzzy,low,,,,,,"no file name matches the folder; several MAIN files: Armors of the Velothi Pt. I 2k (1.3.1) | Armors of the Velothi Pt. I 4k (1.3.1) | alternatives: Armors of the Velothi Pt. II (#69996, s=0.83, dl=1986149); Armors of the Velothi Pt. I - SPID (#155095, s=0.79, dl=3277); Armors of the Velothi Pt. I.ES (#151858, s=0.79, dl=804)"
TMD The Rift Leaves PBR 2k,163,nexus_ambiguous,111461,TMD The Rift Leaves,TheMilkDrinker,name_fuzzy,low,,,,,,no file name matches the folder; several MAIN files: TMD The Rift Leaves 1K | TMD The Rift Leaves 2K | TMD The Rift Leaves 4K
Flora Additions Waterplants PBR,164,nexus_ambiguous,118601,Flora Additions - Waterplants - Seasonal Patch,Fallven,name_fuzzy,low,,,,,,"no file name matches the folder; several MAIN files: Flora Additions - Waterplants - Seasonal Patch | Flora Additions - Waterplants - Seasonal Patch PBR | alternatives: Flora Additions - Waterplants (#116324, s=0.79, dl=308623)"
A PBR Nirnroot - 2k,165,nexus_ambiguous,80281,A Nirnroot,kiddgimmick,name_fuzzy,low,338755,A Nirnroot,1.0,MAIN,,no file name matches the folder; the only current MAIN file is suggested
Jiaye's Sovngarde PBR,166,nexus_found,135947,Jiaye's Sovngarde PBR,Jiaye (uploader jiayev),name_exact,high,570544,Jiaye's Sovngarde PBR,1.0,MAIN,,folder matches the file name
Wyrmstooth - PBR,167,nexus_found,148883,Wyrmstooth - PBR,Jonx0r Faultier and tmwd,name_exact,medium,622244,Wyrmstooth - PBR,1.0,MAIN,Wyrmstooth PBR.esp,"another mod has an equally exact name; picked the far more downloaded one | linked plugin(s) found in this mod's files: Wyrmstooth PBR.esp | folder matches the file name | alternatives: ESLifier - Modified .ESP HUB by Jas (#154673, s=1.00, dl=12)"
HDT-SMP Silver Armor PBR Patch,168,nexus_ambiguous,79255,HDT-SMP Silver Armor Patch,4thUnknown tatururutia,name_fuzzy,low,333802,HDT-SMP Silver Armor Patch,1.0,MAIN,,no file name matches the folder; the only current MAIN file is suggested
HDT-SMP Infantry Armor PBR Patch,169,nexus_found,88562,HDT-SMP Infantry Armor Patch,4thUnknown tatururutia,name_fuzzy,medium,375354,HDT-SMP Infantry Armor Patch,1.0,MAIN,,no file name matches the folder; the only current MAIN file is suggested
LOTD PBR Odds and Ends,170,nexus_found,166864,LOTD PBR Odds and Ends,dirigibalistic,name_exact,high,697724,LOTD PBR Odds and Ends 4K,0.1,MAIN,,other files match equally well: LOTD PBR Odds and Ends 2K | folder matches the file name
Security Overhaul SKSE PBR,171,nexus_found,152269,Security Overhaul SKSE PBR,KawaiiChamp,name_exact,high,656787,Security Overhaul SKSE PBR - 1K,2.0.0,MAIN,,other files match equally well: Security Overhaul SKSE PBR - 2K | Security Overhaul SKSE PBR - 4K | folder matches the file name
Sanguine Symphony - PBR,172,nexus_found,170736,Sanguine Symphony - PBR,Addi (uploader Addidi),name_exact,high,713865,Sanguine Symphony - PBR,1.11,OLD_VERSION,Sanguine Symphony - PBR.esp,linked plugin(s) found in this mod's files: Sanguine Symphony - PBR.esp | folder matches the file name | suggested file only exists as OLD_VERSION; current MAIN: Sanguine Symphony and DBF - PBR v1.22 (#786099)
Tomato's PBR Forts and Dungeons,174,nexus_found,134372,Tomato's PBR Forts and Dungeons,Tomatokillz,name_exact,high,563922,Tomato's PBR Imperial Forts and Dungeons 4k,1.0.PBR,OLD_VERSION,,folder matches the file name | suggested file only exists as OLD_VERSION; current MAIN: Tomato's Imperial Forts PBR 4k v1.1.PBR (#580141)
Texture Patch for Vanaheimr PBR Landscapes,175,nexus_found,140780,Realistic PBR Footprints,jepster,name_exact,high,655124,Texture Patch for Vanaheimr PBR Landscapes,1.0,OPTIONAL,,folder matches the file name | matched a file of a mod already identified for other folders (second pass)
Realistic PBR Footprints,176,nexus_found,140780,Realistic PBR Footprints,jepster,name_exact,high,600912,Realistic PBR Footprints,1.2,MAIN,Footprints - PBR Patch.esp;Footprints - SandPatch PBR Patch.esp,folder matches the file name
Embers XD PBR,177,nexus_found,186037,Embers XD - PBR,Leo,name_exact,high,779355,Embers XD PBR,1.0.0,MAIN,,folder matches the file name
Tomato's Windhelm PBR - 2K,178,not_found,,,,,,,,,,,"closest: Mrf's Windhelm (#65256, s=0.54, dl=101365)"
Tomato's Riften PBR - 2k,179,not_found,,,,,,,,,,,"closest: Mrf's Riften (#42737, s=0.53, dl=104135)"
Tomato's PBR Whiterun - Darker wood,180,nexus_found,148535,Tomato's PBR Whiterun - Darker wood,jepster,name_exact,high,620812,Tomato's PBR Whiterun - Darker wood,0.2,MAIN,,folder matches the file name
Tomato's Whiterun Remake - PBR or Complex Material,181,nexus_found,173747,Tomato's Whiterun Remake - PBR or Complex Material,Tomatokillz,name_exact,high,,,,,,no file name matches the folder; several MAIN files: Tomato's Whiterun Remake - Complex Material 2k | Tomato's Whiterun Remake - Complex Material 4k | Tomato's Whiterun Remake - PBR - 2k | Tomato's Whiterun Remake - PBR - 4k
Vanaheimr Mountains,182,nexus_found,115471,Vanaheimr - Mountains - MM - Complex Material - PBR,Cl3mus,name_exact,high,567987,Vanaheimr - Mountains - 2k,4.0,ARCHIVED,Vanaheimr Mountains PBR.esp,linked plugin(s) found in this mod's files: Vanaheimr Mountains PBR.esp | match after dropping version/edition tokens | folder matches the file name | suggested file only exists as ARCHIVED; current MAIN: Vanaheimr - Mountains - Vanilla ERM - 2k v5.0 (#585240)
High Quality PBR Ivy,183,nexus_found,129934,High Quality PBR Ivy,jepster,name_exact,high,680996,High Quality PBR Ivy,1.5,MAIN,,folder matches the file name
Bent Pines II PBR,184,nexus_found,175642,Bent Pines II PBR,Julio005,name_exact,high,735351,Bent Pines II PBR,1,MAIN,,folder matches the file name
Nature of the Wild Lands - Rock Replacer,185,nexus_found,132984,Nature of the Wild Lands (NOTWL) - Rock Replacer - PBR,fxxkthisworld Laminin,name_exact,high,615041,Nature of the Wild Lands - Rock Replacer 1K,2.1.1,MAIN,,match after dropping version/edition tokens | other files match equally well: Nature of the Wild Lands - Rock Replacer 2K | Nature of the Wild Lands - Rock Replacer 4K | folder matches the file name
Nature of the Wild Lands - PBR,186,nexus_found,150319,Nature of the Wild Lands - PBR,Leo,name_exact,high,792330,Nature of the Wild Lands - PBR,1.0.4,MAIN,,folder matches the file name
nordic stonewalls pbr,188,nexus_found,127188,Nordic Stonewalls Complex Material and PBR,Leo,name_exact,high,702446,Nordic Stonewalls PBR,1.0.0,MAIN,,folder matches the file name
Faultier's PBR Armors and Clothes - USSEP patch,189,nexus_found,175319,Faultier's PBR Armors and Clothes,Faultierfan,name_exact,high,734172,Faultier's PBR Armors and Clothes - USSEP patch,1.0,OPTIONAL,,folder matches the file name | matched a file of a mod already identified for other folders (second pass)
Faultier's PBR Armors and Clothes,190,nexus_found,175319,Faultier's PBR Armors and Clothes,Faultierfan,name_exact,high,735131,Faultier's PBR Armors and Clothes,1.0,MAIN,,folder matches the file name
Vanaheimr - Landscapes - AIO - PBR,191,nexus_found,145439,Vanaheimr - Landscapes - AIO - Complex Material - PBR,Cl3mus,name_exact,high,797811,Vanaheimr Landscapes - AIO - PBR - 1k,6.0,MAIN,,match after dropping version/edition tokens | other files match equally well: Vanaheimr Landscapes - AIO - PBR - 2k | Vanaheimr Landscapes - AIO - PBR - 4k | folder matches the file name
Ruins Clutter Improved PBR,192,nexus_found,152196,Ruins Clutter Improved PBR,TyLuis (uploader TyLuiss),name_exact,high,657281,Ruins Clutter Improved PBR,2.0,MAIN,,folder matches the file name
Faultier's PBR Skyrim AIO 2k,194,not_found,,,,,,,,,,,no close name match
Falskaar - Landscape Texture Fix,197,nexus_found,139242,Falskaar - Landscape Texture Fix,HeartFlow,name_exact,high,584077,Falskaar - Landscape Texture Fix,1.0,MAIN,Falskaar - Landscape Texture Revert.esl,folder matches the file name
ERM - Textures pbr,198,not_found,,,,,,,,,,,"closest: Missing PBR Textures for Leostevano PBR Conversion of Skurkbro Textures (#166885, s=0.50, dl=156)"
3D Whiterun Trellis pbr,218,nexus_ambiguous,153681,3D Whiterun Trellis - Complex Material and PBR,Leo,name_fuzzy,low,731914,3D Whiterun Trellis - Complex Material and PBR,1.1.0,MAIN,,no file name matches the folder; the only current MAIN file is suggested
Icy Windhelm - Windhelm Entrance Overhaul patch,224,nexus_ambiguous,96759,Lively's Patch for Icy Windhelm and City Entrances Overhaul - Windhelm,Lively (uploader Livelynightmare),name_fuzzy,low,410862,Icy Windhelm - City Entrances Overhaul Windhelm,1.0,MAIN,,"no file name matches the folder; the only current MAIN file is suggested | alternatives: City Entrances Overhaul - Windhelm (#19400, s=0.65, dl=1125939); Ryn's Farms X Windhelm Entrance Overhaul (#167755, s=0.63, dl=138); Icy Windhelm - Lux Orbis Patch Hub (#121025, s=0.62, dl=1154103)"
Serana Re-Imagined - Eyes Re-Visited,230,nexus_found,104129,Serana Re-Imagined - Eyes Re-Visited,naChooey,name_exact,high,448328,Serana Re-Imagined - Eyes Re-Visited,1.1.0,MAIN,,folder matches the file name
Hood Plus Hair for Serana Re-Imagined,231,nexus_found,43495,Hood Plus Hair for Serana Re-Imagined,mkthunderwd,name_exact,high,246187,Hood Plus Hair for Serana Re-Imagined,1.5,OLD_VERSION,Serana Re-Imagined.esp,folder matches the file name | suggested file only exists as OLD_VERSION; current MAIN: Hood Plus Hair for Serana Re-Imagined - Red v2.0b (#450836)
Serana Re-Imagined,232,nexus_found,43430,Serana Re-Imagined SE,Froztee,name_exact,high,181651,Serana Re-Imagined SE,2.0,MAIN,Serana Re-Imagined.esp,linked plugin(s) found in this mod's files: Serana Re-Imagined.esp | match after dropping version/edition tokens | mod flagged adult content | other files match equally well: Serana Re-Imagined ESL Version | folder matches the file name
Ashe - A Visual Replacer2,233,nexus_found,135355,Ashe - A Visual Replacer,urbon,name_exact,high,568923,Ashe - A Visual Replacer,1.0.1,MAIN,Ashe - Visual Replacer.esp,linked plugin(s) found in this mod's files: Ashe - Visual Replacer.esp | folder matches the file name
Serana Dialogue Add-On x Ashe - Crystal Heart - Full Banter Patch (Asherana)2,234,nexus_found,167123,Serana Dialogue Add-On x Ashe - Crystal Heart - Full Banter Patch (Asherana),Martimius,name_exact,high,806955,Ashe and Serana Banter Patch 1.0.11,1.0.11,MAIN,,no file name matches the folder; the only current MAIN file is suggested
Ashe Inigo Patch,235,nexus_found,135085,Ashe - Crystal Heart,Martimius,name_exact,high,573564,Ashe Inigo Patch,1.0InigoPatch,OPTIONAL,Ashe Inigo Compatibility Patch.esp,linked plugin(s) found in this mod's files: Ashe Inigo Compatibility Patch.esp | mod flagged adult content | folder matches the file name
Ashe Static Skill Leveling Patch,236,nexus_found,135085,Ashe - Crystal Heart,Martimius,name_exact,high,661064,Ashe Static Skill Leveling Patch,1.1SSLPatch,OPTIONAL,Ashe - Crystal Heart - Static Skill Levelling Patch.esp,mod flagged adult content | folder matches the file name | matched a file of a mod already identified for other folders (second pass)
Ashe Lux Patch,237,nexus_found,135085,Ashe - Crystal Heart,Martimius,name_exact,high,659984,Ashe Lux Patch,1.0LuxPatch,OPTIONAL,Lux - Ashe - Crystal Heart Patch.esp,mod flagged adult content | folder matches the file name | matched a file of a mod already identified for other folders (second pass)
Ashe 3,238,nexus_ambiguous,135085,Ashe - Crystal Heart,Martimius,name_fuzzy,low,802310,Ashe - Crystal Heart SE,1.3.7,MAIN,Ashe - Fire and Blood.esp;Ashe Impressionist Patches.esp;Ashe RCO Patch.esp,mod flagged adult content | no file name matches the folder; the only current MAIN file is suggested
JK's Fort Dawnguard - SDA Patch,239,nexus_ambiguous,160127,ELFX - JKs Fort Dawnguard IFD Patch,Fallven,name_fuzzy,low,,,,,,linked plugin(s) found only in other mods: JKs Fort Dawnguard - SDA patch.esp | no file name matches the folder; several MAIN files: ELFX - JKs Fort Dawnguard IFD Patch | ELFX - JKs Fort Dawnguard IFD Patch no DTE | name-linked plugin(s) that Nexus places in other mods: JKs Fort Dawnguard - SDA patch.esp
SDA - Standing stones patch,240,nexus_ambiguous,64969,Ryn's Standing Stones,Ryn (uploader Ryn2g),name_fuzzy,low,643771,Ryn's Standing Stones,1.8,MAIN,,"no file name matches the folder; the only current MAIN file is suggested | alternatives: Stave Church (Ilinalta) - Ryn's Standing Stones patch (#124603, s=0.68, dl=842); Sedentary Standing Stones (#31508, s=0.67, dl=53898)"
SDA - Lazy Lux Patches,241,nexus_found,80934,Lazy Lux Patches,eberkain,name_fuzzy,medium,,,,,SDA - UnLux.esp,no file name matches the folder; several MAIN files: Aethernautics UnLux Patch | Brotherhood of Old UnLux Patch | Dark Arts Un-Lux Patch | FryManor UnLux Patch
SDA Patch Hub SE,242,not_found,,,,,,,,,,,"closest: KVE - Serana Patch Hub For Non-SDA Users (#176964, s=0.53, dl=1897)"
Serana Dialogue Add-On,243,nexus_found,32161,Serana Dialogue Add-On,Martimius,name_exact,high,750588,Serana Dialogue Add-On SE,4.3.2,MAIN,SeranaDialogAddon.esp,other files match equally well: Serana Dialogue Add-On 1.0 (Legacy) | Serana Dialogue Add-On SE (4.3 Legacy) | folder matches the file name
IFD Lydia Voice Fix - Skypatched,244,nexus_found,124004,IFD Lydia Voice Fix - Skypatched,NordyMcNordface,name_exact,high,692785,Improved Follower Dialog Lydia Skypatcher,1.0.1,MAIN,,no file name matches the folder; the only current MAIN file is suggested
Improved Follower Dialogue - Lydia,245,nexus_found,38473,Improved Follower Dialogue - Lydia,Roadhouse699 - LMG Wilson,name_exact,high,527423,Improved Follower Dialogue - Lydia,4.2.2,MAIN,ImprovedCompanionsBoogaloo.esp;LydiaPatchForLOTD.esp;LydiaPatchForWyrmstooth.esp,"folder matches the file name | alternatives: Improved Follower Dialogue - Lydia - INIGO (Minor Patch) (#81203, s=0.90, dl=197661); Improved Follower Dialogue - Lydia - Vilja (Minor Patch) (#95632, s=0.90, dl=8683)"
Dragonborn ReVoiced2,247,nexus_found,184221,Dragonborn ReVoiced (DBReV),Raynor1511,name_exact,high,803308,Dragonborn ReVoiced,1.5.2,MAIN,DBReV.esp,folder matches the file name
Cinematic Conversation Camera 1.3.2,248,nexus_found,187087,Cinematic Conversation Camera,hashhbbrown,name_exact,high,791805,Cinematic Conversation Camera 1.3.2,1.3.2,OLD_VERSION,,folder matches the file name | file version matches the version in the folder name | suggested file only exists as OLD_VERSION; current MAIN: Cinematic Conversation Camera 1.4.8 v1.4.8 (#809583)
Unique Jarl Throne Sitting Animation,249,nexus_found,174752,Unique Jarl Throne Sitting Animation (OAR),daubuoi (uploader daubuoibuoi),name_exact,high,736655,Unique Jarl Throne Sitting Animation,1.0.0,MAIN,Unique Jarl Throne Sitting Animation.esp,linked plugin(s) found in this mod's files: Unique Jarl Throne Sitting Animation.esp | folder matches the file name
Whistling in Skyrim,250,nexus_found,114781,Whistling in Skyrim,JobiWanUK,name_exact,high,669391,Whistling in Skyrim,1.01,MAIN,Whistling in Skyrim.esp,linked plugin(s) found in this mod's files: Whistling in Skyrim.esp | folder matches the file name
Walking Stick - Walk with staves or polearms - IED-OAR,251,nexus_found,120966,Walking Stick - Walk with staves or polearms - IED-OAR,GiraPomba,name_exact,high,508070,Walking Stick,1.1.1,MAIN,,no file name matches the folder; the only current MAIN file is suggested
Dova Jump,252,nexus_found,125550,Dova Jump,Ignandr9,name_exact,high,781053,DOVAJUMP (0.9.1.3),0.9.1.3,MAIN,,folder matches the file name
Dynamic Relaxed sneak OAR,253,nexus_found,174139,Dynamic Relaxed sneak OAR,kahvipannu84,name_exact,high,729653,Dynamic Relaxed sneak OAR,1.00,MAIN,,folder matches the file name
Diverse Chicken Coops - CoTN Winterhold Patch,256,nexus_found,152612,Diverse Chicken Coops - Base Object Swapper,FrankBlack,name_exact,high,708850,Diverse Chicken Coops - CoTN Winterhold Patch,1.4,OPTIONAL,,folder matches the file name
Diverse Chicken Coops - Great Town of Shor's Stone,258,nexus_found,152612,Diverse Chicken Coops - Base Object Swapper,FrankBlack,name_exact,high,698552,Diverse Chicken Coops - Great Town of Shor's Stone,1.4,OPTIONAL,,folder matches the file name
Immersive Magic Brooms Legacy of the Dragonborn Patch (Optional),268,nexus_ambiguous,171369,Immersive Magic Brooms - My patches by Xtudo - High Poly Project Legacy of the Dragonborn,Author PixieBomb - My patches by Xtudo,name_fuzzy,low,,,,,FA03LOTDBroomPatch.esp,no file name matches the folder; several MAIN files: Immersive Magic Brooms - HPP patch by Xtudo | Immersive Magic Brooms - LOTD patch by Xtudo | Immersive Magic Brooms - My Tweaks by Xtudo
Sonders Raysense Wall Leaning ALT F,271,nexus_found,188857,Sonder's Raysense Wall Leaning,SonderBain,name_exact,high,791775,Sonders Raysense Wall Leaning ALT F,1.1,MISCELLANEOUS,,folder matches the file name | matched a file of a mod already identified for other folders (second pass)
Sonder's Raysense Wall Leaning,272,nexus_found,188857,Sonder's Raysense Wall Leaning,SonderBain,name_exact,high,800830,Sonders Raysense Wall Leaning,1.2,MAIN,,folder matches the file name
Dynamic Wind - Nature Of The Wild Lands Patch,273,nexus_found,177951,Dynamic Wind - Nature of the Wild Lands Patch,LordPhoenix82nd,name_exact,medium,745335,Dynamic Wind - Nature Of The Wild Lands Patch,1.1,MAIN,,"another mod has an equally exact name; picked the far more downloaded one | folder matches the file name | alternatives: Dynamic Winds - Nature of the Wild Lands Patch (#187867, s=1.00, dl=3170)"
DynamicWindSkyrim,274,nexus_found,177024,Dynamic Wind - Skyrim,RavenKZP,name_exact,high,741468,DynamicWindSkyrim,1,MAIN,DynamicWindSkyrim.esp,linked plugin(s) found in this mod's files: DynamicWindSkyrim.esp | folder matches the file name
Dynamic Wind Framework,275,nexus_found,177023,Dynamic Wind Framework - SKSE Plugin,RavenKZP,name_exact,high,757944,Dynamic Wind Framework,1.4,MAIN,,folder matches the file name
ParticleWind NG 3.5,276,not_found,,,,,,,,,,,"closest: Undaunted NG (#86098, s=0.51, dl=7199)"
Kojaks Ambient Flying Dragons,278,nexus_found,124003,Kojaks Ambient Flying Dragons,Kojak747,name_exact,high,530387,Kojaks Ambient Dragons,1.6,MAIN,Kojaks Ambient Dragons.esp,linked plugin(s) found in this mod's files: Kojaks Ambient Dragons.esp | folder matches the file name
Immersive Flying Books,279,nexus_found,166415,Immersive Flying Books,CozySienna,name_exact,high,701969,Immersive Flying Books,1.21,MAIN,ImmersiveFlyingBooks.esp;ImmersiveFlyingBooks - Arcaneum Patch.esp;ImmersiveFlyingBooks - COTN Dawnstar Patch.esp;ImmersiveFlyingBooks - JK's Arcadia's Cauldron Patch.esp;ImmersiveFlyingBooks - JK's Blue Palace Patch.esp;ImmersiveFlyingBooks - JK's Elgrims Elixirs Patch.esp;ImmersiveFlyingBooks - JK's The Hag's Cure Patch.esp;ImmersiveFlyingBooks - LOTD Patch.esp,linked plugin(s) found in this mod's files: ImmersiveFlyingBooks.esp | folder matches the file name
Wayshrines - JK's Skyhaven patch,280,not_found,,,,,,,,,,,"closest: JK's The Bannered Mare Wayshrines of Tamriel Patch (#68325, s=0.62, dl=333)"
Open Wayshrines Add-on for SWIFT - Skyrim Wayshrines Immersive Fast Travel,283,nexus_found,30372,Open Wayshrines Add-on for SWIFT -  Skyrim Wayshrines Immersive Fast Travel,SaiMika,name_exact,high,113440,Open Wayshrines for SWIFT - Tidy,1.0.0,MAIN,smSWIFTshrineSymmetryTidy.esp,other files match equally well: Open Wayshrines for SWIFT - Basic | folder matches the file's archive name
Skyrim Wayshrines - Immersive Fast Travel - SWIFT SE,284,nexus_found,17905,Skyrim Wayshrines - Immersive Fast Travel - SWIFT SE,Pharros (uploader jss2a98aj),name_exact,high,241879,SWIFT SE 3.2.6,3.2.6,MAIN,WayshrinesIFT - Landscape and Water Fixes patch.esp;WayshrinesIFT.esp;WayshrinesIFTDarkend.esp;WayshrinesIFTFalskaar.esp;WayshrinesIFTGrayCowl.esp;WayshrinesIFTWyrmstooth.esp,no file name matches the folder; the only current MAIN file is suggested
SMP Wind NG,285,nexus_found,107718,SMP Wind NG,jg1 (uploader devpieron),name_exact,high,456054,SMP Wind NG,1.0.1,MAIN,,"folder matches the file name | alternatives: SMP Wind NG - 1.5.97 (#182937, s=0.97, dl=904)"
SMP Wind,286,nexus_found,76776,SMP Wind,jg1,name_exact,high,323734,SMP Wind,1.1.0,ARCHIVED,SMP Wind MCM.esp,folder matches the file name | suggested file only exists as ARCHIVED; current MAIN: SMP Wind 1170 v2.3.0-1170 (#465062)
BTS01Margot - Wyrmstooth DBVO Patch,287,nexus_found,167746,Margot - DBVO Voice Pack,BeyondTheScript,name_exact,high,703081,BTS01Margot - Wyrmstooth DBVO Patch,0.9,OPTIONAL,,folder matches the file name | matched a file of a mod already identified for other folders (second pass)
BTS01Margot - Vigilant DBVO Patch,288,nexus_found,167746,Margot - DBVO Voice Pack,BeyondTheScript,name_exact,high,703078,BTS01Margot - Vigilant DBVO Patch,0.9,OPTIONAL,,folder matches the file name | matched a file of a mod already identified for other folders (second pass)
BTS01Margot - Legacy of the Dragonborn DBVO Patch,289,nexus_found,167746,Margot - DBVO Voice Pack,BeyondTheScript,name_exact,high,702379,BTS01Margot - Legacy of the Dragonborn DBVO Patch,0.9,OPTIONAL,,folder matches the file name | matched a file of a mod already identified for other folders (second pass)
BTS01Margot - RHO DBVO Patch,290,nexus_found,167746,Margot - DBVO Voice Pack,BeyondTheScript,name_exact,high,703070,BTS01Margot - RHO DBVO Patch,0.9,OPTIONAL,,folder matches the file name | matched a file of a mod already identified for other folders (second pass)
BTS01Margot - Caught Red Handed DBVO Patch,291,nexus_found,167746,Margot - DBVO Voice Pack,BeyondTheScript,name_exact,high,703047,BTS01Margot - Caught Red Handed DBVO Patch,0.9,OPTIONAL,,folder matches the file name | matched a file of a mod already identified for other folders (second pass)
BTS01Margot - CDB DBVO Patch,292,nexus_found,167746,Margot - DBVO Voice Pack,BeyondTheScript,name_exact,high,703049,BTS01Margot - CDB DBVO Patch,0.9,OPTIONAL,,folder matches the file name | matched a file of a mod already identified for other folders (second pass)
BTS01Margot - Curse of the Hound Amulet DBVO Patch,293,nexus_found,167746,Margot - DBVO Voice Pack,BeyondTheScript,name_exact,high,703052,BTS01Margot - Curse of the Hound Amulet DBVO Patch,0.9,OPTIONAL,,folder matches the file name | matched a file of a mod already identified for other folders (second pass)
BTS01Margot - Cutting Room Floor DBVO Patch,294,nexus_found,167746,Margot - DBVO Voice Pack,BeyondTheScript,name_exact,high,703053,BTS01Margot - Cutting Room Floor DBVO Patch,0.9,OPTIONAL,,folder matches the file name | matched a file of a mod already identified for other folders (second pass)
BTS01Margot - Darkend DBVO Patch,295,nexus_found,167746,Margot - DBVO Voice Pack,BeyondTheScript,name_exact,high,703056,BTS01Margot - Darkend DBVO Patch,0.9,OPTIONAL,,folder matches the file name | matched a file of a mod already identified for other folders (second pass)
BTS01Margot - Sirenroot DBVO Patch,296,nexus_found,167746,Margot - DBVO Voice Pack,BeyondTheScript,name_exact,high,703071,BTS01Margot - Sirenroot DBVO Patch,0.9,OPTIONAL,,folder matches the file name | matched a file of a mod already identified for other folders (second pass)
BTS01Margot - Wheels of Lull DBVO Patch,297,nexus_found,167746,Margot - DBVO Voice Pack,BeyondTheScript,name_exact,high,703080,BTS01Margot - Wheels of Lull DBVO Patch,0.9,OPTIONAL,,folder matches the file name | matched a file of a mod already identified for other folders (second pass)
BTS01Margot - Unslaad DBVO Patch,298,nexus_found,167746,Margot - DBVO Voice Pack,BeyondTheScript,name_exact,high,703396,BTS01Margot - Unslaad DBVO Patch,0.9,OPTIONAL,,folder matches the file name | matched a file of a mod already identified for other folders (second pass)
BTS01Margot - Undeath DBVO Patch,299,nexus_found,167746,Margot - DBVO Voice Pack,BeyondTheScript,name_exact,high,703076,BTS01Margot - Undeath DBVO Patch,0.9,OPTIONAL,,folder matches the file name | matched a file of a mod already identified for other folders (second pass)
BTS01Margot - Tools of Kagrenac DBVO Patch,300,nexus_found,167746,Margot - DBVO Voice Pack,BeyondTheScript,name_exact,high,703075,BTS01Margot - Tools of Kagrenac DBVO Patch,0.9,OPTIONAL,,folder matches the file name | matched a file of a mod already identified for other folders (second pass)
BTS01Margot - The Choice Is Yours DBVO Patch,301,nexus_found,167746,Margot - DBVO Voice Pack,BeyondTheScript,name_exact,high,703074,BTS01Margot - The Choice Is Yours DBVO Patch,0.9,OPTIONAL,,folder matches the file name | matched a file of a mod already identified for other folders (second pass)
BTS01Margot - Teldryn Serious DBVO Patch,302,nexus_found,167746,Margot - DBVO Voice Pack,BeyondTheScript,name_exact,high,703073,BTS01Margot - Teldryn Serious DBVO Patch,0.9,OPTIONAL,,folder matches the file name | matched a file of a mod already identified for other folders (second pass)
BTS01Margot - Remi DBVO Patch,303,nexus_found,167746,Margot - DBVO Voice Pack,BeyondTheScript,name_exact,high,702384,BTS01Margot - Remi DBVO Patch,0.9,OPTIONAL,,folder matches the file name | matched a file of a mod already identified for other folders (second pass)
BTS01Margot - Project AHO DBVO Patch,304,nexus_found,167746,Margot - DBVO Voice Pack,BeyondTheScript,name_exact,high,703069,BTS01Margot - Project AHO DBVO Patch,0.9,OPTIONAL,,folder matches the file name | matched a file of a mod already identified for other folders (second pass)
BTS01Margot - Moon and Star DBVO Patch,305,nexus_found,167746,Margot - DBVO Voice Pack,BeyondTheScript,name_exact,high,703067,BTS01Margot - Moon and Star DBVO Patch,0.9,OPTIONAL,,folder matches the file name | matched a file of a mod already identified for other folders (second pass)
BTS01Margot - Missives DBVO Patch,306,nexus_found,167746,Margot - DBVO Voice Pack,BeyondTheScript,name_exact,high,703066,BTS01Margot - Missives DBVO Patch,0.9,OPTIONAL,,folder matches the file name | matched a file of a mod already identified for other folders (second pass)
BTS01Margot - Midwood Isle DBVO Patch,307,nexus_found,167746,Margot - DBVO Voice Pack,BeyondTheScript,name_exact,high,703065,BTS01Margot - Midwood Isle DBVO Patch,0.9,OPTIONAL,,folder matches the file name | matched a file of a mod already identified for other folders (second pass)
BTS01Margot - HoH Quest Expansion DBVO Patch,308,nexus_found,167746,Margot - DBVO Voice Pack,BeyondTheScript,name_exact,high,703061,BTS01Margot - HoH Quest Expansion DBVO Patch,0.9,OPTIONAL,,folder matches the file name | matched a file of a mod already identified for other folders (second pass)
BTS01Margot - Gray Cowl of Nocturnal DBVO Patch,309,nexus_found,167746,Margot - DBVO Voice Pack,BeyondTheScript,name_exact,high,703051,BTS01Margot - Gray Cowl of Nocturnal DBVO Patch,0.9,OPTIONAL,,folder matches the file name | matched a file of a mod already identified for other folders (second pass)
BTS01Margot - Falskaar DBVO Patch,310,nexus_found,167746,Margot - DBVO Voice Pack,BeyondTheScript,name_exact,high,703057,BTS01Margot - Falskaar DBVO Patch,0.9,OPTIONAL,,folder matches the file name | matched a file of a mod already identified for other folders (second pass)
BTS01Margot - Forgotten City DBVO Patch,311,nexus_found,167746,Margot - DBVO Voice Pack,BeyondTheScript,name_exact,high,703058,BTS01Margot - Forgotten City DBVO Patch,0.9,OPTIONAL,,folder matches the file name | matched a file of a mod already identified for other folders (second pass)
BTS01Margot - Inigo DBVO Patch,312,nexus_found,167746,Margot - DBVO Voice Pack,BeyondTheScript,name_exact,high,702376,BTS01Margot - Inigo DBVO Patch,0.9,OPTIONAL,,folder matches the file name | matched a file of a mod already identified for other folders (second pass)
BTS01Margot - Baba Yaga DBVO Patch,313,nexus_found,167746,Margot - DBVO Voice Pack,BeyondTheScript,name_exact,high,703044,BTS01Margot - Baba Yaga DBVO Patch,0.9,OPTIONAL,,folder matches the file name | matched a file of a mod already identified for other folders (second pass)
BTS01Margot - Belethor's Sister DBVO Patch,314,nexus_found,167746,Margot - DBVO Voice Pack,BeyondTheScript,name_exact,high,703378,BTS01Margot - Belethor's Sister DBVO Patch,0.91,OPTIONAL,,folder matches the file name | matched a file of a mod already identified for other folders (second pass)
BTS01Margot - Beyond Skyim Bruma DBVO Patch,315,nexus_found,167746,Margot - DBVO Voice Pack,BeyondTheScript,name_exact,high,703379,BTS01Margot - Beyond Skyim Bruma DBVO Patch,0.91,OPTIONAL,,folder matches the file name | matched a file of a mod already identified for other folders (second pass)
BTS01Margot - CoT DBVO Patch,316,nexus_found,167746,Margot - DBVO Voice Pack,BeyondTheScript,name_exact,high,703048,BTS01Margot - CoT DBVO Patch,0.9,OPTIONAL,,folder matches the file name | matched a file of a mod already identified for other folders (second pass)
BTS01Margot - Honed Metal DBVO Patch,317,nexus_found,167746,Margot - DBVO Voice Pack,BeyondTheScript,name_exact,high,702373,BTS01Margot - Honed Metal DBVO Patch,0.9,OPTIONAL,,folder matches the file name | matched a file of a mod already identified for other folders (second pass)
BTS01Margot - Ashe DBVO Patch,318,nexus_found,167746,Margot - DBVO Voice Pack,BeyondTheScript,name_exact,high,703377,BTS01Margot - Ashe DBVO Patch,0.91,OPTIONAL,,folder matches the file name | matched a file of a mod already identified for other folders (second pass)
BTS01Margot - 3DNPC DBVO Patch,319,nexus_found,167746,Margot - DBVO Voice Pack,BeyondTheScript,name_exact,high,700834,BTS01Margot - 3DNPC DBVO Patch,0.9,OPTIONAL,,folder matches the file name | matched a file of a mod already identified for other folders (second pass)
Margot - DBVO Voice Pack,320,nexus_found,167746,Margot - DBVO Voice Pack,BeyondTheScript,name_exact,high,700831,BTS01Margot - DBVO Voice Pack,1.0,MAIN,,no file name matches the folder; the only current MAIN file is suggested
Gulan0 Animations-Walk-run-sprinting rework,323,nexus_found,164743,Gulan0 Animations-Walk-run-sprinting rework,Gulan0,name_exact,high,,,,,,no file name matches the folder; several MAIN files: Gulan0_walk_run_sprint | Gulan0_walk_run_sprint- OAR | Gulan0_walk_run_sprint- OAR-player
Guards Pose with Weapons,325,nexus_found,110005,Guards pose with weapons IED-OAR,GiraPomba,name_fuzzy,medium,694171,Guards Pose,1.2.1,MAIN,,no file name matches the folder; the only current MAIN file is suggested
Carry My Stuff Horse,327,nexus_found,78205,Carry My Stuff Horse,GiraPomba,name_exact,high,415128,Carry My Stuff Horse,3.0,MAIN,,folder matches the file name
UNDERDOG - Animations 3.0,328,nexus_found,51811,UNDERDOG - Animations - OAR,Hiro aka Tsaxaman,name_exact,high,693465,UNDERDOG - Animations - OAR,3.0.1,MAIN,,match after dropping version/edition tokens | folder matches the file name | file version matches the version in the folder name
Dynamic Female Table Leaning,331,nexus_found,151307,Dynamic Female Table Leaning,Sonderbain,name_exact,high,800827,Dynamic Female Table Leaning,1.2,MAIN,,folder matches the file name
Malignis Animations - Conditions,333,nexus_found,132028,Malignis Animations - Conditions,MayaAnimator (uploader JVraven),name_exact,high,705554,Malignis Animations - Conditions v1.08,1.08,MAIN,,folder matches the file name
Immersive Interactions for Quick Loot,334,nexus_found,96894,Immersive Interactions for Quick Loot,GiraPomba,name_exact,high,411474,Immersive Interactions - Quick Loot,1.1,ARCHIVED,ImmersiveInteractions_QuickLoot.esp,linked plugin(s) found in this mod's files: ImmersiveInteractions_QuickLoot.esp | folder matches the file name | suggested file only exists as ARCHIVED; current MAIN: Immersive Interactions - Quick Loot with Timer v1.5 (#455775)
Dovahkiin can lean Sit Kneel Lay down and Meditate etc too,335,nexus_found,32748,Dovahkiin can lean Sit Kneel Lay down and Meditate etc too,Soupdragon (uploader soupdragon1234),name_exact,high,124694,Use Special Markers,1.0,MAIN,Use Special Markers.esp,no file name matches the folder; newest MAIN file suggested
Random emotions CEE patch,336,nexus_found,91438,Conditional Expressions Extended,crajj,name_exact,high,649777,Random emotions CEE patch,1.0.0,OPTIONAL,,folder matches the file name | matched a file of a mod already identified for other folders (second pass)
Random Emotions SSE,337,nexus_found,70883,Random Emotions SSE,cryomorph and MaskedRPGFan,name_exact,medium,296897,Random Emotions,0.25.2,MAIN,Random Emotions.esp,"another mod has an equally exact name but only as an archived/old file | linked plugin(s) found in this mod's files: Random Emotions.esp | folder matches the file name | alternatives: Random Emotions SE (#29855, s=1.00, dl=32220)"
Immersive Equipment Displays (IED) - Mura Presets,338,nexus_found,62360,Immersive Equipment Displays (IED) - Mura Presets,Mura - SlavicPotato (uploader Mur4s4me),name_exact,high,258710,Immersive Equipment Displays - Mura Presets,1.1,MAIN,,folder matches the file name
dbvo_jinx_sda_patch,339,nexus_found,124428,Jinx DBVO Voice Pack,edhironAsdhuriel,name_exact,high,621140,dbvo_jinx_sda_patch,1.0,ARCHIVED,,mod flagged adult content | folder matches the file name | suggested file only exists as ARCHIVED; current MAIN: dbvoJINX v1.5 (#584879)
dbvo_jinx_vigilant,340,nexus_found,124428,Jinx DBVO Voice Pack,edhironAsdhuriel,name_exact,high,667671,dbvo_jinx_vigilant,1.0,OPTIONAL,,mod flagged adult content | folder matches the file name
dbvo_jinx_quest_exp_patch,341,nexus_found,124428,Jinx DBVO Voice Pack,edhironAsdhuriel,name_exact,high,611907,dbvo_jinx_quest_exp_patch,1.0,OPTIONAL,,mod flagged adult content | folder matches the file name
dbvo_jinx_lotd_patch,342,nexus_found,124428,Jinx DBVO Voice Pack,edhironAsdhuriel,name_exact,high,584886,dbvo_jinx_lotd_patch,1.5,OPTIONAL,,mod flagged adult content | folder matches the file name
Jinx DBVO Voice Pack,343,nexus_found,124428,Jinx DBVO Voice Pack,edhironAsdhuriel,name_exact,high,584879,dbvoJINX,1.5,MAIN,,mod flagged adult content | no file name matches the folder; the only current MAIN file is suggested
DBVO Vampira,344,nexus_found,163621,DBVO Vampira,AuctorLucan,name_exact,high,779517,DBVO Vampira FOMOD,2026-07-20-HotFix,MAIN,,no file name matches the folder; the only current MAIN file is suggested
PC Head Tracking and Voice Type SE,345,nexus_found,11993,PC Head Tracking and Voice Type SE,HHaleyy (uploader Tooneyman),name_exact,high,223187,PC Head Tracking - MCM v4.8 SE,v4.8,MAIN,PC Head Tracking - MCM.esp;PC Head Tracking - Patch.esp,"no file name matches the folder; the only current MAIN file is suggested | alternatives: Nero PC Head Tracking and Voice Type (#92124, s=0.92, dl=717); Dante PC Head Tracking and Voice Type (#91837, s=0.92, dl=1243)"
Helmet Toggle 2 NEW2,348,nexus_found,100617,Helmet Toggle 2,GiraPomba,name_exact,high,802153,Helmet Toggle 2,3.6.3,MAIN,Helmet Toggle 2.esp,linked plugin(s) found in this mod's files: Helmet Toggle 2.esp | match after dropping version/edition tokens | folder matches the file name
Detailed Landscapes - Animated Ships Replacer,398,nexus_found,172876,Detailed Landscapes - Animated Ships Replacer,BecomingNplus1,name_exact,high,724567,Detailed Landscapes - Animated Ships Replacer,1.3,MAIN,,folder matches the file name
Immersive Weapon Switch,422,nexus_found,139762,Immersive Weapon Switch - SKSE plugin,RavenKZP with QTR Modding,name_exact,high,653798,Immersive Weapon Switch,3.3.4,MAIN,,folder matches the file name
SkyPrompt - Edge UI Patch,424,nexus_found,148703,SkyPrompt,Quantumyilmaz,name_exact,high,673269,Edge UI Patch,2.4.0,OPTIONAL,,folder matches '<mod name> <file name>'
Timescale 10,426,nexus_found,1053,Timescale,DaniWesNL,name_exact,high,1017,Timescale 10,1.1,MAIN,timescale10.esp,folder matches the file name
horseAnimations2,428,nexus_ambiguous,111767,Dynamic Horse Petting Animations for Immersive Interactions,TheCyclist,name_fuzzy,low,514727,Dynamic Horse Petting Animations,1.11,MAIN,,no file name matches the folder; the only current MAIN file is suggested
Phantom Horse,429,nexus_found,135906,Phantom Horse,Smooth (uploader lSmoothl),name_exact,high,573475,Phantom Horse,2.0,MAIN,Phantom Horse.esp,linked plugin(s) found in this mod's files: Phantom Horse.esp | folder matches the file name
Horsepower Ragdoll - SC Horses Skeleton Patch,431,nexus_found,169335,HorsePower - Modernized Horse Riding (Total Riding Overhaul),Tsptds - Mxnedula - Sphyx,name_exact,high,713889,Horsepower Ragdoll - SC Horses Skeleton Patch,1.0.1,OPTIONAL,Horsepower_Ragdoll - SC Horses Patch.esp,linked plugin(s) found in this mod's files: Horsepower_Ragdoll - SC Horses Patch.esp | folder matches the file name
SC Horses - Glowing Horse Fix,433,nexus_found,169356,SC Horses - Glowing Horse Fix,Lens (uploader 3ncanis),name_exact,high,707782,SC Horses - Glowing Horse Fix,0.1,MAIN,,folder matches the file name
SC Horse Eye Replacer,434,nexus_found,141684,SC Horse Eye Replacer,Miia (uploader walrusmafiaso),name_exact,high,594140,SC Horse Eye Replacer,1.1,MAIN,,folder matches the file name
SC_HorseReplacer_SSE,435,non_nexus,,,,manual_hint,medium,,,,,,SC Horse Replacer (Patreon/non-Nexus)
SC_HorseReplacer,436,non_nexus,,,,manual_hint,medium,,,,,,SC Horse Replacer (Patreon/non-Nexus)
Levitation - a Paraglider add-on Stand-Alone green aura,437,nexus_found,113958,Levitation - a Paraglider add-on Stand-Alone,CultCC ZadeL2P,name_exact,high,480362,Green Aura,1.0,OPTIONAL,,folder matches '<mod name> <file name>'
Levitation - a Paraglider add-on Stand-Alone,438,nexus_found,113958,Levitation - a Paraglider add-on Stand-Alone,CultCC ZadeL2P,name_exact,high,480215,Levitation-Stand-Alone,1.0,MAIN,ParaglidingLevitationAddon.esp,no file name matches the folder; the only current MAIN file is suggested
Improved Camera - First Person Animations,439,nexus_found,159145,Improved Camera - First Person Animations,TwistedModding - ArranzCNL,name_exact,high,673008,Improved Camera - First Person Animations,1.0.3,MAIN,,folder matches the file name
Improved Camera SE,440,nexus_found,93962,Improved Camera SE,ArranzCNL (uploader TwistedModding),name_exact,high,664197,Improved Camera SE,1.1.2,MAIN,,folder matches the file name
Skyrim Outfit Equipment System NG,443,nexus_found,147011,Skyrim Outfit Equipment System NG,koukibyou,name_exact,high,615397,SkyrimOutfitEquipmentSystemNG,1.0.4,MAIN,SkyrimOutfitEquipmentSystemNG.esp,linked plugin(s) found in this mod's files: SkyrimOutfitEquipmentSystemNG.esp | folder matches the file name
Skyrim Souls RE for Skyrim 1.5,444,nexus_found,120085,Skyrim Souls RE for Skyrim 1.5,Vermunds and Fudgyduff (uploader Fuzzlesz),name_exact,high,809466,Skyrim Souls RE for Skyrim 1.5,3.1.2,MAIN,,folder matches the file name
Skyrim Souls RE - Updated,445,nexus_found,155280,Skyrim Souls RE - Updated - (Fixed),Fudgyduff Vermunds TwistedModding,name_exact,high,650644,Skyrim Souls RE Updated Fixed,1.1.1,MAIN,,match after dropping version/edition tokens | folder matches the file name
Scrolling Speed NG,446,nexus_found,154251,Scrolling Speed NG,Sthaagg Memnochs,name_exact,high,647078,Scrolling Speed NG,2.0.2,MAIN,Scrolling Speed NG.esp,linked plugin(s) found in this mod's files: Scrolling Speed NG.esp | folder matches the file name
Paraglider Replacers 2k-4k,452,nexus_found,108626,Paraglider Replacers 2k-4k,Haladoon,name_exact,high,,,,,,no file name matches the folder; several MAIN files: Paraglider 2k | Paraglider 4k | Paraglider Dawnguard 2k | Paraglider Dawnguard 4k
Additional Pandora Patch For CRC32 Cache,455,nexus_found,132292,SkyParkour v3 - Procedural Parkour and Climbing Framework (SPPF),Tsptds - JellyfishInLoop,name_exact,high,747633,Pandora Animation Cache,3.5.0,MAIN,,folder matches the file's archive name | matched a file of a mod already identified for other folders (second pass)
SkyParkour v3 - Procedural Parkour and Climbing Framework (SPPF) 2.5,456,nexus_found,132292,SkyParkour v3 - Procedural Parkour and Climbing Framework (SPPF),Tsptds - JellyfishInLoop,name_exact,high,,,,,,match after dropping version/edition tokens | no file name matches the folder; several MAIN files: Pandora Animation Cache | SkyParkour V3 - Parkour Framework
Simple Diving System (SDS) - Dive Into Water Animations and Modder Resource,457,nexus_found,154534,Simple Diving System (SDS) - Dive Into Water Animations and Modder Resource,tsptds,name_exact,high,669995,Simple Diving System,1.0.3,MAIN,,no file name matches the folder; the only current MAIN file is suggested
Follower Dialogue Expansion - Ysolda,511,nexus_found,124787,Follower Dialogue Expansion - Ysolda,Anbeegod,name_exact,high,537957,FDE Ysolda,2.0-MOST-UPDATED,MAIN,FDE Ysolda.esp,"no file name matches the folder; the only current MAIN file is suggested | alternatives: (DUBLAGEM PT-BR) Follower Dialogue Expansion - Ysolda (#126032, s=0.97, dl=2319)"
Follower Dialogue Expansion - Illia,512,nexus_found,137845,Follower Dialogue Expansion - Illia,Anbeegod,name_exact,high,719183,FDE Illia,3.0,MAIN,FDE Illia.esp,no file name matches the folder; the only current MAIN file is suggested
Follower Dialogue Expansion - Camilla Valerius,513,nexus_found,128144,Follower Dialogue Expansion - Camilla Valerius,Anbeegod,name_exact,medium,667000,FDE Camilla,2.0.1-MOST-UPDATED,MAIN,FDE Camilla.esp,"another mod has an equally exact name; picked the far more downloaded one | no file name matches the folder; the only current MAIN file is suggested | alternatives: Follower Dialogue Expansion - Camilla Valerius - DE Audio (#128541, s=1.00, dl=1397)"
Follower Dialogue Expansion - Faendal,514,nexus_found,130418,Follower Dialogue Expansion - Faendal,Anbeegod,name_exact,high,733779,FDE Faendal,1.1.1-MOST-UPDATED,MAIN,FDE Faendal.esp,no file name matches the folder; the only current MAIN file is suggested
Immersive Dialogue Expansion - Stormcloaks,515,nexus_ambiguous,178880,REBEL NORTH - Immersive Dialogue Expansion - Stormcloaks,anbeegod,name_fuzzy,low,753949,IDE Stormcloaks,3.0.1-MOST-UPDATED,MAIN,IDE Stormcloaks.esp,"no file name matches the folder; the only current MAIN file is suggested | alternatives: Immersive Dialogue Expansion - Stormcloaks (French) (#168968, s=0.82, dl=81); Immersive Dialogue Expansion - Thalmor (#168432, s=0.80, dl=549244); REBEL NORTH - Immersive Dialogue Expansion - Stormcloaks Es (#180693, s=0.78, dl=240)"
Immersive Dialogue Expansion - Thalmor,516,nexus_found,168432,Immersive Dialogue Expansion - Thalmor,Anbeegod,name_exact,high,788689,IDE Thalmor,1.0.4-LATEST,MAIN,IDE Thalmor.esp,"no file name matches the folder; the only current MAIN file is suggested | alternatives: Immersive Dialogue Expansion - Thalmor VOSTFR (#176259, s=0.90, dl=227)"
Follower Dialogue Expansion - Aela the Huntress,517,nexus_found,114801,Follower Dialogue Expansion - Aela the Huntress,Anbeegod,name_exact,high,722834,FDE Aela,9.0,MAIN,FDE Aela Part 2.esp;FDE Aela.esp,no file name matches the folder; the only current MAIN file is suggested
IDE Jorrvaskr,518,not_found,,,,,,,,,,IDE Jorrvaskr.esp,"closest: JK's Jorrvaskr (#60738, s=0.63, dl=2990326)"
Grapple a1.7,559,non_nexus,,,,manual_hint,medium,,,,,,Grapple alpha build (Patreon/non-Nexus)
anchor animation v2 Part,560,non_nexus,,,,manual_hint,medium,,,,,,Anchor animations (Patreon/non-Nexus)
4-Elden Weapon Arts for Npc 1.4.3,561,nexus_found,65625,Elden Rim - Weapon Arts 3.7.5,black achang (uploader black364),name_exact,high,600771,4-Elden Weapon Arts for Npc 1.4.3,1.4.3,OLD_VERSION,,folder matches the file name | file version matches the version in the folder name | suggested file only exists as OLD_VERSION; current MAIN: 1-Elden Rim-Weapon Art 3.2.6 v3.2.6 (#810521)
3-Elden Rim War Ash Pack03 1.1.5,562,nexus_found,65625,Elden Rim - Weapon Arts 3.7.5,black achang (uploader black364),name_exact,high,710879,3-Elden Rim War Ash Pack03 1.1.5,1.1.5,OLD_VERSION,EldenWarAshPack3.esp,folder matches the file name | file version matches the version in the folder name | suggested file only exists as OLD_VERSION; current MAIN: 1-Elden Rim-Weapon Art 3.2.6 v3.2.6 (#810521)
3-Elden Rim War Ash Pack02 1.5.3,563,nexus_found,65625,Elden Rim - Weapon Arts 3.7.5,black achang (uploader black364),name_exact,high,710878,3-Elden Rim War Ash Pack02 1.5.3,1.5.3,MAIN,EldenWarAshPack2.esp,folder matches the file name | file version matches the version in the folder name
2-Elden Rim War Ash Pack01 1.7.9,564,nexus_found,65625,Elden Rim - Weapon Arts 3.7.5,black achang (uploader black364),name_exact,high,710888,2-Elden Rim War Ash Pack01 1.7.9,1.7.9,OLD_VERSION,EldenWarAshPack1.esp,folder matches the file name | file version matches the version in the folder name | suggested file only exists as OLD_VERSION; current MAIN: 1-Elden Rim-Weapon Art 3.2.6 v3.2.6 (#810521)
1-Elden Rim-Weapon Art 3.2.2,565,nexus_found,65625,Elden Rim - Weapon Arts 3.7.5,black achang (uploader black364),name_exact,high,726607,1-Elden Rim-Weapon Art 3.2.2,3.2.2,OLD_VERSION,EldenSkyrim_RimSkills.esp,folder matches the file name | file version matches the version in the folder name | suggested file only exists as OLD_VERSION; current MAIN: 1-Elden Rim-Weapon Art 3.2.6 v3.2.6 (#810521)
Elden Rim - Base 3.72,566,nexus_found,65625,Elden Rim - Weapon Arts 3.7.5,black achang (uploader black364),name_exact,high,722819,0-Elden Rim-Base 3.7.2,3.7.2,OLD_VERSION,EldenSkyrim.esp;KeyTraceForEldenRim.esp,match after dropping version/edition tokens | other files match equally well: 0-Elden Rim-Base 3.7.5 | folder matches the file name | file version matches the version in the folder name | suggested file only exists as OLD_VERSION; current MAIN: 1-Elden Rim-Weapon Art 3.2.6 v3.2.6 (#810521) | matched a file of a mod already identified for other folders (second pass)
01 Rim Parry Elden Rim_patch,567,nexus_found,114366,Rim Parry and Execution,SHADOWPQ,name_exact,high,499428,01 Rim Parry Elden Rim_patch,v1.1,MAIN,RPER_patch.esp,folder matches the file name | matched a file of a mod already identified for other folders (second pass)
Rim Parry and Execution v1.1 CTD fix,568,nexus_found,143312,Rim Parry and Execution v1.1 CTD fix,shadowPQ (uploader sayakuso),name_exact,high,600715,Rim Parry and Execution v1.1 CTD fix,v1.1,MAIN,RimExecutionHitSA.esp,folder matches the file name | file version matches the version in the folder name
Hogwarts in Skyrim,569,nexus_found,70654,Hogwarts in Skyrim,lSmoothl,name_exact,high,491375,Hogwarts in Skyrim,3.2,MAIN,Dovapotter.esp,folder matches the file name
Rim Parry and Execution,570,nexus_found,114366,Rim Parry and Execution,SHADOWPQ,name_exact,high,485245,00 Rim Parry and Execution,v1.0,OLD_VERSION,RimExecutionHitSA.esp,folder matches the file name | suggested file only exists as OLD_VERSION; current MAIN: 01 Rim Parry Elden Rim_patch vv1.1 (#499428)
Dynamic Bloodpool Framework - Latest Version,582,nexus_found,172080,Dynamic Bloodpool Framework,Seb263,name_exact,high,799428,Dynamic Bloodpool Framework - Latest Version,1.1.1,MAIN,,folder matches the file name
Sanguine Symphony - Latest Version,585,nexus_found,148388,Sanguine Symphony,Seb263,name_exact,high,799454,Sanguine Symphony - Latest Version,1.3.5,MAIN,Sanguine Symphony.esp,linked plugin(s) found in this mod's files: Sanguine Symphony.esp | folder matches the file name
Dismembering Framework - Wolves of Skyrim,590,not_found,,,,,,,,,,,"closest: Dismembering Framework (#126203, s=0.65, dl=4226365)"
Dismembering Framework - 4thUnknown Trolls,591,nexus_ambiguous,126203,Dismembering Framework,Seb263,name_fuzzy,low,799424,Dismembering Framework - Latest Version,1.2.3,MAIN,,"mod flagged adult content | no file name matches the folder; the only current MAIN file is suggested | alternatives: Dismembering Framework PT-BR (#146724, s=0.63, dl=728)"
The Restless Dead - At Your Own Pace Patch,623,nexus_ambiguous,66802,Sofia - At Your Own Pace Patch,Wartortle,name_fuzzy,low,278377,Sofia - At Your Own Pace Patch,1.0.0,MAIN,,"no file name matches the folder; the only current MAIN file is suggested | alternatives: At Your Own Pace - Scion Patch (#97288, s=0.68, dl=42759); The Restless Dead - Skeletons SE Patch (#125609, s=0.68, dl=15040); The Restless Dead - Believable Weapons Patch (#112755, s=0.63, dl=164805)"
Fanatical Enemies Form 44 Conversion,626,nexus_found,169189,Fanatical Enemies Form 44 Conversion,thelonelyones,name_exact,high,707094,Fanatical Enemies Form 44,1.0,MAIN,,folder matches the file name
Bow Rapid Combo V3 - Settings Loader,654,nexus_found,92696,Bow Rapid Combo V3 - Settings Loader,MaskedRPGFan,name_exact,high,394970,Bow Rapid Combo V3 - Settings Loader,1.0.1,MAIN,,folder matches the file name
Bow Rapid Combo V3,655,nexus_found,89308,Bow Rapid Combo V3 - Archer Combat Overhaul,lSmoothl,name_exact,high,481096,Bow Rapid Combo v3,1.9.6,MAIN,BowRapidCombo.esp,"linked plugin(s) found in this mod's files: BowRapidCombo.esp | folder matches the file name | alternatives: Rapid Bow Combo V3 (#156578, s=0.89, dl=169)"
Page's SmoothCam Preset,708,nexus_found,189799,Page's SmoothCam Preset,page804,name_exact,high,798565,Page'S SmoothCam Preset,1,MAIN,,folder matches the file name
ZeusCam - A Next Gen Cinematic SmoothCam Preset,710,nexus_found,85183,ZeusCam - A Next Gen Cinematic SmoothCam Preset,Javier - ZeusCP,name_exact,high,419906,SmoothCam Zeus Next Gen preset V3.0,3.0,MAIN,,no file name matches the folder; the only current MAIN file is suggested
(EXPERIMENTAL) Core Impact Framework - Version 2.0,717,nexus_found,146873,Core Impact Framework (CIF),Seb263,name_exact,high,801478,Core Impact Framework - Latest Version,2.0.7,MAIN,,folder matches the file name | file version matches the version in the folder name
Malignis Animations - BiSR - Dirt and Blood Patch,779,nexus_found,166293,Malignis Animations - BiSR - Dirt and Blood Patch,Lalup (uploader LalupK),name_exact,high,,,,,Dirt and Blood - Malignis Animations Patch.esp,linked plugin(s) found in this mod's files: Dirt and Blood - Malignis Animations Patch.esp | mod flagged adult content | no file name matches the folder; several MAIN files: Malignis Animations - BiSR DnB Patch | Malignis Animations - BiSR DnB Patch - Women Only | Malignis Animations - BiSR DnB Patch Expanded
True Flasks NG,814,nexus_found,170374,True Flasks NG,Newrite - Zodiac - Magnum,name_exact,high,798850,True Flasks NG,1.2.7,MAIN,TrueFlasks.esp;TrueFlasks - Restore Duration.esp;TrueFlasks - Upgradable Flasks.esp,linked plugin(s) found in this mod's files: TrueFlasks.esp | folder matches the file name
RaySense - Jumping over obstacles2,925,nexus_found,175506,RaySense - Jumping over obstacles,lSmoothl,name_exact,high,734778,RaySense - Jumping Over Obstacles,1.0,MAIN,,folder matches the file name
Beam Walking Assist2,929,nexus_found,175511,Beam Walking Assist,lSmoothl,name_exact,high,797397,Beam Walking Assist,1.4.0,MAIN,Beam Walk.esp,"folder matches the file name | alternatives: Beam Walking Assist - 1st (#175499, s=0.88, dl=96360)"
EVG Animation Variance,931,nexus_found,38534,EVG Animation Variance,Everglaid,name_exact,high,269316,EVG Animation Variance 1.1,1.1,MAIN,,folder matches the file name
Conditional Expressions Extended2,948,nexus_found,91438,Conditional Expressions Extended,crajj,name_exact,high,803342,Conditional Expressions Extended,2.3.0,MAIN,,folder matches the file name
Conditional Expressions - Subtle Face Animations,949,nexus_found,45148,Conditional Expressions - Subtle Face Animations,JaySerpa,name_exact,high,655975,Conditional Expressions,1.29,MAIN,,no file name matches the folder; the only current MAIN file is suggested
Immersive Interactions - Animated Actions 2,975,nexus_found,47670,Immersive Interactions - Animated Actions,JaySerpa,name_fuzzy,medium,536423,Immersive Interactions - Animated Actions,1.78,MAIN,,folder matches the file name
Daughter of Coldharbour - Reimplemented,991,nexus_found,126846,Daughter of Coldharbour - Reimplemented,naChooey and Chimbellda,name_exact,high,541533,Daughter of Coldharbour - Reimplemented,1.2.1,MAIN,DaughterOfColdharbourReimplemented.esp,linked plugin(s) found in this mod's files: DaughterOfColdharbourReimplemented.esp | folder matches the file name
JellyFish Crouch Sliding animations,1045,nexus_found,162771,JellyFish Crouch Sliding animations,JellyFishInLoop,name_exact,high,680609,JellyFish Crouch Sliding,1.0,MAIN,,folder matches the file name
Crouch Sliding Shorter Distance,1046,nexus_found,39157,Crouch Sliding,NickNak (uploader NickaNak),name_exact,high,716260,Crouch Sliding Shorter Distance,2.2,OPTIONAL,,folder matches the file name
Crouch Sliding Quiter Slide,1047,nexus_found,39157,Crouch Sliding,NickNak (uploader NickaNak),name_exact,high,716261,Crouch Sliding Quiter Slide,2.2,OPTIONAL,,folder matches the file name
Crouch Sliding 2.21,1048,nexus_found,39157,Crouch Sliding,NickNak (uploader NickaNak),name_exact,high,721241,Crouch Sliding 2026,2.21,MAIN,SprintSlide.esp,match after dropping version/edition tokens | folder matches the file name | file version matches the version in the folder name
For Honor in Skyrim Black Prior,1097,non_nexus,,,,manual_hint,medium,,,,,,For Honor in Skyrim armor (non-Nexus)
For Honor in Skyrim Nobushi,1098,nexus_found,75790,For Honor in Skyrim I Nobushi,lSmoothl,name_fuzzy,medium,394074,For Honor in Skyrim I Nobushi,1.4,MAIN,,folder matches the file name
Smooth Special Idle,1099,not_found,,,,,,,,,,,"closest: Smug Selfie Idle (#82092, s=0.48, dl=1061)"
CBPC Equipment physics - Real Tight config,1208,nexus_found,108736,CBPC Equipment physics - Real Tight config,Shizof - Hjartulv,name_exact,high,459129,CBPC - Real Tight config,1.0.0,MAIN,,no file name matches the folder; the only current MAIN file is suggested
Faster HDT-SMP 4.01,1210,nexus_found,57339,FSMP - Faster HDT-SMP,Too long - see credits in description (uploader DaydreamingDay),name_exact,high,550156,Faster HDT-SMP,2.5.1,MISCELLANEOUS,,"match after dropping version/edition tokens | folder matches the file name | alternatives: FSMP - Faster HDT-SMP 1.6.353 Fix - Installer (#76603, s=0.85, dl=16543)"
Pandora Behaviour Engine v4.3.1-beta,1211,nexus_found,133232,Pandora Behaviour Engine Plus,Pandora Behaviour Engine Team (uploader Monitor221hz),name_exact,high,742625,Pandora Behaviour Engine v4.3.1-beta,v4.3.1-beta,OLD_VERSION,,folder matches the file name | file version matches the version in the folder name | suggested file only exists as OLD_VERSION; current MAIN: Pandora Behaviour Engine v4.4.0-beta vv4.4.0-beta (#788583)
Whiterun 3D stone walls,1262,nexus_found,139069,Whiterun 3D stone walls,Chiselsky,name_exact,high,743637,Whiterun 3D Stone Walls,1.7,MAIN,,folder matches the file name
Whiterun City Walls - Collision Redone,1264,nexus_found,163348,Whiterun City Walls - Collision Redone,sevnce (uploader sevnces),name_exact,high,682731,Whiterun City Walls - Collision Redone,1.0,MAIN,,folder matches the file name
HFs - Whiterun bridges REDONE,1278,nexus_found,158471,HFs - Whiterun bridges REDONE,Halffaces,name_exact,high,664921,HFs - Whiterun bridges REDONE (ESP) - 4K,1.1,MAIN,,other files match equally well: HFs - Whiterun bridges REDONE (ESP) - 1K | HFs - Whiterun bridges REDONE (ESP) - 2K | HFs - Whiterun bridges REDONE - 1K | folder matches the file name
Grand Solitude - High Quality Ivy Consistency,1289,nexus_found,161140,Grand Solitude - High Quality Ivy Consistency,Cthelo,name_exact,high,674238,Grand Solitude - High Quality Ivy Consistency,1.01,MAIN,Grand Solitude - Hiqh Quality Ivy.esp,folder matches the file name
Ancient City of Markarth no Worldspace edits,1294,nexus_found,157277,Ancient City of Markarth,knightradiant2,name_fuzzy,medium,704138,ACoM - No Tamriel Worldspace Edits,1.0.2,OPTIONAL,Ancient City of Markarth.esp,folder matches '<mod name> <file name>'
Ancient City of Markarth,1295,nexus_found,157277,Ancient City of Markarth,knightradiant2,name_exact,high,760717,Ancient City of Markarth,1.0.3,MAIN,Ancient City of Markarth.esp;Ancient City of Markarth Lux Orbis Patch.esp,linked plugin(s) found in this mod's files: Ancient City of Markarth.esp | folder matches the file name
Skurkbro's Retexture Project - Dwemer Pipe Patch,1296,not_found,,,,,,,,,,,no close name match
Skurkbro's Retexture Project - Markarth and Dwemer Ruins ( Complex Material ),1297,nexus_found,69370,Skurkbro's Retexture Project - Markarth and Dwemer Ruins ( Complex Material ),Skurkbro,name_exact,high,,,,,,"no file name matches the folder; several MAIN files: SRP Markarth and Dwemer Ruins 1K | SRP Markarth and Dwemer Ruins 2K | SRP Markarth and Dwemer Ruins 4K | alternatives: Skurkbro's Retexture Project - Markarth and Dwemer Ruins ( PBR ) (#168541, s=0.93, dl=3665)"
JS Dragon Claws AE Anniversary Edition 2,1367,nexus_found,57038,JS Dragon Claws AE (Anniversary Edition),johnskyrim,name_fuzzy,medium,277544,JS Dragon Claws AE Anniversary Edition - 4k,1.3,ARCHIVED,,folder matches the file name | suggested file only exists as ARCHIVED; current MAIN: JS Dragon Claws AE - 1k Textures v1.32 (#522298)
Swans - SE by Xtudo - Tweaked ESP,1519,nexus_found,155108,Swans - My patches SE by Xtudo,Author Mihail - My patches by Xtudo,name_exact,high,648311,Swans - SE by Xtudo - Tweaked ESP,1,MAIN,mihailswans.esp,folder matches the file name
Swans - SE by Xtudo - Textures 2K,1520,nexus_found,155108,Swans - My patches SE by Xtudo,Author Mihail - My patches by Xtudo,name_exact,high,648310,Swans - SE by Xtudo - Textures 2K,1,MAIN,,folder matches the file name
Swans- Mihail Monsters and Animals (SE-AE),1521,nexus_found,154726,Swans- Mihail Monsters and Animals (SE-AE),Mihail (uploader MihailMods),name_exact,high,646642,swans (se-ae),1,MAIN,mihailswans.esp,no file name matches the folder; the only current MAIN file is suggested
Wolves of Skyrim - Wolf Pelts,1523,nexus_ambiguous,68069,Wolves of Skyrim - wolf texture and mesh replacer,Horn,name_fuzzy,low,285646,Wolves Of Skyrim  FOMOD,2.1,MAIN,,"no file name matches the folder; the only current MAIN file is suggested | alternatives: Wolf Pups for Wolves of Skyrim (#93657, s=0.64, dl=2678)"
Wolves of Skyrim,1524,nexus_found,68069,Wolves of Skyrim - wolf texture and mesh replacer,Horn,name_fuzzy,medium,285646,Wolves Of Skyrim  FOMOD,2.1,MAIN,,no file name matches the folder; the only current MAIN file is suggested
Fluffworks - Cow Calves Patch,1541,nexus_found,64445,Fluffworks - Auto Patches,Various (uploader SkySinclaire),name_exact,high,579529,Fluffworks - Cow Calves Patch,2.0,OPTIONAL,,folder matches the file name
Draugrs - PBR 4K,1619,nexus_found,172664,Draugrs - PBR,Mandragorasprouts - tmwd,name_exact,high,789576,Draugrs - PBR 4K,2.0,MAIN,,folder matches the file name
Fluffworks - MM Real Elks Patch,1631,nexus_found,64445,Fluffworks - Auto Patches,Various (uploader SkySinclaire),name_exact,high,267726,Fluffworks - MM Real Elks Patch,1.0,MISCELLANEOUS,,folder matches the file name
MM - REAL ELKS,1637,nexus_found,41929,MM - REAL ELKS,MassiveMaster (uploader rickard),name_exact,high,191787,MM REAL ELKS 4K,1.0.1,MAIN,,other files match equally well: MM REAL ELKS 1K | MM REAL ELKS 2K | folder matches the file name
Curious Adventurer,1831,non_nexus,,,,manual_hint,medium,,,,,Curious Adventurer.esp,Curious Adventurer (non-Nexus)
DOMINION - HDT SMP Patch,1902,nexus_found,188421,DOMINION - New Thalmor Armors and Weapons,LeiteUHT,name_exact,high,792911,DOMINION - HDT SMP Patch,1,OPTIONAL,,folder matches the file name | matched a file of a mod already identified for other folders (second pass)
DOMINION - New Thalmor Armors and Weapons,1903,nexus_found,188421,DOMINION - New Thalmor Armors and Weapons,LeiteUHT,name_exact,high,792908,DOMINION   New Thalmor Armors And Weapons,1,MAIN,LEITEUHTThalmor.esp,folder matches the file name
full_inu Armor Pack 01 SPID Distribution,1904,nexus_found,161148,full_inu Armor Pack 01 SPID Distribution,H3LLWINE - full_inu,name_exact,high,674117,full_inu Armor Pack 01 SPID,1,MAIN,full_inu ArmorPack01 SPID.esp,folder matches the file name
Knight-Herald - HDT-SMP - Vanilla - CBBE 3BA - Optional PBR,1905,nexus_found,145321,Knight-Herald - HDT-SMP - Vanilla - CBBE 3BA - Optional PBR,Mykolaev,name_exact,high,,,,,knightherald.esp,no file name matches the folder; several MAIN files: Knight-Herald armor set 4K-2K res - CBBE 3BA | Knight-Herald armor set 4K-2K res - Vanilla body | Knight-Herald armor set PBR - CBBE 3BA
[full_inu] Armor Pack 01 SSE,1906,non_nexus,,,,manual_hint,medium,,,,,[full_inu] Armor Pack 01.esp,"full_inu armor pack (Patreon/non-Nexus) | check: Nexus has a similarly named page 'full_inu Armor Pack 01 SPID Distribution' (#161148, medium name match)"
Shattered Royal Armor,1907,nexus_found,183637,Shattered Royal Armor (Fragile)  SMP 3BA  UBE,Aokili and Nandamonaiya,name_exact,high,769101,Shattered Royal Armor,1.4,MAIN,ShatteredRoyalArmor.esp,linked plugin(s) found in this mod's files: ShatteredRoyalArmor.esp | mod flagged adult content | folder matches the file name
Breton Field Knight Armor Set - with PBR 2K,1908,nexus_ambiguous,164478,Breton Field Knight Armor Set - with PBR or Vanilla ENB options,Mykki (uploader Mykolaev),name_fuzzy,low,,,,,BretonFieldKnight.esp,no file name matches the folder; several MAIN files: Breton Field Knight - PBR - 4K | Breton Field Knight - Vanilla - ENB - 4K
Breton Field Knight Armor Set - with PBR,1909,nexus_ambiguous,164478,Breton Field Knight Armor Set - with PBR or Vanilla ENB options,Mykki (uploader Mykolaev),name_fuzzy,low,,,,,BretonFieldKnight.esp,no file name matches the folder; several MAIN files: Breton Field Knight - PBR - 4K | Breton Field Knight - Vanilla - ENB - 4K
[SSE] H2135 Fantasy Series8,1917,non_nexus,,,,manual_hint,medium,,,,,,H2135 Fantasy Series (non-Nexus)
Obi's Zamorian Thief 3BA UBE BHUNP 4K SMP,1918,nexus_found,168091,Obi's Zamorian Thief 3BA UBE BHUNP 4K SMP,Obicnii,name_exact,high,703723,Obi's Zamorian Thief Armor 3BA Main,1.0,MAIN,Obi's Zamorian Thief 3BA.esp,no file name matches the folder; the only current MAIN file is suggested
ABYSSAL BLADE MCO One Handed Moveset and Weapon,1919,nexus_found,84009,ABYSSAL BLADE MCO One Handed Moveset and Weapon,Krembule Caenarvon atakuou black  eskyrim mofu chaos,name_exact,high,,,,,ShadowySword.esp;ShinobiEffects.esp,no file name matches the folder; several MAIN files: Abyssal Blade MCO 3 | Radiance of Lyg Boss Drops SPID | The Last King Boss Drops SPID | additional attacks
[Kirax] BDOR 2024 Female Collection,1920,non_nexus,,,,manual_hint,medium,,,,,[Kirax] BDOR 2024 Female Collection.esp,Kirax BDOR collection (Patreon/non-Nexus)
[Dint999] Secret Child Of Talos,1921,nexus_found,69767,Secret Child of Talos - CBBE-TBD-UUNP SE,Dint999 - Daymarr,name_fuzzy,high,291796,Secret Child of Talos - TBD SE,1.0,MAIN,[Dint999] SecretChildOfTalos.esp,"linked plugin(s) found in this mod's files: [Dint999] SecretChildOfTalos.esp | mod flagged adult content | folder matches the file name | alternatives: Secret Child of Talos (Korean translation) (#69852, s=0.82, dl=240)"
Asura's Guard,1922,nexus_found,86891,Asura's Guard  - 3BA - BHUNP - CBBE -,goampuja,plugin_contents,medium,,,,,Asuras Guard [Armor].esp,"linked plugin(s) found in this mod's files: Asuras Guard [Armor].esp | mod flagged adult content | no file name matches the folder; several MAIN files: Asura's Guard 3BA 2K | Asura's Guard 3BA 4K | Asura's Guard BHUNP 2K | Asura's Guard BHUNP 4K | alternatives: Asura's Guard (PTBR) (#87176, s=0.82, dl=744)"
Bladedancer's Edge,1923,nexus_found,62751,Bladedancer's Edge (CBBE - 3BA - BHUNP),goampuja,name_exact,high,260794,Bladedancer's Edge CBBE-3BA,1.2,OLD_VERSION,BDE_Armor.esp,mod flagged adult content | folder matches the file's archive name | suggested file only exists as OLD_VERSION; current MAIN: Bladedancer's Edge CBBE-3BA v1.3 (#268310)
Obi's Desert Sorceress outfit 4K 3BA UBE BHUNP SMP,1924,nexus_found,155483,Obi's Desert Sorceress outfit 4K 3BA UBE BHUNP SMP,Obicnii,name_exact,high,650078,Desert Sorceress Main File - 3BA,1.0,MAIN,Obi's DesertSorceress.esp,mod flagged adult content | no file name matches the folder; the only current MAIN file is suggested
Son Of Skyrim's Guard Armor Replace to Breton Field Knight,2558,nexus_found,164836,Son Of Skyrim's Guard Armor Replace to Breton Field Knight,arja (uploader ellder4mk),name_exact,high,688782,Guard Armor Replace to Breton Field Knoght,1.0,MAIN,,no file name matches the folder; the only current MAIN file is suggested
Dwemer Researcher Backpack - Standalone and Remiel replacer - SE by Xtudo - Lucien patch lantern,2569,nexus_found,169893,Dwemer Researcher Backpack - Standalone and Remiel replacer - SE by Xtudo - Lucien patch lantern,Xtudo,name_exact,high,,,,,HLIORemi - Dwemer Backpack by Xtudo.esp,no file name matches the folder; several MAIN files: Dwemer Backpack - SE by Xtudo - Remi HDT-SMP | Dwemer Backpack - SE by Xtudo - Remi Non-HDT | Dwemer Backpack - SE by Xtudo - Standalone HDT-SMP | Dwemer Backpack - SE by Xtudo - Standalone Non-HDT
BiR's Remiel Replacer,2570,nexus_found,85734,BiR's Remiel Replacer,belladonnaisrunning - megaman2k,name_exact,high,395505,BiR Remiel Replacer,1.2.0,MAIN,HLIORemi-Replacer-Belladonna.esp,folder matches the file name
Complete Vanilla Eye Overhaul (CVEO) by LDD,2668,nexus_found,160705,Complete Vanilla Eye Overhaul (CVEO) by LDD,LevisageDeDior,name_exact,high,,,,,CompleteVanillaEyeOverhaul_CVEObyLDD.esp,linked plugin(s) found in this mod's files: CompleteVanillaEyeOverhaul_CVEObyLDD.esp | no file name matches the folder; several MAIN files: (CVEO) by LDD - Full Version | (CVEO) by LDD - Lite Version
BnP female small update,2725,nexus_found,65274,BnP - Female Skin,TheNorthSisters,name_exact,high,468754,BnP female small update,2.1,UPDATE,,mod flagged adult content | folder matches the file name
Petite to Plenty - A CBPC Config for Realistic Collisions and Physics v9.0,2739,nexus_found,82745,Petite to Plenty - A CBPC Config for Realistic Collisions and Physics,xavier0self,name_exact,high,514357,Petite to Plenty - CBPC Configuration 9.0,9.0,MAIN,,match after dropping version/edition tokens | mod flagged adult content | no file name matches the folder; the only current MAIN file is suggested | file version matches the version in the folder name
Caliente's Beautiful Bodies Enhancer - 3BA NORMALMAPS,2744,not_found,,,,,,,,,,,no close name match
KS Wigs SMP,2748,nexus_found,31300,KS Hairdos - HDT SMP (Physics),ousnius - Kalilies - Stealthic,name_exact,high,119167,KS Wigs SMP,1.0,OLD_VERSION,KSWigsSMP.esp,linked plugin(s) found in this mod's files: KSWigsSMP.esp | folder matches the file name | suggested file only exists as OLD_VERSION; current MAIN: KS Hairdos SMP v1.5.0 (#753284)
Splashes of Skyrim 1.5,2769,nexus_found,47710,Splashes Of Skyrim,powerofthree,name_exact,high,764374,Splashes of Skyrim,1.5.0,OLD_VERSION,,"match after dropping version/edition tokens | folder matches the file name | file version matches the version in the folder name | suggested file only exists as OLD_VERSION; current MAIN: Splashes of Skyrim v1.6.0 (#795199) | alternatives: Splashes of Skyrim VR (#58104, s=0.89, dl=131051)"
Water for ENB [cs]2,2776,nexus_found,37061,Water for ENB,mindflux,name_exact,high,784038,Water for ENB,2.21,MAIN,Water for ENB (Shades of Skyrim).esp;Water for ENB.esm,"linked plugin(s) found in this mod's files: Water for ENB (Shades of Skyrim).esp, Water for ENB.esm | match after dropping version/edition tokens | folder matches the file name"
Blubbos_Whiterun_2023V2esl_patch,2808,nexus_found,65232,Blubbos Whiterun 2022,BlubboDE,name_exact,high,416806,Blubbos_Whiterun_2023V2esl_patch.zip,1.31,OPTIONAL,Blubbos_NewWhiterun_2022.esp,folder matches the file name | matched a file of a mod already identified for other folders (second pass)
Blubbos Whiterun 2023,2809,nexus_found,65232,Blubbos Whiterun 2022,BlubboDE,name_fuzzy,high,416638,Blubbos_Whiterun_2023_V2.zip,1.31,MAIN,Blubbos_NewWhiterun_2022.esp,"linked plugin(s) found in this mod's files: Blubbos_NewWhiterun_2022.esp | folder matches the file name | alternatives: Blubbos Whiterun OCS Patch (#164357, s=0.81, dl=75)"
Ulvenwald Series - Erdtrees of Skyrim,2810,nexus_ambiguous,173652,Ulvenwald Series - V2 - Erdtrees of Skyrim - CHS,gkd2323c,name_fuzzy,low,726449,Ulvenwald Series - V2 - Erdtrees of Skyrim - CHS,1.0,MAIN,Erdtrees of Skyrim.esp,"folder matches the file name | alternatives: Traverse the Ulvenwald - Some Patches (#79431, s=0.71, dl=483146)"
Dirt Cliffs Enhancement - Freaks Flora Fields,2812,nexus_found,149919,Dirt Cliffs Enhancement - High Quality Ivy,Alaxouche (uploader AlaxoucheModding),name_exact,high,806545,Dirt Cliffs Enhancement - Freaks Flora Fields,1.4.1.0,OPTIONAL,,folder matches the file name
Reimagined Mountain Flowers - BYOH Flowers Fix,2828,nexus_found,142897,Reimagined Mountain Flowers - BYOH Flowers Fix,gutmaw,name_exact,high,606688,Reimagined Mountain Flowers - BYOH Flowers Fix,1.1,MAIN,,folder matches the file name
Scallions of Skyrim - High Polygon Leeks,2838,nexus_found,53205,Scallions of Skyrim - High Polygon Leeks,wankingSkeever (uploader wSkeever),name_exact,high,506104,Leek,0.2,MAIN,,no file name matches the folder; the only current MAIN file is suggested
No Grass In Objects - Freak's Floral Fields - Patch,2866,nexus_found,42161,No Grass In Objects,meh321 DwemerEngineer alandtse,name_exact,high,792590,Freak's Floral Fields - Patch,1.2,MISCELLANEOUS,Grass Bounds - Freak's Floral Fields.esp,folder matches '<mod name> <file name>'
Footprints - Alternative Design,2886,nexus_found,109544,Footprints - Alternative Design,Artisto (uploader ArtistoMods),name_exact,high,479247,Footprints - Alternative Design,1.01,MAIN,,folder matches the file name
The Green Den - Exterior AddOn,2900,nexus_found,165520,The Green Den - A Lush Drunken Huntsman Overhaul,fadingsignal,name_exact,high,691384,The Green Den - Exterior AddOn,1.0,OPTIONAL,FS_GreenDenDrunkenHuntsmanOverhaul_ExteriorAddOn.esp,folder matches the file name
The Green Den - 3DNPC Patch,2901,nexus_found,165520,The Green Den - A Lush Drunken Huntsman Overhaul,fadingsignal,name_exact,high,703794,The Green Den - 3DNPC Patch,1.0,MISCELLANEOUS,FS_GreenDenDrunkenHuntsmanOverhaul_3DNPCPatch.esp,folder matches the file name
The Green Den - AI Overhaul Patch,2902,nexus_found,165520,The Green Den - A Lush Drunken Huntsman Overhaul,fadingsignal,name_exact,high,709644,The Green Den - AI Overhaul Patch,1.1,MISCELLANEOUS,FS_GreenDenDrunkenHuntsmanOverhaul_AIOverhaulPatch.esp,folder matches the file name
The Green Den - JKs Drunken Huntsman Patch,2903,nexus_found,165520,The Green Den - A Lush Drunken Huntsman Overhaul,fadingsignal,name_exact,high,693862,The Green Den - JKs Drunken Huntsman Patch,1.0,MISCELLANEOUS,FS_GreenDenDrunkenHuntsmanOverhaul_JKsPatch.esp,"folder matches the file name | alternatives: The Green Den - Ayla Patches - HS Drunken Huntsman - Light Placer - Capital Whiterun (#168377, s=0.91, dl=779)"
The Green Den - A Lush Drunken Huntsman Overhaul,2904,nexus_found,165520,The Green Den - A Lush Drunken Huntsman Overhaul,fadingsignal,name_exact,high,695416,The Green Den - A Drunken Huntsman Overhaul,1.2,MAIN,FS_GreenDenDrunkenHuntsmanOverhaul.esp,folder matches the file name
Snazzy Misc Locations AIO,2909,nexus_found,147762,Snazzy Misc Locations,gutmaw,name_exact,high,630440,Snazzy Misc Locations AIO,1.0,ARCHIVED,,folder matches the file name | suggested file only exists as ARCHIVED; current MAIN: Snazzy Misc Locations v2.50 (#785934)
Breezehome Exterior Overgrown,2930,nexus_found,104645,Breezehome Exterior Overgrown  - with Breezehome mods support,Mharlek1,name_exact,high,800203,Breezehome Exterior Overgrown,3.0,MAIN,Breezehome - Exterior Overgrown.esp,linked plugin(s) found in this mod's files: Breezehome - Exterior Overgrown.esp | folder matches the file name
Orc Stronghold AIO - SkyShards Patch,3007,nexus_found,153782,Orc Stronghold AIO - SkyShards Patch,darkdiablo88,name_exact,high,642514,Orc Strongholds AIO - Skyshard,1.0,MAIN,,no file name matches the folder; the only current MAIN file is suggested
Orc Strongholds - AIO - EFPS Patch,3008,nexus_found,89354,Orc Strongholds - Largashbur,JJerem,name_fuzzy,medium,627968,Orc Strongholds - EFPS Patch ESL,1.0EFPS,OPTIONAL,,"folder matches the file name | alternatives: Orc Strongholds - Narzulbur (#88809, s=0.82, dl=4155084)"
The Ancient Ways,3014,nexus_found,183491,The Ancient Ways,RyokohMods,name_exact,high,770921,RYO - The Ancient Ways,2.0,MAIN,The Ancient Ways.esp,linked plugin(s) found in this mod's files: The Ancient Ways.esp | folder matches the file name
Landscape Fixes For Grass Mods - Great Cities patch,3015,nexus_ambiguous,9005,Landscape Fixes For Grass Mods,code1k,name_fuzzy,low,632401,Landscape Fixes For Grass Mods,5.8,MAIN,,"no file name matches the folder; the only current MAIN file is suggested | alternatives: Various Landscape Fixes For Grass Mods Patches (#128121, s=0.77, dl=79690); Landscapes Fixes For Grass Mods UA (#161286, s=0.75, dl=60); Landscape Fixes For Grass Mods - Cities of the North Patch collection (#86756, s=0.74, dl=493823)"
Ivy Whiterun Roofing - By BigHead,3064,nexus_found,159908,Ivy Whiterun Roofing - By BigHead,bighead_bh (uploader filipebhalves),name_exact,high,716957,Ivy Whiterun Roofing - By BigHead,1.1,MAIN,Ivy Whiterun Roofing - By BigHead.esp,linked plugin(s) found in this mod's files: Ivy Whiterun Roofing - By BigHead.esp | folder matches the file name
Ivy Riverwood Roofing - By BigHead,3065,nexus_found,160697,Ivy Riverwood Roofing - By BigHead,big (uploader filipebhalves),name_exact,high,716944,Ivy Riverwood Roofing - By BigHead,1.1,MAIN,Ivy Riverwood Roofing - By BigHead.esp;Ivy Whiterun Roofing - By BigHead.esp,linked plugin(s) found in this mod's files: Ivy Riverwood Roofing - By BigHead.esp | folder matches the file name
Ivy - Faendal Home Overhaul,3066,nexus_found,140252,Ivy - Faendal Home Overhaul,Ivy (uploader ItzIvy),name_exact,high,588350,Ivy - Faendal Home Overhaul,1.0,MAIN,Faendal Home Overhaul.esp,linked plugin(s) found in this mod's files: Faendal Home Overhaul.esp | folder matches the file name
Ivy - Riverwood Timber Rest - Player Home,3067,nexus_found,138697,Ivy - Riverwood Timber Rest - Player Home,Ivy (uploader ItzIvy),name_exact,high,677605,Ivy - Riverwood Timber Rest - Player Home,2.2.1,MAIN,Riverwood Timber Rest.esp,folder matches the file name
Ivy - Riverwood Small Addon,3068,nexus_found,120791,Ivy - Riverwood Small Addon,Ivy (uploader ItzIvy),name_exact,high,586881,Ivy - Riverwood Small Addon,2.1,MAIN,Riverwood Addon Standalone - Northern Vanilla Farmhouses - Lux Orbis.esp;Riverwood Addon Standalone - Without Trees Patch.esp;Riverwood Addon Standalone.esp,folder matches the file name
Riverwood Falls - Waterfall Additions for Riverwood2,3077,nexus_found,150380,Riverwood Falls - Waterfall Additions for Riverwood,otisimo212,name_exact,high,628325,Riverwood Falls - Waterfall Additions Riverwood,1.0,ARCHIVED,Riverwood Falls - Landscape Fixes for Grass Mods.esp;Riverwood Falls - Northern Roads - LFFGM.esp;Riverwood Falls - Northern Roads - Lux Via.esp;Riverwood Falls - Northern Roads - Ryn's Bleak Falls Tower.esp;Riverwood Falls - Northern Roads Clutter.esp;Riverwood Falls - Northern Roads.esp;Riverwood Falls - NotWL.esp;Riverwood Falls - Ryn's Bleakfalls Tower.esp;Riverwood Falls - Treeless Path.esp;Riverwood Falls.esp,folder matches the file's archive name | suggested file only exists as ARCHIVED; current MAIN: Riverwood Falls 1.2.1 v1.2.1 (#633042)
Meshes Optimization Project - COTN - Falkreath,3094,nexus_found,160495,Meshes Optimization Project,Ivy (uploader ItzIvy),name_exact,high,787602,COTN - Falkreath,1.0,OPTIONAL,,folder matches '<mod name> <file name>'
Meshes Optimization Project - COTN - Dawnstar,3102,nexus_found,160495,Meshes Optimization Project,Ivy (uploader ItzIvy),name_exact,high,810048,COTN - Dawnstar,1.0,OPTIONAL,,folder matches '<mod name> <file name>'
Solitude Door Replacer - Trifle from Hiro the Gate Solityyud - Base Object Swapper,3108,nexus_found,176708,Solitude Door Replacer - Trifle from Hiro the Gate Solityyud - Base Object Swapper,HiroCoffein13 - Fauxvale,name_exact,high,739396,Solitude Door Replacer - BOS,1.0,MAIN,SolitudeDoorReplacerHiroBOS.esp,no file name matches the folder; the only current MAIN file is suggested
Blubbos Riften Trees 2022,3109,nexus_found,66554,Blubbos Riften Trees 2022,BlubboDE,name_exact,high,277257,Blubbos_Riften_Trees_2022.zip,1.0,MAIN,Blubbos_Riften_Trees_2022.esp,linked plugin(s) found in this mod's files: Blubbos_Riften_Trees_2022.esp | folder matches the file name
Windhelm Mighty Statues Reforged,3111,nexus_found,143498,Windhelm Mighty Statues Reforged,Mharlek1,name_exact,high,619475,Enhanced Mighty Statues Reforged,1.3,MAIN,Windhelm Mighty Talos Reforged.esp,no file name matches the folder; the only current MAIN file is suggested
SKYKLFS MODULAR WR - MEDIEVAL MARKETS,3120,nexus_found,132169,Modular Whiterun,SKYKLF,name_exact,high,769463,SKYKLFS MODULAR WR - MEDIEVAL MARKETS,2.5,OPTIONAL,SKYKLFS MODULAR WR - MEDIEVAL MARKETS.esp,linked plugin(s) found in this mod's files: SKYKLFS MODULAR WR - MEDIEVAL MARKETS.esp | folder matches the file name
SKYKLFS MODULAR WR PT 6,3121,nexus_found,132169,Modular Whiterun,SKYKLF,name_exact,high,656009,SKYKLFS MODULAR WR PT 6,2.0,ARCHIVED,SKYKLFS MODULAR WR PT6.esp,linked plugin(s) found in this mod's files: SKYKLFS MODULAR WR PT6.esp | folder matches the file name | suggested file only exists as ARCHIVED; current MAIN: SKYKLFS MODULAR WR Part 10 v2.5 (#769445)
SKYKLFS MODULAR WR PT 3,3122,nexus_found,132169,Modular Whiterun,SKYKLF,name_exact,high,600329,SKYKLFS MODULAR WR PT 3,2.0,ARCHIVED,SKYKLFS MODULAR WR PT3.esp,linked plugin(s) found in this mod's files: SKYKLFS MODULAR WR PT3.esp | folder matches the file name | suggested file only exists as ARCHIVED; current MAIN: SKYKLFS MODULAR WR Part 10 v2.5 (#769445)
SKYKLFS MODULAR WR PT 2,3123,nexus_found,132169,Modular Whiterun,SKYKLF,name_exact,high,683577,SKYKLFS MODULAR WR PT 2,2.0,ARCHIVED,SKYKLFS MODULAR WR PT2.esp,linked plugin(s) found in this mod's files: SKYKLFS MODULAR WR PT2.esp | folder matches the file name | suggested file only exists as ARCHIVED; current MAIN: SKYKLFS MODULAR WR Part 10 v2.5 (#769445)
SKYKLFS MODULAR WR PT 1,3124,nexus_found,132169,Modular Whiterun,SKYKLF,name_exact,high,656007,SKYKLFS MODULAR WR PT 1,2.0,ARCHIVED,SKYKLFS MODULAR WR PT1.esp,linked plugin(s) found in this mod's files: SKYKLFS MODULAR WR PT1.esp | folder matches the file name | suggested file only exists as ARCHIVED; current MAIN: SKYKLFS MODULAR WR Part 10 v2.5 (#769445)
XX SKYKLFS MODULAR WR RESOURCES XX,3125,nexus_found,132169,Modular Whiterun,SKYKLF,name_exact,high,656012,XX SKYKLFS MODULAR WR RESOURCES XX,2.0,ARCHIVED,,folder matches the file name | suggested file only exists as ARCHIVED; current MAIN: SKYKLFS MODULAR WR Part 10 v2.5 (#769445) | matched a file of a mod already identified for other folders (second pass)
Mahrlek1´s trees compilation - Whiterun Trees module,3126,not_found,,,,,,,,,,,no Nexus candidates
Ryn's Whiterun City Limits - Patch Collection,3139,nexus_ambiguous,124282,Ryn's Whiterun City Limits BBLS Patch,Tetrol88,name_fuzzy,low,521032,Ryn's Whiterun City Limits - BBLS Patch,1,MAIN,,"no file name matches the folder; the only current MAIN file is suggested | alternatives: Ryn's Whiterun CIty Limits (#65661, s=0.77, dl=236182)"
Ryn's Whiterun CIty Limits,3140,nexus_found,65661,Ryn's Whiterun CIty Limits,Ryn (uploader Ryn2g),name_exact,high,413911,Ryn's Whiterun City Limits,2.6,MAIN,RynsWhiterunCityLimits.esp,linked plugin(s) found in this mod's files: RynsWhiterunCityLimits.esp | folder matches the file name
Whiterun City Limits_Bleakwind Basin PATCH,3143,nexus_found,73778,Ryn's Skyrim Official Patch Hub,Ryn (uploader Ryn2g),name_exact,high,317866,Whiterun City Limits_Bleakwind Basin PATCH,1.1,MAIN,Ryn's_Whiterun_City_Limits_Ryn's_Bleakwind_Basin_Patch.esp,linked plugin(s) found in this mod's files: Ryn's_Whiterun_City_Limits_Ryn's_Bleakwind_Basin_Patch.esp | folder matches the file name
Spaghetti's Cities - Solitude No ivy garden,3162,nexus_found,80986,Spaghetti's Cities - Solitude,RubberSpaghetti,name_exact,high,357270,No Ivy Garden,1.2,OPTIONAL,Spaghetti's Cities - Solitude - No Ivy Garden.esp,linked plugin(s) found in this mod's files: Spaghetti's Cities - Solitude - No Ivy Garden.esp | folder matches '<mod name> <file name>'
Blubbo_trees_in_solitude_Skyfall_BPCourtyard.zip,3165,nexus_found,86739,Blubbos Solitude,BlubboDE,name_exact,high,551363,Blubbo_trees_in_solitude_Skyfall_BPCourtyard.zip,1.0a,OPTIONAL,blubbos_trees_in_solitude_Skyfall_BPCourtyardPatch.esp,linked plugin(s) found in this mod's files: blubbos_trees_in_solitude_Skyfall_BPCourtyardPatch.esp | folder matches the file name
Blubbo_Solitude_2023.zip,3166,nexus_found,86739,Blubbos Solitude,BlubboDE,name_exact,high,367158,Blubbo_Solitude_2023.zip,1.0,MAIN,blubbos_trees_in_solitude.esp,folder matches the file name | matched a file of a mod already identified for other folders (second pass)
Grand Solitude - Landscape override,3168,nexus_found,157450,Grand Solitude Patch Collection,Czasior,name_exact,high,665969,Grand Solitude - Landscape override,L1.0,OPTIONAL,,folder matches the file name
Grand Solitude Patch Collection,3169,nexus_found,157450,Grand Solitude Patch Collection,Czasior,name_exact,high,808879,Grand Solitude Patch Collection,1.6.1,MAIN,Grand Solitude - 3DNPC patch.esp;Grand Solitude - A Cats Life patch.esp;Grand Solitude - ACE patch.esp;Grand Solitude - Additional Hearthfire Dolls patch.esp;Grand Solitude - AI Overhaul patch.esp;Grand Solitude - Alternate Perspective patch.esp;Grand Solitude - Amulets of Skyrim patch.esp;Grand Solitude - AYOP TG patch.esp;Grand Solitude - Bears of the North patch.esp;Grand Solitude - Blubbos Solitude patch.esp;Grand Solitude - CC Alternative Armors - Dragon Plate patch.esp;Grand Solitude - CC Alternative Armors - Leather patch.esp;Grand Solitude - CC Civil War Champions patch.esp;Grand Solitude - CC Crossbows patch.esp;Grand Solitude - CC Gray Cowl Returns patch.esp;Grand Solitude - CC Lords Mail patch.esp;Grand Solitude - Cheesemod patch.esp;Grand Solitude - Cloaks of Skyrim patch.esp;Grand Solitude - Clockwork patch.esp;Grand Solitude - CRF patch.esp;Grand Solitude - Dlizzio's Mesh Fixes patch.esp;Grand Solitude - Faction Crossbows patch.esp;Grand Solitude - Falconer Armor patch.esp;Grand Solitude - Flora Additions - Waterplants patch.esp;Grand Solitude - Khajiit Caravan Mules patch.esp;Grand Solitude - Khajiit Has Tents patch.esp;Grand Solitude - Konahrik Accoutrements patch.esp;Grand Solitude - LotD patch.esp;Grand Solitude - Lux Via patch.esp;Grand Solitude - Missives patch.esp;Grand Solitude - Nature of the Wild Lands patch.esp;Grand Solitude - Oblivion Artifacts patch.esp;Grand Solitude - RS Children patch.esp;Grand Solitude - Skyrim Sewers patch.esp;Grand Solitude - Solitude and Temple Frescoes Solitude ESP No Lanterns patch.esp;Grand Solitude - Solitude Statues - Gaius Mucius patch.esp;Grand Solitude - Solitude Statues - Jason patch.esp;Grand Solitude - SUT patch.esp;Grand Solitude - Triumvirate patch.esp;Grand Solitude - Undeath patch.esp,folder matches the file name
Grand Solitude x Saviik's Solitude Mash-up,3170,nexus_found,161049,Grand Solitude x Saviik's Solitude Mash-up,Chlamydia and Marijn191 (uploader Chlamydia1),name_exact,high,673740,GS x SS Main File,1.0,MAIN,Grand Solitude x Saviik's Solitude.esp,linked plugin(s) found in this mod's files: Grand Solitude x Saviik's Solitude.esp | file chosen because it contains the linked plugin
Saviik's Solitude Overhaul,3171,nexus_found,133645,Saviik's Solitude Overhaul,Marijn191,name_exact,high,653332,Saviik's Solitude Overhaul,1.4.6,MAIN,,folder matches the file name
Grand Solitude - The Walls of High King Erling,3172,nexus_found,157506,Grand Solitude - The Walls of High King Erling,Drengin  ManuOstar44  Varangian94,name_exact,high,796423,Grand Solitude - The Walls of High King Erling,1.3.1,MAIN,Grand Solitude - The Walls of High King Erling.esp,linked plugin(s) found in this mod's files: Grand Solitude - The Walls of High King Erling.esp | folder matches the file name
Left-Hand Mine Overhaul,3187,nexus_found,117629,Left Hand Revised - Markarth Mines overhaul,Temryuu,name_exact,high,591015,Left-Hand Mine Overhaul,2.0.0,MAIN,Left-Hand Overhaul.esp,linked plugin(s) found in this mod's files: Left-Hand Overhaul.esp | folder matches the file name
Meshes Optimization Project - Medieval Markets - Optimized Meshes,3193,nexus_found,160495,Meshes Optimization Project,Ivy (uploader ItzIvy),name_exact,high,678306,Medieval Markets - Optimized Meshes,1.0,OPTIONAL,,folder matches '<mod name> <file name>'
Medieval Markets Animated,3198,nexus_found,161927,Medieval Markets Animated,StoneSpiralGaming and Circonianas,name_exact,high,677294,Medieval Markets - Animated,1.0,MAIN,Medieval Markets - Animated.esp,linked plugin(s) found in this mod's files: Medieval Markets - Animated.esp | folder matches the file name
Khajiit Has Tents Animated,3203,nexus_found,119988,Khajiit Has Tents Animated,StoneSpiralgaming,name_exact,high,506202,Khajiit Has Tents Animated,1.1,MAIN,Khajiit Has Tents-Animated.esp,"linked plugin(s) found in this mod's files: Khajiit Has Tents-Animated.esp | folder matches the file name | alternatives: Khajiit Has Wares Tents Animated (#108908, s=0.89, dl=338141); Khajiit Has Tents - Animated Banner (#179546, s=0.89, dl=4452)"
Ivy Stendarr Beacon Overhaul,3207,nexus_ambiguous,156160,Ivy's Stendarr's Beacon Overhaul,Ivy - MissileMann (uploader ItzIvy),name_fuzzy,low,768076,Ivy's Stendarr's Beacon Overhaul,1.0.10,MAIN,,no file name matches the folder; the only current MAIN file is suggested
FuzzBeed's Giant Camps AIO - USSEP patch,3269,not_found,,,,,,,,,,,"closest: Katria - USSEP Patch (#183763, s=0.48, dl=343)"
FuzzBeed's Giant Camps AIO - Mihail Giant Club Variety,3270,not_found,,,,,,,,,,,"closest: Giant Club Variety- Mihail Weapons and Shields (SE-AE version) (#104029, s=0.59, dl=333384)"
FuzzBeed's Giant Camps AIO - LFFGM patch,3271,not_found,,,,,,,,,,,"closest: The Great Cities AIO - Northern Roads - LFFGM Patch (#152849, s=0.50, dl=223)"
FuzzBeed's Giant Camps - Flora Aloe and Agave,3272,not_found,,,,,,,,,,,"closest: Flora Additions - Aloe and Agave (#119606, s=0.61, dl=41800)"
Gorgeous Giant Camps Compilation - Northern Roads Patch,3273,nexus_found,125327,Gorgeous Giant Camps Compilation - FuzzBeed's Giant Camps AIO,FuzzBeed (uploader TheOneTrueFuzzBeed),name_fuzzy,medium,618864,Gorgeous Giant Camps Compilation,2.2,MAIN,,no file name matches the folder; the only current MAIN file is suggested
Skybound Underhang Camp - Lux Via Patch,3278,nexus_found,54993,Skybound Underhang Camp,Missile (uploader MissileMann),name_exact,high,603430,Lux Via Patch,7,OPTIONAL,RiverwoodBandits - Lux Via Patch.esp,folder matches '<mod name> <file name>'
Skybound Underhang Camp - Creation Club - Iron Plate Addon,3279,nexus_found,54993,Skybound Underhang Camp,Missile (uploader MissileMann),name_exact,high,412539,Creation Club - Iron Plate Addon,7,OPTIONAL,RiverwoodBandits - CC Iron Plate Addon.esp,folder matches '<mod name> <file name>'
Skybound Underhang Camp,3280,nexus_found,54993,Skybound Underhang Camp,Missile (uploader MissileMann),name_exact,high,603429,Skybound Underhang Camp,7,MAIN,RiverwoodBandits.esp,folder matches the file name
Yet another patch hub for Ryn's Skyrim2,3283,not_found,,,,,,,,,,,"closest: Yet Another Horse Mod (#47261, s=0.47, dl=132)"
Home in a Hat - Unequip Fuckery Circumvention,3314,nexus_found,81859,Home in a Hat - Unequip Fuckery Circumvention,Elianora and YsCordelan (uploader AmbreLamps),name_exact,high,363139,Home in a Hat - Autoequip Teleport Patch,1.0.4,MAIN,Eli_HomeinaHat_AutoEquipPatch.esp,mod flagged adult content | no file name matches the folder; the only current MAIN file is suggested
Lux - Myrwatch Mesh - Tweaks and Enhancements,3329,nexus_found,85207,ELFX or LUX - Myrwatch Mesh Patch,PoptartJuniper,name_exact,high,440989,Lux - Myrwatch Mesh - Tweaks and Enhancements,1.0,OPTIONAL,Lux - Myrwatch Texture Patch - Tweaks and Enhancements.esp,linked plugin(s) found in this mod's files: Lux - Myrwatch Texture Patch - Tweaks and Enhancements.esp | linked plugin(s) found only in other mods: Lux - Myrwatch Tweaks and Enhancements patch.esp | folder matches the file name | name-linked plugin(s) that Nexus places in other mods: Lux - Myrwatch Tweaks and Enhancements patch.esp
Myrwatch - TnE - MyrwatchVaultFix - USCCCP Patch,3331,nexus_found,97659,CC Myrwatch - Tweaks and Enhancements (MyrTE),AndrealletiusVIII,name_exact,high,479879,Myrwatch - TnE -  MyrwatchVaultFix - USCCCP Patch,1.4,OLD_VERSION,,folder matches the file name | suggested file only exists as OLD_VERSION; current MAIN: CC Myrwatch - Tweaks and Enhancements v2.2.1 (#804090) | matched a file of a mod already identified for other folders (second pass)
Myrwatch - TnE - CC Fishing Patch,3332,nexus_found,97659,CC Myrwatch - Tweaks and Enhancements (MyrTE),AndrealletiusVIII,name_exact,high,465493,Myrwatch - TnE - CC Fishing Patch,1.3,OLD_VERSION,Myrwatch - TnE - CC Fishing Patch.esp,linked plugin(s) found in this mod's files: Myrwatch - TnE - CC Fishing Patch.esp | folder matches the file name | suggested file only exists as OLD_VERSION; current MAIN: CC Myrwatch - Tweaks and Enhancements v2.2.1 (#804090) | matched a file of a mod already identified for other folders (second pass)
CC Myrwatch - Tweaks and Enhancements (MyrTE),3333,nexus_found,97659,CC Myrwatch - Tweaks and Enhancements (MyrTE),AndrealletiusVIII,name_exact,high,804090,CC Myrwatch - Tweaks and Enhancements,2.2.1,MAIN,Myrwatch - Tweaks and Enhancements.esp,linked plugin(s) found in this mod's files: Myrwatch - Tweaks and Enhancements.esp | folder matches the file name
Myrwatch - Editable Home Cells (Cell Bug Workaround),3335,nexus_found,64108,Myrwatch - Editable Home Cells (Cell Bug Workaround),Jelidity,name_exact,high,302020,Myrwatch - House Fix,1.1.1,MAIN,,no file name matches the folder; the only current MAIN file is suggested
Mostly Treeless Tundra - Nature of the Wild Lands,3339,nexus_found,154818,Mostly Treeless Tundra - Patches Collection,Alaxouche (uploader AlaxoucheModding),name_exact,high,721544,Mostly Treeless Tundra - Nature of the Wild Lands,1.1.1,OPTIONAL,Mostly Treeless Tundra - Nature of the Wild Lands Patch.esp,linked plugin(s) found in this mod's files: Mostly Treeless Tundra - Nature of the Wild Lands Patch.esp | folder matches the file name
Mostly Treeless Tundra - Northern Scenery Tundra,3340,nexus_found,133515,Mostly Treeless Tundra - Patch Hub,DawnsMist,name_exact,medium,560322,Mostly Treeless Tundra - Northern Scenery Tundra,1.0,MAIN,,"another mod has an equally exact name; picked the far more downloaded one | folder matches the file name | alternatives: Mostly Treeless Tundra - Patches Collection (#154818, s=1.00, dl=36943)"
Mostly Treeless Tundra - Vanilla Plus,3341,nexus_found,133515,Mostly Treeless Tundra - Patch Hub,DawnsMist,name_exact,high,565246,Mostly Treeless Tundra - Vanilla Plus,1.0,MAIN,Mostly Treeless Tundra - Vanilla Plus.esp,linked plugin(s) found in this mod's files: Mostly Treeless Tundra - Vanilla Plus.esp | folder matches the file name
Mostly Treeless Tundra - Ryn's Halted Stream,3342,nexus_found,133515,Mostly Treeless Tundra - Patch Hub,DawnsMist,name_exact,high,565243,Mostly Treeless Tundra - Ryn's Halted Stream,1.0,MAIN,Mostly Treeless Tundra - Ryn's Halted Stream.esp,linked plugin(s) found in this mod's files: Mostly Treeless Tundra - Ryn's Halted Stream.esp | folder matches the file name
Mostly Treeless Tundra - Ryn's Bleakwind Basin,3343,nexus_found,133515,Mostly Treeless Tundra - Patch Hub,DawnsMist,name_exact,high,560324,Mostly Treeless Tundra - Ryn's Bleakwind Basin,1.0,MAIN,Mostly Treeless Tundra - Ryn's Bleakwin Basin.esp,linked plugin(s) found in this mod's files: Mostly Treeless Tundra - Ryn's Bleakwin Basin.esp | folder matches the file name
Mostly Treeless Tundra - Bent Pines,3344,nexus_found,133515,Mostly Treeless Tundra - Patch Hub,DawnsMist,name_exact,high,565233,Mostly Treeless Tundra - Bent Pines,1.0,MAIN,Mostly Treeless Tundra - Bent Pines.esp,linked plugin(s) found in this mod's files: Mostly Treeless Tundra - Bent Pines.esp | folder matches the file name
Mostly Treeless Tundra,3345,nexus_found,60655,Mostly Treeless Tundra,AgentW,name_exact,high,537084,Mostly Treeless Tundra,2.1,MAIN,Mostly Treeless Tundra 2.esp,linked plugin(s) found in this mod's files: Mostly Treeless Tundra 2.esp | folder matches the file name
Titan of Solitude Fixed and Improved,3346,nexus_found,117334,Titan of Solitude Fixed and Improved,turtlegodking,name_exact,high,683958,Titan of Solitude Improved,2.0,MAIN,TitanOfSkyrim.esp,no file name matches the folder; the only current MAIN file is suggested
Titan of Solitude,3347,nexus_found,91960,Titan of Solitude,betadanyou,name_exact,high,391075,Titan Solitude,v1,MAIN,TitanOfSkyrim.esp,folder matches the file name
Yggdrasil - Floating Tree Redux,3348,nexus_ambiguous,112376,Yggdrasil - World Tree Redux,Alaxouche - FrostyDudess17 (uploader AlaxoucheModding),name_fuzzy,low,710533,Yggdrasil - World Tree Redux,1.5.2,MAIN,Yggdrasil Trees.esp,no file name matches the folder; the only current MAIN file is suggested
Skyrim Tranquil ponds,3349,nexus_found,166171,Skyrim Tranquil Ponds,WiZkiD (uploader wizkid34),name_exact,high,763434,Skyrim Tranquil Ponds,1.7,MAIN,Skyrim Tranquil Ponds.esp;STP - CC Fishing integration.esp;STP - NotWL patch.esp,"linked plugin(s) found in this mod's files: Skyrim Tranquil Ponds.esp | folder matches the file name | alternatives: Skyrim Tranquil Ponds SC (#166207, s=0.90, dl=180)"
Ancient Land - JK's Windhelm Outskirts patch,3350,nexus_found,109496,Ancient Land - Small patch collection,Xanderlew,name_exact,medium,462304,Ancient Land - JK's Windhelm Outskirts patch,1,MAIN,Ancient Lands - JK's Windhelm Outskirts patch.esp,"another mod has an equally exact name but only as an archived/old file | linked plugin(s) found in this mod's files: Ancient Lands - JK's Windhelm Outskirts patch.esp | folder matches the file name | alternatives: Ancient Lands - Small patch collection - DELETED (#109449, s=1.00, dl=0)"
Ancient Land Patches,3351,nexus_found,54140,Ancient Land Patches,L0rkhaan,name_exact,high,409513,Ancient Land - Patches,1.6.0,MAIN,AncientLand-FancyMorthalSwampOverhaul.esp;AncientLand-LeapsOfFaith.esp;AncientLand-NorthernRoads.esp,folder matches the file name
Ancient Land,3352,nexus_found,22900,Ancient Land,Kralyks,name_exact,high,170200,Ancient Land 2.2,2.2,MAIN,AncientLand2.esp,folder matches the file name
Ruins Across Skyrim,3354,nexus_found,163593,Ruins Across Skyrim - AIO,sevnce (uploader sevnces),name_fuzzy,medium,684375,Ruins Across Skyrim - Core,1.2,MAIN,Falkreath Fort Ruins.esp;Ruins of the Swamp.esp;Ruins Over Riverwood - Northern Roads Patch.esp;Ruins Over Riverwood - NOTWL Patch.esp;Ruins Over Riverwood.esp,folder matches the file name
M.O.I.S.T. - Massive Outstandingly Insane Swamp Tree,3355,nexus_found,99083,M.O.I.S.T. - Massive Outstandingly Insane Swamp Tree,Alaxouche - BlubboDE (uploader AlaxoucheModding),name_exact,high,,,,,Massive Outstandingly Insane Swamp Tree.esp,linked plugin(s) found in this mod's files: Massive Outstandingly Insane Swamp Tree.esp | no file name matches the folder; several MAIN files: Massive Outstandingly Insane Swamp Trees - 2K | Massive Outstandingly Insane Swamp Trees - 4K
Fancy Morthal Swamp Overhaul,3356,nexus_found,85741,Fancy Morthal Swamp Overhaul,Jeannetta182,name_exact,high,770806,Fancy Morthal Swamp Overhaul,1.91,MAIN,Fancy Morthal Swamp Overhaul.esp;Fancy Swamp NotWL Patch.esp,linked plugin(s) found in this mod's files: Fancy Morthal Swamp Overhaul.esp | folder matches the file name
Petroglyphs of Skyrim,3361,nexus_found,146569,Petroglyphs of Skyrim,knightradiant2,name_exact,high,667401,Petroglyphs of Skyrim,1.0.3,MAIN,Petroglyphs of Skyrim.esp,linked plugin(s) found in this mod's files: Petroglyphs of Skyrim.esp | folder matches the file name
SilentStorm's Patches for DK's Realistic Nord Ships,3362,nexus_found,102666,SilentStorm's Patches for DK's Realistic Nord Ships,SilentStorm and DeviantKaled - aka ThatShipGuy (uploader SilentStorm064),name_exact,high,496693,Silent's Patches for DK's Realistic Nord Ships 2.0,2.0.1,MAIN,DynDOLOD - DK's Nord Ships Patch.esp;Great Village of Mixwater Mill - DK's Nord Ships Patch.esp;TGC Winterhold - DK's Nord Ships Patch.esp,folder matches the file name
DK's Realistic Nord Ships SSE,3363,nexus_found,43407,DK's Realistic Nord Ships SSE,DeviantKaled - aka ThatShipGuy (uploader JPSteel2),name_exact,high,182129,Realistic Nord Ships 2.0,2.0,MAIN,RealisticNordShips2.0.esp,folder matches the file name
[TalesOfStar] Air Balloons,3372,non_nexus,,,,manual_hint,medium,,,,,AirBalloons.esp,TalesOfStar Air Balloons (non-Nexus)
Unmarked Locations Pack - Wyrmstooth Addon,3382,nexus_found,169188,Unmarked Locations Pack - Wyrmstooth Addon,Gerald (uploader GeraldMods),name_exact,high,707731,Unmarked Locations Pack - Wyrmstooth Addon,1.0,MAIN,Unmarked Locations Pack - Wyrmstooth Addon.esp,linked plugin(s) found in this mod's files: Unmarked Locations Pack - Wyrmstooth Addon.esp | folder matches the file name
Blubbo Trees Variations,3412,nexus_found,119870,Blubbo Trees Variations,BlubboDE,name_exact,high,503101,Blubbo_Trees_Variations_Nexus.zip,0.9,MAIN,,folder matches the file name
Nature of the Wild Lands 3.14 - 3D hybrid LODs and regions addon,3413,nexus_found,133619,Nature of the Wild Lands 3.14 - 3D hybrid LODs and regions addon,Ylikollikas and fxxkthisworld,name_exact,high,677319,Nature of the Wild Lands 3.0 - 3D hybrid LOD,1.2.2,MAIN,,no file name matches the folder; the only current MAIN file is suggested
The Archwood Forest - 3D LOD Resources,3415,nexus_found,159512,The Archwood Forest - 3D LOD Resources,richardmayne367,name_exact,high,667051,The Archwood Forest - 3D LOD Resources,1.0.0,MAIN,,folder matches the file name
Maerchenwald - The Archwood Lite - Giant Fantasy Trees,3416,nexus_found,150187,Maerchenwald - The Archwood Lite - Giant Fantasy Trees,1m0ws,name_exact,high,628849,Maerchenwald - Archwood Lite - Giant Fantasy Trees,1.21a,MAIN,maerchenwald - the archwood lite.esp,"folder matches the file name | alternatives: DaRic - Maerchenwald - The Archwood Lite - Giant Fantasy Trees (TREES ONLY) (#165696, s=0.94, dl=1727)"
Maerchenwald - Archwood Lite - Giant Fantasy Trees,3417,nexus_found,150187,Maerchenwald - The Archwood Lite - Giant Fantasy Trees,1m0ws,name_exact,high,628849,Maerchenwald - Archwood Lite - Giant Fantasy Trees,1.21a,MAIN,maerchenwald - the archwood lite.esp,folder matches the file name
Lod Model Library for DynDOLOD,3442,nexus_found,87521,LOD Model Library for DynDOLOD,Blackread,name_exact,high,763408,LOD Model Library - FOMOD,1.8.3,MAIN,,no file name matches the folder; the only current MAIN file is suggested
Far Object LOD Improvement Project SSE,3443,nexus_found,79197,Far Object LOD Improvement Project SSE,DoubleYou,name_exact,high,347734,Far Object LOD Improvement Project SSE,1.1,MAIN,FOLIP.esp,folder matches the file name
LOTD Unofficial Unslaad TCC Patch,3636,nexus_found,146182,LOTD Unofficial Unslaad TCC Patch,liuziji,name_exact,medium,676149,LOTD Unofficial Unslaad TCC Patch,1.3,MAIN,LOTD_TCC_Unslaad_Display.esp,linked plugin(s) found only in other mods: LOTD_TCC_Unslaad.esp | folder matches the file name | name-linked plugin(s) that Nexus places in other mods: LOTD_TCC_Unslaad.esp
Unslaad SE2,3641,nexus_found,11789,Unslaad SE,Vicn,name_exact,high,765178,Unslaad SE v306b,3.0.6,MAIN,Unslaad.esm,linked plugin(s) found in this mod's files: Unslaad.esm | folder matches the file name
VIGILANT SE HiRes Pack 180,3673,nexus_found,11849,VIGILANT SE,Vicn,name_exact,high,655345,VIGILANT SE HiRes Pack 180,1.8.0,OLD_VERSION,,folder matches the file name | suggested file only exists as OLD_VERSION; current MAIN: VIGILANT SE v182 v1.8.2 (#764410) | matched a file of a mod already identified for other folders (second pass)
Vigilant - English Voices Addon 1.8 esp,3675,not_found,,,,,,,,,,,"closest: VIGILANT - English Translation (Plus Voiced Addon) (#11894, s=0.60, dl=5100238)"
VIGILANT - English Translation (Silent),3676,nexus_found,11894,VIGILANT - English Translation (Plus Voiced Addon),Aelarr and The Skyrim Voice Alliance,name_exact,high,764531,VIGILANT - English Translation (Silent),1.8.2,OPTIONAL,,folder matches the file name
VIGILANT SE 1.8,3677,nexus_found,11849,VIGILANT SE,Vicn,name_exact,high,764410,VIGILANT SE v182,1.8.2,MAIN,Vigilant.esm,linked plugin(s) found in this mod's files: Vigilant.esm | match after dropping version/edition tokens | folder matches the file name | file version matches the version in the folder name
Legacy of the Dragonborn V6,3720,nexus_found,11802,Legacy of the Dragonborn SSE,icecreamassassin,name_exact,high,799981,Legacy of the Dragonborn V6,6.10.2,MAIN,LegacyoftheDragonborn.esm;LegacyoftheDragonborn0.esp,linked plugin(s) found in this mod's files: LegacyoftheDragonborn.esm | folder matches the file name | file version matches the version in the folder name
Wheezing Draugr - ISC Patch,3803,nexus_found,177568,Wheezing Draugr,Clofas,name_exact,high,743217,Wheezing Draugr - ISC Patch,1.1,OPTIONAL,Wheezing Draugr - ISC Patch.esp,linked plugin(s) found in this mod's files: Wheezing Draugr - ISC Patch.esp | folder matches the file name
Clair Obscur Expedition 33 - VANILLA PLUS,3878,nexus_found,152168,Clair Obscur Expedition 33 - Soundtrack,gabeavenger,name_exact,high,635779,Clair Obscur Expedition 33 - WITH VANILLA SONGS,1.0.1,MAIN,Clair Obscur Expedition 33 - Sountrack PLUS VANILLA.esp,folder matches the file's archive name
Advanced Eyes Addon for (CVEO) by LDD - EFM Patch,3892,nexus_found,169004,Advanced Eyes Addon for (CVEO) by LDD,LevisageDeDior,name_exact,high,708305,Advanced Eyes Addon for (CVEO) by LDD - EFM Patch,1.0.0,OPTIONAL,,folder matches the file name
Advanced Eyes Addon for (CVEO) by LDD,3893,nexus_found,169004,Advanced Eyes Addon for (CVEO) by LDD,LevisageDeDior,name_exact,high,710299,Advanced Eyes Addon for (CVEO) by LDD,3.0.0,MAIN,AdvancedEyesAddon_CVEObyLDD.esp,folder matches the file name
LDD - Better Eye Shape for HPH,3894,nexus_found,165624,LDD - Better Eye Shape for HPH,LevisageDeDior,name_exact,high,691812,LDD - Better Eye Shape for HPH,1.0.0,MAIN,LDD_BetterEyeShapeforHPH.esp,linked plugin(s) found in this mod's files: LDD_BetterEyeShapeforHPH.esp | folder matches the file name
Dint BDOR Hair - Salt and Wind (Sassy),3895,nexus_found,188732,Dint BDOR Hair - Salt and Wind (Sassy),Uvithryn,name_exact,high,791280,Dint BDOR Hair - Salt And Wind,1,MAIN,,folder matches the file name
[Dint999] BDOR Hairs SSE 0.23,3896,non_nexus,,,,manual_hint,medium,,,,,,Dint999 BDOR hairs (Patreon/non-Nexus)
Lore-Friendly Load Screen Compendium (21-9) (4K),3908,nexus_found,138294,Lore-Friendly Load Screen Compendium (Loading Screens),ChildofDragons,name_exact,high,625091,Load Screen Compendium (21-9) (4K),2.1,OLD_VERSION,,folder matches the file's archive name | suggested file only exists as OLD_VERSION; current MAIN: Load Screen Compendium (16-9_10) (2K) v3.0 (#804828)
Dynamic Activation Key - Addons Collection2,3917,nexus_found,96430,Dynamic Activation Key - Addons Collection,MaskedRPGFan,name_exact,high,727843,Dynamic Activation Key - Addons Collection,2.3.0,MAIN,Dynamic Activation Key - Addons Collection.esp,linked plugin(s) found in this mod's files: Dynamic Activation Key - Addons Collection.esp | folder matches the file name
Lamas Tiny Hud - Edge version (SUKI),3922,non_nexus,,,,manual_hint,medium,,,,,,Lama's Tiny HUD Edge skin by SUKI (non-Nexus)
LamasTinyHUD - A Quick Slot Mod with Elden Souls Option,3923,nexus_found,82545,LamasTinyHUD - A Quick Slot Mod with Elden Souls Option,mlthelama,name_exact,high,423019,LamasTinyHUD,1.5.0,MAIN,LamasTinyHUD.esl,no file name matches the folder; the only current MAIN file is suggested
Compass Navigation Overhaul 2,3985,nexus_found,74484,Compass Navigation Overhaul,alexsylex,name_fuzzy,medium,481665,Compass Navigation Overhaul,2.2.0,MAIN,,folder matches the file name
In-Game Patcher - SKSE plugin,4014,nexus_found,158681,In-Game Patcher - SKSE plugin,RavenKZP,name_exact,high,669293,In-Game Patcher,1.4.2,MAIN,,no file name matches the folder; the only current MAIN file is suggested
SkyPlace,4015,nexus_found,149455,SkyPlace,SkyrimThiago,name_exact,high,806723,SkyPlace,1.4.3,MAIN,,folder matches the file name
Texture Downscaler,4016,nexus_found,187049,Texture Downscaler,RoseEden30,name_exact,high,793592,Texture Downscaler,2.4.0,MAIN,,folder matches the file name
Jaxonz Positioner Converter Remastered,4025,nexus_found,13090,Jaxonz Positioner Converter Remastered,SirTurdle,name_exact,high,285000,Jaxonz Positioner SSE Converted 2.0 Re-Upload No SKSE,2.0-No-SKSE,MAIN,JaxonzEnhGrab.esp,no file name matches the folder; the only current MAIN file is suggested
PhotoMode,4026,nexus_found,91701,Photo Mode,powerofthree,name_exact,high,803668,Photo Mode,3.0.4,MAIN,PhotoMode.esp,linked plugin(s) found in this mod's files: PhotoMode.esp | folder matches the file name
Hair Colour Sync NG,4027,nexus_found,156414,Hair Colour Sync NG,Jg1 and NG port by kingeric1992,name_exact,high,659270,HairColourSyncNg,1.3.1,MAIN,,folder matches the file name
Save & Load Accelerator for SKSE Cosaves (S.L.A.C.K.),4028,nexus_found,163969,Save and Load Accelerator for SKSE Cosaves - S.L.A.C.K.,just-harry (uploader UnjustHarry),name_exact,high,802936,Save and Load Accelerator For SKSE Cosaves,1.5.1,MAIN,,match after dropping version/edition tokens | folder matches the file name
Dynamic Armor Variants for Skyrim 1.5,4034,nexus_found,88302,Dynamic Armor Variants for Skyrim 1.5,Parapets (uploader Fuzzlesz),name_exact,high,594309,Dynamic Armor Variants for Skyrim 1.5,1.0.5-SE,MAIN,,folder matches the file name
NGIO - NG (1.5.11),4076,nexus_found,42161,No Grass In Objects,meh321 DwemerEngineer alandtse,name_exact,high,699415,NGIO - NG (1.5.11),1.5.11,OLD_VERSION,,folder matches the file name | file version matches the version in the folder name | suggested file only exists as OLD_VERSION; current MAIN: NGIO - NG (1.6.14) v1.6.14 (#797980) | matched a file of a mod already identified for other folders (second pass)
Powerofthree's Tweaks 1.15.1,4080,nexus_found,51073,powerofthree's Tweaks,powerofthree,name_exact,high,661201,powerofthree's Tweaks,1.15.1,OLD_VERSION,,"match after dropping version/edition tokens | folder matches the file name | file version matches the version in the folder name | suggested file only exists as OLD_VERSION; current MAIN: powerofthree's Tweaks v1.17.1 (#794717) | alternatives: powerofthree's Tweaks VR (#59510, s=0.87, dl=374176)"
Dtry Key Util Stuck Keys fix,4115,nexus_found,169354,dTry's Key Util - Stuck Keys Fix,Strife (uploader BlessingS91),name_fuzzy,medium,723554,KeyTrace Fix,2.0,MAIN,KeyTrace Fix.esp,no file name matches the folder; the only current MAIN file is suggested
Base Object Swapper 3.41,4121,nexus_found,60805,Base Object Swapper,powerofthree,name_exact,high,647525,Base Object Swapper,3.4.1,OLD_VERSION,,"match after dropping version/edition tokens | folder matches the file name | file version matches the version in the folder name | suggested file only exists as OLD_VERSION; current MAIN: Base Object Swapper v3.5.0 (#794962) | alternatives: Base Object Swapper VR (#61734, s=0.89, dl=352128)"
