line,folder,section,category,action,matched_via,nolvus_official_option,nolvus_official_version,nolvus_snapshots,in_mv,mv_skse_dlls,nexus_mod_id,nexus_file_id,nexus_version,plugins,note
2,Skyshards - CS Light Addon,cshader,unknown,review,exact,,,,,,,,,,not in any snapshot; identify on Nexus
3,CS shaders,cshader,custom,drop,exact,,,,,,,,,,probably a Community Shaders shader cache or local tweak
5,Pandora Output,11. ENB & RESHADE,generated,regenerate,exact,,,,,,,,,,Pandora Behaviour Engine output (run Pandora with -o)
6,CustomFixes1,11. ENB & RESHADE,custom,drop,exact,,,,,,,,,,author's private fixes (likely holds the [FIX]*.esp plugins)
8,Midwood Isle Paper Map,MV FPWM,nolvus,harvest_nolvus,exact,Not Graphics Only,1.71,nolvus-awekening-redux;nolvus-awakening-v6;nolvus-v6-ultimate-open-beta-start,,,,,,,
9,Paper Darkend Map - Update,MV FPWM,nolvus,harvest_nolvus,exact,Not Graphics Only,1.01,nolvus-awekening-redux;nolvus-awakening-v6;nolvus-v6-ultimate-open-beta-start,,,,,,,
10,Paper Darkend Map,MV FPWM,nolvus,harvest_nolvus,exact,Not Graphics Only,1.0,nolvus-awekening-redux;nolvus-awakening-v6;nolvus-v6-ultimate-open-beta-start,,,,,,,
11,Deepwood Vale Paper Map,MV FPWM,nolvus,harvest_nolvus,exact,Always Install,1.71,nolvus-awekening-redux;nolvus-awakening-v6;nolvus-v6-ultimate-open-beta-start,,,,,,,
12,Skuldafn Paper Map - Update,MV FPWM,nolvus,harvest_nolvus,exact,Always Install,1.01,nolvus-awekening-redux;nolvus-awakening-v6;nolvus-v6-ultimate-open-beta-start,,,,,,,
13,Skuldafn Paper Map,MV FPWM,nolvus,harvest_nolvus,exact,Always Install,1.1,nolvus-awekening-redux;nolvus-awakening-v6;nolvus-v6-ultimate-open-beta-start,,,,,,,
14,Paper Coldharbour Map - Update,MV FPWM,nolvus,harvest_nolvus,exact,Not Graphics Only,1.01,nolvus-awekening-redux;nolvus-awakening-v6;nolvus-v6-ultimate-open-beta-start,,,,,,,
15,Paper Coldharbour Map,MV FPWM,nolvus,harvest_nolvus,exact,Not Graphics Only,1.0,nolvus-awekening-redux;nolvus-awakening-v6;nolvus-v6-ultimate-open-beta-start,,,,,,,
16,Soul Cairn Paper Map,MV FPWM,nolvus,harvest_nolvus,exact,Always Install,1.8,nolvus-awekening-redux;nolvus-awakening-v6;nolvus-v6-ultimate-open-beta-start,,,,,,,
17,Beyond Skyrim Bruma Paper Map,MV FPWM,nolvus,harvest_nolvus,exact,Not Graphics Only,1.72,nolvus-awekening-redux;nolvus-awakening-v6;nolvus-v6-ultimate-open-beta-start,,,,,,,
18,Forgotten Vale Paper Map,MV FPWM,nolvus,harvest_nolvus,exact,Always Install,1.8,nolvus-awekening-redux;nolvus-awakening-v6;nolvus-v6-ultimate-open-beta-start,,,,,,,
19,Sovngarde Paper Map,MV FPWM,nolvus,harvest_nolvus,exact,Always Install,1.72,nolvus-awekening-redux;nolvus-awakening-v6;nolvus-v6-ultimate-open-beta-start,,,,,,,
20,Blackreach Paper Map,MV FPWM,nolvus,harvest_nolvus,exact,Always Install,1.75,nolvus-awekening-redux;nolvus-awakening-v6;nolvus-v6-ultimate-open-beta-start,,,,,,,
21,Duncan's Paper Maps,MV FPWM,nolvus,harvest_nolvus,exact,Not Graphics Only,1.73,nolvus-awekening-redux;nolvus-awakening-v6;nolvus-v6-ultimate-open-beta-start,,,,,,,
22,Markarth Paper Map,MV FPWM,nolvus,harvest_nolvus,exact,Always Install,1.7,nolvus-awekening-redux;nolvus-awakening-v6;nolvus-v6-ultimate-open-beta-start,,,,,,,
23,Dayspring Canyon Paper Map,MV FPWM,nolvus,harvest_nolvus,exact,Always Install,1.7,nolvus-awekening-redux;nolvus-awakening-v6;nolvus-v6-ultimate-open-beta-start,,,,,,,
24,Flat World Map Framework2,MV FPWM,both,harvest_mv,dup_suffix,Always Install,1.85,nolvus-awekening-redux;nolvus-awakening-v6;nolvus-v6-ultimate-open-beta-start,yes,BakaWorldMapSpeed.dll;FlatMapMarkersSSE.dll,29932,745332,1.87,FWMF for Fantasy Paper Maps.esp;Lux patch for FWMF.esp;Water for ENB - Patch - FWMF for Fantasy Paper Maps.esp,section suggests MV copy; has SKSE DLL from MV (1.6.1170 build) - replace with 1.5.97/NG build
26,CommunityShaders_AIO-2026-05-28T17-09Z,10. OUTPUTS,non_nexus,drop,exact,,,,,,,,,,Jiaye CS fork build (Wabbajack authored file); replaced by official Community Shaders
27,dyndolodCS2,10. OUTPUTS,generated,regenerate,exact,,,,,,,,,,"DynDOLOD output (DynDOLOD.esm/.esp, Occlusion.esp)"
28,texgenCS,10. OUTPUTS,generated,regenerate,exact,,,,,,,,,,DynDOLOD TexGen output
29,grass CS,10. OUTPUTS,generated,regenerate,exact,,,,,,,,,,NGIO grass cache
30,lodgen2,10. OUTPUTS,generated,regenerate,dup_suffix,Ultimate,6.0.21,nolvus-awakening-v6;nolvus-v6-ultimate-open-beta-start,,,,,,,xLODGen terrain LOD
31,pgpatcher_output,10. OUTPUTS,generated,regenerate,exact,,,,,,,,,,"PGPatcher output (PGPatcher.esp, PG_1.esp, PG_2.esp)"
32,SYNTHESSIS,10. OUTPUTS,generated,regenerate,exact,,,,,,,,,,Synthesis patcher output (Synthesis.esp)
33,overwrite2,10. OUTPUTS,generated,regenerate,exact,,,,,,,,,,author's MO2 overwrite folder (tool leftovers); contents unknown
34,BodySlide (Dressed),10. OUTPUTS,generated,regenerate,exact,"Not Dressed, Not Graphics Only",6.0.21,,,,,,,,BodySlide batch build output
35,Nature of the Wild Lands - Animations Addon,10. OUTPUTS,unknown,review,exact,,,,,,,,,,not in any snapshot; identify on Nexus
36,Nature of the Wild Lands - Animations Addon - PBR,10. OUTPUTS,unknown,review,exact,,,,,,,,,,not in any snapshot; identify on Nexus
37,Guardians of Valtheim ALT MOUNTAIN TXT SCALED,10. OUTPUTS,unknown,review,exact,,,,,,,,,,not in any snapshot; identify on Nexus
38,Guardians of Valtheim,10. OUTPUTS,unknown,review,exact,,,,,,,,,,not in any snapshot; identify on Nexus
39,Fantasy Cities - Cross of Lake Ilinalta only SE,10. OUTPUTS,unknown,review,exact,,,,,,,,,,not in any snapshot; identify on Nexus
41,Templar Assassin Armor PBR (2K),MV - Northern Roads,unknown,review,exact,,,,,,,,,,not in any snapshot; identify on Nexus
42,NordwarUA Legions PBR,MV - Northern Roads,unknown,review,exact,,,,,,,,,,not in any snapshot; identify on Nexus
43,Complex Silverware PBR,MV - Northern Roads,unknown,review,exact,,,,,,,,,,not in any snapshot; identify on Nexus
44,Praedy's Chantry of Auriel - PBR,MV - Northern Roads,unknown,review,exact,,,,,,,,,,not in any snapshot; identify on Nexus
45,Praedy's Chantry of Auriel AIO - SE,MV - Northern Roads,unknown,review,exact,,,,,,,,,,not in any snapshot; identify on Nexus
46,Improved Dwemer Glass PBR,MV - Northern Roads,unknown,review,exact,,,,,,,,,,not in any snapshot; identify on Nexus
47,Thrones Expanded PBR,MV - Northern Roads,unknown,review,exact,,,,,,,,,,not in any snapshot; identify on Nexus
48,Thrones Expanded,MV - Northern Roads,unknown,review,exact,,,,,,,,,,not in any snapshot; identify on Nexus
49,Praedys College of Winterhold PBR,MV - Northern Roads,unknown,review,exact,,,,,,,,,,not in any snapshot; identify on Nexus
50,Praedy's College of Winterhold - SE,MV - Northern Roads,mv,harvest_mv,exact,,,,yes,,46334,626072,2.0,Praedy's MageStatueFX.esp,
51,Praedy's Skeleton Replacer HD PBR,MV - Northern Roads,unknown,review,exact,,,,,,,,,,not in any snapshot; identify on Nexus
52,Skeleton Replacer HD 2K SE,MV - Northern Roads,unknown,review,exact,,,,,,,,,,not in any snapshot; identify on Nexus
53,Praedy's Castle Volkihar - PBR,MV - Northern Roads,unknown,review,exact,,,,,,,,,,not in any snapshot; identify on Nexus
54,Praedy's Castle Volkihar - SE,MV - Northern Roads,mv,harvest_mv,exact,,,,yes,,51493,553839,2.0,,
55,Praedy's Apocrypha - PBR,MV - Northern Roads,unknown,review,exact,,,,,,,,,,not in any snapshot; identify on Nexus
56,Praedy's Apocrypha 2K,MV - Northern Roads,unknown,review,exact,,,,,,,,,,not in any snapshot; identify on Nexus
57,Reinforced Civil War Camps PBR,MV - Northern Roads,unknown,review,exact,,,,,,,,,,not in any snapshot; identify on Nexus
58,Praedy's Soul Cairn - PBR,MV - Northern Roads,unknown,review,exact,,,,,,,,,,not in any snapshot; identify on Nexus
59,Praedy's Soul Cairn - SE,MV - Northern Roads,mv,harvest_mv,exact,,,,yes,,66261,624760,2.0,Praedys_Soulcairn.esm,
60,Dreadful Alduin,MV - Northern Roads,unknown,review,exact,,,,,,,,,,not in any snapshot; identify on Nexus
61,YXZ True Diverse Northern Roads Reforged-Complex Parallax Material-PBR CORE,MV - Northern Roads,unknown,review,exact,,,,,,,,,,not in any snapshot; identify on Nexus
62,YXZ True Diverse Northern Roads Reforged-Complex Parallax Material-PBR,MV - Northern Roads,unknown,review,exact,,,,,,,,,,not in any snapshot; identify on Nexus
63,Small Nordic Tent Replacer - PBR Textures,MV - Northern Roads,unknown,review,exact,,,,,,,,,,not in any snapshot; identify on Nexus
64,Northern Roads - Overgrowing Grass Remover,MV - Northern Roads,unknown,review,exact,,,,,,,,,,not in any snapshot; identify on Nexus
65,Mages & Vikings - Settings Hub,MV - Northern Roads,mv,harvest_mv,exact,,,,yes,,166086,766498,1.0.0,,
66,Northern Roads Patch Compendium,MV - Northern Roads,nolvus,harvest_nolvus,exact,Ultimate,6.1,nolvus-awakening-v6;nolvus-v6-ultimate-open-beta-start,,,,,,,
67,Northern Roads - Patches Compendium,MV - Northern Roads,mv,harvest_mv,exact,,,,yes,,77893,794461,6.2.0,Northern Roads - Additional Roads.esp;Northern Roads - Autumngate - A Believable Player Home Patch.esp;Northern Roads - Floating Plants Fix.esp;Northern Roads - Fortified Dawnstar Patch.esp;Northern Roads - Fortified Morthal Patch.esp;Northern Roads - Hag Occult Orphan Rock Patch.esp;Northern Roads - HFs Silent Sentinels Patch.esp;Northern Roads - Jks Riften Outskirt - Lawf Patch.esp;Northern Roads - LAWF - Ryn's Dragon Mounts Patch.esp;Northern Roads - Lux Via - LFFGM - Ryn's Western Watchtower Patch.esp;Northern Roads - Lux Via - Ryn's White River Watch Patch.esp;Northern Roads - Mirele Bismath Reborn Patch.esp;Northern Roads - Orc Strongholds AIO Patch.esp;Northern Roads - Rocks Patch.esp;Northern Roads - Ryn's Halted Stream Camp Patch.esp;Northern Roads - Spaghetti's Dragon Bridge Patch.esp;Northern Roads - Spaghetti's Rorikstead Patch.esp;Northern Roads - Thuldor's Ivarstead - Autumngate Patch.esp;Northern Roads - USSEP Additions.esp,
68,Northern Roads Patch Collection Addons,MV - Northern Roads,mv,harvest_mv,exact,,,,yes,,91969,448633,3.0,Northern Roads - GKB Waves Reborn patch.esp;Northern Roads - Lux Via - Ryn's GoldenGlow Estate patch.esp;Northern Roads - Lux Via - Ryn's Lost Valley Redoubt patch.esp;Northern Roads - Lux Via - Ryn's White River Watch patch.esp;Northern Roads - Ryn's Bleak Falls Tower patch.esp;Northern Roads - Ryn's GoldenGlow Estate - Lux Orbis patch.esp;Northern Roads - Ryn's Halted Stream Camp patch.esp;Northern Roads - Ryn's Lost Valley Redoubt patch.esp;Northern Roads - Ryn's Saarthal patch.esp,
69,Northern Roads - Landscape and Water Fixes patch,MV - Northern Roads,mv,harvest_mv,exact,,,,yes,,77386,577451,1.21.2,Northern Roads - Landscape and Water Fixes patch.esp,
70,Northern Roads Patch Collection3,MV - Northern Roads,both,harvest_mv,dup_suffix,Ultimate,1.24,nolvus-awakening-v6;nolvus-v6-ultimate-open-beta-start,yes,,77386,791369,1.21.2,Northern Roads - AI Overhaul patch.esp;Northern Roads - Anga's Mill COTNed patch.esp;Northern Roads - CC Farming patch.esp;Northern Roads - CC Fishing patch.esp;Northern Roads - CC Myrwatch patch.esp;Northern Roads - CC Saints and Seducers patch.esp;Northern Roads - CC The Cause patch.esp;Northern Roads - CC Tundra Homestead patch.esp;Northern Roads - COTN Dawnstar Patch.esp;Northern Roads - COTN Falkreath - LFFGM patch.esp;Northern Roads - COTN Falkreath Patch.esp;Northern Roads - Eli's Halla patch.esp;Northern Roads - Gorgeous Giant Camps Compilation Patch.esp;Northern Roads - Half-Moon Mill COTNed patch - LFFGM.esp;Northern Roads - Half-Moon Mill COTNed patch.esp;Northern Roads - JK's Sinderion's Field Laboratory patch.esp;Northern Roads - JKs Raven Rock patch.esp;Northern Roads - JKs Riften Outskirts + LFFGM patch.esp;Northern Roads - JKs Riften Outskirts + Lux Via patch.esp;Northern Roads - JKs Riften Outskirts patch.esp;Northern Roads - JKs Sky Haven Temple patch.esp;Northern Roads - JKs Solitude Outskirts patch.esp;Northern Roads - JKs Windhelm Outskirts + CEO Windhelm patch.esp;Northern Roads - JKs Windhelm Outskirts + Lux Via patch.esp;Northern Roads - JKs Windhelm Outskirts patch.esp;Northern Roads - Landscape Fixes for Grass Mods patch.esp;Northern Roads - Lux Orbis Patch.esp;Northern Roads - Lux patch.esp;Northern Roads - Lux Via + Anga's Mill COTNed patch.esp;Northern Roads - Lux Via - JK Skyhaven patch.esp;Northern Roads - Lux Via - LFFGM patch.esp;Northern Roads - Lux Via - Lux Orbis consistency patch.esp;Northern Roads - Lux Via patch.esp;Northern Roads - Obsidian Mountain Fogs patch.esp;Northern Roads - RYFTEN Down patch.esp;Northern Roads - Ryn's Bleakwind Basin.esp;Northern Roads - Ryn's Broken Tower Redoubt patch.esp;Northern Roads - Ryn's Dragon Mounds.esp;Northern Roads - Ryn's GoldenGlow Estate patch.esp;Northern Roads - Ryn's Karthspire patch.esp;Northern Roads - Ryn's Western Watchtower patch.esp;Northern Roads - Ryn's White River Watch patch.esp;Northern Roads - TGCotN Winterhold patch.esp;Northern Roads - The Great Village of Mixwater Mill patch.esp;Northern Roads - Vigilant patch.esp;Northern Roads - Water for ENB (Shades of Skyrim) - LFFGM patch.esp;Northern Roads - Water for ENB (Shades of Skyrim) patch.esp,section suggests MV copy
71,Northern Roads Patch Collection,MV - Northern Roads,both,harvest_mv,exact,Ultimate,1.24,nolvus-awakening-v6;nolvus-v6-ultimate-open-beta-start,yes,,77386,791369,1.21.2,Northern Roads - AI Overhaul patch.esp;Northern Roads - Anga's Mill COTNed patch.esp;Northern Roads - CC Farming patch.esp;Northern Roads - CC Fishing patch.esp;Northern Roads - CC Myrwatch patch.esp;Northern Roads - CC Saints and Seducers patch.esp;Northern Roads - CC The Cause patch.esp;Northern Roads - CC Tundra Homestead patch.esp;Northern Roads - COTN Dawnstar Patch.esp;Northern Roads - COTN Falkreath - LFFGM patch.esp;Northern Roads - COTN Falkreath Patch.esp;Northern Roads - Eli's Halla patch.esp;Northern Roads - Gorgeous Giant Camps Compilation Patch.esp;Northern Roads - Half-Moon Mill COTNed patch - LFFGM.esp;Northern Roads - Half-Moon Mill COTNed patch.esp;Northern Roads - JK's Sinderion's Field Laboratory patch.esp;Northern Roads - JKs Raven Rock patch.esp;Northern Roads - JKs Riften Outskirts + LFFGM patch.esp;Northern Roads - JKs Riften Outskirts + Lux Via patch.esp;Northern Roads - JKs Riften Outskirts patch.esp;Northern Roads - JKs Sky Haven Temple patch.esp;Northern Roads - JKs Solitude Outskirts patch.esp;Northern Roads - JKs Windhelm Outskirts + CEO Windhelm patch.esp;Northern Roads - JKs Windhelm Outskirts + Lux Via patch.esp;Northern Roads - JKs Windhelm Outskirts patch.esp;Northern Roads - Landscape Fixes for Grass Mods patch.esp;Northern Roads - Lux Orbis Patch.esp;Northern Roads - Lux patch.esp;Northern Roads - Lux Via + Anga's Mill COTNed patch.esp;Northern Roads - Lux Via - JK Skyhaven patch.esp;Northern Roads - Lux Via - LFFGM patch.esp;Northern Roads - Lux Via - Lux Orbis consistency patch.esp;Northern Roads - Lux Via patch.esp;Northern Roads - Obsidian Mountain Fogs patch.esp;Northern Roads - RYFTEN Down patch.esp;Northern Roads - Ryn's Bleakwind Basin.esp;Northern Roads - Ryn's Broken Tower Redoubt patch.esp;Northern Roads - Ryn's Dragon Mounds.esp;Northern Roads - Ryn's GoldenGlow Estate patch.esp;Northern Roads - Ryn's Karthspire patch.esp;Northern Roads - Ryn's Western Watchtower patch.esp;Northern Roads - Ryn's White River Watch patch.esp;Northern Roads - TGCotN Winterhold patch.esp;Northern Roads - The Great Village of Mixwater Mill patch.esp;Northern Roads - Vigilant patch.esp;Northern Roads - Water for ENB (Shades of Skyrim) - LFFGM patch.esp;Northern Roads - Water for ENB (Shades of Skyrim) patch.esp,section suggests MV copy
72,Rally's Banners of Skyrim - Northern Roads Patch 2K,MV - Northern Roads,mv,harvest_mv,exact,,,,yes,,116289,494541,1.0,,
73,Northern Roads PBR,MV - Northern Roads,unknown,review,exact,,,,,,,,,,not in any snapshot; identify on Nexus
74,Northern Roads Tents - Animated,MV - Northern Roads,nolvus,harvest_nolvus,exact,Always Install,1.2,nolvus-awekening-redux;nolvus-awakening-v6;nolvus-v6-ultimate-open-beta-start,,,,,,,
75,Northern Roads - Stairs Fixes,MV - Northern Roads,mv,harvest_mv,exact,,,,yes,,137711,583910,1.0,,
76,Northern Roads - Collision Box Fix in Whiterun,MV - Northern Roads,mv,harvest_mv,exact,,,,yes,,137238,575863,1.0.0,Northern Roads - Whiterun Collision Box Fix.esp,
77,Meshes Optimization Project - Northern Roads - Optimized Meshes,MV - Northern Roads,unknown,review,exact,,,,,,,,,,not in any snapshot; identify on Nexus
78,Northern Roads,MV - Northern Roads,both,harvest_mv,exact,Always Install,1.3.1,nolvus-awekening-redux;nolvus-awakening-v6;nolvus-v6-ultimate-open-beta-start,yes,,77530,391852,1.3.1,Northern Roads.esp,section suggests MV copy
80,RELight - Official Light Addon,MV - LUX,unknown,review,exact,,,,,,,,,,not in any snapshot; identify on Nexus
81,ReLight2,MV - LUX,unknown,review,exact,,,,,,,,,,not in any snapshot; identify on Nexus
82,Intellightent,MV - LUX,unknown,review,exact,,,,,,,,,,not in any snapshot; identify on Nexus
83,Dancing LUX CS,MV - LUX,unknown,review,exact,,,,,,,,,,not in any snapshot; identify on Nexus
84,Lux CS Patch,MV - LUX,unknown,review,exact,,,,,,,,,,not in any snapshot; identify on Nexus
85,CS Potion Lights - Awesome Potions Simplified,MV - LUX,unknown,review,exact,,,,,,,,,,not in any snapshot; identify on Nexus
86,Tiny Light Placer Hub2,MV - LUX,unknown,review,exact,,,,,,,,,,not in any snapshot; identify on Nexus
87,CS Lights2,MV - LUX,unknown,review,exact,,,,,,,,,,not in any snapshot; identify on Nexus
88,Light Placer,MV - LUX,unknown,review,exact,,,,,,,,,,not in any snapshot; identify on Nexus
89,Lux Variants,MV - LUX,both,harvest_mv,exact,Always Install,1.3,nolvus-awekening-redux,yes,,60524,329586,1.3,Lux - Dragonsreach Alternate Lighting.esp;Lux - JK's Blood & Silver overhaul patch.esp;Lux - JK's Temple of Mara Valentine Edition.esp;Lux - JK's Understone Keep Feuer Frei version.esp;Lux - Mara Valentine patch.esp;Lux - Silver Blood inn overhaul.esp;Lux - Understone Keep overhaul.esp,section suggests MV copy
90,Lux - Patch Hub3,MV - LUX,nolvus,harvest_nolvus,dup_suffix,Ultimate,7.0,,,,,,,,
91,Lux (cs),MV - LUX,unknown,review,exact,,,,,,,,,,not in any snapshot; identify on Nexus
92,Lux Orbis - Patch Hub2,MV - LUX,nolvus,harvest_nolvus,dup_suffix,Ultimate,4.6,,,,,,,,
93,Lux Orbis cs,MV - LUX,unknown,review,exact,,,,,,,,,,not in any snapshot; identify on Nexus
94,Lux - Via (patch hub)2,MV - LUX,mv,harvest_mv,dup_suffix,,,,yes,,116722,490655,2.2,Lux Via - CC Farming Patch.esp;Lux Via - City Entrances Overhaul - Windhelm Patch.esp;Lux Via - Halla patch.esp;Lux Via - Ryn's Goldenglow Estate patch.esp;Lux Via - Ryn's White River Watch.esp;Lux Via - TGC Winterhold V4 patch.esp,
95,Lux - Via,MV - LUX,mv,harvest_mv,exact,,,,yes,,63588,490662,1.7,Lux - Resources.esp;Lux Via - plugin.esp;Lux Via.esp,
97,DALC Fix Preset - NAT.III,MV - ENB,mv,harvest_mv,exact,,,,yes,,103052,687618,1.00,,
98,Vanilla CS rain TEXTURES,MV - ENB,custom,drop,exact,,,,,,,,,,probably a local texture tweak for CS rain
99,NAT.CS III,MV - ENB,unknown,review,exact,,,,,,,,,,not in any snapshot; identify on Nexus
100,NAT.ENB III - Natural and Atmospheric Tamriel ENB 3.1.1C,MV - ENB,mv,harvest_mv,exact,,,,yes,,27141,394915,3.1.1C-F,NAT-ENB.esp,
103,Skyrim Main Menu - Edge Edition,9. LATE LOADERS,unknown,review,exact,,,,,,,,,,not in any snapshot; identify on Nexus
104,Leveled List Patch,9. LATE LOADERS,nolvus,harvest_nolvus,exact,"Not Milk Drinker, Not Graphics Only",6.0.21,nolvus-awakening-v6;nolvus-v6-ultimate-open-beta-start,,,,,,,
105,Psychopatchist Purgatory,9. LATE LOADERS,both,harvest_nolvus,exact,Not Graphics Only,0.5,nolvus-awekening-redux;nolvus-awakening-v6;nolvus-v6-ultimate-open-beta-start,yes,,87016,751953,0.31,AI Overhaul - CC Alternative Armors Steel Soldier patch.esp;CC Bittercup - Fixes.esp;CC Dawnfang and Duskfang - Fixes.esp;Missives - AI Overhaul patch.esp;Nature of the Wild Lands - CC Bittercup patch.esp;Nature of the Wild Lands - CC Myrwatch patch.esp;Nature of the Wild Lands - CC Tundra Homestead patch.esp;SMIM - USSEP patch.esp;Xelzaz - High Hrothgar Remastered patch.esp;Xelzaz - USSEP patch.esp,section suggests Nolvus copy
106,Descriptions for Various Mods,9. LATE LOADERS,nolvus,harvest_nolvus,exact,Always Install,2.4.1,nolvus-awekening-redux;nolvus-awakening-v6;nolvus-v6-ultimate-open-beta-start,,,,,,,
107,Nolvus Awakening Consistency Patch,9. LATE LOADERS,nolvus,harvest_nolvus,exact,"Not Redux, Not Graphics Only",6.0,nolvus-awakening-v6;nolvus-v6-ultimate-open-beta-start,,,,,,,
108,Grand Solitude - eFPS patch,9. LATE LOADERS,unknown,review,exact,,,,,,,,,,not in any snapshot; identify on Nexus
109,eFPS - Miscellaneous Patches2,9. LATE LOADERS,nolvus,harvest_nolvus,dup_suffix,Always Install,1.2,nolvus-awekening-redux;nolvus-awakening-v6;nolvus-v6-ultimate-open-beta-start,,,,,,,
110,eFPS - Unofficial Patches2,9. LATE LOADERS,nolvus,harvest_nolvus,dup_suffix,Ultimate,1.49,nolvus-awakening-v6;nolvus-v6-ultimate-open-beta-start,,,,,,,
111,eFPS - Official Patch Hub2,9. LATE LOADERS,nolvus,harvest_nolvus,dup_suffix,Ultimate,1.7a,nolvus-awakening-v6;nolvus-v6-ultimate-open-beta-start,,,,,,,
112,SD's Lotta Patches,9. LATE LOADERS,nolvus,harvest_nolvus,exact,Not Graphics Only,1.0,nolvus-awekening-redux;nolvus-awakening-v6;nolvus-v6-ultimate-open-beta-start,,,,,,,
113,Lilebonymace's Patches2,9. LATE LOADERS,both,harvest_nolvus,dup_suffix,Not Graphics Only,2.35,nolvus-awekening-redux;nolvus-awakening-v6;nolvus-v6-ultimate-open-beta-start,yes,,36042,796971,2.34,DeadlySpellImpacts - Mysticism.esp;HouseOfHorrorsQuestExpansion - TheChoiceIsYours.esp;RadiantRequirements - Mysticism.esp;RadiantRequirements_QAIS_USSEP.esp;TheChoiceIsYours - Lod Dialogue Tweak.esp,section suggests Nolvus copy
114,LOTDV6 - Blubbos Solitude - Tree Patch,9. LATE LOADERS,unknown,review,exact,,,,,,,,,,not in any snapshot; identify on Nexus
115,Legacy of the Dragonborn Patches (Official)2,9. LATE LOADERS,nolvus,harvest_nolvus,dup_suffix,Ultimate,5.6.2,nolvus-awakening-v6;nolvus-v6-ultimate-open-beta-start,,,,,,,
116,Nolvus HUD Settings (Edge UI),9. LATE LOADERS,nolvus,harvest_nolvus,exact,"Edge UI, 16:9",6.0.21,,,,,,,,
117,Sanguis - Mist's Font Replacer,9. LATE LOADERS,unknown,review,exact,,,,,,,,,,not in any snapshot; identify on Nexus
118,Edge UI Racemenu,9. LATE LOADERS,unknown,review,exact,,,,,,,,,,not in any snapshot; identify on Nexus
119,Reskin For Edge UI _ Project 3 - Quest Journal Overhaul,9. LATE LOADERS,unknown,review,exact,,,,,,,,,,not in any snapshot; identify on Nexus
120,Quest Journal Overhaul - Wide Screen,9. LATE LOADERS,unknown,review,exact,,,,,,,,,,not in any snapshot; identify on Nexus
121,Quest Journal Overhaul,9. LATE LOADERS,nolvus,harvest_nolvus,exact,Always Install,1.3,,,,,,,,
122,Edge UI - Wheeler Reskin,9. LATE LOADERS,unknown,review,exact,,,,,,,,,,not in any snapshot; identify on Nexus
123,Edge UI - Modern Skyrim Interface3,9. LATE LOADERS,both,harvest_nolvus,dup_suffix,"Edge UI, Not Graphics Only",0.6.1,,yes,,130983,550376,0.60b,,section suggests Nolvus copy
125,Seasonal Wigfrid's Erdtrees Replacer,MV Late textures,unknown,review,exact,,,,,,,,,,not in any snapshot; identify on Nexus
126,Dwemer Pipework Reworked PBR,MV Late textures,unknown,review,exact,,,,,,,,,,not in any snapshot; identify on Nexus
127,Novigrad my Solitude,MV Late textures,unknown,review,exact,,,,,,,,,,not in any snapshot; identify on Nexus
128,Dawnguard Arsenal - PBR,MV Late textures,unknown,review,exact,,,,,,,,,,not in any snapshot; identify on Nexus
129,Bears of the North - My Fluffy Patch,MV Late textures,unknown,review,exact,,,,,,,,,,not in any snapshot; identify on Nexus
130,Bladedancer's Edge - PBR,MV Late textures,unknown,review,exact,,,,,,,,,,not in any snapshot; identify on Nexus
131,Gryphonknight Regalia - PBR 4k,MV Late textures,unknown,review,exact,,,,,,,,,,not in any snapshot; identify on Nexus
132,Fortified Morthal - PBR Brick and Roof,MV Late textures,unknown,review,exact,,,,,,,,,,not in any snapshot; identify on Nexus
133,Shattered Royal Armor PBR 4k,MV Late textures,unknown,review,exact,,,,,,,,,,not in any snapshot; identify on Nexus
134,GoW Guardian Shield - Spellbreaker Replacer,MV Late textures,unknown,review,exact,,,,,,,,,,not in any snapshot; identify on Nexus
135,Dark Apprentice - PBR,MV Late textures,unknown,review,exact,,,,,,,,,,not in any snapshot; identify on Nexus
136,Snazzy Resources and SCFO PBR Conversion,MV Late textures,unknown,review,exact,,,,,,,,,,not in any snapshot; identify on Nexus
137,Solitude and Temple Frescoes - PBR and Light Placer,MV Late textures,unknown,review,exact,,,,,,,,,,not in any snapshot; identify on Nexus
138,RMS Lux patch,MV Late textures,unknown,review,exact,,,,,,,,,,not in any snapshot; identify on Nexus
139,SKYKLF Modular Whiterun Resources PBR Conversion,MV Late textures,unknown,review,exact,,,,,,,,,,not in any snapshot; identify on Nexus
140,Lunar Guard Armor - PBR,MV Late textures,unknown,review,exact,,,,,,,,,,not in any snapshot; identify on Nexus
141,ErdtreeGildergreen - PBR 2.0,MV Late textures,unknown,review,exact,,,,,,,,,,not in any snapshot; identify on Nexus
142,Obi's Cimmerian - PBR,MV Late textures,unknown,review,exact,,,,,,,,,,not in any snapshot; identify on Nexus
143,Cimmerian Armor 3BA - SMP Bodyslides,MV Late textures,unknown,review,exact,,,,,,,,,,not in any snapshot; identify on Nexus
144,Obi's Cimmerian 3BA BHUNP SMP 4K,MV Late textures,unknown,review,exact,,,,,,,,,,not in any snapshot; identify on Nexus
145,Spider SE,MV Late textures,mv,harvest_mv,exact,,,,yes,,182638,765813,1,,
146,RUSTIC SOULGEMS - Special Edition,MV Late textures,unknown,review,exact,,,,,,,,,,not in any snapshot; identify on Nexus
147,Faultier's PBR Windows,MV Late textures,unknown,review,exact,,,,,,,,,,not in any snapshot; identify on Nexus
148,Faultier's PBR Road Signs,MV Late textures,unknown,review,exact,,,,,,,,,,not in any snapshot; identify on Nexus
149,Unslaad PBR,MV Late textures,unknown,review,exact,,,,,,,,,,not in any snapshot; identify on Nexus
150,Wicky's Solitude PBR,MV Late textures,unknown,review,exact,,,,,,,,,,not in any snapshot; identify on Nexus
151,Riton's PBR fort dawnguard,MV Late textures,unknown,review,exact,,,,,,,,,,not in any snapshot; identify on Nexus
152,Nirn Necessities PBR,MV Late textures,unknown,review,exact,,,,,,,,,,not in any snapshot; identify on Nexus
153,Modern Hay - PBR and CM,MV Late textures,unknown,review,exact,,,,,,,,,,not in any snapshot; identify on Nexus
154,Jiaye's Vigilant PBR AIO,MV Late textures,unknown,review,exact,,,,,,,,,,not in any snapshot; identify on Nexus
155,clockwork pbr,MV Late textures,unknown,review,exact,,,,,,,,,,not in any snapshot; identify on Nexus
156,Forgotten Princess - PBR,MV Late textures,unknown,review,exact,,,,,,,,,,not in any snapshot; identify on Nexus
157,[Dint999] Forgotten Princess,MV Late textures,mv,harvest_mv,exact,,,,yes,,109153,462313,1.0,[Dint999] Fogotten Princess Set.esp,
158,Children of the North Wind - PBR,MV Late textures,unknown,review,exact,,,,,,,,,,not in any snapshot; identify on Nexus
159,PBR textures for The Great Cities Collection,MV Late textures,unknown,review,exact,,,,,,,,,,not in any snapshot; identify on Nexus
160,Kvetchi Mercenary Set - PBR,MV Late textures,unknown,review,exact,,,,,,,,,,not in any snapshot; identify on Nexus
161,Colovian Prince Set - PBR,MV Late textures,unknown,review,exact,,,,,,,,,,not in any snapshot; identify on Nexus
162,Armors of the Velothi Pt. I - PBR,MV Late textures,unknown,review,exact,,,,,,,,,,not in any snapshot; identify on Nexus
163,TMD The Rift Leaves PBR 2k,MV Late textures,unknown,review,exact,,,,,,,,,,not in any snapshot; identify on Nexus
164,Flora Additions Waterplants PBR,MV Late textures,unknown,review,exact,,,,,,,,,,not in any snapshot; identify on Nexus
165,A PBR Nirnroot - 2k,MV Late textures,unknown,review,exact,,,,,,,,,,not in any snapshot; identify on Nexus
166,Jiaye's Sovngarde PBR,MV Late textures,unknown,review,exact,,,,,,,,,,not in any snapshot; identify on Nexus
167,Wyrmstooth - PBR,MV Late textures,unknown,review,exact,,,,,,,,,,not in any snapshot; identify on Nexus
168,HDT-SMP Silver Armor PBR Patch,MV Late textures,unknown,review,exact,,,,,,,,,,not in any snapshot; identify on Nexus
169,HDT-SMP Infantry Armor PBR Patch,MV Late textures,unknown,review,exact,,,,,,,,,,not in any snapshot; identify on Nexus
170,LOTD PBR Odds and Ends,MV Late textures,unknown,review,exact,,,,,,,,,,not in any snapshot; identify on Nexus
171,Security Overhaul SKSE PBR,MV Late textures,unknown,review,exact,,,,,,,,,,not in any snapshot; identify on Nexus
172,Sanguine Symphony - PBR,MV Late textures,unknown,review,exact,,,,,,,,,,not in any snapshot; identify on Nexus
173,Vanaheimr - Mines and Caves - Complex Material - PBR,MV Late textures,mv,harvest_mv,exact,,,,yes,,137033,724570,2.5,,
174,Tomato's PBR Forts and Dungeons,MV Late textures,unknown,review,exact,,,,,,,,,,not in any snapshot; identify on Nexus
175,Texture Patch for Vanaheimr PBR Landscapes,MV Late textures,unknown,review,exact,,,,,,,,,,not in any snapshot; identify on Nexus
176,Realistic PBR Footprints,MV Late textures,unknown,review,exact,,,,,,,,,,not in any snapshot; identify on Nexus
177,Embers XD PBR,MV Late textures,unknown,review,exact,,,,,,,,,,not in any snapshot; identify on Nexus
178,Tomato's Windhelm PBR - 2K,MV Late textures,unknown,review,exact,,,,,,,,,,not in any snapshot; identify on Nexus
179,Tomato's Riften PBR - 2k,MV Late textures,unknown,review,exact,,,,,,,,,,not in any snapshot; identify on Nexus
180,Tomato's PBR Whiterun - Darker wood,MV Late textures,unknown,review,exact,,,,,,,,,,not in any snapshot; identify on Nexus
181,Tomato's Whiterun Remake - PBR or Complex Material,MV Late textures,unknown,review,exact,,,,,,,,,,not in any snapshot; identify on Nexus
182,Vanaheimr Mountains,MV Late textures,unknown,review,exact,,,,,,,,,,not in any snapshot; identify on Nexus
183,High Quality PBR Ivy,MV Late textures,unknown,review,exact,,,,,,,,,,not in any snapshot; identify on Nexus
184,Bent Pines II PBR,MV Late textures,unknown,review,exact,,,,,,,,,,not in any snapshot; identify on Nexus
185,Nature of the Wild Lands - Rock Replacer,MV Late textures,unknown,review,exact,,,,,,,,,,not in any snapshot; identify on Nexus
186,Nature of the Wild Lands - PBR,MV Late textures,unknown,review,exact,,,,,,,,,,not in any snapshot; identify on Nexus
187,Sons of Skyrim - Complex Material and PBR,MV Late textures,mv,harvest_mv,exact,,,,yes,,137807,788394,1.3,,
188,nordic stonewalls pbr,MV Late textures,unknown,review,exact,,,,,,,,,,not in any snapshot; identify on Nexus
189,Faultier's PBR Armors and Clothes - USSEP patch,MV Late textures,unknown,review,exact,,,,,,,,,,not in any snapshot; identify on Nexus
190,Faultier's PBR Armors and Clothes,MV Late textures,unknown,review,exact,,,,,,,,,,not in any snapshot; identify on Nexus
191,Vanaheimr - Landscapes - AIO - PBR,MV Late textures,unknown,review,exact,,,,,,,,,,not in any snapshot; identify on Nexus
192,Ruins Clutter Improved PBR,MV Late textures,unknown,review,exact,,,,,,,,,,not in any snapshot; identify on Nexus
193,Awesome Potions Simplified,MV Late textures,nolvus,harvest_nolvus,exact,Always Install,2.1,nolvus-awekening-redux;nolvus-awakening-v6;nolvus-v6-ultimate-open-beta-start,,,,,,,
194,Faultier's PBR Skyrim AIO 2k,MV Late textures,unknown,review,exact,,,,,,,,,,not in any snapshot; identify on Nexus
195,Icy Mesh Remaster - Meshes,MV Late textures,mv,harvest_mv,exact,,,,yes,,73381,754426,2.30,,
196,Icy Mesh Remaster - IcyFixes,MV Late textures,mv,harvest_mv,exact,,,,yes,,73381,754427,2.30,IcyFixes.esp,
197,Falskaar - Landscape Texture Fix,MV Late textures,unknown,review,exact,,,,,,,,,,not in any snapshot; identify on Nexus
198,ERM - Textures pbr,MV Late textures,unknown,review,exact,,,,,,,,,,not in any snapshot; identify on Nexus
199,Tomato's Bridge Texture Parallax 2k 4k,MV Late textures,mv,harvest_mv,exact,,,,yes,,103309,436852,1.0,,
200,Windhelm Objects SMIMed,MV Late textures,mv,harvest_mv,exact,,,,yes,,144910,725299,1.5,,
201,Snazzy Mesh Fixes - Windhelm Interiors,MV Late textures,mv,harvest_mv,exact,,,,yes,,108315,457648,1.1,,
202,Drengin's Blue Palace - Mesh Only Replacer,MV Late textures,mv,harvest_mv,exact,,,,yes,,96798,412248,0.1.3,,
203,Fixed Meshes for Rugnarok - Lux Patch,MV Late textures,mv,harvest_mv,exact,,,,yes,,123987,682664,1.0,,
204,Fixed Meshes for Rugnarok,MV Late textures,mv,harvest_mv,exact,,,,yes,,123987,635648,1.0,,
205,Rally's Jorrvaskr Carpetry 2K,MV Late textures,mv,harvest_mv,exact,,,,yes,,112256,473839,1.0,,
206,FYX - Vanilla Table Replacer - LUX - Add-on,MV Late textures,mv,harvest_mv,exact,,,,yes,,91613,391185,1.0.3,,
207,FYX - Vanilla Table Replacer - LUX,MV Late textures,mv,harvest_mv,exact,,,,yes,,91613,391542,1.0.3,,
208,Vanilla Table Replacers,MV Late textures,mv,harvest_mv,exact,,,,yes,,33041,125783,1.0,,
209,HFs Solitude Well - Water in the well - parallax,MV Late textures,mv,harvest_mv,exact,,,,yes,,146418,612545,1.1,,
210,Water in Wells - mesh-only animated wells,MV Late textures,mv,harvest_mv,exact,,,,yes,,57268,471786,0.7,,
211,HFs - High Hrothgar column - remodel,MV Late textures,mv,harvest_mv,exact,,,,yes,,161629,676225,1,,
212,GG's High Hrothgar fixed stairs,MV Late textures,mv,harvest_mv,exact,,,,yes,,87626,401317,1.2,,
213,High Hrothgar Fixed - Lux Parallax Patch,MV Late textures,mv,harvest_mv,exact,,,,yes,,55254,476507,1.02,,
214,High Hrothgar Fixed - Lux Orbis Parallax Patch,MV Late textures,mv,harvest_mv,exact,,,,yes,,55254,476514,1.02,,
215,High Hrothgar Fixed,MV Late textures,mv,harvest_mv,exact,,,,yes,,55254,476728,1.02,,
216,3D Solitude Trellis,MV Late textures,nolvus,harvest_nolvus,exact,Always Install,3.1,nolvus-awekening-redux;nolvus-awakening-v6;nolvus-v6-ultimate-open-beta-start,,,,,,,
217,3D Whiterun Trellis Expansion,MV Late textures,both,harvest_mv,exact,Always Install,1.3.1,nolvus-awekening-redux;nolvus-awakening-v6;nolvus-v6-ultimate-open-beta-start,yes,,67700,288167,1.3.1,,section suggests MV copy
218,3D Whiterun Trellis pbr,MV Late textures,unknown,review,exact,,,,,,,,,,not in any snapshot; identify on Nexus
219,FYX - 3D Whiterun Drawbridge Gate - Parallax,MV Late textures,mv,harvest_mv,exact,,,,yes,,64645,271863,1.0.2,,
220,FYX - 3D Whiterun Drawbridge Gate - LUX Orbis meshe Parallax,MV Late textures,mv,harvest_mv,exact,,,,yes,,64645,282043,1.0.2,,
221,Tel Mithryn Overhaul - High Poly and Improved Meshes - Lux Patch,MV Late textures,mv,harvest_mv,exact,,,,yes,,100397,442759,1.0,,
222,Tel Mithryn Overhaul - High Poly and Improved Meshes - Lux Orbis Patch,MV Late textures,mv,harvest_mv,exact,,,,yes,,100397,758845,1.0,,
223,Tel Mithryn Overhaul - High Poly and Improved Meshes,MV Late textures,mv,harvest_mv,exact,,,,yes,,100397,758841,1.0,,
224,Icy Windhelm - Windhelm Entrance Overhaul patch,MV Late textures,unknown,review,exact,,,,,,,,,,not in any snapshot; identify on Nexus
225,Better Windhelm Ground Meshes - Icy Windhelm,MV Late textures,mv,harvest_mv,exact,,,,yes,,42746,275464,1.3.5,,
226,Better Windhelm Ground Meshes - Parallaxed,MV Late textures,mv,harvest_mv,exact,,,,yes,,42746,275447,1.3.5,,
227,ALT - Windhelm Entrance - Defensive Towers,MV Late textures,mv,harvest_mv,exact,,,,yes,,118674,499665,1.1,ALT - Windhelm Walls Tower.esp,
228,Icy Windhelm - Lux Orbis patch,MV Late textures,mv,harvest_mv,exact,,,,yes,,121025,513683,1.0,Icy Windhelm - Lux Orbis patch.esp,
230,Serana Re-Imagined - Eyes Re-Visited,Extra followers,unknown,review,exact,,,,,,,,,,not in any snapshot; identify on Nexus
231,Hood Plus Hair for Serana Re-Imagined,Extra followers,unknown,review,exact,,,,,,,,,,not in any snapshot; identify on Nexus
232,Serana Re-Imagined,Extra followers,unknown,review,exact,,,,,,,,,,not in any snapshot; identify on Nexus
233,Ashe - A Visual Replacer2,Extra followers,unknown,review,exact,,,,,,,,,,not in any snapshot; identify on Nexus
234,Serana Dialogue Add-On x Ashe - Crystal Heart - Full Banter Patch (Asherana)2,Extra followers,unknown,review,exact,,,,,,,,,,not in any snapshot; identify on Nexus
235,Ashe Inigo Patch,Extra followers,unknown,review,exact,,,,,,,,,,not in any snapshot; identify on Nexus
236,Ashe Static Skill Leveling Patch,Extra followers,unknown,review,exact,,,,,,,,,,not in any snapshot; identify on Nexus
237,Ashe Lux Patch,Extra followers,unknown,review,exact,,,,,,,,,,not in any snapshot; identify on Nexus
238,Ashe 3,Extra followers,unknown,review,exact,,,,,,,,,,not in any snapshot; identify on Nexus
239,JK's Fort Dawnguard - SDA Patch,Extra followers,unknown,review,exact,,,,,,,,,,not in any snapshot; identify on Nexus
240,SDA - Standing stones patch,Extra followers,unknown,review,exact,,,,,,,,,,not in any snapshot; identify on Nexus
241,SDA - Lazy Lux Patches,Extra followers,unknown,review,exact,,,,,,,,,,not in any snapshot; identify on Nexus
242,SDA Patch Hub SE,Extra followers,unknown,review,exact,,,,,,,,,,not in any snapshot; identify on Nexus
243,Serana Dialogue Add-On,Extra followers,unknown,review,exact,,,,,,,,,,not in any snapshot; identify on Nexus
244,IFD Lydia Voice Fix - Skypatched,Extra followers,unknown,review,exact,,,,,,,,,,not in any snapshot; identify on Nexus
245,Improved Follower Dialogue - Lydia,Extra followers,unknown,review,exact,,,,,,,,,,not in any snapshot; identify on Nexus
247,Dragonborn ReVoiced2,MV - immersion,unknown,review,exact,,,,,,,,,,not in any snapshot; identify on Nexus
248,Cinematic Conversation Camera 1.3.2,MV - immersion,unknown,review,exact,,,,,,,,,,not in any snapshot; identify on Nexus
249,Unique Jarl Throne Sitting Animation,MV - immersion,unknown,review,exact,,,,,,,,,,not in any snapshot; identify on Nexus
250,Whistling in Skyrim,MV - immersion,unknown,review,exact,,,,,,,,,,not in any snapshot; identify on Nexus
251,Walking Stick - Walk with staves or polearms - IED-OAR,MV - immersion,unknown,review,exact,,,,,,,,,,not in any snapshot; identify on Nexus
252,Dova Jump,MV - immersion,unknown,review,exact,,,,,,,,,,not in any snapshot; identify on Nexus
253,Dynamic Relaxed sneak OAR,MV - immersion,unknown,review,exact,,,,,,,,,,not in any snapshot; identify on Nexus
254,Skeps of Skyrim - 1K textures,MV - immersion,mv,harvest_mv,exact,,,,yes,,160712,674537,1.1,,
255,Skeps of Skyrim - Diverse Beehives,MV - immersion,mv,harvest_mv,exact,,,,yes,,160712,674055,1.1,Diverse Bee Hives.esp,
256,Diverse Chicken Coops - CoTN Winterhold Patch,MV - immersion,unknown,review,exact,,,,,,,,,,not in any snapshot; identify on Nexus
257,Diverse Chicken Coops - Fortified Morthal Patch,MV - immersion,mv,harvest_mv,exact,,,,yes,,152612,698557,1.0,,
258,Diverse Chicken Coops - Great Town of Shor's Stone,MV - immersion,unknown,review,exact,,,,,,,,,,not in any snapshot; identify on Nexus
259,Diverse Chicken Coops - 1K textures,MV - immersion,mv,harvest_mv,exact,,,,yes,,152612,639404,1.0,,
260,Diverse Chicken Coops - Base Object Swapper,MV - immersion,mv,harvest_mv,exact,,,,yes,,152612,698510,1.0,Diverse Chicken Coops.esp,
261,Pinecones,MV - immersion,mv,harvest_mv,exact,,,,yes,,120021,616089,1.0,Pinecones.esp,
262,Subtle Feminine Carriage Sitting Animation SE by Xtudo,MV - immersion,mv,harvest_mv,exact,,,,yes,,95413,405302,1.1,,
263,Snazzy Diverse Carriages - JS Knapsacks Patch,MV - immersion,mv,harvest_mv,exact,,,,yes,,112041,525011,1.0,,
264,Snazzy Diverse Carriages - Base Object Swapper,MV - immersion,mv,harvest_mv,exact,,,,yes,,112041,525010,1.0,Snazzy Diverse Carriages - BOS.esp,
265,JS Knapsacks SE,MV - immersion,mv,harvest_mv,exact,,,,yes,,85447,541316,1.2,JS Knapsacks SE.esp,
266,Random Barrel Roll - Base Object Swapper,MV - immersion,mv,harvest_mv,exact,,,,yes,,78195,615107,0.1,,
267,Plant Size Variety,MV - immersion,mv,harvest_mv,exact,,,,yes,,93177,396429,1.0,,
268,Immersive Magic Brooms Legacy of the Dragonborn Patch (Optional),MV - immersion,unknown,review,exact,,,,,,,,,,not in any snapshot; identify on Nexus
269,Immersive Magic Brooms,MV - immersion,mv,harvest_mv,exact,,,,yes,,74847,376471,2.0,FA03MagicBroom.esp,
271,Sonders Raysense Wall Leaning ALT F,8. IMMERSION,unknown,review,exact,,,,,,,,,,not in any snapshot; identify on Nexus
272,Sonder's Raysense Wall Leaning,8. IMMERSION,unknown,review,exact,,,,,,,,,,not in any snapshot; identify on Nexus
273,Dynamic Wind - Nature Of The Wild Lands Patch,8. IMMERSION,unknown,review,exact,,,,,,,,,,not in any snapshot; identify on Nexus
274,DynamicWindSkyrim,8. IMMERSION,unknown,review,exact,,,,,,,,,,not in any snapshot; identify on Nexus
275,Dynamic Wind Framework,8. IMMERSION,unknown,review,exact,,,,,,,,,,not in any snapshot; identify on Nexus
276,ParticleWind NG 3.5,8. IMMERSION,unknown,review,exact,,,,,,,,,,not in any snapshot; identify on Nexus
277,Horsemen Torch Wield Fix and Mount Tweaks SE,8. IMMERSION,mv,harvest_mv,exact,,,,yes,,77303,486592,1.2,,
278,Kojaks Ambient Flying Dragons,8. IMMERSION,unknown,review,exact,,,,,,,,,,not in any snapshot; identify on Nexus
279,Immersive Flying Books,8. IMMERSION,unknown,review,exact,,,,,,,,,,not in any snapshot; identify on Nexus
280,Wayshrines - JK's Skyhaven patch,8. IMMERSION,unknown,review,exact,,,,,,,,,,not in any snapshot; identify on Nexus
281,Tiny but Useful - Yet Another Patch Hub3,8. IMMERSION,both,harvest_nolvus,dup_suffix,Not Graphics Only,2.1,nolvus-awekening-redux;nolvus-awakening-v6;nolvus-v6-ultimate-open-beta-start,yes,,62050,721698,1.8.1,Lux Via - Simplicity of Snow.esp;Nature of the Wild Lands - Ryn's Ustengrav Patch.esp;WiZkiD Lund's Hut - Lux Patch.esp;WiZkiD Pavo's House - Lux Patch.esp,section suggests Nolvus copy
282,Tiny but Useful - Yet Another Patch Hub2,8. IMMERSION,both,harvest_nolvus,dup_suffix,Not Graphics Only,2.1,nolvus-awekening-redux;nolvus-awakening-v6;nolvus-v6-ultimate-open-beta-start,yes,,62050,721698,1.8.1,Lux Via - Simplicity of Snow.esp;Nature of the Wild Lands - Ryn's Ustengrav Patch.esp;WiZkiD Lund's Hut - Lux Patch.esp;WiZkiD Pavo's House - Lux Patch.esp,section suggests Nolvus copy
283,Open Wayshrines Add-on for SWIFT - Skyrim Wayshrines Immersive Fast Travel,8. IMMERSION,unknown,review,exact,,,,,,,,,,not in any snapshot; identify on Nexus
284,Skyrim Wayshrines - Immersive Fast Travel - SWIFT SE,8. IMMERSION,unknown,review,exact,,,,,,,,,,not in any snapshot; identify on Nexus
285,SMP Wind NG,8. IMMERSION,unknown,review,exact,,,,,,,,,,not in any snapshot; identify on Nexus
286,SMP Wind,8. IMMERSION,unknown,review,exact,,,,,,,,,,not in any snapshot; identify on Nexus
287,BTS01Margot - Wyrmstooth DBVO Patch,8. IMMERSION,unknown,review,exact,,,,,,,,,,not in any snapshot; identify on Nexus
288,BTS01Margot - Vigilant DBVO Patch,8. IMMERSION,unknown,review,exact,,,,,,,,,,not in any snapshot; identify on Nexus
289,BTS01Margot - Legacy of the Dragonborn DBVO Patch,8. IMMERSION,unknown,review,exact,,,,,,,,,,not in any snapshot; identify on Nexus
290,BTS01Margot - RHO DBVO Patch,8. IMMERSION,unknown,review,exact,,,,,,,,,,not in any snapshot; identify on Nexus
291,BTS01Margot - Caught Red Handed DBVO Patch,8. IMMERSION,unknown,review,exact,,,,,,,,,,not in any snapshot; identify on Nexus
292,BTS01Margot - CDB DBVO Patch,8. IMMERSION,unknown,review,exact,,,,,,,,,,not in any snapshot; identify on Nexus
293,BTS01Margot - Curse of the Hound Amulet DBVO Patch,8. IMMERSION,unknown,review,exact,,,,,,,,,,not in any snapshot; identify on Nexus
294,BTS01Margot - Cutting Room Floor DBVO Patch,8. IMMERSION,unknown,review,exact,,,,,,,,,,not in any snapshot; identify on Nexus
295,BTS01Margot - Darkend DBVO Patch,8. IMMERSION,unknown,review,exact,,,,,,,,,,not in any snapshot; identify on Nexus
296,BTS01Margot - Sirenroot DBVO Patch,8. IMMERSION,unknown,review,exact,,,,,,,,,,not in any snapshot; identify on Nexus
297,BTS01Margot - Wheels of Lull DBVO Patch,8. IMMERSION,unknown,review,exact,,,,,,,,,,not in any snapshot; identify on Nexus
298,BTS01Margot - Unslaad DBVO Patch,8. IMMERSION,unknown,review,exact,,,,,,,,,,not in any snapshot; identify on Nexus
299,BTS01Margot - Undeath DBVO Patch,8. IMMERSION,unknown,review,exact,,,,,,,,,,not in any snapshot; identify on Nexus
300,BTS01Margot - Tools of Kagrenac DBVO Patch,8. IMMERSION,unknown,review,exact,,,,,,,,,,not in any snapshot; identify on Nexus
301,BTS01Margot - The Choice Is Yours DBVO Patch,8. IMMERSION,unknown,review,exact,,,,,,,,,,not in any snapshot; identify on Nexus
302,BTS01Margot - Teldryn Serious DBVO Patch,8. IMMERSION,unknown,review,exact,,,,,,,,,,not in any snapshot; identify on Nexus
303,BTS01Margot - Remi DBVO Patch,8. IMMERSION,unknown,review,exact,,,,,,,,,,not in any snapshot; identify on Nexus
304,BTS01Margot - Project AHO DBVO Patch,8. IMMERSION,unknown,review,exact,,,,,,,,,,not in any snapshot; identify on Nexus
305,BTS01Margot - Moon and Star DBVO Patch,8. IMMERSION,unknown,review,exact,,,,,,,,,,not in any snapshot; identify on Nexus
306,BTS01Margot - Missives DBVO Patch,8. IMMERSION,unknown,review,exact,,,,,,,,,,not in any snapshot; identify on Nexus
307,BTS01Margot - Midwood Isle DBVO Patch,8. IMMERSION,unknown,review,exact,,,,,,,,,,not in any snapshot; identify on Nexus
308,BTS01Margot - HoH Quest Expansion DBVO Patch,8. IMMERSION,unknown,review,exact,,,,,,,,,,not in any snapshot; identify on Nexus
309,BTS01Margot - Gray Cowl of Nocturnal DBVO Patch,8. IMMERSION,unknown,review,exact,,,,,,,,,,not in any snapshot; identify on Nexus
310,BTS01Margot - Falskaar DBVO Patch,8. IMMERSION,unknown,review,exact,,,,,,,,,,not in any snapshot; identify on Nexus
311,BTS01Margot - Forgotten City DBVO Patch,8. IMMERSION,unknown,review,exact,,,,,,,,,,not in any snapshot; identify on Nexus
312,BTS01Margot - Inigo DBVO Patch,8. IMMERSION,unknown,review,exact,,,,,,,,,,not in any snapshot; identify on Nexus
313,BTS01Margot - Baba Yaga DBVO Patch,8. IMMERSION,unknown,review,exact,,,,,,,,,,not in any snapshot; identify on Nexus
314,BTS01Margot - Belethor's Sister DBVO Patch,8. IMMERSION,unknown,review,exact,,,,,,,,,,not in any snapshot; identify on Nexus
315,BTS01Margot - Beyond Skyim Bruma DBVO Patch,8. IMMERSION,unknown,review,exact,,,,,,,,,,not in any snapshot; identify on Nexus
316,BTS01Margot - CoT DBVO Patch,8. IMMERSION,unknown,review,exact,,,,,,,,,,not in any snapshot; identify on Nexus
317,BTS01Margot - Honed Metal DBVO Patch,8. IMMERSION,unknown,review,exact,,,,,,,,,,not in any snapshot; identify on Nexus
318,BTS01Margot - Ashe DBVO Patch,8. IMMERSION,unknown,review,exact,,,,,,,,,,not in any snapshot; identify on Nexus
319,BTS01Margot - 3DNPC DBVO Patch,8. IMMERSION,unknown,review,exact,,,,,,,,,,not in any snapshot; identify on Nexus
320,Margot - DBVO Voice Pack,8. IMMERSION,unknown,review,exact,,,,,,,,,,not in any snapshot; identify on Nexus
321,Collision Dialogue Overhaul MCM,8. IMMERSION,mv,harvest_mv,exact,,,,yes,,132325,555508,1.0,Collision Dialogue Overhaul MCM.esp,
322,Collision Dialogue Overhaul,8. IMMERSION,mv,harvest_mv,exact,,,,yes,,132325,558552,1.0,Collision Dialogue Overhaul.esp,
323,Gulan0 Animations-Walk-run-sprinting rework,8. IMMERSION,unknown,review,exact,,,,,,,,,,not in any snapshot; identify on Nexus
324,Malignis Animations - Random Idles Talk Barter,8. IMMERSION,mv,harvest_mv,exact,,,,yes,,103288,577598,1.0,,
325,Guards Pose with Weapons,8. IMMERSION,unknown,review,exact,,,,,,,,,,not in any snapshot; identify on Nexus
326,Dynamic Looting and Harvesting Animations,8. IMMERSION,mv,harvest_mv,exact,,,,yes,,114547,499397,1.1,LootingAnimations.esp,
327,Carry My Stuff Horse,8. IMMERSION,unknown,review,exact,,,,,,,,,,not in any snapshot; identify on Nexus
328,UNDERDOG - Animations 3.0,8. IMMERSION,unknown,review,exact,,,,,,,,,,not in any snapshot; identify on Nexus
329,Improved Idle Laydown Animations,8. IMMERSION,mv,harvest_mv,exact,,,,yes,,99691,432735,1.1,,
330,Warming Hands,8. IMMERSION,mv,harvest_mv,exact,,,,yes,,73581,585277,2.1,Warming Hands.esp,
331,Dynamic Female Table Leaning,8. IMMERSION,unknown,review,exact,,,,,,,,,,not in any snapshot; identify on Nexus
332,Improved Barstool Exit Animation,8. IMMERSION,mv,harvest_mv,exact,,,,yes,,143012,668823,1.0,,
333,Malignis Animations - Conditions,8. IMMERSION,unknown,review,exact,,,,,,,,,,not in any snapshot; identify on Nexus
334,Immersive Interactions for Quick Loot,8. IMMERSION,unknown,review,exact,,,,,,,,,,not in any snapshot; identify on Nexus
335,Dovahkiin can lean Sit Kneel Lay down and Meditate etc too,8. IMMERSION,unknown,review,exact,,,,,,,,,,not in any snapshot; identify on Nexus
336,Random emotions CEE patch,8. IMMERSION,unknown,review,exact,,,,,,,,,,not in any snapshot; identify on Nexus
337,Random Emotions SSE,8. IMMERSION,unknown,review,exact,,,,,,,,,,not in any snapshot; identify on Nexus
338,Immersive Equipment Displays (IED) - Mura Presets,8. IMMERSION,unknown,review,exact,,,,,,,,,,not in any snapshot; identify on Nexus
339,dbvo_jinx_sda_patch,8. IMMERSION,unknown,review,exact,,,,,,,,,,not in any snapshot; identify on Nexus
340,dbvo_jinx_vigilant,8. IMMERSION,unknown,review,exact,,,,,,,,,,not in any snapshot; identify on Nexus
341,dbvo_jinx_quest_exp_patch,8. IMMERSION,unknown,review,exact,,,,,,,,,,not in any snapshot; identify on Nexus
342,dbvo_jinx_lotd_patch,8. IMMERSION,unknown,review,exact,,,,,,,,,,not in any snapshot; identify on Nexus
343,Jinx DBVO Voice Pack,8. IMMERSION,unknown,review,exact,,,,,,,,,,not in any snapshot; identify on Nexus
344,DBVO Vampira,8. IMMERSION,unknown,review,exact,,,,,,,,,,not in any snapshot; identify on Nexus
345,PC Head Tracking and Voice Type SE,8. IMMERSION,unknown,review,exact,,,,,,,,,,not in any snapshot; identify on Nexus
346,Nolvus Awakening Imersion Patch,8. IMMERSION,nolvus,harvest_nolvus,exact,Not Graphics Only,6.0,nolvus-awekening-redux;nolvus-awakening-v6;nolvus-v6-ultimate-open-beta-start,,,,,,,
347,Helmet Toggle 2 - SMP Hair Fix,8. IMMERSION,nolvus,harvest_nolvus,exact,Not Graphics Only,1.0.0,nolvus-awekening-redux,,,,,,,
348,Helmet Toggle 2 NEW2,8. IMMERSION,unknown,review,exact,,,,,,,,,,not in any snapshot; identify on Nexus
349,No Camera Collision,8. IMMERSION,nolvus,harvest_nolvus,exact,Not Graphics Only,2.0,nolvus-awekening-redux;nolvus-awakening-v6;nolvus-v6-ultimate-open-beta-start,,,,,,,
350,Press E to Heal Followers - NPC Stuck in Bleedout Patch,8. IMMERSION,nolvus,harvest_nolvus,exact,Not Graphics Only,1.0,nolvus-awekening-redux;nolvus-awakening-v6;nolvus-v6-ultimate-open-beta-start,,,,,,,
351,Press E to Heal Followers,8. IMMERSION,nolvus,harvest_nolvus,exact,Not Graphics Only,1.0,nolvus-awekening-redux;nolvus-awakening-v6;nolvus-v6-ultimate-open-beta-start,,,,,,,
352,Store Entrance Doorbells,8. IMMERSION,nolvus,harvest_nolvus,exact,Not Graphics Only,2.0,nolvus-awekening-redux;nolvus-awakening-v6;nolvus-v6-ultimate-open-beta-start,,,,,,,
353,Respect for the Arch-Mage,8. IMMERSION,nolvus,harvest_nolvus,exact,Not Graphics Only,1.0.4,nolvus-awekening-redux;nolvus-awakening-v6;nolvus-v6-ultimate-open-beta-start,,,,,,,
354,Respect for the Legate,8. IMMERSION,nolvus,harvest_nolvus,exact,Not Graphics Only,1.0.1,nolvus-awekening-redux;nolvus-awakening-v6;nolvus-v6-ultimate-open-beta-start,,,,,,,
355,Welcome Back to the Bee and Barb,8. IMMERSION,nolvus,harvest_nolvus,exact,Not Graphics Only,1.0.1,nolvus-awekening-redux;nolvus-awakening-v6;nolvus-v6-ultimate-open-beta-start,,,,,,,
356,Mind of Madness Bald Fix,8. IMMERSION,nolvus,harvest_nolvus,exact,Not Graphics Only,1.0,nolvus-awekening-redux;nolvus-awakening-v6;nolvus-v6-ultimate-open-beta-start,,,,,,,
357,Good Dog,8. IMMERSION,nolvus,harvest_nolvus,exact,Not Graphics Only,1.0.1,nolvus-awekening-redux;nolvus-awakening-v6;nolvus-v6-ultimate-open-beta-start,,,,,,,
358,Niyya's New Clothes,8. IMMERSION,nolvus,harvest_nolvus,exact,Not Graphics Only,1.0,nolvus-awekening-redux;nolvus-awakening-v6;nolvus-v6-ultimate-open-beta-start,,,,,,,
359,Bury Sinderion,8. IMMERSION,nolvus,harvest_nolvus,exact,Not Graphics Only,1.1.2,nolvus-awekening-redux;nolvus-awakening-v6;nolvus-v6-ultimate-open-beta-start,,,,,,,
360,The Last Swim,8. IMMERSION,nolvus,harvest_nolvus,exact,Not Graphics Only,1.0,nolvus-awekening-redux;nolvus-awakening-v6;nolvus-v6-ultimate-open-beta-start,,,,,,,
361,The Last Journey,8. IMMERSION,nolvus,harvest_nolvus,exact,Not Graphics Only,1.1,nolvus-awekening-redux;nolvus-awakening-v6;nolvus-v6-ultimate-open-beta-start,,,,,,,
362,Military Camps Begone,8. IMMERSION,nolvus,harvest_nolvus,exact,Not Graphics Only,1.1,nolvus-awekening-redux;nolvus-awakening-v6;nolvus-v6-ultimate-open-beta-start,,,,,,,
363,The Clever Prisoner,8. IMMERSION,both,harvest_nolvus,exact,Not Graphics Only,1.2.3,nolvus-awekening-redux;nolvus-awakening-v6;nolvus-v6-ultimate-open-beta-start,yes,,84348,692788,1.2.3,TheCleverPrisoner.esp,section suggests Nolvus copy
364,Carriage Guards,8. IMMERSION,both,harvest_nolvus,exact,"Ultimate, Not Graphics Only",2.0,nolvus-awakening-v6;nolvus-v6-ultimate-open-beta-start,yes,,50309,259278,1.2,Carriage Guards.esp,section suggests Nolvus copy
365,The Coachmen,8. IMMERSION,nolvus,harvest_nolvus,exact,"Ultimate, Not Graphics Only",2.0,nolvus-awakening-v6;nolvus-v6-ultimate-open-beta-start,,,,,,,
366,Ships On The Horizon,8. IMMERSION,nolvus,harvest_nolvus,exact,Not Graphics Only,1.2,nolvus-awekening-redux;nolvus-awakening-v6;nolvus-v6-ultimate-open-beta-start,,,,,,,
367,Whale Bones on Coasts,8. IMMERSION,nolvus,harvest_nolvus,exact,Not Graphics Only,1.0,nolvus-awekening-redux;nolvus-awakening-v6;nolvus-v6-ultimate-open-beta-start,,,,,,,
368,Detailed NPCs - Chordophones for NPCs,8. IMMERSION,nolvus,harvest_nolvus,exact,Not Graphics Only,2.0,nolvus-awekening-redux;nolvus-awakening-v6;nolvus-v6-ultimate-open-beta-start,,,,,,,
369,Detailed NPCs - Druid Backpack for NPCs,8. IMMERSION,nolvus,harvest_nolvus,exact,Not Graphics Only,1.0,nolvus-awekening-redux;nolvus-awakening-v6;nolvus-v6-ultimate-open-beta-start,,,,,,,
370,Detailed NPCs - Bandages for NPCs,8. IMMERSION,nolvus,harvest_nolvus,exact,Not Graphics Only,2.0,nolvus-awekening-redux;nolvus-awakening-v6;nolvus-v6-ultimate-open-beta-start,,,,,,,
371,Detailed NPCs - Equipped Spell Tomes for NPCs,8. IMMERSION,nolvus,harvest_nolvus,exact,Not Graphics Only,2.0,nolvus-awekening-redux;nolvus-awakening-v6;nolvus-v6-ultimate-open-beta-start,,,,,,,
372,Detailed NPCs - Fishing Gear for NPCs,8. IMMERSION,nolvus,harvest_nolvus,exact,Not Graphics Only,2.0,nolvus-awekening-redux;nolvus-awakening-v6;nolvus-v6-ultimate-open-beta-start,,,,,,,
373,Detailed NPCs - Blanket Scarves for NPCs,8. IMMERSION,nolvus,harvest_nolvus,exact,Not Graphics Only,2.0,nolvus-awekening-redux;nolvus-awakening-v6;nolvus-v6-ultimate-open-beta-start,,,,,,,
374,Detailed NPCs - Basket Backpacks for NPCs,8. IMMERSION,nolvus,harvest_nolvus,exact,Not Graphics Only,2.0,nolvus-awekening-redux;nolvus-awakening-v6;nolvus-v6-ultimate-open-beta-start,,,,,,,
375,Wash That Blood Off 2,8. IMMERSION,nolvus,harvest_nolvus,exact,Not Graphics Only,2.1.1,nolvus-awekening-redux;nolvus-awakening-v6;nolvus-v6-ultimate-open-beta-start,,po3_WashThatBloodOff.dll,62358,531791,2.0,,
376,ElSopa Big Backpack,8. IMMERSION,nolvus,harvest_nolvus,exact,Not Graphics Only,1.1,nolvus-awekening-redux;nolvus-awakening-v6;nolvus-v6-ultimate-open-beta-start,,,,,,,
377,Informed Mail Delivery,8. IMMERSION,nolvus,harvest_nolvus,exact,Not Graphics Only,1.4,nolvus-awekening-redux;nolvus-awakening-v6;nolvus-v6-ultimate-open-beta-start,,,,,,,
378,Dapper Deliveries - A Courier Overhaul,8. IMMERSION,nolvus,harvest_nolvus,exact,Not Graphics Only,1.0,nolvus-awekening-redux;nolvus-awakening-v6;nolvus-v6-ultimate-open-beta-start,,,,,,,
379,Better Courier,8. IMMERSION,nolvus,harvest_nolvus,exact,Not Graphics Only,2.1.1,nolvus-awekening-redux;nolvus-awakening-v6;nolvus-v6-ultimate-open-beta-start,,,,,,,
380,YOT - Your Own Thoughts,8. IMMERSION,nolvus,harvest_nolvus,exact,Not Graphics Only,1.2,nolvus-awekening-redux;nolvus-awakening-v6;nolvus-v6-ultimate-open-beta-start,,,,,,,
381,Immersive Death Cycle,8. IMMERSION,both,harvest_nolvus,exact,Not Graphics Only,1.04,nolvus-awekening-redux;nolvus-awakening-v6;nolvus-v6-ultimate-open-beta-start,yes,,97048,456429,1.02,Immersive Death Cycle.esp,section suggests Nolvus copy
382,Immersive Rejections,8. IMMERSION,nolvus,harvest_nolvus,exact,Not Graphics Only,1.13,nolvus-awekening-redux;nolvus-awakening-v6;nolvus-v6-ultimate-open-beta-start,,,,,,,
383,NPCs Wear Amulets of Mara,8. IMMERSION,nolvus,harvest_nolvus,exact,Not Graphics Only,2.03,nolvus-awekening-redux;nolvus-awakening-v6;nolvus-v6-ultimate-open-beta-start,,,,,,,
384,Animals Swim,8. IMMERSION,nolvus,harvest_nolvus,exact,Not Graphics Only,1.0,nolvus-awekening-redux;nolvus-awakening-v6;nolvus-v6-ultimate-open-beta-start,,,,,,,
385,NPCs React To Frenzy,8. IMMERSION,both,harvest_nolvus,exact,Not Graphics Only,1.0,nolvus-awekening-redux;nolvus-awakening-v6;nolvus-v6-ultimate-open-beta-start,yes,,107492,455878,1.0,NPCsReactToFrenzy.esp,section suggests Nolvus copy
386,NPCs React To Invisibility - Bow of Shadows Patch,8. IMMERSION,nolvus,harvest_nolvus,exact,Not Graphics Only,1.01,nolvus-awekening-redux;nolvus-awakening-v6;nolvus-v6-ultimate-open-beta-start,,,,,,,
387,NPCs React To Invisibility,8. IMMERSION,both,harvest_nolvus,exact,Not Graphics Only,1.03,nolvus-awekening-redux;nolvus-awakening-v6;nolvus-v6-ultimate-open-beta-start,yes,,91480,535128,1.03,NPCs React To Invisibility.esp,section suggests Nolvus copy
388,NPCs React To Necromancy,8. IMMERSION,nolvus,harvest_nolvus,exact,Not Graphics Only,1.02,nolvus-awekening-redux;nolvus-awakening-v6;nolvus-v6-ultimate-open-beta-start,,,,,,,
389,No NPC Greetings,8. IMMERSION,nolvus,harvest_nolvus,exact,Not Graphics Only,2.0a,nolvus-awekening-redux;nolvus-awakening-v6;nolvus-v6-ultimate-open-beta-start,,,,,,,
390,Sleeping Expanded - Use Those Blankets - Go To Bed - Xtudo Randomizer,8. IMMERSION,nolvus,harvest_nolvus,exact,Not Graphics Only,1.4,nolvus-awekening-redux;nolvus-awakening-v6;nolvus-v6-ultimate-open-beta-start,,,,,,,
391,Sleeping Expanded,8. IMMERSION,nolvus,harvest_nolvus,exact,Not Graphics Only,1.22,nolvus-awekening-redux;nolvus-awakening-v6;nolvus-v6-ultimate-open-beta-start,,,,,,,
392,Go To Bed - Xtudo Randomizer,8. IMMERSION,nolvus,harvest_nolvus,exact,Not Graphics Only,1.2,nolvus-awekening-redux;nolvus-awakening-v6;nolvus-v6-ultimate-open-beta-start,,,,,,,
393,Go to bed - Complete Crafting Overhaul Patch,8. IMMERSION,nolvus_old,harvest_nolvus,exact,,,nolvus-awekening-redux;nolvus-awakening-v6;nolvus-v6-ultimate-open-beta-start,,,,,,,not on the current nolvus.net page (6.0.21 beta); present in 6.0.20 snapshots
394,Go to bed - Patches,8. IMMERSION,nolvus_old,harvest_nolvus,exact,,,nolvus-awekening-redux;nolvus-awakening-v6;nolvus-v6-ultimate-open-beta-start,,,,,,,not on the current nolvus.net page (6.0.21 beta); present in 6.0.20 snapshots
395,Go to bed,8. IMMERSION,nolvus_old,harvest_nolvus,exact,,,nolvus-awekening-redux;nolvus-awakening-v6;nolvus-v6-ultimate-open-beta-start,,,,,,,not on the current nolvus.net page (6.0.21 beta); present in 6.0.20 snapshots
396,Use Those Blankets,8. IMMERSION,both,harvest_nolvus,exact,Not Graphics Only,2.11,nolvus-awekening-redux;nolvus-awakening-v6;nolvus-v6-ultimate-open-beta-start,yes,,75481,417054,2.11,Use Those Blankets.esp,section suggests Nolvus copy
397,Animated Ships - Patches,8. IMMERSION,nolvus,harvest_nolvus,exact,Not Graphics Only,4.3,nolvus-awekening-redux;nolvus-awakening-v6;nolvus-v6-ultimate-open-beta-start,,,,,,,
398,Detailed Landscapes - Animated Ships Replacer,8. IMMERSION,unknown,review,exact,,,,,,,,,,not in any snapshot; identify on Nexus
399,Animated Ships,8. IMMERSION,nolvus,harvest_nolvus,exact,Not Graphics Only,1.2,nolvus-awekening-redux;nolvus-awakening-v6;nolvus-v6-ultimate-open-beta-start,,,,,,,
400,Carriages and Stables Dialogue Bundle - Wild Horses Addon,8. IMMERSION,nolvus,harvest_nolvus,exact,Not Graphics Only,1.0,nolvus-awekening-redux;nolvus-awakening-v6;nolvus-v6-ultimate-open-beta-start,,,,,,,
401,Carriages and Stables Dialogue Bundle,8. IMMERSION,both,harvest_nolvus,exact,Not Graphics Only,1.0,nolvus-awekening-redux;nolvus-awakening-v6;nolvus-v6-ultimate-open-beta-start,yes,,79297,334238,1.0,CarriageAndStableDialogues.esp,section suggests Nolvus copy
402,Dremora Lines Expansion,8. IMMERSION,nolvus,harvest_nolvus,exact,Not Graphics Only,1.1,nolvus-awekening-redux;nolvus-awakening-v6;nolvus-v6-ultimate-open-beta-start,,,,,,,
403,Brawl Lines Expansion and Fixes,8. IMMERSION,both,harvest_nolvus,exact,Not Graphics Only,1.02,nolvus-awekening-redux;nolvus-awakening-v6;nolvus-v6-ultimate-open-beta-start,yes,,94070,403503,1.02,Brawl Lines Expansion.esp,section suggests Nolvus copy
404,Vampire Lines Expansion,8. IMMERSION,both,harvest_nolvus,exact,Not Graphics Only,1.02,nolvus-awekening-redux;nolvus-awakening-v6;nolvus-v6-ultimate-open-beta-start,yes,,83484,459574,1.01,Vampire Lines Expansion.esp,section suggests Nolvus copy
405,Forsworn and Thalmor Lines Expansion,8. IMMERSION,both,harvest_nolvus,exact,Not Graphics Only,1.02,nolvus-awekening-redux;nolvus-awakening-v6;nolvus-v6-ultimate-open-beta-start,yes,,80188,459575,1.01,Forsworn and Thalmor Lines Expansion.esp,section suggests Nolvus copy
406,Civil War Lines Expansion,8. IMMERSION,both,harvest_nolvus,exact,Not Graphics Only,1.1,nolvus-awekening-redux;nolvus-awakening-v6;nolvus-v6-ultimate-open-beta-start,yes,,77566,523967,1.08,Civil War Lines Expansion.esp,section suggests Nolvus copy
407,Bandit Lines Expansion,8. IMMERSION,both,harvest_nolvus,exact,Not Graphics Only,1.09,nolvus-awekening-redux;nolvus-awakening-v6;nolvus-v6-ultimate-open-beta-start,yes,,63733,459566,1.08,Bandit Lines Expansion.esp,section suggests Nolvus copy
408,Immersive Equipment Displays - Nolvus Settings,8. IMMERSION,nolvus,harvest_nolvus,exact,Not Graphics Only,6.0.19,nolvus-awekening-redux,,,,,,,
409,Immersive Equipment Displays,8. IMMERSION,both,harvest_nolvus,exact,Not Graphics Only,1.7.4,nolvus-awekening-redux;nolvus-awakening-v6;nolvus-v6-ultimate-open-beta-start,yes,ImmersiveEquipmentDisplays.dll,62001,450465,1.7.3,,section suggests Nolvus copy
410,Simple Dual Sheath,8. IMMERSION,both,harvest_nolvus,exact,Not Graphics Only,1.5.7,nolvus-awekening-redux;nolvus-awakening-v6;nolvus-v6-ultimate-open-beta-start,yes,SimpleDualSheath.dll,50049,450438,1.5.6,,section suggests Nolvus copy
412,Nolvus Awakening Races Patch,7.9 RACES,nolvus,harvest_nolvus,exact,Not Graphics Only,6.0.15,nolvus-awekening-redux;nolvus-awakening-v6;nolvus-v6-ultimate-open-beta-start,,,,,,,
413,Burning Silver,7.9 RACES,nolvus,harvest_nolvus,exact,Not Graphics Only,1.2,nolvus-awekening-redux;nolvus-awakening-v6;nolvus-v6-ultimate-open-beta-start,,,,,,,
414,Vampires Cast No Shadow,7.9 RACES,nolvus,harvest_nolvus,exact,Not Graphics Only,1.2.1,nolvus-awekening-redux;nolvus-awakening-v6;nolvus-v6-ultimate-open-beta-start,,,,,,,
415,Sacrosanct - Path of Sorcery Patch,7.9 RACES,nolvus,harvest_nolvus,exact,Not Graphics Only,1.0,nolvus-awekening-redux;nolvus-awakening-v6;nolvus-v6-ultimate-open-beta-start,,,,,,,
416,Sacrosanct - Vampires of Skyrim - Settings Loader,7.9 RACES,nolvus,harvest_nolvus,exact,Not Graphics Only,2.0.1,nolvus-awekening-redux;nolvus-awakening-v6;nolvus-v6-ultimate-open-beta-start,,,,,,,
417,Sacrosanct - Vampires of Skyrim,7.9 RACES,nolvus,harvest_nolvus,exact,Not Graphics Only,6.0,nolvus-awekening-redux;nolvus-awakening-v6;nolvus-v6-ultimate-open-beta-start,,,,,,,
418,Growl - Werebeasts of Skyrim - Settings Loader,7.9 RACES,nolvus,harvest_nolvus,exact,Not Graphics Only,1.0,nolvus-awekening-redux;nolvus-awakening-v6;nolvus-v6-ultimate-open-beta-start,,,,,,,
419,Growl - Werebeasts of Skyrim,7.9 RACES,nolvus,harvest_nolvus,exact,Not Graphics Only,3.4.0,nolvus-awekening-redux;nolvus-awakening-v6;nolvus-v6-ultimate-open-beta-start,,,,,,,
420,Aetherius - A Race Overhaul,7.9 RACES,both,harvest_nolvus,exact,Not Graphics Only,2.14.1,nolvus-awekening-redux;nolvus-awakening-v6;nolvus-v6-ultimate-open-beta-start,yes,,26686,772611,2.11.8,Aetherius.esp;AetheriusNPCSpellAbsorb.esp,section suggests Nolvus copy
422,Immersive Weapon Switch,7.8 MISC GAMEPLAY,unknown,review,exact,,,,,,,,,,not in any snapshot; identify on Nexus
423,Lock Bashing,7.8 MISC GAMEPLAY,mv,harvest_mv,exact,,,,yes,LockBashing.dll,165491,706798,1.0.1,Lock Bashing.esp,has SKSE DLL from MV (1.6.1170 build) - replace with 1.5.97/NG build
424,SkyPrompt - Edge UI Patch,7.8 MISC GAMEPLAY,unknown,review,exact,,,,,,,,,,not in any snapshot; identify on Nexus
425,SkyPrompt,7.8 MISC GAMEPLAY,mv,harvest_mv,exact,,,,yes,SkyPrompt.dll,148703,798489,1.0.2,,has SKSE DLL from MV (1.6.1170 build) - replace with 1.5.97/NG build
426,Timescale 10,7.8 MISC GAMEPLAY,unknown,review,exact,,,,,,,,,,not in any snapshot; identify on Nexus
427,Better Horse Dismounting,7.8 MISC GAMEPLAY,mv,harvest_mv,exact,,,,yes,,127605,535459,1.0,,
428,horseAnimations2,7.8 MISC GAMEPLAY,unknown,review,exact,,,,,,,,,,not in any snapshot; identify on Nexus
429,Phantom Horse,7.8 MISC GAMEPLAY,unknown,review,exact,,,,,,,,,,not in any snapshot; identify on Nexus
430,Horse Behaviour Improvements,7.8 MISC GAMEPLAY,mv,harvest_mv,exact,,,,yes,HorsePoseCorrection.dll,113535,478639,v1.0.1,,has SKSE DLL from MV (1.6.1170 build) - replace with 1.5.97/NG build
431,Horsepower Ragdoll - SC Horses Skeleton Patch,7.8 MISC GAMEPLAY,unknown,review,exact,,,,,,,,,,not in any snapshot; identify on Nexus
432,Horsepower - Pandora Cache,7.8 MISC GAMEPLAY,mv,harvest_mv,exact,,,,yes,,169335,757986,1.0.1,,
433,SC Horses - Glowing Horse Fix,7.8 MISC GAMEPLAY,unknown,review,exact,,,,,,,,,,not in any snapshot; identify on Nexus
434,SC Horse Eye Replacer,7.8 MISC GAMEPLAY,unknown,review,exact,,,,,,,,,,not in any snapshot; identify on Nexus
435,SC_HorseReplacer_SSE,7.8 MISC GAMEPLAY,non_nexus,drop,exact,,,,,,,,,,ShinglesCat Patreon
436,SC_HorseReplacer,7.8 MISC GAMEPLAY,non_nexus,drop,exact,,,,,,,,,,ShinglesCat Patreon
437,Levitation - a Paraglider add-on Stand-Alone green aura,7.8 MISC GAMEPLAY,unknown,review,exact,,,,,,,,,,not in any snapshot; identify on Nexus
438,Levitation - a Paraglider add-on Stand-Alone,7.8 MISC GAMEPLAY,unknown,review,exact,,,,,,,,,,not in any snapshot; identify on Nexus
439,Improved Camera - First Person Animations,7.8 MISC GAMEPLAY,unknown,review,exact,,,,,,,,,,not in any snapshot; identify on Nexus
440,Improved Camera SE,7.8 MISC GAMEPLAY,unknown,review,exact,,,,,,,,,,not in any snapshot; identify on Nexus
441,Horsepower - Nerfed Sprinting,7.8 MISC GAMEPLAY,mv,harvest_mv,exact,,,,yes,,169335,719721,1.0.1,Horsepower-NerfedSprint.esp,
442,Horsepower - Modernized Horse Riding,7.8 MISC GAMEPLAY,mv,harvest_mv,exact,,,,yes,HorsePower.dll,169335,741896,1.0.1,Horsepower.esp;Horsepower_Fall_Damage.esp;Horsepower_Ragdoll.esp,has SKSE DLL from MV (1.6.1170 build) - replace with 1.5.97/NG build
443,Skyrim Outfit Equipment System NG,7.8 MISC GAMEPLAY,unknown,review,exact,,,,,,,,,,not in any snapshot; identify on Nexus
444,Skyrim Souls RE for Skyrim 1.5,7.8 MISC GAMEPLAY,unknown,review,exact,,,,,,,,,,not in any snapshot; identify on Nexus
445,Skyrim Souls RE - Updated,7.8 MISC GAMEPLAY,unknown,review,exact,,,,,,,,,,not in any snapshot; identify on Nexus
446,Scrolling Speed NG,7.8 MISC GAMEPLAY,unknown,review,exact,,,,,,,,,,not in any snapshot; identify on Nexus
447,Nolvus Awakening Misc Gameplay Patch,7.8 MISC GAMEPLAY,nolvus,harvest_nolvus,exact,Not Graphics Only,6.0.21,nolvus-awekening-redux,,,,,,,
448,Dragon Claws Auto-Unlock - Script-based Patcher,7.8 MISC GAMEPLAY,nolvus,harvest_nolvus,exact,Not Graphics Only,1.0beta,nolvus-awekening-redux,,,,,,,
449,Dragon Claws Auto-Unlock,7.8 MISC GAMEPLAY,both,harvest_nolvus,exact,Not Graphics Only,1.1,nolvus-awekening-redux,yes,,47329,192835,1.1,Dragon Claws Auto-Unlock.esp,section suggests Nolvus copy
450,Take a Peek,7.8 MISC GAMEPLAY,nolvus,harvest_nolvus,exact,Not Graphics Only,1.15,nolvus-awekening-redux;nolvus-awakening-v6;nolvus-v6-ultimate-open-beta-start,,,,,,,
451,Skyrim's Paraglider - Vampire And Werewolf Patch,7.8 MISC GAMEPLAY,nolvus_old,harvest_nolvus,exact,,,nolvus-awekening-redux;nolvus-awakening-v6;nolvus-v6-ultimate-open-beta-start,,,,,,,not on the current nolvus.net page (6.0.21 beta); present in 6.0.20 snapshots
452,Paraglider Replacers 2k-4k,7.8 MISC GAMEPLAY,unknown,review,exact,,,,,,,,,,not in any snapshot; identify on Nexus
453,Skyrim's Paraglider - Fix,7.8 MISC GAMEPLAY,nolvus_old,harvest_nolvus,exact,,,nolvus-awekening-redux;nolvus-awakening-v6;nolvus-v6-ultimate-open-beta-start,,,,,,,not on the current nolvus.net page (6.0.21 beta); present in 6.0.20 snapshots
454,Skyrim's Paraglider,7.8 MISC GAMEPLAY,both,harvest_nolvus,exact,Not Graphics Only,1.0,nolvus-awekening-redux;nolvus-awakening-v6;nolvus-v6-ultimate-open-beta-start,yes,Paraglider.dll,53256,223502,1.5.0,Paragliding.esp,section suggests Nolvus copy
455,Additional Pandora Patch For CRC32 Cache,7.8 MISC GAMEPLAY,unknown,review,exact,,,,,,,,,,not in any snapshot; identify on Nexus
456,SkyParkour v3 - Procedural Parkour and Climbing Framework (SPPF) 2.5,7.8 MISC GAMEPLAY,unknown,review,exact,,,,,,,,,,not in any snapshot; identify on Nexus
457,Simple Diving System (SDS) - Dive Into Water Animations and Modder Resource,7.8 MISC GAMEPLAY,unknown,review,exact,,,,,,,,,,not in any snapshot; identify on Nexus
458,Vampire Lords Can Fly,7.8 MISC GAMEPLAY,nolvus,harvest_nolvus,exact,Not Graphics Only,1.0,nolvus-awekening-redux;nolvus-awakening-v6;nolvus-v6-ultimate-open-beta-start,,,,,,,
459,Remote Interactions,7.8 MISC GAMEPLAY,nolvus,harvest_nolvus,exact,Not Graphics Only,1.04,nolvus-awekening-redux;nolvus-awakening-v6;nolvus-v6-ultimate-open-beta-start,,,,,,,
460,Taunt Your Enemies - Taunting Matters,7.8 MISC GAMEPLAY,nolvus,harvest_nolvus,exact,Not Graphics Only,1.03,nolvus-awekening-redux;nolvus-awakening-v6;nolvus-v6-ultimate-open-beta-start,,,,,,,
461,Skyrim's Got Talent - DBVO - Vampire,7.8 MISC GAMEPLAY,nolvus,harvest_nolvus,exact,Not Graphics Only,1.75,nolvus-awekening-redux;nolvus-awakening-v6;nolvus-v6-ultimate-open-beta-start,,,,,,,
462,Skyrim's Got Talent - DBVO - Bella,7.8 MISC GAMEPLAY,nolvus,harvest_nolvus,exact,Not Graphics Only,1.0,nolvus-awekening-redux;nolvus-awakening-v6;nolvus-v6-ultimate-open-beta-start,,,,,,,
463,Skyrim's Got Talent - Improve As a Bard,7.8 MISC GAMEPLAY,both,harvest_nolvus,exact,Not Graphics Only,1.75,nolvus-awekening-redux;nolvus-awakening-v6;nolvus-v6-ultimate-open-beta-start,yes,,50357,539633,1.63,SkyrimsGotTalent-Bards.esp,section suggests Nolvus copy
464,Food For The Thirsty,7.8 MISC GAMEPLAY,nolvus,harvest_nolvus,exact,Not Graphics Only,1.2,nolvus-awekening-redux;nolvus-awakening-v6;nolvus-v6-ultimate-open-beta-start,,,,,,,
465,Pick Up Radius,7.8 MISC GAMEPLAY,nolvus,harvest_nolvus,exact,Not Graphics Only,1.8,nolvus-awekening-redux;nolvus-awakening-v6;nolvus-v6-ultimate-open-beta-start,,,,,,,
466,No Furniture Camera,7.8 MISC GAMEPLAY,both,harvest_nolvus,exact,Not Graphics Only,1.0,nolvus-awekening-redux;nolvus-awakening-v6;nolvus-v6-ultimate-open-beta-start,yes,NoFurnitureCamera.dll,100515,425588,1.0.0,,section suggests Nolvus copy
467,State Your Claw,7.8 MISC GAMEPLAY,nolvus,harvest_nolvus,exact,Not Graphics Only,1.0.1,nolvus-awekening-redux;nolvus-awakening-v6;nolvus-v6-ultimate-open-beta-start,,,,,,,
468,No Need to Ask Bounty is Served,7.8 MISC GAMEPLAY,nolvus,harvest_nolvus,exact,Not Graphics Only,1.1.2,nolvus-awekening-redux;nolvus-awakening-v6;nolvus-v6-ultimate-open-beta-start,,,,,,,
469,Instantly Skip Dialogue NG,7.8 MISC GAMEPLAY,nolvus,harvest_nolvus,exact,Not Graphics Only,1.1.1,nolvus-awekening-redux;nolvus-awakening-v6;nolvus-v6-ultimate-open-beta-start,,,,,,,
470,Simplest Horses - Animated Whistling Patch,7.8 MISC GAMEPLAY,nolvus,harvest_nolvus,exact,Not Graphics Only,0.9.5.1,nolvus-awekening-redux;nolvus-awakening-v6;nolvus-v6-ultimate-open-beta-start,,,,,,,
471,Animated Whistling,7.8 MISC GAMEPLAY,both,harvest_nolvus,exact,Not Graphics Only,1.11,nolvus-awekening-redux;nolvus-awakening-v6;nolvus-v6-ultimate-open-beta-start,yes,,76733,376540,1.11,,section suggests Nolvus copy
472,Simplest Horses,7.8 MISC GAMEPLAY,nolvus,harvest_nolvus,exact,Not Graphics Only,0.9.5,nolvus-awekening-redux;nolvus-awakening-v6;nolvus-v6-ultimate-open-beta-start,,,,,,,
473,Simple Offence Suppression,7.8 MISC GAMEPLAY,both,harvest_nolvus,exact,Not Graphics Only,2.2.1,nolvus-awekening-redux;nolvus-awakening-v6;nolvus-v6-ultimate-open-beta-start,yes,po3_SimpleOffenceSuppression.dll,41764,786004,2.2.1,,section suggests Nolvus copy
474,I'm Talkin' Here,7.8 MISC GAMEPLAY,both,harvest_nolvus,exact,Not Graphics Only,2.0,nolvus-awekening-redux;nolvus-awakening-v6;nolvus-v6-ultimate-open-beta-start,yes,,93694,497980,1.1,ImTalkinHere.esp,section suggests Nolvus copy
475,I'm Walkin' Here,7.8 MISC GAMEPLAY,nolvus,harvest_nolvus,exact,Not Graphics Only,1.5,nolvus-awekening-redux;nolvus-awakening-v6;nolvus-v6-ultimate-open-beta-start,,,,,,,
476,Disable Follower Collision,7.8 MISC GAMEPLAY,nolvus,harvest_nolvus,exact,Not Graphics Only,1.0,nolvus-awekening-redux;nolvus-awakening-v6;nolvus-v6-ultimate-open-beta-start,,,,,,,
477,Headhunter - Bounties Redone,7.8 MISC GAMEPLAY,nolvus,harvest_nolvus,exact,Not Graphics Only,1.52,nolvus-awekening-redux;nolvus-awakening-v6;nolvus-v6-ultimate-open-beta-start,,,,,,,
478,Smart Optimal Salves - Duration Patch,7.8 MISC GAMEPLAY,nolvus_old,harvest_nolvus,exact,,,nolvus-awekening-redux;nolvus-awakening-v6;nolvus-v6-ultimate-open-beta-start,,,,,,,not on the current nolvus.net page (6.0.21 beta); present in 6.0.20 snapshots
479,Smart Optimal Salves - Optimal Potion,7.8 MISC GAMEPLAY,nolvus,harvest_nolvus,exact,Not Graphics Only,0.3,nolvus-awekening-redux;nolvus-awakening-v6;nolvus-v6-ultimate-open-beta-start,,,,,,,
480,A Closer Look,7.8 MISC GAMEPLAY,nolvus,harvest_nolvus,exact,Not Graphics Only,1.3,nolvus-awekening-redux;nolvus-awakening-v6;nolvus-v6-ultimate-open-beta-start,,,,,,,
481,Nether's Follower Framework - Settings Loader,7.8 MISC GAMEPLAY,nolvus_old,harvest_nolvus,exact,,,nolvus-awekening-redux;nolvus-awakening-v6;nolvus-v6-ultimate-open-beta-start,,,,,,,not on the current nolvus.net page (6.0.21 beta); present in 6.0.20 snapshots
482,Nether's Follower Framework,7.8 MISC GAMEPLAY,nolvus_old,harvest_nolvus,exact,,,nolvus-awekening-redux;nolvus-awakening-v6;nolvus-v6-ultimate-open-beta-start,,,,,,,not on the current nolvus.net page (6.0.21 beta); present in 6.0.20 snapshots
484,Nolvus Awakening Religion Patch,7.7 RELIGION,nolvus,harvest_nolvus,exact,Not Graphics Only,6.0.21,nolvus-awekening-redux,,,,,,,
485,Wintersun - Prelude to Purgatory Patch,7.7 RELIGION,nolvus,harvest_nolvus,exact,Not Graphics Only,1.1,nolvus-awekening-redux;nolvus-awakening-v6;nolvus-v6-ultimate-open-beta-start,,,,,,,
486,Wintersun - Daedric Shrines - Jyggalag,7.7 RELIGION,nolvus,harvest_nolvus,exact,Not Graphics Only,1.1,nolvus-awekening-redux;nolvus-awakening-v6;nolvus-v6-ultimate-open-beta-start,,,,,,,
487,Wintersun - Daedric Shrines - Azura Patch,7.7 RELIGION,nolvus,harvest_nolvus,exact,Not Graphics Only,1.0,nolvus-awekening-redux;nolvus-awakening-v6;nolvus-v6-ultimate-open-beta-start,,,,,,,
488,Wintersun - Daedric Shrines - Hermaeus Mora Patch,7.7 RELIGION,nolvus,harvest_nolvus,exact,Not Graphics Only,1.0,nolvus-awekening-redux;nolvus-awakening-v6;nolvus-v6-ultimate-open-beta-start,,,,,,,
489,Wintersun - Daedric Shrines - Vaermina Patch,7.7 RELIGION,nolvus,harvest_nolvus,exact,Not Graphics Only,1.0,nolvus-awekening-redux;nolvus-awakening-v6;nolvus-v6-ultimate-open-beta-start,,,,,,,
490,Wintersun - Daedric Shrines - Molag Bal Patch,7.7 RELIGION,nolvus,harvest_nolvus,exact,Not Graphics Only,1.0,nolvus-awekening-redux;nolvus-awakening-v6;nolvus-v6-ultimate-open-beta-start,,,,,,,
491,Wintersun - Daedric Shrines - Namira Patch,7.7 RELIGION,nolvus,harvest_nolvus,exact,Not Graphics Only,1.01,nolvus-awekening-redux;nolvus-awakening-v6;nolvus-v6-ultimate-open-beta-start,,,,,,,
492,Wintersun - Daedric Shrines - Sheogorath Patch,7.7 RELIGION,nolvus,harvest_nolvus,exact,Not Graphics Only,1.0,nolvus-awekening-redux;nolvus-awakening-v6;nolvus-v6-ultimate-open-beta-start,,,,,,,
493,Wintersun - Daedric Shrines - Sanguine Patch,7.7 RELIGION,nolvus,harvest_nolvus,exact,Not Graphics Only,1.01,nolvus-awekening-redux;nolvus-awakening-v6;nolvus-v6-ultimate-open-beta-start,,,,,,,
494,Wintersun - Daedric Shrines - Hircine Patch,7.7 RELIGION,nolvus,harvest_nolvus,exact,Not Graphics Only,1.02,nolvus-awekening-redux;nolvus-awakening-v6;nolvus-v6-ultimate-open-beta-start,,,,,,,
495,Wintersun - Daedric Shrines - Mephala Patch,7.7 RELIGION,nolvus,harvest_nolvus,exact,Not Graphics Only,1.0,nolvus-awekening-redux;nolvus-awakening-v6;nolvus-v6-ultimate-open-beta-start,,,,,,,
496,Wintersun - Daedric Shrines - Clavicus Vile Patch,7.7 RELIGION,nolvus,harvest_nolvus,exact,Not Graphics Only,1.01,nolvus-awekening-redux;nolvus-awakening-v6;nolvus-v6-ultimate-open-beta-start,,,,,,,
497,Wintersun - The Great Town of Shor's Stone Addon,7.7 RELIGION,nolvus,harvest_nolvus,exact,Not Graphics Only,2.0,nolvus-awekening-redux;nolvus-awakening-v6;nolvus-v6-ultimate-open-beta-start,,,,,,,
498,Wintersun - Moon and Star Patch,7.7 RELIGION,nolvus,harvest_nolvus,exact,Not Graphics Only,1.0,nolvus-awekening-redux;nolvus-awakening-v6;nolvus-v6-ultimate-open-beta-start,,,,,,,
499,Wintersun - Vigilant Patch,7.7 RELIGION,nolvus,harvest_nolvus,exact,Not Graphics Only,1.0,nolvus-awekening-redux;nolvus-awakening-v6;nolvus-v6-ultimate-open-beta-start,,,,,,,
500,Wintersun - The Choice is Yours Patch,7.7 RELIGION,nolvus,harvest_nolvus,exact,Not Graphics Only,1.2,nolvus-awekening-redux;nolvus-awakening-v6;nolvus-v6-ultimate-open-beta-start,,,,,,,
501,Wintersun - House of Horrors - TCIY Patch,7.7 RELIGION,nolvus,harvest_nolvus,exact,Not Graphics Only,1.0.0,nolvus-awekening-redux,,,,,,,
502,Wintersun - House of Horrors - Quest Expansion Patch,7.7 RELIGION,nolvus,harvest_nolvus,exact,Not Graphics Only,1.0,nolvus-awekening-redux,,,,,,,
503,Wintersun - Tribunal Integration - Description Fixes,7.7 RELIGION,nolvus,harvest_nolvus,exact,Not Graphics Only,1.0,nolvus-awekening-redux;nolvus-awakening-v6;nolvus-v6-ultimate-open-beta-start,,,,,,,
504,Wintersun - Tribunal Integration,7.7 RELIGION,nolvus,harvest_nolvus,exact,Not Graphics Only,1.0,nolvus-awekening-redux;nolvus-awakening-v6;nolvus-v6-ultimate-open-beta-start,,,,,,,
505,Wintersun - Ghosts of the Tribunal,7.7 RELIGION,nolvus,harvest_nolvus,exact,Not Graphics Only,1.0,nolvus-awekening-redux;nolvus-awakening-v6;nolvus-v6-ultimate-open-beta-start,,,,,,,
506,Wintersun - Gallows Hall,7.7 RELIGION,nolvus,harvest_nolvus,exact,Not Graphics Only,1.0,nolvus-awekening-redux;nolvus-awakening-v6;nolvus-v6-ultimate-open-beta-start,,,,,,,
507,Wintersun - Description Fixes,7.7 RELIGION,nolvus,harvest_nolvus,exact,Not Graphics Only,1.0,nolvus-awekening-redux;nolvus-awakening-v6;nolvus-v6-ultimate-open-beta-start,,,,,,,
508,Wintersun - Settings Loader,7.7 RELIGION,nolvus,harvest_nolvus,exact,Not Graphics Only,2.0.1,nolvus-awekening-redux;nolvus-awakening-v6;nolvus-v6-ultimate-open-beta-start,,,,,,,
509,Wintersun,7.7 RELIGION,nolvus,harvest_nolvus,exact,Not Graphics Only,3.2,nolvus-awekening-redux;nolvus-awakening-v6;nolvus-v6-ultimate-open-beta-start,,,,,,,
511,Follower Dialogue Expansion - Ysolda,MV - AI Dialogue,unknown,review,exact,,,,,,,,,,not in any snapshot; identify on Nexus
512,Follower Dialogue Expansion - Illia,MV - AI Dialogue,unknown,review,exact,,,,,,,,,,not in any snapshot; identify on Nexus
513,Follower Dialogue Expansion - Camilla Valerius,MV - AI Dialogue,unknown,review,exact,,,,,,,,,,not in any snapshot; identify on Nexus
514,Follower Dialogue Expansion - Faendal,MV - AI Dialogue,unknown,review,exact,,,,,,,,,,not in any snapshot; identify on Nexus
515,Immersive Dialogue Expansion - Stormcloaks,MV - AI Dialogue,unknown,review,exact,,,,,,,,,,not in any snapshot; identify on Nexus
516,Immersive Dialogue Expansion - Thalmor,MV - AI Dialogue,unknown,review,exact,,,,,,,,,,not in any snapshot; identify on Nexus
517,Follower Dialogue Expansion - Aela the Huntress,MV - AI Dialogue,unknown,review,exact,,,,,,,,,,not in any snapshot; identify on Nexus
518,IDE Jorrvaskr,MV - AI Dialogue,unknown,review,exact,,,,,,,,,,not in any snapshot; identify on Nexus
519,Cheeky Kids,MV - AI Dialogue,mv,harvest_mv,exact,,,,yes,,112455,590244,1.0,CheekyKids.esp,
520,Shouts of Stallholders,MV - AI Dialogue,mv,harvest_mv,exact,,,,yes,,139025,586063,1.02,Shouts of Stallholders.esp,
521,Naked Comments Overhaul,MV - AI Dialogue,mv,harvest_mv,exact,,,,yes,,136846,583398,1.0,Naked Comments Overhaul.esp,
522,Burps of Skyrim,MV - AI Dialogue,mv,harvest_mv,exact,,,,yes,,95642,414388,1.0,Burps of Skyrim.esp,
523,Nightmares of Skyrim - Voice Overhaul,MV - AI Dialogue,mv,harvest_mv,exact,,,,yes,,130759,548907,1,,
524,Nightmares of Skyrim,MV - AI Dialogue,mv,harvest_mv,exact,,,,yes,,130759,548907,1,Nightmares of Skyrim.esp,
525,Snores of Skyrim Lite,MV - AI Dialogue,mv,harvest_mv,exact,,,,yes,,95114,404043,1.0,SnoresOfSkyrim.esp,
526,Extended Bandit Dialogue,MV - AI Dialogue,mv,harvest_mv,exact,,,,yes,,113168,605463,1.0.0,Extended Bandit Dialogue.esp,
527,Extended Guard Dialogue - Dawnguard VA Fix,MV - AI Dialogue,mv,harvest_mv,exact,,,,yes,,106523,485965,1.0.0,Dawnguard Guard VA Fix.esp,
528,Extended Guard Dialogue,MV - AI Dialogue,mv,harvest_mv,exact,,,,yes,,106523,558739,1.0.0,Extended Guard Dialogue.esp,
530,Nolvus Awakening AI Patch,7.6 AI,nolvus,harvest_nolvus,exact,"Not Redux, Not Milk Drinker, Not Graphics Only",6.0.21,nolvus-awakening-v6;nolvus-v6-ultimate-open-beta-start,,,,,,,
531,SPID NPC Trap Safety,7.6 AI,nolvus,harvest_nolvus,exact,Not Graphics Only,0.1,nolvus-awekening-redux;nolvus-awakening-v6;nolvus-v6-ultimate-open-beta-start,,,,,,,
532,NPC AI Process Position Fix - NG,7.6 AI,both,harvest_nolvus,exact,Not Graphics Only,1.1.1,nolvus-awekening-redux;nolvus-awakening-v6;nolvus-v6-ultimate-open-beta-start,yes,MaxsuAIProcessFix.dll,69326,324089,1.1.1,,section suggests Nolvus copy
533,Realistic Conversations,7.6 AI,nolvus,harvest_nolvus,exact,Not Graphics Only,2.1,nolvus-awekening-redux;nolvus-awakening-v6;nolvus-v6-ultimate-open-beta-start,,,,,,,
534,Relationship Dialogue Overhaul - AI Overhaul Patch,7.6 AI,nolvus,harvest_nolvus,exact,Not Graphics Only,1.0.1,nolvus-awekening-redux;nolvus-awakening-v6;nolvus-v6-ultimate-open-beta-start,,,,,,,
535,Relationship Dialogue Overhaul - Cutting Room Floor Patch,7.6 AI,nolvus,harvest_nolvus,exact,Not Graphics Only,1.0,nolvus-awekening-redux;nolvus-awakening-v6;nolvus-v6-ultimate-open-beta-start,,,,,,,
536,Relationship Dialogue Overhaul,7.6 AI,nolvus,harvest_nolvus,exact,Not Graphics Only,1.0,nolvus-awekening-redux;nolvus-awakening-v6;nolvus-v6-ultimate-open-beta-start,,,,,,,
537,Guard Dialogue Overhaul - MCM,7.6 AI,nolvus,harvest_nolvus,exact,Not Graphics Only,1.3.1,nolvus-awekening-redux;nolvus-awakening-v6;nolvus-v6-ultimate-open-beta-start,,,,,,,
538,Guard Dialogue Overhaul,7.6 AI,nolvus,harvest_nolvus,exact,Not Graphics Only,2.19,nolvus-awekening-redux;nolvus-awakening-v6;nolvus-v6-ultimate-open-beta-start,,,,,,,
539,Run For Your Lives,7.6 AI,both,harvest_nolvus,exact,Not Graphics Only,4.0.6,nolvus-awekening-redux;nolvus-awakening-v6;nolvus-v6-ultimate-open-beta-start,yes,,2272,737640,4.0.3,run for your lives.esp,section suggests Nolvus copy
540,AI Overhaul - Gourmet Patch,7.6 AI,nolvus,harvest_nolvus,exact,Not Graphics Only,6.0.5,nolvus-awekening-redux;nolvus-awakening-v6,,,,,,,
541,AI Overhaul - Half-Moon Mill Patch,7.6 AI,nolvus,harvest_nolvus,exact,Not Graphics Only,1.11,nolvus-awekening-redux;nolvus-awakening-v6;nolvus-v6-ultimate-open-beta-start,,,,,,,
542,AI Overhaul - Dawn of Skyrim Patch,7.6 AI,nolvus,harvest_nolvus,exact,"Ultimate, Not Graphics Only",1.1,nolvus-awakening-v6;nolvus-v6-ultimate-open-beta-start,,,,,,,
543,AI Overhaul - Interesting NPCs Patch,7.6 AI,nolvus,harvest_nolvus,exact,Not Graphics Only,1.1,nolvus-awekening-redux;nolvus-awakening-v6;nolvus-v6-ultimate-open-beta-start,,,,,,,
544,AI Overhaul - Nithi NPC Enhancements Patch Hub,7.6 AI,nolvus,harvest_nolvus,exact,Not Graphics Only,1.0,nolvus-awekening-redux;nolvus-awakening-v6;nolvus-v6-ultimate-open-beta-start,,,,,,,
545,AI Overhaul - Cutting Room Floor Patch,7.6 AI,nolvus,harvest_nolvus,exact,Not Graphics Only,1.0.3,nolvus-awekening-redux;nolvus-awakening-v6;nolvus-v6-ultimate-open-beta-start,,,,,,,
546,AI Overhaul,7.6 AI,nolvus,harvest_nolvus,exact,Not Graphics Only,1.8.5,nolvus-awekening-redux;nolvus-awakening-v6;nolvus-v6-ultimate-open-beta-start,,,,,,,
548,Nolvus Awakening Economy Patch,7.5 ECONOMY,nolvus,harvest_nolvus,exact,Not Graphics Only,6.0.20,nolvus-awekening-redux;nolvus-awakening-v6;nolvus-v6-ultimate-open-beta-start,,,,,,,
549,COIN - Smelting Add-on,7.5 ECONOMY,nolvus,harvest_nolvus,exact,Not Graphics Only,1.1,nolvus-awekening-redux;nolvus-awakening-v6;nolvus-v6-ultimate-open-beta-start,,,,,,,
550,COIN - Merchant Exchange - DBVO - Bella,7.5 ECONOMY,nolvus,harvest_nolvus,exact,Not Graphics Only,1.0,nolvus-awekening-redux;nolvus-awakening-v6;nolvus-v6-ultimate-open-beta-start,,,,,,,
551,COIN - Merchant Exchange,7.5 ECONOMY,nolvus,harvest_nolvus,exact,Not Graphics Only,2.1,nolvus-awekening-redux;nolvus-awakening-v6;nolvus-v6-ultimate-open-beta-start,,,,,,,
552,COIN - LOTD Patch,7.5 ECONOMY,nolvus,harvest_nolvus,exact,Not Graphics Only,1.0,nolvus-awekening-redux;nolvus-awakening-v6;nolvus-v6-ultimate-open-beta-start,,,,,,,
553,COIN - Coins of Interesting Natures,7.5 ECONOMY,nolvus,harvest_nolvus,exact,Not Graphics Only,2.1.3.2,nolvus-awekening-redux;nolvus-awakening-v6;nolvus-v6-ultimate-open-beta-start,,,,,,,
554,Trade Routes - Regional Economy,7.5 ECONOMY,nolvus,harvest_nolvus,exact,Not Graphics Only,3.0b3,nolvus-awekening-redux;nolvus-awakening-v6;nolvus-v6-ultimate-open-beta-start,,,,,,,
555,Trade and Barter - Nolvus Settings,7.5 ECONOMY,nolvus,harvest_nolvus,exact,Not Graphics Only,6.0,nolvus-awekening-redux;nolvus-awakening-v6;nolvus-v6-ultimate-open-beta-start,,,,,,,
556,Trade and Barter - Settings Loader,7.5 ECONOMY,nolvus,harvest_nolvus,exact,Not Graphics Only,1.0.4,nolvus-awekening-redux;nolvus-awakening-v6;nolvus-v6-ultimate-open-beta-start,,,,,,,
557,Trade and Barter,7.5 ECONOMY,nolvus,harvest_nolvus,exact,Not Graphics Only,2.0,nolvus-awekening-redux;nolvus-awakening-v6;nolvus-v6-ultimate-open-beta-start,,,,,,,
559,Grapple a1.7,7.4 COMBATS & ENEMIES,non_nexus,drop,exact,,,,,,,,,,Smooth Patreon (paid tier)
560,anchor animation v2 Part,7.4 COMBATS & ENEMIES,non_nexus,drop,exact,,,,,,,,,,Anchor Patreon
561,4-Elden Weapon Arts for Npc 1.4.3,7.4 COMBATS & ENEMIES,unknown,review,exact,,,,,,,,,,not in any snapshot; identify on Nexus
562,3-Elden Rim War Ash Pack03 1.1.5,7.4 COMBATS & ENEMIES,unknown,review,exact,,,,,,,,,,not in any snapshot; identify on Nexus
563,3-Elden Rim War Ash Pack02 1.5.3,7.4 COMBATS & ENEMIES,unknown,review,exact,,,,,,,,,,not in any snapshot; identify on Nexus
564,2-Elden Rim War Ash Pack01 1.7.9,7.4 COMBATS & ENEMIES,unknown,review,exact,,,,,,,,,,not in any snapshot; identify on Nexus
565,1-Elden Rim-Weapon Art 3.2.2,7.4 COMBATS & ENEMIES,unknown,review,exact,,,,,,,,,,not in any snapshot; identify on Nexus
566,Elden Rim - Base 3.72,7.4 COMBATS & ENEMIES,unknown,review,exact,,,,,,,,,,not in any snapshot; identify on Nexus
567,01 Rim Parry Elden Rim_patch,7.4 COMBATS & ENEMIES,unknown,review,exact,,,,,,,,,,not in any snapshot; identify on Nexus
568,Rim Parry and Execution v1.1 CTD fix,7.4 COMBATS & ENEMIES,unknown,review,exact,,,,,,,,,,not in any snapshot; identify on Nexus
569,Hogwarts in Skyrim,7.4 COMBATS & ENEMIES,unknown,review,exact,,,,,,,,,,not in any snapshot; identify on Nexus
570,Rim Parry and Execution,7.4 COMBATS & ENEMIES,unknown,review,exact,,,,,,,,,,not in any snapshot; identify on Nexus
571,Nolvus Awakening Combat Scaling Overhaul - Moderate,7.4 COMBATS & ENEMIES,nolvus,harvest_nolvus,exact,"True Nord, Not Graphics Only",6.0.21,,,,,,,,
572,Nolvus Awakening Combat & Enemies Patch,7.4 COMBATS & ENEMIES,nolvus,harvest_nolvus,exact,"Not Redux, Not Milk Drinker, Not Graphics Only",6.0.21,nolvus-awakening-v6;nolvus-v6-ultimate-open-beta-start,,,,,,,
573,Shadow of Skyrim - Nemesis and Alternative Death System - Nolvus Settings Loader,7.4 COMBATS & ENEMIES,nolvus,harvest_nolvus,exact,Not Graphics Only,6.0.21,nolvus-awekening-redux,,,,,,,
574,Shadow of Skyrim - Nemesis and Alternative Death System - No Startup Message,7.4 COMBATS & ENEMIES,nolvus,harvest_nolvus,exact,Not Graphics Only,1.3.4,nolvus-awekening-redux,,,,,,,
575,Shadow of Skyrim - Nemesis and Alternative Death System,7.4 COMBATS & ENEMIES,nolvus,harvest_nolvus,exact,Not Graphics Only,1.3.4,nolvus-awekening-redux,,,,,,,
576,Nolvus Awakening Combat Synergy Patch,7.4 COMBATS & ENEMIES,nolvus,harvest_nolvus,exact,"Exhaustion, Not Graphics Only",6.0.21,,,,,,,,
577,Simply Balanced - Settings Loader - Fix,7.4 COMBATS & ENEMIES,nolvus,harvest_nolvus,exact,Not Graphics Only,1.0,nolvus-awekening-redux,,,,,,,
578,Simply Balanced - Settings Loader,7.4 COMBATS & ENEMIES,nolvus,harvest_nolvus,exact,Not Graphics Only,1.1.0,nolvus-awekening-redux,,,,,,,
579,Simply Balanced,7.4 COMBATS & ENEMIES,nolvus,harvest_nolvus,exact,Not Graphics Only,1.4.6,nolvus-awekening-redux,,,,,,,
580,Equipment Durability System NG - Angelic Preset,7.4 COMBATS & ENEMIES,nolvus_old,harvest_nolvus,exact,,,nolvus-awekening-redux,,,,,,,not on the current nolvus.net page (6.0.21 beta); present in 6.0.20 snapshots
581,Equipment Durability System NG,7.4 COMBATS & ENEMIES,nolvus,harvest_nolvus,exact,Not Graphics Only,3.2,nolvus-awekening-redux;nolvus-awakening-v6;nolvus-v6-ultimate-open-beta-start,,,,,,,
582,Dynamic Bloodpool Framework - Latest Version,7.4 COMBATS & ENEMIES,unknown,review,exact,,,,,,,,,,not in any snapshot; identify on Nexus
583,Sanguine Symphony - Separated Slash Effects X,7.4 COMBATS & ENEMIES,nolvus,harvest_nolvus,exact,"Fantasy Combat Addon, Not Graphics Only",1.03,nolvus-awekening-redux,,,,,,,
584,Sanguine Symphony - Nolvus Settings,7.4 COMBATS & ENEMIES,nolvus,harvest_nolvus,exact,Not Graphics Only,6.0.15,nolvus-awekening-redux,,,,,,,
585,Sanguine Symphony - Latest Version,7.4 COMBATS & ENEMIES,unknown,review,exact,,,,,,,,,,not in any snapshot; identify on Nexus
586,Next-Gen Decapitations2,7.4 COMBATS & ENEMIES,both,harvest_nolvus,dup_suffix,Not Graphics Only,1.4.3,nolvus-awekening-redux,yes,NextGenDecapitations.dll,135254,687286,1.0.0,Next-Gen Decapitations.esp,section suggests Nolvus copy
587,Dismembering Framework - Nolvus Settings,7.4 COMBATS & ENEMIES,nolvus,harvest_nolvus,exact,"Gore Addon, Not Graphics Only",6.0.4,nolvus-awakening-v6;nolvus-v6-ultimate-open-beta-start,,,,,,,
588,Dismembering Framework - HIMBO,7.4 COMBATS & ENEMIES,nolvus,harvest_nolvus,exact,"Gore Addon, Not Graphics Only",1.0,nolvus-awakening-v6;nolvus-v6-ultimate-open-beta-start,,,,,,,
589,Dismembering Framework - 3BA,7.4 COMBATS & ENEMIES,nolvus,harvest_nolvus,exact,"Gore Addon, Not Graphics Only",1.0,nolvus-awakening-v6;nolvus-v6-ultimate-open-beta-start,,,,,,,
590,Dismembering Framework - Wolves of Skyrim,7.4 COMBATS & ENEMIES,unknown,review,exact,,,,,,,,,,not in any snapshot; identify on Nexus
591,Dismembering Framework - 4thUnknown Trolls,7.4 COMBATS & ENEMIES,unknown,review,exact,,,,,,,,,,not in any snapshot; identify on Nexus
592,Dismembering Framework - Creature Asset Pack,7.4 COMBATS & ENEMIES,nolvus,harvest_nolvus,exact,"Gore Addon, Not Graphics Only",1.0.2,nolvus-awakening-v6;nolvus-v6-ultimate-open-beta-start,,,,,,,
593,Dismembering Framework - Humanoid Asset Pack,7.4 COMBATS & ENEMIES,nolvus,harvest_nolvus,exact,"Gore Addon, Not Graphics Only",1.0.1,nolvus-awakening-v6;nolvus-v6-ultimate-open-beta-start,,,,,,,
594,Dismembering Framework2,7.4 COMBATS & ENEMIES,both,harvest_nolvus,dup_suffix,"Gore Addon, Not Graphics Only",1.2.2,nolvus-awakening-v6;nolvus-v6-ultimate-open-beta-start,yes,DismemberingFramework.dll,126203,660925,1.0.0,Dismembering Framework.esm,section suggests Nolvus copy
595,Nolvus Awakening Boss Integration,7.4 COMBATS & ENEMIES,nolvus,harvest_nolvus,exact,"Boss Encounter Addon, Not Redux, Not Graphics Only",6.0.21,nolvus-awakening-v6,,,,,,,
596,Boss Fight - Ghosts of Akavir,7.4 COMBATS & ENEMIES,nolvus,harvest_nolvus,exact,"Boss Encounter Addon, Not Graphics Only",1.2,nolvus-awakening-v6,,,,,,,
597,Boss Fight - Soul Cairn Boss - Lord Yorma,7.4 COMBATS & ENEMIES,nolvus,harvest_nolvus,exact,"Boss Encounter Addon, Not Graphics Only",1.2,nolvus-awakening-v6,,,,,,,
598,Boss Fight - Soul Cairn Boss - True HUD,7.4 COMBATS & ENEMIES,nolvus,harvest_nolvus,exact,"Boss Encounter Addon, Not Graphics Only",1.0,nolvus-awakening-v6,,,,,,,
599,Boss Fight - Soul Cairn Boss - Texture Fix,7.4 COMBATS & ENEMIES,nolvus,harvest_nolvus,exact,"Boss Encounter Addon, Not Graphics Only",1.0,nolvus-awakening-v6,,,,,,,
600,Boss Fight - Soul Cairn Boss,7.4 COMBATS & ENEMIES,nolvus,harvest_nolvus,exact,"Boss Encounter Addon, Not Graphics Only",1.0,nolvus-awakening-v6,,,,,,,
601,Boss Fight - TsunDal,7.4 COMBATS & ENEMIES,nolvus,harvest_nolvus,exact,"Boss Encounter Addon, Not Graphics Only",1.0,nolvus-awakening-v6,,,,,,,
602,Boss Fight - Penetrator,7.4 COMBATS & ENEMIES,nolvus,harvest_nolvus,exact,"Boss Encounter Addon, Not Graphics Only",1.0,nolvus-awakening-v6,,,,,,,
603,Boss Fight - The Dark Secret of Bloodeye,7.4 COMBATS & ENEMIES,nolvus,harvest_nolvus,exact,"Boss Encounter Addon, Not Graphics Only",0.9,nolvus-awakening-v6,,,,,,,
604,VioLens - A Killmove Mod - Nolvus Settings,7.4 COMBATS & ENEMIES,nolvus,harvest_nolvus,exact,Not Graphics Only,6.0.14,nolvus-awekening-redux;nolvus-awakening-v6;nolvus-v6-ultimate-open-beta-start,,,,,,,
605,VioLens - A Killmove Mod - Settings Loader,7.4 COMBATS & ENEMIES,nolvus,harvest_nolvus,exact,Not Graphics Only,1.1,nolvus-awekening-redux;nolvus-awakening-v6;nolvus-v6-ultimate-open-beta-start,,,,,,,
606,VioLens - A Killmove Mod,7.4 COMBATS & ENEMIES,nolvus,harvest_nolvus,exact,Not Graphics Only,2.30,nolvus-awekening-redux;nolvus-awakening-v6;nolvus-v6-ultimate-open-beta-start,,,,,,,
607,Madmen - Nolvus Integration,7.4 COMBATS & ENEMIES,nolvus,harvest_nolvus,exact,"Not Milk Drinker, Not Graphics Only",6.0,nolvus-awakening-v6;nolvus-v6-ultimate-open-beta-start,,,,,,,
608,Madmen - Cloaks of Skyrim Patch,7.4 COMBATS & ENEMIES,nolvus,harvest_nolvus,exact,"Not Milk Drinker, Not Graphics Only",1.0,nolvus-awakening-v6;nolvus-v6-ultimate-open-beta-start,,,,,,,
609,Madmen - Dibella's Blessing Patch,7.4 COMBATS & ENEMIES,nolvus,harvest_nolvus,exact,"Not Milk Drinker, Not Graphics Only",1.0,nolvus-awakening-v6;nolvus-v6-ultimate-open-beta-start,,,,,,,
610,Madmen - EEC - Modpocalypse Patch,7.4 COMBATS & ENEMIES,nolvus,harvest_nolvus,exact,"Not Milk Drinker, Not Graphics Only",1.0,nolvus-awakening-v6;nolvus-v6-ultimate-open-beta-start,,,,,,,
611,Madmen - Modpocalypse Patch,7.4 COMBATS & ENEMIES,nolvus,harvest_nolvus,exact,"Not Milk Drinker, Not Graphics Only",1.0,nolvus-awakening-v6;nolvus-v6-ultimate-open-beta-start,,,,,,,
612,Madmen - DBM Patch,7.4 COMBATS & ENEMIES,nolvus,harvest_nolvus,exact,"Not Milk Drinker, Not Graphics Only",1.1,nolvus-awakening-v6;nolvus-v6-ultimate-open-beta-start,,,,,,,
613,Madmen - Patches,7.4 COMBATS & ENEMIES,nolvus,harvest_nolvus,exact,"Not Milk Drinker, Not Graphics Only",2.0.1,nolvus-awakening-v6;nolvus-v6-ultimate-open-beta-start,,,,,,,
614,Madmen - A Forsworn Overhaul,7.4 COMBATS & ENEMIES,nolvus,harvest_nolvus,exact,"Not Milk Drinker, Not Graphics Only",2.0.1,nolvus-awakening-v6;nolvus-v6-ultimate-open-beta-start,,,,,,,
615,Lawless - Nolvus Integration,7.4 COMBATS & ENEMIES,nolvus,harvest_nolvus,exact,"Not Milk Drinker, Not Graphics Only",6.0,nolvus-awakening-v6;nolvus-v6-ultimate-open-beta-start,,,,,,,
616,Lawless - WACCF Patch,7.4 COMBATS & ENEMIES,nolvus,harvest_nolvus,exact,"Not Milk Drinker, Not Graphics Only",1.0,nolvus-awakening-v6;nolvus-v6-ultimate-open-beta-start,,,,,,,
617,Lawless - Modpocalypse Patch,7.4 COMBATS & ENEMIES,nolvus,harvest_nolvus,exact,"Not Milk Drinker, Not Graphics Only",1.0,nolvus-awakening-v6;nolvus-v6-ultimate-open-beta-start,,,,,,,
618,Lawless - Bruma Patch,7.4 COMBATS & ENEMIES,nolvus,harvest_nolvus,exact,"Not Milk Drinker, Not Graphics Only",1.0,nolvus-awakening-v6;nolvus-v6-ultimate-open-beta-start,,,,,,,
619,Lawless - Patches,7.4 COMBATS & ENEMIES,nolvus,harvest_nolvus,exact,"Not Milk Drinker, Not Graphics Only",1.2,nolvus-awakening-v6;nolvus-v6-ultimate-open-beta-start,,,,,,,
620,Lawless - A Bandit Overhaul,7.4 COMBATS & ENEMIES,both,harvest_nolvus,exact,"Not Milk Drinker, Not Graphics Only",2.1,nolvus-awakening-v6;nolvus-v6-ultimate-open-beta-start,yes,,88080,473978,2.0,Bandit War.esp,section suggests Nolvus copy
621,Better Vampire NPCs - Patches,7.4 COMBATS & ENEMIES,nolvus,harvest_nolvus,exact,"Not Milk Drinker, Not Graphics Only",6.0.5,nolvus-awakening-v6,,,,,,,
622,Better Vampire NPCs,7.4 COMBATS & ENEMIES,nolvus,harvest_nolvus,exact,"Not Milk Drinker, Not Graphics Only",2.21,nolvus-awakening-v6,,,,,,,
623,The Restless Dead - At Your Own Pace Patch,7.4 COMBATS & ENEMIES,unknown,review,exact,,,,,,,,,,not in any snapshot; identify on Nexus
624,The Restless Dead,7.4 COMBATS & ENEMIES,nolvus,harvest_nolvus,exact,"Not Milk Drinker, Not Graphics Only",1.2.6,nolvus-awakening-v6,,,,,,,
625,Fanatical Enemies - Patches,7.4 COMBATS & ENEMIES,nolvus,harvest_nolvus,exact,"Not Milk Drinker, Not Graphics Only",6.0.21,nolvus-awakening-v6,,,,,,,
626,Fanatical Enemies Form 44 Conversion,7.4 COMBATS & ENEMIES,unknown,review,exact,,,,,,,,,,not in any snapshot; identify on Nexus
627,NPCs Take Cover,7.4 COMBATS & ENEMIES,nolvus,harvest_nolvus,exact,Not Graphics Only,1.01,nolvus-awekening-redux;nolvus-awakening-v6;nolvus-v6-ultimate-open-beta-start,,,,,,,
628,NPCs Use Potions - Nolvus Settings,7.4 COMBATS & ENEMIES,nolvus,harvest_nolvus,exact,Not Graphics Only,6.0.15,nolvus-awekening-redux,,,,,,,
629,NPCs Use Potions,7.4 COMBATS & ENEMIES,nolvus,harvest_nolvus,exact,Not Graphics Only,3.3,nolvus-awekening-redux;nolvus-awakening-v6;nolvus-v6-ultimate-open-beta-start,,,,,,,
630,Missing Encounter Zones Fixed,7.4 COMBATS & ENEMIES,nolvus,harvest_nolvus,exact,Not Graphics Only,2.2,nolvus-awekening-redux;nolvus-v6-ultimate-open-beta-start,,,,,,,
631,Locational Encounter Zones,7.4 COMBATS & ENEMIES,nolvus,harvest_nolvus,exact,Not Graphics Only,1.0.2,nolvus-awekening-redux;nolvus-awakening-v6,,,,,,,
632,Armor Rating Recalculator,7.4 COMBATS & ENEMIES,nolvus,harvest_nolvus,exact,Not Graphics Only,1.0,nolvus-awekening-redux;nolvus-awakening-v6;nolvus-v6-ultimate-open-beta-start,,,,,,,
633,Armor Rating Redux,7.4 COMBATS & ENEMIES,nolvus_old,harvest_nolvus,exact,,,nolvus-awekening-redux;nolvus-awakening-v6;nolvus-v6-ultimate-open-beta-start,,,,,,,not on the current nolvus.net page (6.0.21 beta); present in 6.0.20 snapshots
634,True Armor - Nolvus Settings,7.4 COMBATS & ENEMIES,nolvus_old,harvest_nolvus,exact,,,nolvus-awekening-redux,,,,,,,not on the current nolvus.net page (6.0.21 beta); present in 6.0.20 snapshots
635,True Armor - Settings Loader,7.4 COMBATS & ENEMIES,nolvus_old,harvest_nolvus,exact,,,nolvus-awekening-redux,,,,,,,not on the current nolvus.net page (6.0.21 beta); present in 6.0.20 snapshots
636,True Armor,7.4 COMBATS & ENEMIES,nolvus,harvest_nolvus,exact,"Enemies Resistance Addon, Not Graphics Only",2.5.2,nolvus-awekening-redux,,,,,,,
637,EEOS - EX - Enemy Revolution Expanded,7.4 COMBATS & ENEMIES,nolvus,harvest_nolvus,exact,"Not Milk Drinker, Not Graphics Only",2.0,nolvus-awakening-v6;nolvus-v6-ultimate-open-beta-start,,,,,,,
638,EEOS - Enemy (R) Evolution of Skyrim,7.4 COMBATS & ENEMIES,nolvus,harvest_nolvus,exact,"Not Milk Drinker, Not Graphics Only",2.0.2,nolvus-awakening-v6;nolvus-v6-ultimate-open-beta-start,,,,,,,
639,Ashes of War - NPC's,7.4 COMBATS & ENEMIES,nolvus,harvest_nolvus,exact,Not Graphics Only,0.45,nolvus-awekening-redux;nolvus-awakening-v6;nolvus-v6-ultimate-open-beta-start,,,,,,,
640,Ashes of War - Weapon Art Via Additional Attack,7.4 COMBATS & ENEMIES,nolvus,harvest_nolvus,exact,Not Graphics Only,0.86,nolvus-awekening-redux;nolvus-awakening-v6;nolvus-v6-ultimate-open-beta-start,,,,,,,
641,Nolvus Awakening Ashes of War Stance Framework,7.4 COMBATS & ENEMIES,nolvus,harvest_nolvus,exact,"Stances Perk Tree Addon, Not Graphics Only",6.0.21,nolvus-awekening-redux;nolvus-awakening-v6;nolvus-v6-ultimate-open-beta-start,,,,,,,
642,Flaming Strike,7.4 COMBATS & ENEMIES,nolvus,harvest_nolvus,exact,Not Graphics Only,0.1,nolvus-awekening-redux;nolvus-awakening-v6;nolvus-v6-ultimate-open-beta-start,,,,,,,
643,Frenzy and Enraged Throw,7.4 COMBATS & ENEMIES,nolvus,harvest_nolvus,exact,Not Graphics Only,1.0,nolvus-awekening-redux;nolvus-awakening-v6;nolvus-v6-ultimate-open-beta-start,,,,,,,
644,Eldritch Blast,7.4 COMBATS & ENEMIES,nolvus,harvest_nolvus,exact,Not Graphics Only,1.1,nolvus-awekening-redux;nolvus-awakening-v6;nolvus-v6-ultimate-open-beta-start,,,,,,,
645,Divine Smite,7.4 COMBATS & ENEMIES,nolvus,harvest_nolvus,exact,Not Graphics Only,1.1,nolvus-awekening-redux;nolvus-awakening-v6;nolvus-v6-ultimate-open-beta-start,,,,,,,
646,Additional Attack - Nolvus Settings,7.4 COMBATS & ENEMIES,nolvus,harvest_nolvus,exact,Not Graphics Only,6.0.8,nolvus-awekening-redux;nolvus-awakening-v6;nolvus-v6-ultimate-open-beta-start,,,,,,,
647,Additional Attack - Settings Loader,7.4 COMBATS & ENEMIES,nolvus,harvest_nolvus,exact,Not Graphics Only,1.0.1,nolvus-awekening-redux;nolvus-awakening-v6;nolvus-v6-ultimate-open-beta-start,,,,,,,
648,Additional Attack,7.4 COMBATS & ENEMIES,nolvus,harvest_nolvus,exact,Not Graphics Only,1.1,nolvus-awekening-redux;nolvus-awakening-v6;nolvus-v6-ultimate-open-beta-start,,,,,,,
649,Block Enchantments,7.4 COMBATS & ENEMIES,nolvus,harvest_nolvus,exact,Not Graphics Only,1.0.1,nolvus-awekening-redux;nolvus-awakening-v6;nolvus-v6-ultimate-open-beta-start,,,,,,,
650,3rd Person Camera Stagger Remover,7.4 COMBATS & ENEMIES,nolvus,harvest_nolvus,exact,Not Graphics Only,1.0,nolvus-awekening-redux;nolvus-awakening-v6;nolvus-v6-ultimate-open-beta-start,,,,,,,
651,Archery Locational Damage - Nolvus Settings,7.4 COMBATS & ENEMIES,nolvus,harvest_nolvus,exact,"Not Milk Drinker, Not Graphics Only",6.0.6,,,,,,,,
652,Archery Locational Damage,7.4 COMBATS & ENEMIES,nolvus,harvest_nolvus,exact,Not Graphics Only,2.1.1,nolvus-awekening-redux;nolvus-awakening-v6;nolvus-v6-ultimate-open-beta-start,,,,,,,
653,Bow Charge Plus,7.4 COMBATS & ENEMIES,nolvus,harvest_nolvus,exact,Not Graphics Only,0.9,nolvus-awekening-redux;nolvus-awakening-v6;nolvus-v6-ultimate-open-beta-start,,,,,,,
654,Bow Rapid Combo V3 - Settings Loader,7.4 COMBATS & ENEMIES,unknown,review,exact,,,,,,,,,,not in any snapshot; identify on Nexus
655,Bow Rapid Combo V3,7.4 COMBATS & ENEMIES,unknown,review,exact,,,,,,,,,,not in any snapshot; identify on Nexus
656,Hot Key Skill,7.4 COMBATS & ENEMIES,nolvus,harvest_nolvus,exact,Not Graphics Only,0.8,nolvus-awekening-redux;nolvus-awakening-v6;nolvus-v6-ultimate-open-beta-start,,,,,,,
657,No BS AI Projectile Dodge,7.4 COMBATS & ENEMIES,nolvus,harvest_nolvus,exact,Not Graphics Only,1.3,nolvus-awekening-redux;nolvus-awakening-v6;nolvus-v6-ultimate-open-beta-start,,,,,,,
658,SCAR - Stamina Limitation,7.4 COMBATS & ENEMIES,nolvus,harvest_nolvus,exact,Not Graphics Only,1.4,nolvus-awekening-redux;nolvus-awakening-v6;nolvus-v6-ultimate-open-beta-start,,,,,,,
659,SCAR - Skyrim Combos AI Revolution,7.4 COMBATS & ENEMIES,both,harvest_nolvus,exact,Not Graphics Only,1.06b,nolvus-awekening-redux;nolvus-awakening-v6;nolvus-v6-ultimate-open-beta-start,yes,SCAR.dll,,,,scar-adxp-patch.esp,section suggests Nolvus copy
660,Simple Attack Cancel,7.4 COMBATS & ENEMIES,nolvus,harvest_nolvus,exact,Not Graphics Only,0.1,nolvus-awekening-redux;nolvus-awakening-v6;nolvus-v6-ultimate-open-beta-start,,,,,,,
661,NPC Blocking Enhanced,7.4 COMBATS & ENEMIES,nolvus,harvest_nolvus,exact,Not Graphics Only,1.0,nolvus-awekening-redux,,,,,,,
662,NPC No Block Exhaustion - MCM,7.4 COMBATS & ENEMIES,nolvus,harvest_nolvus,exact,Not Graphics Only,1.0.0,nolvus-awekening-redux,,,,,,,
663,NPC No Block Exhaustion,7.4 COMBATS & ENEMIES,nolvus,harvest_nolvus,exact,Not Graphics Only,1.0.0,nolvus-awekening-redux,,,,,,,
664,NPC Infinite Block Fix - SkyPatched2,7.4 COMBATS & ENEMIES,nolvus,harvest_nolvus,dup_suffix,Not Graphics Only,1.1,nolvus-awekening-redux;nolvus-awakening-v6;nolvus-v6-ultimate-open-beta-start,,,,,,,
665,NPC Infinite Block Fix,7.4 COMBATS & ENEMIES,both,harvest_nolvus,exact,Not Graphics Only,1.0,nolvus-awekening-redux;nolvus-awakening-v6;nolvus-v6-ultimate-open-beta-start,yes,,113064,476877,1.0.0,NPCInfiniteBlockFix.esp,section suggests Nolvus copy
666,Dual Wield Parrying,7.4 COMBATS & ENEMIES,nolvus,harvest_nolvus,exact,Not Graphics Only,1.7.0,nolvus-awekening-redux;nolvus-awakening-v6;nolvus-v6-ultimate-open-beta-start,,,,,,,
667,Stop On Slash - Nolvus Settings,7.4 COMBATS & ENEMIES,nolvus,harvest_nolvus,exact,Not Graphics Only,6.1,nolvus-awekening-redux;nolvus-awakening-v6;nolvus-v6-ultimate-open-beta-start,,,,,,,
668,Stop On Slash - Hitstop and Screenshake,7.4 COMBATS & ENEMIES,nolvus,harvest_nolvus,exact,Not Graphics Only,2.2,nolvus-awekening-redux;nolvus-awakening-v6;nolvus-v6-ultimate-open-beta-start,,,,,,,
669,Parrying RPG,7.4 COMBATS & ENEMIES,nolvus,harvest_nolvus,exact,Not Graphics Only,2.0.1,nolvus-awekening-redux;nolvus-awakening-v6;nolvus-v6-ultimate-open-beta-start,,,,,,,
670,Vanguard - Bash Behaviors Overhaul,7.4 COMBATS & ENEMIES,nolvus,harvest_nolvus,exact,Not Graphics Only,1.0,nolvus-awekening-redux;nolvus-awakening-v6;nolvus-v6-ultimate-open-beta-start,,,,,,,
671,Combat Pathing Revolution,7.4 COMBATS & ENEMIES,both,harvest_nolvus,exact,Not Graphics Only,0.30,nolvus-awekening-redux;nolvus-awakening-v6;nolvus-v6-ultimate-open-beta-start,yes,CombatPathingRevolution.dll,86950,369090,v1.1.6,,section suggests Nolvus copy
672,Modern Stagger Lock,7.4 COMBATS & ENEMIES,nolvus,harvest_nolvus,exact,Not Graphics Only,1.07,nolvus-awekening-redux;nolvus-awakening-v6;nolvus-v6-ultimate-open-beta-start,,,,,,,
673,Sekiro Combat S - Sparks Only and Sound Fixes,7.4 COMBATS & ENEMIES,both,harvest_nolvus,exact,Not Graphics Only,1.0,nolvus-awekening-redux;nolvus-awakening-v6;nolvus-v6-ultimate-open-beta-start,yes,,119813,502807,1.0,SekiroCombat_II.esp,section suggests Nolvus copy
674,Sekiro Combat S,7.4 COMBATS & ENEMIES,both,harvest_nolvus,exact,Not Graphics Only,2.2,nolvus-awekening-redux;nolvus-awakening-v6;nolvus-v6-ultimate-open-beta-start,yes,,79206,733093,2.2,SekiroCombat_II.esp,section suggests Nolvus copy
675,Awakened Combat AI,7.4 COMBATS & ENEMIES,nolvus,harvest_nolvus,exact,Not Graphics Only,1.1,nolvus-awekening-redux;nolvus-awakening-v6,,,,,,,
676,Valvalis Combat - Visceral Tactics,7.4 COMBATS & ENEMIES,nolvus,harvest_nolvus,exact,Not Graphics Only,1.20,nolvus-awekening-redux;nolvus-awakening-v6;nolvus-v6-ultimate-open-beta-start,,,,,,,
677,Simple Draugr Stagger Animation,7.4 COMBATS & ENEMIES,mv,harvest_mv,exact,,,,yes,,64684,342122,2.0,,
678,Valravn - SPID Uncloak,7.4 COMBATS & ENEMIES,nolvus,harvest_nolvus,exact,Not Graphics Only,2.1.1,nolvus-awekening-redux;nolvus-awakening-v6;nolvus-v6-ultimate-open-beta-start,,,,,,,
679,Valravn - Integrated Combat of Skyrim,7.4 COMBATS & ENEMIES,nolvus,harvest_nolvus,exact,Not Graphics Only,2.2,nolvus-awekening-redux;nolvus-awakening-v6;nolvus-v6-ultimate-open-beta-start,,,,,,,
680,Valhalla Combat - Nolvus Settings,7.4 COMBATS & ENEMIES,nolvus,harvest_nolvus,exact,"Exhaustion, Not Graphics Only",6.0.6,,,,,,,,
681,Valhalla Combat - Race Addons,7.4 COMBATS & ENEMIES,nolvus,harvest_nolvus,exact,Not Graphics Only,1.2,nolvus-awekening-redux;nolvus-awakening-v6;nolvus-v6-ultimate-open-beta-start,,,,,,,
682,Valhalla Combat - Race Compatibility - Attacko Daedra 2,7.4 COMBATS & ENEMIES,nolvus,harvest_nolvus,exact,Not Graphics Only,1.1,nolvus-awekening-redux;nolvus-awakening-v6;nolvus-v6-ultimate-open-beta-start,,,,,,,
683,Valhalla Combat - Race Compatibility - Forgotten City,7.4 COMBATS & ENEMIES,nolvus,harvest_nolvus,exact,Not Graphics Only,1.0,nolvus-awekening-redux;nolvus-awakening-v6;nolvus-v6-ultimate-open-beta-start,,,,,,,
684,Valhalla Combat - Race Compatibility - Unslaad2,7.4 COMBATS & ENEMIES,nolvus,harvest_nolvus,dup_suffix,Not Graphics Only,1.0,nolvus-awekening-redux;nolvus-awakening-v6;nolvus-v6-ultimate-open-beta-start,,,,,,,
685,Valhalla Combat - Execution Compatibility Patches,7.4 COMBATS & ENEMIES,nolvus,harvest_nolvus,exact,Not Graphics Only,1.0.8,nolvus-awekening-redux;nolvus-awakening-v6;nolvus-v6-ultimate-open-beta-start,,,,,,,
686,Valhalla Combat - Swor's KillCam Patches,7.4 COMBATS & ENEMIES,nolvus,harvest_nolvus,exact,Not Graphics Only,1.4,nolvus-awekening-redux;nolvus-awakening-v6;nolvus-v6-ultimate-open-beta-start,,,,,,,
687,Valhalla Combat - Backstab Bug Fix,7.4 COMBATS & ENEMIES,nolvus,harvest_nolvus,exact,Not Graphics Only,1.1,nolvus-awekening-redux;nolvus-awakening-v6;nolvus-v6-ultimate-open-beta-start,,,,,,,
688,Valhalla Combat,7.4 COMBATS & ENEMIES,nolvus,harvest_nolvus,exact,Not Graphics Only,1.3.3,nolvus-awekening-redux;nolvus-awakening-v6;nolvus-v6-ultimate-open-beta-start,,,,,,,
689,Ultimate NPC Dodging - Animation Pack,7.4 COMBATS & ENEMIES,nolvus,harvest_nolvus,exact,Not Graphics Only,1.0,nolvus-awekening-redux;nolvus-awakening-v6;nolvus-v6-ultimate-open-beta-start,,,,,,,
690,Ultimate NPC Dodging - Silentroll SPID Distribution,7.4 COMBATS & ENEMIES,nolvus,harvest_nolvus,exact,Not Graphics Only,1.0,nolvus-awekening-redux;nolvus-awakening-v6;nolvus-v6-ultimate-open-beta-start,,,,,,,
691,Ultimate NPC Dodging,7.4 COMBATS & ENEMIES,nolvus,harvest_nolvus,exact,Not Graphics Only,2.4.2,nolvus-awekening-redux;nolvus-awakening-v6;nolvus-v6-ultimate-open-beta-start,,,,,,,
692,Dynamic Dodge Animation,7.4 COMBATS & ENEMIES,both,harvest_nolvus,exact,Not Graphics Only,1.5,nolvus-awekening-redux;nolvus-awakening-v6;nolvus-v6-ultimate-open-beta-start,yes,,79598,429066,1.5,,section suggests Nolvus copy
693,Nolvus Awakening Dodge Framework,7.4 COMBATS & ENEMIES,nolvus,harvest_nolvus,exact,Not Graphics Only,6.0,nolvus-awekening-redux;nolvus-awakening-v6;nolvus-v6-ultimate-open-beta-start,,,,,,,
694,TK Dodge RE - Nolvus Settings,7.4 COMBATS & ENEMIES,nolvus,harvest_nolvus,exact,Not Graphics Only,6.0.4,nolvus-awekening-redux;nolvus-awakening-v6;nolvus-v6-ultimate-open-beta-start,,,,,,,
695,TK Dodge RE,7.4 COMBATS & ENEMIES,both,harvest_nolvus,exact,Not Graphics Only,0.55-rc3,nolvus-awekening-redux;nolvus-awakening-v6;nolvus-v6-ultimate-open-beta-start,yes,TK_Dodge_RE.dll,56956,402680,v0.55-rc3,,section suggests Nolvus copy
696,TK Dodge - Sounds,7.4 COMBATS & ENEMIES,nolvus,harvest_nolvus,exact,Not Graphics Only,0.3,nolvus-awekening-redux;nolvus-awakening-v6;nolvus-v6-ultimate-open-beta-start,,,,,,,
697,TK Dodge,7.4 COMBATS & ENEMIES,nolvus,harvest_nolvus,exact,Not Graphics Only,3.18,nolvus-awekening-redux;nolvus-awakening-v6;nolvus-v6-ultimate-open-beta-start,,,,,,,
698,Precision - Nolvus Settings,7.4 COMBATS & ENEMIES,nolvus,harvest_nolvus,exact,Not Graphics Only,6.0.4,nolvus-awekening-redux;nolvus-awakening-v6;nolvus-v6-ultimate-open-beta-start,,,,,,,
699,Precision - Default Weapon Trail Replacer,7.4 COMBATS & ENEMIES,nolvus,harvest_nolvus,exact,Not Graphics Only,1.0,nolvus-awekening-redux;nolvus-awakening-v6;nolvus-v6-ultimate-open-beta-start,,,,,,,
700,Precision - Creatures,7.4 COMBATS & ENEMIES,nolvus,harvest_nolvus,exact,Not Graphics Only,2.4,nolvus-awekening-redux;nolvus-awakening-v6;nolvus-v6-ultimate-open-beta-start,,,,,,,
701,Precision - Accurate Melee Collisions,7.4 COMBATS & ENEMIES,both,harvest_nolvus,exact,Not Graphics Only,2.0.4,nolvus-awekening-redux;nolvus-awakening-v6;nolvus-v6-ultimate-open-beta-start,yes,Precision.dll,72347,351862,2.0.4,Precision.esp,section suggests Nolvus copy
702,One Click Power Attack NG - Nolvus Settings,7.4 COMBATS & ENEMIES,nolvus,harvest_nolvus,exact,Not Graphics Only,6.0.5,nolvus-awekening-redux;nolvus-awakening-v6;nolvus-v6-ultimate-open-beta-start,,,,,,,
703,One Click Power Attack NG,7.4 COMBATS & ENEMIES,nolvus,harvest_nolvus,exact,Not Graphics Only,1.11,nolvus-awekening-redux;nolvus-awakening-v6;nolvus-v6-ultimate-open-beta-start,,,,,,,
704,MCO Universal Support,7.4 COMBATS & ENEMIES,nolvus,harvest_nolvus,exact,Not Graphics Only,1.0,nolvus-awekening-redux;nolvus-awakening-v6;nolvus-v6-ultimate-open-beta-start,,,,,,,
705,ADXP - MCO - First Person Patch,7.4 COMBATS & ENEMIES,nolvus_old,harvest_nolvus,exact,,,nolvus-awekening-redux;nolvus-awakening-v6;nolvus-v6-ultimate-open-beta-start,,,,,,,not on the current nolvus.net page (6.0.21 beta); present in 6.0.20 snapshots
706,ADXP - MCO,7.4 COMBATS & ENEMIES,nolvus,harvest_nolvus,exact,Not Graphics Only,1.6.0.6,nolvus-awekening-redux;nolvus-awakening-v6;nolvus-v6-ultimate-open-beta-start,,,,,,,
707,IFrame Generator RE,7.4 COMBATS & ENEMIES,nolvus,harvest_nolvus,exact,Not Graphics Only,1.03,nolvus-awekening-redux;nolvus-awakening-v6;nolvus-v6-ultimate-open-beta-start,,,,,,,
708,Page's SmoothCam Preset,7.4 COMBATS & ENEMIES,unknown,review,exact,,,,,,,,,,not in any snapshot; identify on Nexus
709,SmoothCam - Nolvus Settings,7.4 COMBATS & ENEMIES,nolvus,harvest_nolvus,exact,Not Graphics Only,6.0.14,nolvus-awekening-redux,,,,,,,
710,ZeusCam - A Next Gen Cinematic SmoothCam Preset,7.4 COMBATS & ENEMIES,unknown,review,exact,,,,,,,,,,not in any snapshot; identify on Nexus
711,SmoothCam - Intimate Refined Preset,7.4 COMBATS & ENEMIES,nolvus,harvest_nolvus,exact,Not Graphics Only,1.0,nolvus-awekening-redux;nolvus-awakening-v6;nolvus-v6-ultimate-open-beta-start,,,,,,,
712,SmoothCam - Hellblade Preset,7.4 COMBATS & ENEMIES,nolvus,harvest_nolvus,exact,Not Graphics Only,1.0,nolvus-awekening-redux;nolvus-awakening-v6;nolvus-v6-ultimate-open-beta-start,,,,,,,
713,SmoothCam - Souls Like Preset,7.4 COMBATS & ENEMIES,nolvus,harvest_nolvus,exact,Not Graphics Only,2.1,nolvus-awekening-redux;nolvus-awakening-v6;nolvus-v6-ultimate-open-beta-start,,,,,,,
714,SmoothCam - Raven's Gaze Valhalla Preset,7.4 COMBATS & ENEMIES,nolvus,harvest_nolvus,exact,Not Graphics Only,1.0,nolvus-awekening-redux;nolvus-awakening-v6;nolvus-v6-ultimate-open-beta-start,,,,,,,
715,SmoothCam - Modern Camera Preset,7.4 COMBATS & ENEMIES,nolvus,harvest_nolvus,exact,Not Graphics Only,1.5,nolvus-awekening-redux;nolvus-awakening-v6;nolvus-v6-ultimate-open-beta-start,,,,,,,
716,SmoothCam,7.4 COMBATS & ENEMIES,both,harvest_nolvus,exact,Not Graphics Only,1.7,nolvus-awekening-redux;nolvus-awakening-v6;nolvus-v6-ultimate-open-beta-start,yes,SmoothCam.dll,41252,729856,1.7,SmoothCam.esl,section suggests Nolvus copy
717,(EXPERIMENTAL) Core Impact Framework - Version 2.0,7.4 COMBATS & ENEMIES,unknown,review,exact,,,,,,,,,,not in any snapshot; identify on Nexus
719,Nolvus Awakening Crafting Patch,7.3 CRAFTING,nolvus,harvest_nolvus,exact,Not Graphics Only,6.0.19,nolvus-awekening-redux;nolvus-awakening-v6;nolvus-v6-ultimate-open-beta-start,,,,,,,
720,Decoction in Skyrim,7.3 CRAFTING,nolvus,harvest_nolvus,exact,Not Graphics Only,3.0,nolvus-awekening-redux;nolvus-awakening-v6;nolvus-v6-ultimate-open-beta-start,,,,,,,
721,Honed Metal - Interesting NPCs Isobel Patch,7.3 CRAFTING,nolvus,harvest_nolvus,exact,Not Graphics Only,1.26b,nolvus-awekening-redux;nolvus-awakening-v6;nolvus-v6-ultimate-open-beta-start,,,,,,,
722,Honed Metal - Additional Materials,7.3 CRAFTING,nolvus,harvest_nolvus,exact,Not Graphics Only,1.3,nolvus-awekening-redux;nolvus-awakening-v6;nolvus-v6-ultimate-open-beta-start,,,,,,,
723,Honed Metal,7.3 CRAFTING,nolvus,harvest_nolvus,exact,Not Graphics Only,1.26.1,nolvus-awekening-redux;nolvus-awakening-v6;nolvus-v6-ultimate-open-beta-start,,,,,,,
724,Craftable Lockpicks,7.3 CRAFTING,nolvus,harvest_nolvus,exact,Not Graphics Only,1.0,nolvus-awekening-redux;nolvus-awakening-v6;nolvus-v6-ultimate-open-beta-start,,,,,,,
725,Gourmet - Eating animations and Sounds - Dawn of Skyrim Patch,7.3 CRAFTING,nolvus,harvest_nolvus,exact,"Ultimate, Not Graphics Only",1.0,nolvus-awakening-v6;nolvus-v6-ultimate-open-beta-start,,,,,,,
726,Gourmet - Eating Animations and Sounds Patch,7.3 CRAFTING,both,harvest_nolvus,exact,Not Graphics Only,2.2,nolvus-awekening-redux;nolvus-awakening-v6;nolvus-v6-ultimate-open-beta-start,yes,,98185,434829,2.2,Gourmet - EAAS - Fishing.esp;Taberu Animations - Gourmet Patch.esp,section suggests Nolvus copy
727,Gourmet - JK's New Gnisis Cornerclub,7.3 CRAFTING,nolvus,harvest_nolvus,exact,Not Graphics Only,1.0,nolvus-awekening-redux;nolvus-awakening-v6;nolvus-v6-ultimate-open-beta-start,,,,,,,
728,Gourmet - Midwood Isle Patch,7.3 CRAFTING,nolvus,harvest_nolvus,exact,Not Graphics Only,1.0,nolvus-awekening-redux;nolvus-awakening-v6;nolvus-v6-ultimate-open-beta-start,,,,,,,
729,Gourmet - Teldryn Serious,7.3 CRAFTING,nolvus,harvest_nolvus,exact,Not Graphics Only,1.0,nolvus-awekening-redux;nolvus-awakening-v6;nolvus-v6-ultimate-open-beta-start,,,,,,,
730,Gourmet - Missile's Patches,7.3 CRAFTING,nolvus,harvest_nolvus,exact,Not Graphics Only,1.0.5,nolvus-awekening-redux;nolvus-awakening-v6;nolvus-v6-ultimate-open-beta-start,,,,,,,
731,Gourmet - StarRiseShine's Patches,7.3 CRAFTING,nolvus,harvest_nolvus,exact,Not Graphics Only,1.2.3.2,nolvus-awekening-redux;nolvus-awakening-v6;nolvus-v6-ultimate-open-beta-start,,,,,,,
732,Gourmet - Patches,7.3 CRAFTING,nolvus,harvest_nolvus,exact,Not Graphics Only,1.2,nolvus-awekening-redux;nolvus-awakening-v6;nolvus-v6-ultimate-open-beta-start,,,,,,,
733,Gourmet - USSEP Patch,7.3 CRAFTING,nolvus,harvest_nolvus,exact,Not Graphics Only,1.0.1,nolvus-awekening-redux;nolvus-awakening-v6;nolvus-v6-ultimate-open-beta-start,,,,,,,
734,Gourmet - Fishing Patch,7.3 CRAFTING,nolvus,harvest_nolvus,exact,Not Graphics Only,1.0.3,nolvus-awekening-redux;nolvus-awakening-v6;nolvus-v6-ultimate-open-beta-start,,,,,,,
735,Gourmet - A Cooking Overhaul,7.3 CRAFTING,both,harvest_nolvus,exact,Not Graphics Only,1.1.12,nolvus-awekening-redux;nolvus-awakening-v6;nolvus-v6-ultimate-open-beta-start,yes,,96876,767021,1.1.4,Gourmet.esp;GourmetFishing.esp;GourmetMysticism.esp;GourmetSurvival.esp;GourmetUSSEP.esp,section suggests Nolvus copy
736,Apothecary - Awesome Potions Simplified Patch,7.3 CRAFTING,nolvus,harvest_nolvus,exact,Not Graphics Only,1.0,nolvus-awekening-redux;nolvus-awakening-v6;nolvus-v6-ultimate-open-beta-start,,,,,,,
737,Apothecary - StarRiseShine's Patches,7.3 CRAFTING,nolvus,harvest_nolvus,exact,Not Graphics Only,1.2.4,nolvus-awekening-redux;nolvus-awakening-v6;nolvus-v6-ultimate-open-beta-start,,,,,,,
738,Apothecary - Mihail Goblins and Riekrs - Patch,7.3 CRAFTING,nolvus,harvest_nolvus,exact,Not Graphics Only,1.0,nolvus-awekening-redux;nolvus-awakening-v6;nolvus-v6-ultimate-open-beta-start,,,,,,,
739,Apothecary - Midwood Isle Patch,7.3 CRAFTING,nolvus,harvest_nolvus,exact,Not Graphics Only,1.0,nolvus-awekening-redux;nolvus-awakening-v6;nolvus-v6-ultimate-open-beta-start,,,,,,,
740,Apothecary - Wyrmstooth Patch,7.3 CRAFTING,nolvus,harvest_nolvus,exact,Not Graphics Only,1.4,nolvus-awekening-redux;nolvus-awakening-v6;nolvus-v6-ultimate-open-beta-start,,,,,,,
741,Apothecary - Bruma Patch,7.3 CRAFTING,nolvus,harvest_nolvus,exact,Not Graphics Only,1.4,nolvus-awekening-redux;nolvus-awakening-v6;nolvus-v6-ultimate-open-beta-start,,,,,,,
742,Apothecary - Various Patches,7.3 CRAFTING,nolvus,harvest_nolvus,exact,Not Graphics Only,2.0,nolvus-awekening-redux;nolvus-awakening-v6;nolvus-v6-ultimate-open-beta-start,,,,,,,
743,Apothecary - Saints and Seducers Patch,7.3 CRAFTING,nolvus,harvest_nolvus,exact,Not Graphics Only,1.4,nolvus-awekening-redux;nolvus-awakening-v6;nolvus-v6-ultimate-open-beta-start,,,,,,,
744,Apothecary - Rare Curios Patch,7.3 CRAFTING,both,harvest_nolvus,exact,Not Graphics Only,1.4,nolvus-awekening-redux;nolvus-awakening-v6;nolvus-v6-ultimate-open-beta-start,yes,,52130,412398,1.3.7,Apothecary - Rare Curios Patch.esp,section suggests Nolvus copy
745,Apothecary - Fishing Patch,7.3 CRAFTING,both,harvest_nolvus,exact,Not Graphics Only,1.4.1,nolvus-awekening-redux;nolvus-awakening-v6;nolvus-v6-ultimate-open-beta-start,yes,,52130,498866,1.3.7,Apothecary - Fishing Patch.esp,section suggests Nolvus copy
746,Apothecary - An Alchemy Overhaul,7.3 CRAFTING,both,harvest_nolvus,exact,Not Graphics Only,1.3.9,nolvus-awekening-redux;nolvus-awakening-v6;nolvus-v6-ultimate-open-beta-start,yes,,52130,447818,1.3.7,Apothecary.esp,section suggests Nolvus copy
747,Complete Crafting Overhaul Remastered - Aetherium Armor and Weapons Patch,7.3 CRAFTING,nolvus,harvest_nolvus,exact,Not Graphics Only,1.0,nolvus-awekening-redux;nolvus-awakening-v6;nolvus-v6-ultimate-open-beta-start,,,,,,,
748,Complete Crafting Overhaul Remastered - Campfire Patch,7.3 CRAFTING,nolvus,harvest_nolvus,exact,Not Graphics Only,1.0,nolvus-awekening-redux;nolvus-awakening-v6;nolvus-v6-ultimate-open-beta-start,,,,,,,
749,Complete Crafting Overhaul Remastered - Ordinator Patch,7.3 CRAFTING,nolvus,harvest_nolvus,exact,Not Graphics Only,1.2,nolvus-awekening-redux;nolvus-awakening-v6;nolvus-v6-ultimate-open-beta-start,,,,,,,
750,Complete Crafting Overhaul Remastered - Gemling Queen Jewelry Patch,7.3 CRAFTING,nolvus,harvest_nolvus,exact,Not Graphics Only,1.0,nolvus-awekening-redux;nolvus-awakening-v6;nolvus-v6-ultimate-open-beta-start,,,,,,,
751,Complete Crafting Overhaul Remastered - Amulets of Skyrim Patch,7.3 CRAFTING,nolvus,harvest_nolvus,exact,Not Graphics Only,1.0,nolvus-awekening-redux;nolvus-awakening-v6;nolvus-v6-ultimate-open-beta-start,,,,,,,
752,Complete Crafting Overhaul Remastered - Silver Knight Shield,7.3 CRAFTING,nolvus,harvest_nolvus,exact,Not Graphics Only,1.0,nolvus-awekening-redux;nolvus-awakening-v6;nolvus-v6-ultimate-open-beta-start,,,,,,,
753,Complete Crafting Overhaul Remastered - JaySuS Swords Patch,7.3 CRAFTING,nolvus,harvest_nolvus,exact,Not Graphics Only,1.2,nolvus-awekening-redux;nolvus-awakening-v6;nolvus-v6-ultimate-open-beta-start,,,,,,,
754,Complete Crafting Overhaul Remastered - Dawnguard Arsenal Patch,7.3 CRAFTING,nolvus,harvest_nolvus,exact,Not Graphics Only,1.1,nolvus-awekening-redux;nolvus-awakening-v6;nolvus-v6-ultimate-open-beta-start,,,,,,,
755,Complete Crafting Overhaul Remastered - Faction Crossbows Patch,7.3 CRAFTING,nolvus,harvest_nolvus,exact,Not Graphics Only,1.0,nolvus-awekening-redux;nolvus-awakening-v6;nolvus-v6-ultimate-open-beta-start,,,,,,,
756,Complete Crafting Overhaul Remastered - Winter is Coming Patch,7.3 CRAFTING,nolvus,harvest_nolvus,exact,Not Graphics Only,1.1,nolvus-awekening-redux;nolvus-awakening-v6;nolvus-v6-ultimate-open-beta-start,,,,,,,
757,Complete Crafting Overhaul Remastered - Cloaks of Skyrim Patch,7.3 CRAFTING,nolvus,harvest_nolvus,exact,Not Graphics Only,1.5,nolvus-awekening-redux;nolvus-awakening-v6;nolvus-v6-ultimate-open-beta-start,,,,,,,
758,Complete Crafting Overhaul Remastered - Silver Knight Armor,7.3 CRAFTING,nolvus,harvest_nolvus,exact,Not Graphics Only,1.0,nolvus-awekening-redux;nolvus-awakening-v6;nolvus-v6-ultimate-open-beta-start,,,,,,,
759,Complete Crafting Overhaul Remastered - New Legion Patch,7.3 CRAFTING,nolvus,harvest_nolvus,exact,Not Graphics Only,1.3,nolvus-awekening-redux;nolvus-awakening-v6;nolvus-v6-ultimate-open-beta-start,,,,,,,
760,Complete Crafting Overhaul Remastered - Beyond Skyrim - Bruma Patch,7.3 CRAFTING,nolvus,harvest_nolvus,exact,Not Graphics Only,1.2,nolvus-awekening-redux;nolvus-awakening-v6;nolvus-v6-ultimate-open-beta-start,,,,,,,
761,Complete Crafting Overhaul Remastered - Immersive Sounds Patch,7.3 CRAFTING,nolvus,harvest_nolvus,exact,Not Graphics Only,1.0,nolvus-awekening-redux;nolvus-awakening-v6;nolvus-v6-ultimate-open-beta-start,,,,,,,
762,Complete Crafting Overhaul Remastered - Audio Overhaul Patch,7.3 CRAFTING,nolvus,harvest_nolvus,exact,Not Graphics Only,1.0,nolvus-awekening-redux;nolvus-awakening-v6;nolvus-v6-ultimate-open-beta-start,,,,,,,
763,Complete Crafting Overhaul Remastered - Nordic Jewelry Patch,7.3 CRAFTING,nolvus,harvest_nolvus,exact,Not Graphics Only,1.0,nolvus-awekening-redux;nolvus-awakening-v6;nolvus-v6-ultimate-open-beta-start,,,,,,,
764,Complete Crafting Overhaul Remastered - Fishing Patch,7.3 CRAFTING,nolvus,harvest_nolvus,exact,Not Graphics Only,1.4,nolvus-awekening-redux;nolvus-awakening-v6;nolvus-v6-ultimate-open-beta-start,,,,,,,
765,Complete Crafting Overhaul Remastered - Fearsome Fists Patch,7.3 CRAFTING,nolvus,harvest_nolvus,exact,Not Graphics Only,1.0,nolvus-awekening-redux;nolvus-awakening-v6;nolvus-v6-ultimate-open-beta-start,,,,,,,
766,Complete Crafting Overhaul Remastered - Nolvus Settings,7.3 CRAFTING,nolvus,harvest_nolvus,exact,Not Graphics Only,6.0.1,nolvus-awekening-redux;nolvus-awakening-v6;nolvus-v6-ultimate-open-beta-start,,,,,,,
767,Complete Crafting Overhaul Remastered - Settings Loader,7.3 CRAFTING,nolvus,harvest_nolvus,exact,Not Graphics Only,2.1,nolvus-awekening-redux;nolvus-awakening-v6;nolvus-v6-ultimate-open-beta-start,,,,,,,
768,Complete Crafting Overhaul Remastered,7.3 CRAFTING,nolvus,harvest_nolvus,exact,Not Graphics Only,2.5.9,nolvus-awekening-redux;nolvus-awakening-v6;nolvus-v6-ultimate-open-beta-start,,,,,,,
770,Nolvus Awakening Survival Patch,7.2 SURVIVAL & NEEDS,nolvus,harvest_nolvus,exact,Not Graphics Only,6.0.15,nolvus-awekening-redux;nolvus-awakening-v6;nolvus-v6-ultimate-open-beta-start,,,,,,,
771,Inn Soaps - Display for Legacy of the Dragonborn,7.2 SURVIVAL & NEEDS,nolvus,harvest_nolvus,exact,Not Graphics Only,1.2,nolvus-awekening-redux;nolvus-awakening-v6;nolvus-v6-ultimate-open-beta-start,,,,,,,
772,Inn Soaps,7.2 SURVIVAL & NEEDS,nolvus,harvest_nolvus,exact,Not Graphics Only,1.2,nolvus-awekening-redux;nolvus-awakening-v6;nolvus-v6-ultimate-open-beta-start,,,,,,,
773,Dirt and Blood - Widget Addon - Nolvus Settings,7.2 SURVIVAL & NEEDS,nolvus_old,harvest_nolvus,exact,,,nolvus-awekening-redux;nolvus-awakening-v6;nolvus-v6-ultimate-open-beta-start,,,,,,,not on the current nolvus.net page (6.0.21 beta); present in 6.0.20 snapshots
774,Dirt and Blood - Widget Addon - Settings Loader,7.2 SURVIVAL & NEEDS,nolvus,harvest_nolvus,exact,Not Graphics Only,2.0,nolvus-awekening-redux;nolvus-awakening-v6;nolvus-v6-ultimate-open-beta-start,,,,,,,
775,Dirt and Blood - Widget Addon,7.2 SURVIVAL & NEEDS,nolvus,harvest_nolvus,exact,Not Graphics Only,1.7.2,nolvus-awekening-redux;nolvus-awakening-v6;nolvus-v6-ultimate-open-beta-start,,,,,,,
776,Dirt and Blood - Nolvus Settings,7.2 SURVIVAL & NEEDS,nolvus,harvest_nolvus,exact,Not Graphics Only,6.0.7,nolvus-awekening-redux;nolvus-awakening-v6,,,,,,,
777,Dirt and Blood - Legacy Settings Loader,7.2 SURVIVAL & NEEDS,nolvus,harvest_nolvus,exact,Not Graphics Only,1.2,nolvus-awekening-redux;nolvus-awakening-v6;nolvus-v6-ultimate-open-beta-start,,,,,,,
778,Dirt and Blood - Xtudo Seamless Soap Texture,7.2 SURVIVAL & NEEDS,nolvus,harvest_nolvus,exact,Not Graphics Only,1.0,nolvus-awekening-redux;nolvus-awakening-v6;nolvus-v6-ultimate-open-beta-start,,,,,,,
779,Malignis Animations - BiSR - Dirt and Blood Patch,7.2 SURVIVAL & NEEDS,unknown,review,exact,,,,,,,,,,not in any snapshot; identify on Nexus
780,Malignis Animations - Bathing in Skyrim - Renewed,7.2 SURVIVAL & NEEDS,mv,harvest_mv,exact,,,,yes,,137401,592713,1.0,Malignis Sound FX.esp,
781,Dirt and Blood - Dynamic Visual Effects,7.2 SURVIVAL & NEEDS,nolvus,harvest_nolvus,exact,Not Graphics Only,2.37,nolvus-awekening-redux;nolvus-awakening-v6;nolvus-v6-ultimate-open-beta-start,,,,,,,
782,Immersive Hunting Animations,7.2 SURVIVAL & NEEDS,both,harvest_nolvus,exact,Not Graphics Only,2.3.1,nolvus-awekening-redux;nolvus-awakening-v6;nolvus-v6-ultimate-open-beta-start,yes,,96961,555504,1.2,ImmersiveHunting.esp;ImmersiveHunting_Campsite.esp,section suggests Nolvus copy
783,Simple Hunting Overhaul - Ogres Patch,7.2 SURVIVAL & NEEDS,nolvus,harvest_nolvus,exact,Not Graphics Only,1.0,nolvus-awekening-redux,,,,,,,
784,Simple Hunting Overhaul - Mihail Sea Giants and Ice Titans Patch,7.2 SURVIVAL & NEEDS,nolvus,harvest_nolvus,exact,Not Graphics Only,1.0,nolvus-awekening-redux;nolvus-awakening-v6,,,,,,,
785,Simple Hunting Overhaul - Mihail Ogres and Ettins Patch,7.2 SURVIVAL & NEEDS,nolvus,harvest_nolvus,exact,Not Graphics Only,1.0,nolvus-awekening-redux;nolvus-awakening-v6,,,,,,,
786,Simple Hunting Overhaul - Attacko Daedra Patch,7.2 SURVIVAL & NEEDS,nolvus,harvest_nolvus,exact,"Boss Encounter Addon, Not Graphics Only",1.0,nolvus-awakening-v6,,,,,,,
787,Simple Hunting Overhaul - Eating Animations and Sounds Patch,7.2 SURVIVAL & NEEDS,nolvus,harvest_nolvus,exact,Not Graphics Only,1.0,nolvus-awekening-redux;nolvus-awakening-v6;nolvus-v6-ultimate-open-beta-start,,,,,,,
788,Simple Hunting Overhaul - DBVO - Vampire,7.2 SURVIVAL & NEEDS,nolvus,harvest_nolvus,exact,Not Graphics Only,1.10,nolvus-awekening-redux;nolvus-awakening-v6;nolvus-v6-ultimate-open-beta-start,,,,,,,
789,Simple Hunting Overhaul - MCM Helper,7.2 SURVIVAL & NEEDS,nolvus,harvest_nolvus,exact,Not Graphics Only,1.0,nolvus-awekening-redux;nolvus-awakening-v6;nolvus-v6-ultimate-open-beta-start,,,,,,,
790,Simple Hunting Overhaul,7.2 SURVIVAL & NEEDS,nolvus,harvest_nolvus,exact,Not Graphics Only,1.12,nolvus-awekening-redux;nolvus-awakening-v6;nolvus-v6-ultimate-open-beta-start,,,,,,,
791,Static SunHelm,7.2 SURVIVAL & NEEDS,nolvus,harvest_nolvus,exact,"Alternate Leveling, Not Graphics Only",1.8,nolvus-awekening-redux;nolvus-awakening-v6;nolvus-v6-ultimate-open-beta-start,,,,,,,
792,Survival Control Panel - Settings Loader,7.2 SURVIVAL & NEEDS,both,harvest_nolvus,exact,Not Graphics Only,6.0.15,nolvus-awekening-redux,yes,,78593,447689,1.0.0,,section suggests Nolvus copy
793,Survival Control Panel,7.2 SURVIVAL & NEEDS,both,harvest_nolvus,exact,Not Graphics Only,1.1.2,nolvus-awekening-redux,yes,SurvivalControlPanel.dll,41891,320950,1.1.2,SurvivalControlPanel.esp,section suggests Nolvus copy
794,Sunhelm - Eating Animations and Sounds Patch,7.2 SURVIVAL & NEEDS,nolvus,harvest_nolvus,exact,Not Graphics Only,2.1,nolvus-awekening-redux;nolvus-awakening-v6;nolvus-v6-ultimate-open-beta-start,,,,,,,
795,SunHelm - Simple Weather Icons,7.2 SURVIVAL & NEEDS,nolvus,harvest_nolvus,exact,Not Graphics Only,1.0,nolvus-awekening-redux;nolvus-awakening-v6;nolvus-v6-ultimate-open-beta-start,,,,,,,
796,SunHelm - Waterskins,7.2 SURVIVAL & NEEDS,nolvus,harvest_nolvus,exact,Not Graphics Only,1.1,nolvus-awekening-redux;nolvus-awakening-v6;nolvus-v6-ultimate-open-beta-start,,,,,,,
797,SunHelm - Magical Heat Sources,7.2 SURVIVAL & NEEDS,nolvus,harvest_nolvus,exact,Not Graphics Only,0.1,nolvus-awekening-redux;nolvus-awakening-v6;nolvus-v6-ultimate-open-beta-start,,,,,,,
798,SunHelm - Experience Patch,7.2 SURVIVAL & NEEDS,nolvus,harvest_nolvus,exact,"Alternate Leveling, Not Graphics Only",1.0.1,nolvus-awekening-redux;nolvus-awakening-v6;nolvus-v6-ultimate-open-beta-start,,,,,,,
799,SunHelm - Gray Cowl of Nocturnal Patch,7.2 SURVIVAL & NEEDS,nolvus,harvest_nolvus,exact,Not Graphics Only,1.2,nolvus-awekening-redux;nolvus-awakening-v6;nolvus-v6-ultimate-open-beta-start,,,,,,,
800,SunHelm - Bruma Patch,7.2 SURVIVAL & NEEDS,nolvus,harvest_nolvus,exact,Not Graphics Only,1.0,nolvus-awekening-redux;nolvus-awakening-v6;nolvus-v6-ultimate-open-beta-start,,,,,,,
801,SunHelm - Compatibility Patches,7.2 SURVIVAL & NEEDS,nolvus,harvest_nolvus,exact,"Ultimate, Not Graphics Only",1.1,nolvus-awakening-v6;nolvus-v6-ultimate-open-beta-start,,,,,,,
802,SunHelm - DBVO - Vampire,7.2 SURVIVAL & NEEDS,nolvus,harvest_nolvus,exact,Not Graphics Only,1.0,nolvus-awekening-redux;nolvus-awakening-v6;nolvus-v6-ultimate-open-beta-start,,,,,,,
803,SunHelm - DBVO - Bella,7.2 SURVIVAL & NEEDS,nolvus,harvest_nolvus,exact,Not Graphics Only,1.0,nolvus-awekening-redux;nolvus-awakening-v6;nolvus-v6-ultimate-open-beta-start,,,,,,,
804,SunHelm - Creation Club Farming Patch,7.2 SURVIVAL & NEEDS,nolvus,harvest_nolvus,exact,Not Graphics Only,1.1,nolvus-awekening-redux;nolvus-awakening-v6;nolvus-v6-ultimate-open-beta-start,,,,,,,
805,SunHelm - Nolvus Settings,7.2 SURVIVAL & NEEDS,nolvus,harvest_nolvus,exact,"16:9, Not Graphics Only",6.0.21,nolvus-awekening-redux;nolvus-awakening-v6;nolvus-v6-ultimate-open-beta-start,,,,,,,
806,SunHelm - Settings Loader,7.2 SURVIVAL & NEEDS,nolvus,harvest_nolvus,exact,Not Graphics Only,1.2,nolvus-awekening-redux;nolvus-awakening-v6;nolvus-v6-ultimate-open-beta-start,,,,,,,
807,SunHelm,7.2 SURVIVAL & NEEDS,nolvus,harvest_nolvus,exact,Not Graphics Only,3.1.4,nolvus-awekening-redux;nolvus-awakening-v6;nolvus-v6-ultimate-open-beta-start,,,,,,,
808,Campfire Backpack HD [2K],7.2 SURVIVAL & NEEDS,nolvus,harvest_nolvus,exact,Not Graphics Only,1.3,nolvus-awekening-redux;nolvus-awakening-v6;nolvus-v6-ultimate-open-beta-start,,,,,,,
809,Campfire HD - Elsopa,7.2 SURVIVAL & NEEDS,nolvus,harvest_nolvus,exact,Not Graphics Only,1.0,nolvus-awekening-redux;nolvus-awakening-v6;nolvus-v6-ultimate-open-beta-start,,,,,,,
810,Campfire - Nolvus Settings,7.2 SURVIVAL & NEEDS,nolvus,harvest_nolvus,exact,Not Graphics Only,6.0.15,nolvus-awekening-redux,,,,,,,
811,Campfire - EmbersXD Patch,7.2 SURVIVAL & NEEDS,nolvus,harvest_nolvus,exact,Not Graphics Only,1.3,nolvus-awekening-redux;nolvus-awakening-v6;nolvus-v6-ultimate-open-beta-start,,,,,,,
812,Campfire,7.2 SURVIVAL & NEEDS,nolvus,harvest_nolvus,exact,Not Graphics Only,1.12.1,nolvus-awekening-redux;nolvus-awakening-v6;nolvus-v6-ultimate-open-beta-start,,,,,,,
814,True Flasks NG,7.1 PERKS ABILITIES & POWER,unknown,review,exact,,,,,,,,,,not in any snapshot; identify on Nexus
815,Nolvus Awakening Perk Patch,7.1 PERKS ABILITIES & POWER,nolvus,harvest_nolvus,exact,Not Graphics Only,6.0.21,nolvus-awekening-redux;nolvus-awakening-v6;nolvus-v6-ultimate-open-beta-start,,,,,,,
816,Nolvus Awakening Magic Patch,7.1 PERKS ABILITIES & POWER,nolvus,harvest_nolvus,exact,Not Graphics Only,6.0.15,nolvus-awekening-redux;nolvus-awakening-v6;nolvus-v6-ultimate-open-beta-start,,,,,,,
817,Nolvus Awakening Various Items - No disenchant Patch,7.1 PERKS ABILITIES & POWER,nolvus,harvest_nolvus,exact,Not Graphics Only,6.0.14,nolvus-awekening-redux,,,,,,,
818,Skyrim Skill Uncapper,7.1 PERKS ABILITIES & POWER,nolvus,harvest_nolvus,exact,"Alternate Leveling, Not Graphics Only",2.2.3,nolvus-awekening-redux;nolvus-awakening-v6;nolvus-v6-ultimate-open-beta-start,,,,,,,
819,Static Skill Leveling Rewritten - Skill Names Fix,7.1 PERKS ABILITIES & POWER,nolvus,harvest_nolvus,exact,"Alternate Leveling, Not Graphics Only",1.0,nolvus-awekening-redux;nolvus-awakening-v6;nolvus-v6-ultimate-open-beta-start,,,,,,,
820,Static Skill Leveling Rewritten,7.1 PERKS ABILITIES & POWER,both,harvest_nolvus,exact,"Alternate Leveling, Not Graphics Only",1.8,nolvus-awekening-redux;nolvus-awakening-v6;nolvus-v6-ultimate-open-beta-start,yes,,89940,506308,1.6,StaticSkillLeveling.esp,section suggests Nolvus copy
821,Nolvus Awakening Experience Integration,7.1 PERKS ABILITIES & POWER,nolvus,harvest_nolvus,exact,"Alternate Leveling, Not Graphics Only",6.0.13,nolvus-awekening-redux;nolvus-awakening-v6;nolvus-v6-ultimate-open-beta-start,,,,,,,
822,Experience - Quests Tweak,7.1 PERKS ABILITIES & POWER,nolvus,harvest_nolvus,exact,"Alternate Leveling, Not Graphics Only",1.0,nolvus-awekening-redux;nolvus-awakening-v6;nolvus-v6-ultimate-open-beta-start,,,,,,,
823,Experience - Creation Club Patch,7.1 PERKS ABILITIES & POWER,nolvus,harvest_nolvus,exact,"Alternate Leveling, Not Graphics Only",1.0,nolvus-awekening-redux;nolvus-awakening-v6;nolvus-v6-ultimate-open-beta-start,,,,,,,
824,Experience - MCM,7.1 PERKS ABILITIES & POWER,nolvus,harvest_nolvus,exact,"Alternate Leveling, Not Graphics Only",1.4,nolvus-awekening-redux;nolvus-awakening-v6;nolvus-v6-ultimate-open-beta-start,,,,,,,
825,Experience,7.1 PERKS ABILITIES & POWER,both,harvest_nolvus,exact,"Alternate Leveling, Not Graphics Only",3.4.5,nolvus-awekening-redux;nolvus-awakening-v6;nolvus-v6-ultimate-open-beta-start,yes,Experience.dll,17751,686258,3.2.0,,section suggests Nolvus copy
826,Custom Skills - UTF8 Fix,7.1 PERKS ABILITIES & POWER,nolvus,harvest_nolvus,exact,Not Graphics Only,1.0,nolvus-awekening-redux;nolvus-awakening-v6;nolvus-v6-ultimate-open-beta-start,,,,,,,
827,Custom Skills - Dragonborn Shouts Perk Tree,7.1 PERKS ABILITIES & POWER,nolvus,harvest_nolvus,exact,Not Graphics Only,3.1,nolvus-awekening-redux;nolvus-awakening-v6;nolvus-v6-ultimate-open-beta-start,,,,,,,
828,Custom Skills - Prelude to Purgatory - A Lich Skill Tree,7.1 PERKS ABILITIES & POWER,nolvus,harvest_nolvus,exact,Not Graphics Only,2.3,nolvus-awekening-redux;nolvus-awakening-v6;nolvus-v6-ultimate-open-beta-start,,,,,,,
829,Custom Skills - Vigilant,7.1 PERKS ABILITIES & POWER,nolvus,harvest_nolvus,exact,Not Graphics Only,2.0,nolvus-awekening-redux;nolvus-awakening-v6;nolvus-v6-ultimate-open-beta-start,,,,,,,
830,Custom Skills - Companions,7.1 PERKS ABILITIES & POWER,nolvus,harvest_nolvus,exact,Not Graphics Only,1.2,nolvus-awekening-redux;nolvus-awakening-v6;nolvus-v6-ultimate-open-beta-start,,,,,,,
831,GIST Soul Trap - MultiLayer Parallax Soul Gems Patch,7.1 PERKS ABILITIES & POWER,nolvus,harvest_nolvus,exact,Not Graphics Only,1.0,nolvus-awekening-redux;nolvus-awakening-v6;nolvus-v6-ultimate-open-beta-start,,,,,,,
832,GIST Soul Trap,7.1 PERKS ABILITIES & POWER,nolvus,harvest_nolvus,exact,Not Graphics Only,1.3,nolvus-awekening-redux;nolvus-awakening-v6;nolvus-v6-ultimate-open-beta-start,,,,,,,
833,Strange Runes - Settings Loader,7.1 PERKS ABILITIES & POWER,nolvus,harvest_nolvus,exact,Not Graphics Only,1.0,nolvus-awekening-redux;nolvus-awakening-v6;nolvus-v6-ultimate-open-beta-start,,,,,,,
834,Strange Runes,7.1 PERKS ABILITIES & POWER,nolvus,harvest_nolvus,exact,Not Graphics Only,3.7.3,nolvus-awekening-redux;nolvus-awakening-v6;nolvus-v6-ultimate-open-beta-start,,,,,,,
835,Immersive Spell Learning - DESTified,7.1 PERKS ABILITIES & POWER,nolvus,harvest_nolvus,exact,Not Graphics Only,1.4.5,nolvus-awekening-redux;nolvus-awakening-v6;nolvus-v6-ultimate-open-beta-start,,,,,,,
836,Conduit - XPMSE Patch,7.1 PERKS ABILITIES & POWER,nolvus,harvest_nolvus,exact,Not Graphics Only,1.0,nolvus-awekening-redux;nolvus-awakening-v6;nolvus-v6-ultimate-open-beta-start,,,,,,,
837,Conduit - Short Term Weapon Infusions,7.1 PERKS ABILITIES & POWER,nolvus,harvest_nolvus,exact,Not Graphics Only,2.7,nolvus-awekening-redux;nolvus-awakening-v6;nolvus-v6-ultimate-open-beta-start,,,,,,,
838,Standing Stones Icons - Amulet Angelic Patch,7.1 PERKS ABILITIES & POWER,nolvus,harvest_nolvus,exact,Not Graphics Only,1.0,nolvus-awekening-redux,,,,,,,
839,Standing Stones Icons - Angelic Patch,7.1 PERKS ABILITIES & POWER,nolvus,harvest_nolvus,exact,Not Graphics Only,1.0,nolvus-awekening-redux,,,,,,,
840,Standing Stones Icons,7.1 PERKS ABILITIES & POWER,nolvus,harvest_nolvus,exact,Not Graphics Only,1.2,nolvus-awekening-redux,,,,,,,
841,Angelic Standing Stones - Amulets of Skyrim Patch,7.1 PERKS ABILITIES & POWER,nolvus,harvest_nolvus,exact,Not Graphics Only,1.2,nolvus-awekening-redux,,,,,,,
842,Angelic Standing Stones,7.1 PERKS ABILITIES & POWER,nolvus,harvest_nolvus,exact,Not Graphics Only,1.4,nolvus-awekening-redux,,,,,,,
843,Ancient Blood Magic 2,7.1 PERKS ABILITIES & POWER,nolvus,harvest_nolvus,exact,Not Graphics Only,1.54,nolvus-awekening-redux;nolvus-awakening-v6;nolvus-v6-ultimate-open-beta-start,,,,,,,
844,Dark Hierophant Magic,7.1 PERKS ABILITIES & POWER,both,harvest_nolvus,exact,Not Graphics Only,1.43,nolvus-awekening-redux;nolvus-awakening-v6;nolvus-v6-ultimate-open-beta-start,yes,,108499,460451,1.24,Ghostlight.esl,section suggests Nolvus copy
845,Abyss,7.1 PERKS ABILITIES & POWER,both,harvest_nolvus,exact,Not Graphics Only,3.1.6,nolvus-awekening-redux;nolvus-awakening-v6;nolvus-v6-ultimate-open-beta-start,yes,,83329,472112,3.1.4,Abyss - Adamant Patch.esp;Abyss.esp,section suggests Nolvus copy
846,The Witcher Signs Casting Animations,7.1 PERKS ABILITIES & POWER,nolvus,harvest_nolvus,exact,Not Graphics Only,1.0,nolvus-awekening-redux;nolvus-awakening-v6;nolvus-v6-ultimate-open-beta-start,,,,,,,
847,The Witcher Signs,7.1 PERKS ABILITIES & POWER,nolvus,harvest_nolvus,exact,Not Graphics Only,1.18,nolvus-awekening-redux;nolvus-awakening-v6;nolvus-v6-ultimate-open-beta-start,,,,,,,
848,Holy Templar Magic,7.1 PERKS ABILITIES & POWER,both,harvest_nolvus,exact,Not Graphics Only,1.42,nolvus-awekening-redux;nolvus-awakening-v6;nolvus-v6-ultimate-open-beta-start,yes,,113360,686506,1.1,Lightpower.esl,section suggests Nolvus copy
849,Desecration,7.1 PERKS ABILITIES & POWER,both,harvest_nolvus,exact,Not Graphics Only,1.1.8,nolvus-awekening-redux;nolvus-awakening-v6;nolvus-v6-ultimate-open-beta-start,yes,,90832,472101,1.1.6,Desecration - Adamant Patch.esp;Desecration.esp,section suggests Nolvus copy
850,Constellation Magic,7.1 PERKS ABILITIES & POWER,nolvus,harvest_nolvus,exact,Not Graphics Only,1.21,nolvus-awekening-redux;nolvus-awakening-v6;nolvus-v6-ultimate-open-beta-start,,,,,,,
851,Arclight,7.1 PERKS ABILITIES & POWER,both,harvest_nolvus,exact,Not Graphics Only,1.1.6,nolvus-awekening-redux;nolvus-awakening-v6;nolvus-v6-ultimate-open-beta-start,yes,,90405,472103,1.1.5,Arclight - Adamant Patch.esp;Arclight.esp,section suggests Nolvus copy
852,Vulcano,7.1 PERKS ABILITIES & POWER,both,harvest_nolvus,exact,Not Graphics Only,1.2.6,nolvus-awekening-redux;nolvus-awakening-v6;nolvus-v6-ultimate-open-beta-start,yes,,88689,472105,1.2.4,Vulcano - Adamant Patch.esp;Vulcano.esp,section suggests Nolvus copy
853,Storm Calling Magic 2,7.1 PERKS ABILITIES & POWER,nolvus,harvest_nolvus,exact,Not Graphics Only,1.52,nolvus-awekening-redux;nolvus-awakening-v6;nolvus-v6-ultimate-open-beta-start,,,,,,,
854,Astral Magic 2,7.1 PERKS ABILITIES & POWER,nolvus,harvest_nolvus,exact,Not Graphics Only,2.43,nolvus-awekening-redux;nolvus-awakening-v6;nolvus-v6-ultimate-open-beta-start,,,,,,,
855,Sonic Magic,7.1 PERKS ABILITIES & POWER,nolvus,harvest_nolvus,exact,Not Graphics Only,1.4,nolvus-awekening-redux;nolvus-awakening-v6;nolvus-v6-ultimate-open-beta-start,,,,,,,
856,Triumvirate - ISC Patch,7.1 PERKS ABILITIES & POWER,nolvus,harvest_nolvus,exact,Not Graphics Only,1.2,nolvus-awekening-redux;nolvus-awakening-v6;nolvus-v6-ultimate-open-beta-start,,,,,,,
857,Triumvirate,7.1 PERKS ABILITIES & POWER,nolvus,harvest_nolvus,exact,Not Graphics Only,1.8,nolvus-awekening-redux;nolvus-awakening-v6;nolvus-v6-ultimate-open-beta-start,,,,,,,
858,Elemental Destruction Magic Redux,7.1 PERKS ABILITIES & POWER,nolvus,harvest_nolvus,exact,Not Graphics Only,1.2,nolvus-awekening-redux;nolvus-awakening-v6;nolvus-v6-ultimate-open-beta-start,,,,,,,
859,Thaumaturgy - Spear of Skyrim Patch,7.1 PERKS ABILITIES & POWER,nolvus,harvest_nolvus,exact,Not Graphics Only,1.0,nolvus-awekening-redux;nolvus-awakening-v6;nolvus-v6-ultimate-open-beta-start,,,,,,,
860,Thaumaturgy - Weapons Armors Clothing and Cluther Fix Patch,7.1 PERKS ABILITIES & POWER,nolvus,harvest_nolvus,exact,Not Graphics Only,1.4,nolvus-awekening-redux;nolvus-awakening-v6;nolvus-v6-ultimate-open-beta-start,,,,,,,
861,Thaumaturgy - USSEP Patch,7.1 PERKS ABILITIES & POWER,nolvus,harvest_nolvus,exact,Not Graphics Only,1.3,nolvus-awekening-redux;nolvus-awakening-v6;nolvus-v6-ultimate-open-beta-start,,,,,,,
862,Thaumaturgy - CC Crossbows Patch,7.1 PERKS ABILITIES & POWER,nolvus,harvest_nolvus,exact,Not Graphics Only,1.0,nolvus-awekening-redux;nolvus-awakening-v6;nolvus-v6-ultimate-open-beta-start,,,,,,,
863,Thaumaturgy - An Enchanting Overhaul,7.1 PERKS ABILITIES & POWER,both,harvest_nolvus,exact,Not Graphics Only,1.4.5,nolvus-awekening-redux;nolvus-awakening-v6;nolvus-v6-ultimate-open-beta-start,yes,,57138,787801,1.4.1,Thaumaturgy.esp,section suggests Nolvus copy
864,Nolvus Awakening Stances Perk System,7.1 PERKS ABILITIES & POWER,nolvus_old,harvest_nolvus,exact,,,nolvus-awekening-redux;nolvus-awakening-v6;nolvus-v6-ultimate-open-beta-start,,,,,,,not on the current nolvus.net page (6.0.21 beta); present in 6.0.20 snapshots
865,Nolvus Awakening Vokriinator Black Integration,7.1 PERKS ABILITIES & POWER,nolvus,harvest_nolvus,exact,Not Graphics Only,6.0.21,nolvus-awekening-redux;nolvus-awakening-v6;nolvus-v6-ultimate-open-beta-start,,,,,,,
866,Vokriinator Black - Discrepancy's ISC Patch,7.1 PERKS ABILITIES & POWER,nolvus,harvest_nolvus,exact,Not Graphics Only,1.0,nolvus-awekening-redux;nolvus-awakening-v6;nolvus-v6-ultimate-open-beta-start,,,,,,,
867,Vokriinator Black - Combat Tweaks,7.1 PERKS ABILITIES & POWER,nolvus,harvest_nolvus,exact,Not Graphics Only,1.0,nolvus-awekening-redux;nolvus-awakening-v6;nolvus-v6-ultimate-open-beta-start,,,,,,,
868,Vokriinator Black - Ethereal Arrows Fix,7.1 PERKS ABILITIES & POWER,nolvus,harvest_nolvus,exact,Not Graphics Only,1.0,nolvus-awekening-redux;nolvus-awakening-v6;nolvus-v6-ultimate-open-beta-start,,,,,,,
869,Vokriinator Black - No Timed Blocking,7.1 PERKS ABILITIES & POWER,nolvus,harvest_nolvus,exact,Not Graphics Only,1.0,nolvus-awekening-redux;nolvus-awakening-v6;nolvus-v6-ultimate-open-beta-start,,,,,,,
870,Vokriinator Black - DAC Improved,7.1 PERKS ABILITIES & POWER,nolvus,harvest_nolvus,exact,Not Graphics Only,6.12.1,nolvus-awekening-redux;nolvus-awakening-v6;nolvus-v6-ultimate-open-beta-start,,,,,,,
871,Vokriinator Black - Apocalypse Patch,7.1 PERKS ABILITIES & POWER,nolvus,harvest_nolvus,exact,Not Graphics Only,6.8,nolvus-awekening-redux;nolvus-awakening-v6;nolvus-v6-ultimate-open-beta-start,,,,,,,
872,Vokriinator Black,7.1 PERKS ABILITIES & POWER,nolvus,harvest_nolvus,exact,Not Graphics Only,6.14.3,nolvus-awekening-redux;nolvus-awakening-v6;nolvus-v6-ultimate-open-beta-start,,,,,,,
873,Apocalypse - Optimised Scripts,7.1 PERKS ABILITIES & POWER,nolvus,harvest_nolvus,exact,Not Graphics Only,1.0,nolvus-awekening-redux;nolvus-awakening-v6;nolvus-v6-ultimate-open-beta-start,,,,,,,
874,Ordinator - Apocalypse Patch,7.1 PERKS ABILITIES & POWER,nolvus,harvest_nolvus,exact,Not Graphics Only,9.45,nolvus-awekening-redux;nolvus-awakening-v6;nolvus-v6-ultimate-open-beta-start,,,,,,,
875,Ordinator - Optimised Scripts,7.1 PERKS ABILITIES & POWER,nolvus,harvest_nolvus,exact,Not Graphics Only,1.2,nolvus-awekening-redux;nolvus-awakening-v6;nolvus-v6-ultimate-open-beta-start,,,,,,,
876,Ordinator - No Timed Block,7.1 PERKS ABILITIES & POWER,nolvus,harvest_nolvus,exact,Not Graphics Only,0.1,nolvus-awekening-redux;nolvus-awakening-v6;nolvus-v6-ultimate-open-beta-start,,,,,,,
877,Ordinator - Combat Styles,7.1 PERKS ABILITIES & POWER,nolvus,harvest_nolvus,exact,Not Graphics Only,1.08,nolvus-awekening-redux;nolvus-awakening-v6;nolvus-v6-ultimate-open-beta-start,,,,,,,
878,Ordinator - Mysticism Patch,7.1 PERKS ABILITIES & POWER,nolvus,harvest_nolvus,exact,Not Graphics Only,1.1.3,nolvus-awekening-redux;nolvus-awakening-v6;nolvus-v6-ultimate-open-beta-start,,,,,,,
879,Ordinator - Beyond Skyrim Patch,7.1 PERKS ABILITIES & POWER,nolvus,harvest_nolvus,exact,Not Graphics Only,1.0,nolvus-awekening-redux;nolvus-awakening-v6;nolvus-v6-ultimate-open-beta-start,,,,,,,
880,Ordinator - Scrambled Bugs compatibility,7.1 PERKS ABILITIES & POWER,nolvus,harvest_nolvus,exact,Not Graphics Only,1.0.1,nolvus-awekening-redux;nolvus-awakening-v6;nolvus-v6-ultimate-open-beta-start,,,,,,,
881,Ordinator Reworked - Combat Mod Compatibility,7.1 PERKS ABILITIES & POWER,nolvus,harvest_nolvus,exact,Not Graphics Only,1.07,nolvus-awekening-redux;nolvus-awakening-v6;nolvus-v6-ultimate-open-beta-start,,,,,,,
882,Ordinator,7.1 PERKS ABILITIES & POWER,nolvus,harvest_nolvus,exact,Not Graphics Only,9.31,nolvus-awekening-redux;nolvus-awakening-v6;nolvus-v6-ultimate-open-beta-start,,,,,,,
883,Vokrii - Optimised Scripts,7.1 PERKS ABILITIES & POWER,nolvus,harvest_nolvus,exact,Not Graphics Only,1.0,nolvus-awekening-redux;nolvus-awakening-v6;nolvus-v6-ultimate-open-beta-start,,,,,,,
884,Vokrii - Scrambled Bugs Compatibility,7.1 PERKS ABILITIES & POWER,nolvus,harvest_nolvus,exact,Not Graphics Only,1.0,nolvus-awekening-redux;nolvus-awakening-v6;nolvus-v6-ultimate-open-beta-start,,,,,,,
885,Vokrii - Mysticism Patch,7.1 PERKS ABILITIES & POWER,nolvus,harvest_nolvus,exact,Not Graphics Only,3.8,nolvus-awekening-redux;nolvus-awakening-v6;nolvus-v6-ultimate-open-beta-start,,,,,,,
886,Vokrii - Apocalypse Patch,7.1 PERKS ABILITIES & POWER,nolvus,harvest_nolvus,exact,Not Graphics Only,9.45,nolvus-awekening-redux;nolvus-awakening-v6;nolvus-v6-ultimate-open-beta-start,,,,,,,
887,Vokrii - Minimalistic Perks of Skyrim,7.1 PERKS ABILITIES & POWER,nolvus,harvest_nolvus,exact,Not Graphics Only,3.8.2,nolvus-awekening-redux;nolvus-awakening-v6;nolvus-v6-ultimate-open-beta-start,,,,,,,
888,Path of Sorcery - Discrepancy's PoS Mashup Patch,7.1 PERKS ABILITIES & POWER,nolvus,harvest_nolvus,exact,Not Graphics Only,1.0,nolvus-awekening-redux;nolvus-awakening-v6;nolvus-v6-ultimate-open-beta-start,,,,,,,
889,Path of Sorcery - Creation Club Leveled List Patch,7.1 PERKS ABILITIES & POWER,nolvus,harvest_nolvus,exact,Not Graphics Only,2.0,nolvus-awekening-redux;nolvus-awakening-v6;nolvus-v6-ultimate-open-beta-start,,,,,,,
890,Path of Sorcery - The Cause Patch,7.1 PERKS ABILITIES & POWER,nolvus,harvest_nolvus,exact,Not Graphics Only,2.0,nolvus-awekening-redux;nolvus-awakening-v6;nolvus-v6-ultimate-open-beta-start,,,,,,,
891,Path of Sorcery - Saints and Seducers Patch,7.1 PERKS ABILITIES & POWER,nolvus,harvest_nolvus,exact,Not Graphics Only,2.1,nolvus-awekening-redux;nolvus-awakening-v6;nolvus-v6-ultimate-open-beta-start,,,,,,,
892,Path of Sorcery - Plague of the Dead Patch,7.1 PERKS ABILITIES & POWER,nolvus,harvest_nolvus,exact,Not Graphics Only,2.0,nolvus-awekening-redux;nolvus-awakening-v6;nolvus-v6-ultimate-open-beta-start,,,,,,,
893,Path of Sorcery - Necromantic Grimoire Patch,7.1 PERKS ABILITIES & POWER,nolvus,harvest_nolvus,exact,Not Graphics Only,2.1,nolvus-awekening-redux;nolvus-awakening-v6;nolvus-v6-ultimate-open-beta-start,,,,,,,
894,Path of Sorcery - Bittercup Patch,7.1 PERKS ABILITIES & POWER,nolvus,harvest_nolvus,exact,Not Graphics Only,2.0,nolvus-awekening-redux;nolvus-awakening-v6;nolvus-v6-ultimate-open-beta-start,,,,,,,
895,Path of Sorcery - Arcane Accessories Patch,7.1 PERKS ABILITIES & POWER,nolvus,harvest_nolvus,exact,Not Graphics Only,2.1,nolvus-awekening-redux;nolvus-awakening-v6;nolvus-v6-ultimate-open-beta-start,,,,,,,
896,Path of Sorcery - Immersive Sounds Patch,7.1 PERKS ABILITIES & POWER,nolvus,harvest_nolvus,exact,Not Graphics Only,2.1,nolvus-awekening-redux;nolvus-awakening-v6;nolvus-v6-ultimate-open-beta-start,,,,,,,
897,Path of Sorcery - Apocalypse Patch,7.1 PERKS ABILITIES & POWER,nolvus,harvest_nolvus,exact,Not Graphics Only,2.1,nolvus-awekening-redux;nolvus-awakening-v6;nolvus-v6-ultimate-open-beta-start,,,,,,,
898,Path of Sorcery - Magic Perk Overhaul,7.1 PERKS ABILITIES & POWER,nolvus,harvest_nolvus,exact,Not Graphics Only,2.7,nolvus-awekening-redux;nolvus-awakening-v6;nolvus-v6-ultimate-open-beta-start,,,,,,,
899,Adamant - FleshFX Patch,7.1 PERKS ABILITIES & POWER,nolvus,harvest_nolvus,exact,Not Graphics Only,1.0,nolvus-awekening-redux;nolvus-awakening-v6;nolvus-v6-ultimate-open-beta-start,,,,,,,
900,Adamant - Apocalypse Patch,7.1 PERKS ABILITIES & POWER,nolvus,harvest_nolvus,exact,Not Graphics Only,2.0,nolvus-awekening-redux;nolvus-awakening-v6;nolvus-v6-ultimate-open-beta-start,,,,,,,
901,Adamant - A Perk Overhaul,7.1 PERKS ABILITIES & POWER,both,harvest_nolvus,exact,Not Graphics Only,5.9.2,nolvus-awekening-redux;nolvus-awakening-v6;nolvus-v6-ultimate-open-beta-start,yes,,30191,792101,5.8.5,Adamant.esp;AdamantBlade.esp;AdamantCrossbows.esp;SimonrimAttackSpeedFix.esp;SimonrmSaintsSeducersSmithing.esp,section suggests Nolvus copy
902,SPERG - Zim's Immersive Artifacts Compatibility Patch,7.1 PERKS ABILITIES & POWER,nolvus,harvest_nolvus,exact,Not Graphics Only,2.2,nolvus-awekening-redux,,,,,,,
903,SPERG - Optimised Scripts,7.1 PERKS ABILITIES & POWER,nolvus,harvest_nolvus,exact,Not Graphics Only,1.0.1,nolvus-awekening-redux;nolvus-awakening-v6;nolvus-v6-ultimate-open-beta-start,,,,,,,
904,SPERG - Thunderchild Patch,7.1 PERKS ABILITIES & POWER,nolvus,harvest_nolvus,exact,Not Graphics Only,1.0,nolvus-awekening-redux;nolvus-awakening-v6;nolvus-v6-ultimate-open-beta-start,,,,,,,
905,SPERG - Skyrim Perk Enhancements and Rebalanced Gameplay,7.1 PERKS ABILITIES & POWER,nolvus,harvest_nolvus,exact,Not Graphics Only,1.8,nolvus-awekening-redux;nolvus-awakening-v6;nolvus-v6-ultimate-open-beta-start,,,,,,,
906,Mysticism - Midwood Isle - Wyrmstooth Spell Consistency Patch,7.1 PERKS ABILITIES & POWER,nolvus,harvest_nolvus,exact,Not Graphics Only,2.0,nolvus-awekening-redux;nolvus-awakening-v6;nolvus-v6-ultimate-open-beta-start,,,,,,,
907,Mysticism - Project AHO Spell Crafting Patch,7.1 PERKS ABILITIES & POWER,nolvus,harvest_nolvus,exact,Not Graphics Only,1.0,nolvus-awekening-redux;nolvus-awakening-v6;nolvus-v6-ultimate-open-beta-start,,,,,,,
908,Mysticism - Deadly Spell Impacts,7.1 PERKS ABILITIES & POWER,nolvus,harvest_nolvus,exact,Not Graphics Only,1.0,nolvus-awekening-redux;nolvus-awakening-v6;nolvus-v6-ultimate-open-beta-start,,,,,,,
909,Mysticism - Spells For Npcs,7.1 PERKS ABILITIES & POWER,nolvus,harvest_nolvus,exact,Not Graphics Only,1.9,nolvus-awekening-redux;nolvus-awakening-v6;nolvus-v6-ultimate-open-beta-start,,,,,,,
910,Mysticism - No Projectile Weight,7.1 PERKS ABILITIES & POWER,nolvus,harvest_nolvus,exact,Not Graphics Only,1.0,nolvus-awekening-redux;nolvus-awakening-v6;nolvus-v6-ultimate-open-beta-start,,,,,,,
911,Mysticism - Lower Charge Time,7.1 PERKS ABILITIES & POWER,nolvus,harvest_nolvus,exact,Not Graphics Only,1.0,nolvus-awekening-redux;nolvus-awakening-v6;nolvus-v6-ultimate-open-beta-start,,,,,,,
912,Mysticism - The Cause Rebalance,7.1 PERKS ABILITIES & POWER,nolvus,harvest_nolvus,exact,Not Graphics Only,1.0,nolvus-awekening-redux;nolvus-awakening-v6;nolvus-v6-ultimate-open-beta-start,,,,,,,
913,Mysticism - FleshFX Patch,7.1 PERKS ABILITIES & POWER,both,harvest_nolvus,exact,Not Graphics Only,1.2,nolvus-awekening-redux;nolvus-awakening-v6;nolvus-v6-ultimate-open-beta-start,yes,,46997,312664,1.2,Mysticism_FleshFX_Patch.esp,section suggests Nolvus copy
914,Mysticism - USSEP Container Patch,7.1 PERKS ABILITIES & POWER,nolvus,harvest_nolvus,exact,Not Graphics Only,3.0,nolvus-awekening-redux;nolvus-awakening-v6;nolvus-v6-ultimate-open-beta-start,,,,,,,
915,Mysticism - Jump Spell Addon,7.1 PERKS ABILITIES & POWER,nolvus,harvest_nolvus,exact,Not Graphics Only,1.0.3,nolvus-awekening-redux;nolvus-awakening-v6;nolvus-v6-ultimate-open-beta-start,,,,,,,
916,Mysticism - Additional Dremora Faces Patch,7.1 PERKS ABILITIES & POWER,nolvus,harvest_nolvus,exact,Not Graphics Only,1.2.2,nolvus-awekening-redux;nolvus-awakening-v6;nolvus-v6-ultimate-open-beta-start,,,,,,,
917,Mysticism - Cleaned and Upscaled [2K],7.1 PERKS ABILITIES & POWER,nolvus,harvest_nolvus,exact,Not Graphics Only,1.0,nolvus-awekening-redux;nolvus-awakening-v6;nolvus-v6-ultimate-open-beta-start,,,,,,,
918,Mysticism - A Magic Overhaul,7.1 PERKS ABILITIES & POWER,both,harvest_nolvus,exact,Not Graphics Only,2.4.2,nolvus-awekening-redux;nolvus-awakening-v6;nolvus-v6-ultimate-open-beta-start,yes,,27839,787777,2.3.4,MysticismMagic.esp;MysticismSlowerUnlocks.esp;MysticismSurvivalSpells.esp,section suggests Nolvus copy
919,Thunderchild,7.1 PERKS ABILITIES & POWER,nolvus,harvest_nolvus,exact,Not Graphics Only,4.11,nolvus-awekening-redux;nolvus-awakening-v6;nolvus-v6-ultimate-open-beta-start,,,,,,,
920,Apocalypse - Additional Dremora Faces Patch,7.1 PERKS ABILITIES & POWER,nolvus,harvest_nolvus,exact,Not Graphics Only,1.3.4,nolvus-awekening-redux;nolvus-awakening-v6;nolvus-v6-ultimate-open-beta-start,,,,,,,
921,Apocalypse - Project AHO Spell Crafting Patch,7.1 PERKS ABILITIES & POWER,nolvus,harvest_nolvus,exact,Not Graphics Only,2.0,nolvus-awekening-redux;nolvus-awakening-v6;nolvus-v6-ultimate-open-beta-start,,,,,,,
922,Apocalypse - Magic of Skyrim,7.1 PERKS ABILITIES & POWER,nolvus,harvest_nolvus,exact,Not Graphics Only,9.45,nolvus-awekening-redux;nolvus-awakening-v6;nolvus-v6-ultimate-open-beta-start,,,,,,,
924,Obscure Animations Overhaul,new mods,mv,harvest_mv,exact,,,,yes,,152047,636733,1.0,,
925,RaySense - Jumping over obstacles2,new mods,unknown,review,exact,,,,,,,,,,not in any snapshot; identify on Nexus
926,RaySense - Edge Lookdown2,new mods,mv,harvest_mv,dup_suffix,,,,yes,,175514,792240,1.0,,
927,RaySense - Cover Animation2,new mods,mv,harvest_mv,dup_suffix,,,,yes,CoverAnimation.dll,175504,735912,1.4,,has SKSE DLL from MV (1.6.1170 build) - replace with 1.5.97/NG build
929,Beam Walking Assist2,6.4 COMMON ANIMATIONS,unknown,review,exact,,,,,,,,,,not in any snapshot; identify on Nexus
930,Open Animation Replacer - RaySense3,6.4 COMMON ANIMATIONS,mv,harvest_mv,dup_suffix,,,,yes,OpenAnimationReplacer-RaySense.dll,175498,772620,1.0,RaySense.esp,has SKSE DLL from MV (1.6.1170 build) - replace with 1.5.97/NG build
931,EVG Animation Variance,6.4 COMMON ANIMATIONS,unknown,review,exact,,,,,,,,,,not in any snapshot; identify on Nexus
932,Conditional Expressions - Exhaustion Patch,6.4 COMMON ANIMATIONS,nolvus,harvest_nolvus,exact,Not Graphics Only,1.0,nolvus-awekening-redux;nolvus-awakening-v6;nolvus-v6-ultimate-open-beta-start,,,,,,,
933,BadAss Get-Up Animation,6.4 COMMON ANIMATIONS,nolvus,harvest_nolvus,exact,"Fantasy Combat Addon, Not Graphics Only",1.0,nolvus-awekening-redux,,,,,,,
934,EVG Clamber - Slope Animations - Nolvus Integration,6.4 COMMON ANIMATIONS,nolvus,harvest_nolvus,exact,Not Graphics Only,6.0.14,nolvus-awekening-redux,,,,,,,
935,EVG Clamber - Slope Animations,6.4 COMMON ANIMATIONS,both,harvest_nolvus,exact,Not Graphics Only,1.0,nolvus-awekening-redux;nolvus-awakening-v6;nolvus-v6-ultimate-open-beta-start,yes,,114753,506903,1.0,evgCLAMBER.esp,section suggests Nolvus copy
936,Simple Fishing Overhaul - DBVO - Bella,6.4 COMMON ANIMATIONS,nolvus,harvest_nolvus,exact,Not Graphics Only,1.0,nolvus-awekening-redux;nolvus-awakening-v6;nolvus-v6-ultimate-open-beta-start,,,,,,,
937,Simple Fishing Overhaul,6.4 COMMON ANIMATIONS,nolvus,harvest_nolvus,exact,Not Graphics Only,1.2,nolvus-awekening-redux;nolvus-awakening-v6;nolvus-v6-ultimate-open-beta-start,,,,,,,
938,I Just Want to Sit Down and Read,6.4 COMMON ANIMATIONS,nolvus,harvest_nolvus,exact,Not Graphics Only,1.4,nolvus-awekening-redux;nolvus-awakening-v6;nolvus-v6-ultimate-open-beta-start,,,,,,,
939,Flute Animation Fix,6.4 COMMON ANIMATIONS,both,harvest_nolvus,exact,Not Graphics Only,1.1,nolvus-awekening-redux;nolvus-awakening-v6;nolvus-v6-ultimate-open-beta-start,yes,,69609,547984,1.1,,section suggests Nolvus copy
940,Eating animations and Sounds - Arcs Tankard Redux,6.4 COMMON ANIMATIONS,nolvus,harvest_nolvus,exact,Not Graphics Only,7.6,nolvus-awekening-redux;nolvus-awakening-v6;nolvus-v6-ultimate-open-beta-start,,,,,,,
941,Eating Animations and Sounds - Patch Collection,6.4 COMMON ANIMATIONS,nolvus,harvest_nolvus,exact,"Ultimate, Not Graphics Only",2.10,nolvus-awakening-v6;nolvus-v6-ultimate-open-beta-start,,,,,,,
942,Eating Animations and Sounds - Fishing Patch,6.4 COMMON ANIMATIONS,nolvus,harvest_nolvus,exact,Not Graphics Only,1.1,nolvus-awekening-redux;nolvus-awakening-v6;nolvus-v6-ultimate-open-beta-start,,,,,,,
943,Eating Animations and Sounds - Xtudo HD Version,6.4 COMMON ANIMATIONS,nolvus,harvest_nolvus,exact,Not Graphics Only,6.1,nolvus-awekening-redux;nolvus-awakening-v6;nolvus-v6-ultimate-open-beta-start,,,,,,,
944,Eating Animations and Sounds,6.4 COMMON ANIMATIONS,nolvus,harvest_nolvus,exact,Not Graphics Only,1.9.4,nolvus-awekening-redux;nolvus-awakening-v6;nolvus-v6-ultimate-open-beta-start,,,,,,,
945,Dynamic Injured Creature Animations - Falmer,6.4 COMMON ANIMATIONS,nolvus,harvest_nolvus,exact,Not Graphics Only,1.1,nolvus-awekening-redux;nolvus-awakening-v6;nolvus-v6-ultimate-open-beta-start,,,,,,,
946,UNDERDOG - Death Animations - Animation Guaranteed,6.4 COMMON ANIMATIONS,nolvus,harvest_nolvus,exact,Not Graphics Only,1.0,nolvus-awekening-redux;nolvus-awakening-v6;nolvus-v6-ultimate-open-beta-start,,,,,,,
947,UNDERDOG - Death Animations,6.4 COMMON ANIMATIONS,nolvus,harvest_nolvus,exact,Not Graphics Only,2.0.4,nolvus-awekening-redux;nolvus-awakening-v6;nolvus-v6-ultimate-open-beta-start,,,,,,,
948,Conditional Expressions Extended2,6.4 COMMON ANIMATIONS,unknown,review,exact,,,,,,,,,,not in any snapshot; identify on Nexus
949,Conditional Expressions - Subtle Face Animations,6.4 COMMON ANIMATIONS,unknown,review,exact,,,,,,,,,,not in any snapshot; identify on Nexus
950,EVG Conditional Idles - Nolvus Settings,6.4 COMMON ANIMATIONS,nolvus,harvest_nolvus,exact,Not Graphics Only,6.0.7,nolvus-awekening-redux;nolvus-awakening-v6;nolvus-v6-ultimate-open-beta-start,,,,,,,
951,EVG Conditional Idles - Settings Loader,6.4 COMMON ANIMATIONS,both,harvest_nolvus,exact,Not Graphics Only,3.0,nolvus-awekening-redux;nolvus-awakening-v6;nolvus-v6-ultimate-open-beta-start,yes,,57876,507435,2.0.0,,section suggests Nolvus copy
952,EVG Conditional Idles,6.4 COMMON ANIMATIONS,both,harvest_nolvus,exact,Not Graphics Only,1.51,nolvus-awekening-redux;nolvus-awakening-v6;nolvus-v6-ultimate-open-beta-start,yes,,34006,506946,1.42,EVGConditionalIdles.esp,section suggests Nolvus copy
953,Improved Table Transition Animations,6.4 COMMON ANIMATIONS,nolvus,harvest_nolvus,exact,Not Graphics Only,1.3,nolvus-awekening-redux;nolvus-awakening-v6;nolvus-v6-ultimate-open-beta-start,,,,,,,
954,Dynamic Climb-Able Ladder Doors,6.4 COMMON ANIMATIONS,nolvus,harvest_nolvus,exact,Not Graphics Only,1.2,nolvus-awekening-redux;nolvus-awakening-v6;nolvus-v6-ultimate-open-beta-start,,,,,,,
955,Dynamic Female Weather Idles - Nolvus Integration,6.4 COMMON ANIMATIONS,nolvus,harvest_nolvus,exact,Not Graphics Only,6.0.14,nolvus-awekening-redux,,,,,,,
956,Dynamic Female Weather Idles,6.4 COMMON ANIMATIONS,nolvus,harvest_nolvus,exact,Not Graphics Only,1.3,nolvus-awekening-redux;nolvus-awakening-v6;nolvus-v6-ultimate-open-beta-start,,,,,,,
957,Dynamic Torch Idle Animations - Randomized,6.4 COMMON ANIMATIONS,nolvus,harvest_nolvus,exact,Not Graphics Only,1.3,nolvus-awekening-redux;nolvus-awakening-v6;nolvus-v6-ultimate-open-beta-start,,,,,,,
958,Dynamic Torch Idle Animations,6.4 COMMON ANIMATIONS,both,harvest_nolvus,exact,Not Graphics Only,1.3,nolvus-awekening-redux;nolvus-awakening-v6;nolvus-v6-ultimate-open-beta-start,yes,,103080,485091,1.0,,section suggests Nolvus copy
959,Dynamic Female Hand Warming,6.4 COMMON ANIMATIONS,both,harvest_nolvus,exact,Not Graphics Only,1.6,nolvus-awekening-redux;nolvus-awakening-v6;nolvus-v6-ultimate-open-beta-start,yes,,88506,403260,1.6,,section suggests Nolvus copy
960,Dynamic Female Ledge Sitting,6.4 COMMON ANIMATIONS,both,harvest_nolvus,exact,Not Graphics Only,1.3,nolvus-awekening-redux;nolvus-awakening-v6;nolvus-v6-ultimate-open-beta-start,yes,,90252,403254,1.3,,section suggests Nolvus copy
961,Dynamic Female Rail Leaning,6.4 COMMON ANIMATIONS,both,harvest_nolvus,exact,Not Graphics Only,1.1,nolvus-awekening-redux;nolvus-awakening-v6;nolvus-v6-ultimate-open-beta-start,yes,,93520,685917,1.1,,section suggests Nolvus copy
962,Dynamic Female Wall Leaning,6.4 COMMON ANIMATIONS,both,harvest_nolvus,exact,Not Graphics Only,1.3,nolvus-awekening-redux;nolvus-awakening-v6;nolvus-v6-ultimate-open-beta-start,yes,,87536,403750,1.3,,section suggests Nolvus copy
963,HSF Male Furniture Idles,6.4 COMMON ANIMATIONS,mv,harvest_mv,exact,,,,yes,,155228,722117,1.1,,
964,Random Male Wall Leaning Animations,6.4 COMMON ANIMATIONS,both,harvest_nolvus,exact,Not Graphics Only,1.2,nolvus-awekening-redux;nolvus-awakening-v6;nolvus-v6-ultimate-open-beta-start,yes,,94030,402056,1.2,,section suggests Nolvus copy
965,Modern Female Sitting Animations Overhaul,6.4 COMMON ANIMATIONS,nolvus,harvest_nolvus,exact,Not Graphics Only,1.9,nolvus-awekening-redux;nolvus-awakening-v6;nolvus-v6-ultimate-open-beta-start,,,,,,,
966,Sonders Keyword Distribution Resources,6.4 COMMON ANIMATIONS,both,harvest_nolvus,exact,Not Graphics Only,1.4,nolvus-awekening-redux;nolvus-awakening-v6;nolvus-v6-ultimate-open-beta-start,yes,,93995,703398,1.2,Sonders_Keyword_Distribution.esp,section suggests Nolvus copy
967,Take a Seat - New Sitting Animations,6.4 COMMON ANIMATIONS,nolvus,harvest_nolvus,exact,Not Graphics Only,1.01,nolvus-awekening-redux;nolvus-awakening-v6;nolvus-v6-ultimate-open-beta-start,,,,,,,
968,Simply Knock - Nolvus Settings,6.4 COMMON ANIMATIONS,nolvus,harvest_nolvus,exact,Not Graphics Only,6.0.15,nolvus-awekening-redux,,,,,,,
969,Simply Knock - SKSE,6.4 COMMON ANIMATIONS,nolvus,harvest_nolvus,exact,Not Graphics Only,4.0,nolvus-awekening-redux;nolvus-awakening-v6;nolvus-v6-ultimate-open-beta-start,,,,,,,
970,Simply Knock,6.4 COMMON ANIMATIONS,nolvus,harvest_nolvus,exact,Not Graphics Only,1.0.3,nolvus-awekening-redux;nolvus-awakening-v6;nolvus-v6-ultimate-open-beta-start,,,,,,,
971,Immersive Interactions - Animated Actions - Legacy Settings Loader,6.4 COMMON ANIMATIONS,both,harvest_nolvus,exact,Not Graphics Only,1.4,nolvus-awekening-redux;nolvus-awakening-v6;nolvus-v6-ultimate-open-beta-start,yes,,56963,409550,1.4.0,,section suggests Nolvus copy
972,Dynamic Horse Petting Animations for Immersive Interactions,6.4 COMMON ANIMATIONS,mv,harvest_mv,exact,,,,yes,,111767,514727,1.1,,
973,Divines Prayer Animations,6.4 COMMON ANIMATIONS,mv,harvest_mv,exact,,,,yes,,109175,635443,1.0,PrayerAnimations.esp,
974,Immersive Interactions - Eating ingredients and apply poison animations,6.4 COMMON ANIMATIONS,mv,harvest_mv,exact,,,,yes,,117983,793078,1.0,,
975,Immersive Interactions - Animated Actions 2,6.4 COMMON ANIMATIONS,both,harvest_nolvus,dup_suffix,Not Graphics Only,1.77,nolvus-awekening-redux;nolvus-awakening-v6;nolvus-v6-ultimate-open-beta-start,yes,,47670,536423,1.73,ImmersiveInteractions.esp,section suggests Nolvus copy
976,No Spinning Death Animation,6.4 COMMON ANIMATIONS,nolvus,harvest_nolvus,exact,Not Graphics Only,1.311,nolvus-awekening-redux;nolvus-awakening-v6;nolvus-v6-ultimate-open-beta-start,,,,,,,
977,Stronger Swimming Animation,6.4 COMMON ANIMATIONS,nolvus,harvest_nolvus,exact,Not Graphics Only,2.0,nolvus-awekening-redux;nolvus-awakening-v6;nolvus-v6-ultimate-open-beta-start,,,,,,,
978,Goetia Animations - Conditional Shouts,6.4 COMMON ANIMATIONS,both,harvest_nolvus,exact,Not Graphics Only,1.2,nolvus-awekening-redux;nolvus-awakening-v6;nolvus-v6-ultimate-open-beta-start,yes,,76388,798350,1.2,,section suggests Nolvus copy
979,Goetia Animations - Sneak Magic,6.4 COMMON ANIMATIONS,nolvus,harvest_nolvus,exact,Not Graphics Only,1.1,nolvus-awekening-redux;nolvus-awakening-v6;nolvus-v6-ultimate-open-beta-start,,,,,,,
980,Lively Cart Driver Animations,6.4 COMMON ANIMATIONS,nolvus,harvest_nolvus,exact,Not Graphics Only,2.0,nolvus-awekening-redux;nolvus-awakening-v6;nolvus-v6-ultimate-open-beta-start,,,,,,,
981,Conditional Dog Barking,6.4 COMMON ANIMATIONS,nolvus,harvest_nolvus,exact,Not Graphics Only,1.2,nolvus-awekening-redux;nolvus-awakening-v6;nolvus-v6-ultimate-open-beta-start,,,,,,,
982,Smooth Random idle Animation,6.4 COMMON ANIMATIONS,nolvus,harvest_nolvus,exact,Not Graphics Only,1.7,nolvus-awekening-redux;nolvus-awakening-v6;nolvus-v6-ultimate-open-beta-start,,,,,,,
984,New Creature Animation - Spider,MV - creature animations,mv,harvest_mv,exact,,,,yes,,179019,748235,1.0,SpiderAnim.esl,
985,Draugr Movement Animation,MV - creature animations,mv,harvest_mv,exact,,,,yes,,114792,483286,1.0,,
986,Dragon Random Stagger Animation,MV - creature animations,mv,harvest_mv,exact,,,,yes,,155346,649449,1.0,,
987,Sabre Cat Attack Animations,MV - creature animations,mv,harvest_mv,exact,,,,yes,,147222,720985,1-0-1,,
988,DCA - Dragon Combat Animations,MV - creature animations,mv,harvest_mv,exact,,,,yes,,123113,516677,1.0,,
989,DNFA Wolves Combat Behavior,MV - creature animations,mv,harvest_mv,exact,,,,yes,,124855,523546,1.1,DNFA.esp,
991,Daughter of Coldharbour - Reimplemented,6.3 NPC's ANIMATIONS,unknown,review,exact,,,,,,,,,,not in any snapshot; identify on Nexus
992,Combat Animation Overhaul - Dwarven Sphere,6.3 NPC's ANIMATIONS,both,harvest_nolvus,exact,Not Graphics Only,1.0,nolvus-awekening-redux;nolvus-awakening-v6;nolvus-v6-ultimate-open-beta-start,yes,,131601,552690,1.0,,section suggests Nolvus copy
993,New Creature Animation - Riekling and Goblin,6.3 NPC's ANIMATIONS,nolvus,harvest_nolvus,exact,Not Graphics Only,1.0,nolvus-awekening-redux;nolvus-awakening-v6;nolvus-v6-ultimate-open-beta-start,,,,,,,
994,New Creature Animation - Frost Atronach,6.3 NPC's ANIMATIONS,both,harvest_nolvus,exact,Not Graphics Only,1.0,nolvus-awekening-redux;nolvus-awakening-v6;nolvus-v6-ultimate-open-beta-start,yes,,84568,359896,1.0,,section suggests Nolvus copy
995,New Creature Animation - Lurker,6.3 NPC's ANIMATIONS,both,harvest_nolvus,exact,Not Graphics Only,1.0,nolvus-awekening-redux;nolvus-awakening-v6;nolvus-v6-ultimate-open-beta-start,yes,,83105,762934,1.0,LurkerAnim.esl,section suggests Nolvus copy
996,New Creature Animation - Werewolf,6.3 NPC's ANIMATIONS,nolvus,harvest_nolvus,exact,Not Graphics Only,1.1,nolvus-awekening-redux;nolvus-awakening-v6;nolvus-v6-ultimate-open-beta-start,,,,,,,
997,New Creature Animation - Troll,6.3 NPC's ANIMATIONS,both,harvest_nolvus,exact,Not Graphics Only,1.0,nolvus-awekening-redux;nolvus-awakening-v6;nolvus-v6-ultimate-open-beta-start,yes,,84026,768643,1.0,TrollAnim.esl,section suggests Nolvus copy
998,New Creature Animation - Falmer,6.3 NPC's ANIMATIONS,both,harvest_nolvus,exact,Not Graphics Only,1.0,nolvus-awekening-redux;nolvus-awakening-v6;nolvus-v6-ultimate-open-beta-start,yes,,83572,766170,1.0,,section suggests Nolvus copy
999,New Creature Animation - Giant,6.3 NPC's ANIMATIONS,both,harvest_nolvus,exact,Not Graphics Only,0.9b,nolvus-awekening-redux;nolvus-awakening-v6;nolvus-v6-ultimate-open-beta-start,yes,,83317,783901,0.9beta,Giant_New_Anim.esl,section suggests Nolvus copy
1000,Dai Katana Moveset for Kaidan,6.3 NPC's ANIMATIONS,nolvus,harvest_nolvus,exact,Not Graphics Only,1.0,nolvus-awekening-redux;nolvus-awakening-v6;nolvus-v6-ultimate-open-beta-start,,,,,,,
1001,Axarien's Animations - Kaidan,6.3 NPC's ANIMATIONS,nolvus,harvest_nolvus,exact,Not Graphics Only,3.0,nolvus-awekening-redux;nolvus-awakening-v6;nolvus-v6-ultimate-open-beta-start,,,,,,,
1002,Axarien's Animations - Lucien,6.3 NPC's ANIMATIONS,nolvus,harvest_nolvus,exact,Not Graphics Only,2.0,nolvus-awekening-redux;nolvus-awakening-v6;nolvus-v6-ultimate-open-beta-start,,,,,,,
1003,Axarien's Animations - Inigo,6.3 NPC's ANIMATIONS,nolvus,harvest_nolvus,exact,Not Graphics Only,1.0,nolvus-awekening-redux;nolvus-awakening-v6;nolvus-v6-ultimate-open-beta-start,,,,,,,
1004,Disable NPC Stretching Idle,6.3 NPC's ANIMATIONS,nolvus,harvest_nolvus,exact,Not Graphics Only,1.0,nolvus-awekening-redux;nolvus-awakening-v6;nolvus-v6-ultimate-open-beta-start,,,,,,,
1005,Lively Children Animations,6.3 NPC's ANIMATIONS,nolvus,harvest_nolvus,exact,Not Graphics Only,2.2.1,nolvus-awekening-redux;nolvus-awakening-v6;nolvus-v6-ultimate-open-beta-start,,,,,,,
1006,Conditional Tavern Cheering,6.3 NPC's ANIMATIONS,nolvus,harvest_nolvus,exact,Not Graphics Only,1.3,nolvus-awekening-redux;nolvus-awakening-v6;nolvus-v6-ultimate-open-beta-start,,,,,,,
1007,Arm Movement Animations,6.3 NPC's ANIMATIONS,nolvus,harvest_nolvus,exact,Not Graphics Only,2.1,nolvus-awekening-redux;nolvus-awakening-v6;nolvus-v6-ultimate-open-beta-start,,,,,,,
1008,Gesture Animation Remix,6.3 NPC's ANIMATIONS,nolvus,harvest_nolvus,exact,Not Graphics Only,2.1.1,nolvus-awekening-redux;nolvus-awakening-v6;nolvus-v6-ultimate-open-beta-start,,,,,,,
1009,NPC Animation Remix,6.3 NPC's ANIMATIONS,nolvus,harvest_nolvus,exact,Not Graphics Only,2.0,nolvus-awekening-redux;nolvus-awakening-v6;nolvus-v6-ultimate-open-beta-start,,,,,,,
1010,Vanargand Animations - Sneak Archery,6.3 NPC's ANIMATIONS,nolvus,harvest_nolvus,exact,Not Graphics Only,1.4,nolvus-awekening-redux;nolvus-awakening-v6;nolvus-v6-ultimate-open-beta-start,,,,,,,
1011,Vanargand Animations - Archery,6.3 NPC's ANIMATIONS,both,harvest_nolvus,exact,Not Graphics Only,1.0,nolvus-awekening-redux;nolvus-awakening-v6;nolvus-v6-ultimate-open-beta-start,yes,,60323,798359,1.0,,section suggests Nolvus copy
1012,Goetia Animations - Enchanted Staves,6.3 NPC's ANIMATIONS,nolvus,harvest_nolvus,exact,Not Graphics Only,1.51,nolvus-awekening-redux;nolvus-awakening-v6;nolvus-v6-ultimate-open-beta-start,,,,,,,
1013,Olivier Magic Casting,6.3 NPC's ANIMATIONS,nolvus,harvest_nolvus,exact,Not Graphics Only,1.0,nolvus-awekening-redux;nolvus-awakening-v6;nolvus-v6-ultimate-open-beta-start,,,,,,,
1014,YY Animation Replacer - Mystic Knight,6.3 NPC's ANIMATIONS,nolvus,harvest_nolvus,exact,Not Graphics Only,1.0,nolvus-awekening-redux;nolvus-awakening-v6;nolvus-v6-ultimate-open-beta-start,,,,,,,
1015,New Animation for Magic Casting,6.3 NPC's ANIMATIONS,nolvus,harvest_nolvus,exact,Not Graphics Only,1.0,nolvus-awekening-redux;nolvus-awakening-v6;nolvus-v6-ultimate-open-beta-start,,,,,,,
1016,Goetia Animations - Magic Spell Casting,6.3 NPC's ANIMATIONS,nolvus,harvest_nolvus,exact,Not Graphics Only,1.4,nolvus-awekening-redux;nolvus-awakening-v6;nolvus-v6-ultimate-open-beta-start,,,,,,,
1017,Goetia Animations - NPC - Sprint,6.3 NPC's ANIMATIONS,nolvus,harvest_nolvus,exact,Not Graphics Only,1.0c,nolvus-awekening-redux;nolvus-awakening-v6;nolvus-v6-ultimate-open-beta-start,,,,,,,
1018,Goetia Animations - NPC - Female Idle Walk Run,6.3 NPC's ANIMATIONS,nolvus,harvest_nolvus,exact,Not Graphics Only,1.2c,nolvus-awekening-redux;nolvus-awakening-v6;nolvus-v6-ultimate-open-beta-start,,,,,,,
1019,Goetia Animations - NPC - Male Idle Walk Run,6.3 NPC's ANIMATIONS,nolvus,harvest_nolvus,exact,Not Graphics Only,1.3c,nolvus-awekening-redux;nolvus-awakening-v6;nolvus-v6-ultimate-open-beta-start,,,,,,,
1020,Female Runway Animations - NPC - Female Idle Walk Run,6.3 NPC's ANIMATIONS,nolvus,harvest_nolvus,exact,Not Graphics Only,1.3c,nolvus-awekening-redux;nolvus-awakening-v6;nolvus-v6-ultimate-open-beta-start,,,,,,,
1021,Leviathan Animations - NPC - Sprint,6.3 NPC's ANIMATIONS,nolvus,harvest_nolvus,exact,Not Graphics Only,1.0,nolvus-awekening-redux;nolvus-awakening-v6;nolvus-v6-ultimate-open-beta-start,,,,,,,
1022,Leviathan Animations - NPC - Female Idle Walk Run,6.3 NPC's ANIMATIONS,nolvus,harvest_nolvus,exact,Not Graphics Only,1.5,nolvus-awekening-redux;nolvus-awakening-v6;nolvus-v6-ultimate-open-beta-start,,,,,,,
1023,Leviathan Animations - NPC - Male Idle Walk Run,6.3 NPC's ANIMATIONS,nolvus,harvest_nolvus,exact,Not Graphics Only,1.5,nolvus-awekening-redux;nolvus-awakening-v6;nolvus-v6-ultimate-open-beta-start,,,,,,,
1024,Vanargand Animations - NPC - Sprint,6.3 NPC's ANIMATIONS,nolvus,harvest_nolvus,exact,Not Graphics Only,1.3c,nolvus-awekening-redux;nolvus-awakening-v6;nolvus-v6-ultimate-open-beta-start,,,,,,,
1025,Vanargand Animations - NPC - Female Idle Walk Run,6.3 NPC's ANIMATIONS,nolvus,harvest_nolvus,exact,Not Graphics Only,1.3.1c,nolvus-awekening-redux;nolvus-awakening-v6;nolvus-v6-ultimate-open-beta-start,,,,,,,
1026,Vanargand Animations - NPC - Male Idle Walk Run,6.3 NPC's ANIMATIONS,nolvus,harvest_nolvus,exact,Not Graphics Only,1.3.1c,nolvus-awekening-redux;nolvus-awakening-v6;nolvus-v6-ultimate-open-beta-start,,,,,,,
1027,Vanargand Animations II - Unarmed MCO Moveset for NPCs,6.3 NPC's ANIMATIONS,nolvus,harvest_nolvus,exact,Not Graphics Only,1.0,nolvus-awekening-redux;nolvus-awakening-v6;nolvus-v6-ultimate-open-beta-start,,,,,,,
1028,Vanargand Animations - Sword Dual Wield Moveset for Npcs,6.3 NPC's ANIMATIONS,nolvus,harvest_nolvus,exact,Not Graphics Only,1.2,nolvus-awekening-redux;nolvus-awakening-v6;nolvus-v6-ultimate-open-beta-start,,,,,,,
1029,Dragons Dogma Daggers Moveset for NPCs,6.3 NPC's ANIMATIONS,nolvus,harvest_nolvus,exact,Not Graphics Only,2.0,nolvus-awekening-redux;nolvus-awakening-v6;nolvus-v6-ultimate-open-beta-start,,,,,,,
1030,ADXP I MCO MGRR Warhammer Moveset for NPCs,6.3 NPC's ANIMATIONS,nolvus,harvest_nolvus,exact,Not Graphics Only,1.0,nolvus-awekening-redux;nolvus-awakening-v6;nolvus-v6-ultimate-open-beta-start,,,,,,,
1031,Elden RIM x DS3 Mashup I Dual Wield Katana Movesets for NPCs,6.3 NPC's ANIMATIONS,nolvus,harvest_nolvus,exact,Not Graphics Only,1.0,nolvus-awekening-redux;nolvus-awakening-v6;nolvus-v6-ultimate-open-beta-start,,,,,,,
1032,SC6 Quarterstaff Movesets for NPCs,6.3 NPC's ANIMATIONS,nolvus,harvest_nolvus,exact,Not Graphics Only,1.0,nolvus-awekening-redux;nolvus-awakening-v6;nolvus-v6-ultimate-open-beta-start,,,,,,,
1033,Nobushi I Spear Moveset for NPCs,6.3 NPC's ANIMATIONS,nolvus,harvest_nolvus,exact,Not Graphics Only,1.0,nolvus-awekening-redux;nolvus-awakening-v6;nolvus-v6-ultimate-open-beta-start,,,,,,,
1034,Gryphon I Battleaxe Moveset for NPCs,6.3 NPC's ANIMATIONS,nolvus,harvest_nolvus,exact,Not Graphics Only,1.0,nolvus-awekening-redux;nolvus-awakening-v6;nolvus-v6-ultimate-open-beta-start,,,,,,,
1035,Warden I Greatsword Moveset for NPCs,6.3 NPC's ANIMATIONS,nolvus,harvest_nolvus,exact,Not Graphics Only,1.0,nolvus-awekening-redux;nolvus-awakening-v6;nolvus-v6-ultimate-open-beta-start,,,,,,,
1036,Valkyrie I Sword and Shield Moveset for NPCs,6.3 NPC's ANIMATIONS,nolvus,harvest_nolvus,exact,Not Graphics Only,1.0,nolvus-awekening-redux;nolvus-awakening-v6;nolvus-v6-ultimate-open-beta-start,,,,,,,
1037,Centurion I Sword Moveset for NPCs,6.3 NPC's ANIMATIONS,nolvus,harvest_nolvus,exact,Not Graphics Only,1.0,nolvus-awekening-redux;nolvus-awakening-v6;nolvus-v6-ultimate-open-beta-start,,,,,,,
1038,ER Moveset Collection - NPC - Movesets,6.3 NPC's ANIMATIONS,nolvus,harvest_nolvus,exact,Not Graphics Only,1.1,nolvus-awekening-redux;nolvus-awakening-v6;nolvus-v6-ultimate-open-beta-start,,,,,,,
1039,Desert Race Combat Animations - NPC - Movesets,6.3 NPC's ANIMATIONS,nolvus,harvest_nolvus,exact,Not Graphics Only,1.1,nolvus-awekening-redux;nolvus-awakening-v6;nolvus-v6-ultimate-open-beta-start,,,,,,,
1040,Imperium Combat Animations - NPC - Movesets,6.3 NPC's ANIMATIONS,nolvus,harvest_nolvus,exact,Not Graphics Only,1.1,nolvus-awekening-redux;nolvus-awakening-v6;nolvus-v6-ultimate-open-beta-start,,,,,,,
1041,Nordic Combat Animations - NPC - Movesets,6.3 NPC's ANIMATIONS,nolvus,harvest_nolvus,exact,Not Graphics Only,1.3,nolvus-awekening-redux;nolvus-awakening-v6;nolvus-v6-ultimate-open-beta-start,,,,,,,
1042,Nolvus Awakening OAR NPC Movement Framework,6.3 NPC's ANIMATIONS,nolvus,harvest_nolvus,exact,Not Graphics Only,6.0,nolvus-awekening-redux;nolvus-awakening-v6;nolvus-v6-ultimate-open-beta-start,,,,,,,
1043,Nolvus Awakening OAR NPC Combat Framework,6.3 NPC's ANIMATIONS,nolvus,harvest_nolvus,exact,Not Graphics Only,6.0.20,nolvus-awekening-redux;nolvus-awakening-v6;nolvus-v6-ultimate-open-beta-start,,,,,,,
1045,JellyFish Crouch Sliding animations,6.2.2 MOVEMENT ANIMATIONS,unknown,review,exact,,,,,,,,,,not in any snapshot; identify on Nexus
1046,Crouch Sliding Shorter Distance,6.2.2 MOVEMENT ANIMATIONS,unknown,review,exact,,,,,,,,,,not in any snapshot; identify on Nexus
1047,Crouch Sliding Quiter Slide,6.2.2 MOVEMENT ANIMATIONS,unknown,review,exact,,,,,,,,,,not in any snapshot; identify on Nexus
1048,Crouch Sliding 2.21,6.2.2 MOVEMENT ANIMATIONS,unknown,review,exact,,,,,,,,,,not in any snapshot; identify on Nexus
1049,Dynamic Sprint Stop,6.2.2 MOVEMENT ANIMATIONS,mv,harvest_mv,exact,,,,yes,,107057,662946,1.4,Sprint Stop.esp,
1050,Draw Fix - Move Equip Animation Fix,6.2.2 MOVEMENT ANIMATIONS,nolvus,harvest_nolvus,exact,Not Graphics Only,1.2,nolvus-awekening-redux,,,,,,,
1051,Left Hand Equipment Overhaul,6.2.2 MOVEMENT ANIMATIONS,both,harvest_nolvus,exact,Not Graphics Only,1.1,nolvus-awekening-redux,yes,,120078,503996,1.1,Left Hand Equipment Overhaul.esp,section suggests Nolvus copy
1052,JellyFish Ultimate Animated Potions NG,6.2.2 MOVEMENT ANIMATIONS,mv,harvest_mv,exact,,,,yes,,168108,702562,1.0,,
1053,Ultimate Animated Potions NG - Awesome Potions Patch,6.2.2 MOVEMENT ANIMATIONS,nolvus,harvest_nolvus,exact,Not Graphics Only,1.0,nolvus-awekening-redux;nolvus-awakening-v6;nolvus-v6-ultimate-open-beta-start,,,,,,,
1054,Ultimate Animated Potions NG,6.2.2 MOVEMENT ANIMATIONS,both,harvest_nolvus,exact,Not Graphics Only,2.8,nolvus-awekening-redux;nolvus-awakening-v6;nolvus-v6-ultimate-open-beta-start,yes,UAPNG.dll,97674,593730,2.2,,section suggests Nolvus copy
1055,Animated Ingredients - Settings Loader,6.2.2 MOVEMENT ANIMATIONS,nolvus,harvest_nolvus,exact,Not Graphics Only,2.0,nolvus-awekening-redux;nolvus-awakening-v6;nolvus-v6-ultimate-open-beta-start,,,,,,,
1056,Animated Ingredients,6.2.2 MOVEMENT ANIMATIONS,nolvus,harvest_nolvus,exact,Not Graphics Only,5.0.2,nolvus-awekening-redux;nolvus-awakening-v6;nolvus-v6-ultimate-open-beta-start,,,,,,,
1057,Animated Poisons - Settings Loader,6.2.2 MOVEMENT ANIMATIONS,nolvus,harvest_nolvus,exact,Not Graphics Only,2.0,nolvus-awekening-redux;nolvus-awakening-v6;nolvus-v6-ultimate-open-beta-start,,,,,,,
1058,Animated Poisons,6.2.2 MOVEMENT ANIMATIONS,nolvus,harvest_nolvus,exact,Not Graphics Only,5.1.1,nolvus-awekening-redux;nolvus-awakening-v6;nolvus-v6-ultimate-open-beta-start,,,,,,,
1059,Immersive Equipping Animations,6.2.2 MOVEMENT ANIMATIONS,both,harvest_nolvus,exact,Not Graphics Only,2.02,nolvus-awekening-redux;nolvus-awakening-v6;nolvus-v6-ultimate-open-beta-start,yes,,77187,466153,2.01,Immersive Equipping Animations.esp,section suggests Nolvus copy
1060,Dynamic Dodge Shot,6.2.2 MOVEMENT ANIMATIONS,both,harvest_nolvus,exact,Not Graphics Only,1.5,nolvus-awekening-redux;nolvus-awakening-v6;nolvus-v6-ultimate-open-beta-start,yes,,114101,488033,1.1,Dynamic Dodge Shot.esp,section suggests Nolvus copy
1061,Dynamic Bow Animation,6.2.2 MOVEMENT ANIMATIONS,both,harvest_nolvus,exact,Not Graphics Only,1.3,nolvus-awekening-redux;nolvus-awakening-v6;nolvus-v6-ultimate-open-beta-start,yes,,89048,463082,1.2.1,,section suggests Nolvus copy
1062,Vanargand Animations - Sneak Crossbows,6.2.2 MOVEMENT ANIMATIONS,nolvus,harvest_nolvus,exact,Not Graphics Only,1.0b,nolvus-awekening-redux;nolvus-awakening-v6;nolvus-v6-ultimate-open-beta-start,,,,,,,
1063,Vanargand Animations - Crossbows,6.2.2 MOVEMENT ANIMATIONS,both,harvest_nolvus,exact,Not Graphics Only,1.0,nolvus-awekening-redux;nolvus-awakening-v6;nolvus-v6-ultimate-open-beta-start,yes,,66286,794553,1.0,,section suggests Nolvus copy
1064,Hand to Hand Blocking Animation,6.2.2 MOVEMENT ANIMATIONS,nolvus,harvest_nolvus,exact,Not Graphics Only,1.0,nolvus-awekening-redux;nolvus-awakening-v6;nolvus-v6-ultimate-open-beta-start,,,,,,,
1065,Phalanx Stance Thrust Edition,6.2.2 MOVEMENT ANIMATIONS,nolvus,harvest_nolvus,exact,Not Graphics Only,1.0,nolvus-awekening-redux;nolvus-awakening-v6;nolvus-v6-ultimate-open-beta-start,,,,,,,
1066,Phalanx Stance,6.2.2 MOVEMENT ANIMATIONS,nolvus,harvest_nolvus,exact,Not Graphics Only,1.0,nolvus-awekening-redux;nolvus-awakening-v6;nolvus-v6-ultimate-open-beta-start,,,,,,,
1067,Randomized Block Animations,6.2.2 MOVEMENT ANIMATIONS,nolvus,harvest_nolvus,exact,Not Graphics Only,1.2,nolvus-awekening-redux;nolvus-awakening-v6;nolvus-v6-ultimate-open-beta-start,,,,,,,
1068,Smooth Random Blocking Animation,6.2.2 MOVEMENT ANIMATIONS,nolvus,harvest_nolvus,exact,Not Graphics Only,3.2,nolvus-awekening-redux;nolvus-awakening-v6;nolvus-v6-ultimate-open-beta-start,,,,,,,
1069,Dynamic Block Hit,6.2.2 MOVEMENT ANIMATIONS,both,harvest_nolvus,exact,Not Graphics Only,1.7,nolvus-awekening-redux;nolvus-awakening-v6;nolvus-v6-ultimate-open-beta-start,yes,,183368,770305,1.1,DynamicBlockHit.esp,section suggests Nolvus copy
1070,Smooth Staff Animation,6.2.2 MOVEMENT ANIMATIONS,both,harvest_nolvus,exact,Not Graphics Only,1.3,nolvus-awekening-redux;nolvus-awakening-v6;nolvus-v6-ultimate-open-beta-start,yes,,54883,256725,1.3,,section suggests Nolvus copy
1071,SpellSword Moveset,6.2.2 MOVEMENT ANIMATIONS,nolvus,harvest_nolvus,exact,Not Graphics Only,2.3,nolvus-awekening-redux;nolvus-awakening-v6;nolvus-v6-ultimate-open-beta-start,,,,,,,
1072,Smooth Magic Casting Animation,6.2.2 MOVEMENT ANIMATIONS,both,harvest_nolvus,exact,Not Graphics Only,4.2,nolvus-awekening-redux;nolvus-awakening-v6;nolvus-v6-ultimate-open-beta-start,yes,,45799,258039,4.2,,section suggests Nolvus copy
1073,Dynamic Random Spell Idle,6.2.2 MOVEMENT ANIMATIONS,both,harvest_nolvus,exact,Not Graphics Only,1.6,nolvus-awekening-redux;nolvus-awakening-v6;nolvus-v6-ultimate-open-beta-start,yes,,77025,535753,1.4,,section suggests Nolvus copy
1074,Jump Slide Fix OAR - First Person,6.2.2 MOVEMENT ANIMATIONS,nolvus,harvest_nolvus,exact,Not Graphics Only,1.0,nolvus-awekening-redux,,,,,,,
1075,Jump Slide Fix OAR - Consistency,6.2.2 MOVEMENT ANIMATIONS,nolvus,harvest_nolvus,exact,Not Graphics Only,1.0,nolvus-awekening-redux,,,,,,,
1076,Jump Slide Fix OAR,6.2.2 MOVEMENT ANIMATIONS,nolvus,harvest_nolvus,exact,Not Graphics Only,1.0,nolvus-awekening-redux,,,,,,,
1077,Smooth Random Jump Animation,6.2.2 MOVEMENT ANIMATIONS,nolvus,harvest_nolvus,exact,Not Graphics Only,2.0,nolvus-awekening-redux;nolvus-awakening-v6;nolvus-v6-ultimate-open-beta-start,,,,,,,
1078,Jump Behavior Overhaul,6.2.2 MOVEMENT ANIMATIONS,nolvus,harvest_nolvus,exact,Not Graphics Only,1.5,nolvus-awekening-redux;nolvus-awakening-v6;nolvus-v6-ultimate-open-beta-start,,,,,,,
1079,Vanargand Animations - Sneak Idle Walk and Run,6.2.2 MOVEMENT ANIMATIONS,both,harvest_nolvus,exact,Not Graphics Only,1.1,nolvus-awekening-redux;nolvus-awakening-v6;nolvus-v6-ultimate-open-beta-start,yes,,54351,794529,1.1,,section suggests Nolvus copy
1080,Leviathan Animations II - Female Idle Walk And Run,6.2.2 MOVEMENT ANIMATIONS,both,harvest_nolvus,exact,Not Graphics Only,2.3,nolvus-awekening-redux;nolvus-awakening-v6;nolvus-v6-ultimate-open-beta-start,yes,,80760,349811,2.3c,,section suggests Nolvus copy
1081,Leviathan Animations II - Male Idle Walk And Run,6.2.2 MOVEMENT ANIMATIONS,both,harvest_nolvus,exact,Not Graphics Only,2.3,nolvus-awekening-redux;nolvus-awakening-v6;nolvus-v6-ultimate-open-beta-start,yes,,81463,349809,2.3c,,section suggests Nolvus copy
1082,Leviathan Animations II - Sprint,6.2.2 MOVEMENT ANIMATIONS,both,harvest_nolvus,exact,Not Graphics Only,2.4,nolvus-awekening-redux;nolvus-awakening-v6;nolvus-v6-ultimate-open-beta-start,yes,,82603,350466,2.4b,,section suggests Nolvus copy
1083,Sprint Sneak Movement Speed Fix,6.2.2 MOVEMENT ANIMATIONS,both,harvest_nolvus,exact,Not Graphics Only,1.1.1,nolvus-awekening-redux;nolvus-awakening-v6;nolvus-v6-ultimate-open-beta-start,yes,SSMT_Fix.dll,86631,450440,1.1.1,,section suggests Nolvus copy
1084,Dynamic Sprint,6.2.2 MOVEMENT ANIMATIONS,both,harvest_nolvus,exact,Not Graphics Only,2.2,nolvus-awekening-redux;nolvus-awakening-v6;nolvus-v6-ultimate-open-beta-start,yes,,95561,569842,1.5,Dynamic Sprint.esp,section suggests Nolvus copy
1085,Smooth Random Sprint Animation,6.2.2 MOVEMENT ANIMATIONS,nolvus,harvest_nolvus,exact,Not Graphics Only,4.1,nolvus-awekening-redux;nolvus-awakening-v6;nolvus-v6-ultimate-open-beta-start,,,,,,,
1086,Imperium Locomotions for Player,6.2.2 MOVEMENT ANIMATIONS,nolvus,harvest_nolvus,exact,Not Graphics Only,1.1,nolvus-awekening-redux;nolvus-awakening-v6;nolvus-v6-ultimate-open-beta-start,,,,,,,
1087,Nordic Locomotions for Player,6.2.2 MOVEMENT ANIMATIONS,nolvus,harvest_nolvus,exact,"Fantasy Combat Addon, Not Graphics Only",1.3,nolvus-awekening-redux;nolvus-awakening-v6;nolvus-v6-ultimate-open-beta-start,,,,,,,
1088,DesertRace Locomotions for Player,6.2.2 MOVEMENT ANIMATIONS,nolvus,harvest_nolvus,exact,"Fantasy Combat Addon, Not Graphics Only",1.1,nolvus-awekening-redux;nolvus-awakening-v6;nolvus-v6-ultimate-open-beta-start,,,,,,,
1089,Nordic Non Combat Locomotions,6.2.2 MOVEMENT ANIMATIONS,nolvus,harvest_nolvus,exact,Not Graphics Only,1.0,nolvus-awekening-redux;nolvus-awakening-v6;nolvus-v6-ultimate-open-beta-start,,,,,,,
1090,Smooth Combat Non Combat Animation,6.2.2 MOVEMENT ANIMATIONS,nolvus,harvest_nolvus,exact,"Fantasy Combat Addon, Not Graphics Only",4.6,nolvus-awekening-redux;nolvus-awakening-v6;nolvus-v6-ultimate-open-beta-start,,,,,,,
1091,Smooth Moveset - OAR,6.2.2 MOVEMENT ANIMATIONS,both,harvest_nolvus,exact,Not Graphics Only,1.5,nolvus-awekening-redux,yes,,149713,660022,1.0,Smooth Moveset.esp,section suggests Nolvus copy
1092,Smooth Moveset,6.2.2 MOVEMENT ANIMATIONS,nolvus,harvest_nolvus,exact,Not Graphics Only,3.3,nolvus-awekening-redux;nolvus-awakening-v6;nolvus-v6-ultimate-open-beta-start,,,,,,,
1093,Weapon Styles - DrawSheathe Animations for IED,6.2.2 MOVEMENT ANIMATIONS,both,harvest_nolvus,exact,Not Graphics Only,3.0.1,nolvus-awekening-redux,yes,,85085,599100,1.1,,section suggests Nolvus copy
1094,Nolvus Awakening OAR Stance Block Framework,6.2.2 MOVEMENT ANIMATIONS,nolvus,harvest_nolvus,exact,Not Graphics Only,6.0.20,nolvus-awekening-redux;nolvus-awakening-v6;nolvus-v6-ultimate-open-beta-start,,,,,,,
1095,Nolvus Awakening OAR Stance Movement Framework,6.2.2 MOVEMENT ANIMATIONS,nolvus,harvest_nolvus,exact,Not Graphics Only,6.0.21,nolvus-awekening-redux;nolvus-awakening-v6;nolvus-v6-ultimate-open-beta-start,,,,,,,
1097,For Honor in Skyrim Black Prior,6.2.1 ATTACK ANIMATIONS,non_nexus,drop,exact,,,,,,,,,,Smooth Patreon/Discord
1098,For Honor in Skyrim Nobushi,6.2.1 ATTACK ANIMATIONS,unknown,review,exact,,,,,,,,,,not in any snapshot; identify on Nexus
1099,Smooth Special Idle,6.2.1 ATTACK ANIMATIONS,unknown,review,exact,,,,,,,,,,not in any snapshot; identify on Nexus
1100,Jumping Attack Stiffness Fix,6.2.1 ATTACK ANIMATIONS,nolvus,harvest_nolvus,exact,Not Graphics Only,1.01,nolvus-awekening-redux;nolvus-awakening-v6;nolvus-v6-ultimate-open-beta-start,,,,,,,
1101,Jumping Attack,6.2.1 ATTACK ANIMATIONS,nolvus,harvest_nolvus,exact,Not Graphics Only,1.232,nolvus-awekening-redux;nolvus-awakening-v6;nolvus-v6-ultimate-open-beta-start,,,,,,,
1102,Modern First Person Animation Overhaul,6.2.1 ATTACK ANIMATIONS,nolvus_old,harvest_nolvus,exact,,,nolvus-awakening-v6;nolvus-v6-ultimate-open-beta-start,,,,,,,not on the current nolvus.net page (6.0.21 beta); present in 6.0.20 snapshots
1103,Comprehensive First Person Animation Overhaul,6.2.1 ATTACK ANIMATIONS,nolvus,harvest_nolvus,exact,Not Graphics Only,1.0.4,nolvus-awekening-redux;nolvus-awakening-v6;nolvus-v6-ultimate-open-beta-start,,,,,,,
1104,Based Animations for 1st Person Combat,6.2.1 ATTACK ANIMATIONS,nolvus,harvest_nolvus,exact,Not Graphics Only,1.0,nolvus-awekening-redux;nolvus-awakening-v6;nolvus-v6-ultimate-open-beta-start,,,,,,,
1105,Vanargand Animations - Dual Wield Sneak Strikes,6.2.1 ATTACK ANIMATIONS,nolvus,harvest_nolvus,exact,Not Graphics Only,1.0,nolvus-awekening-redux;nolvus-awakening-v6;nolvus-v6-ultimate-open-beta-start,,,,,,,
1106,Vanargand Animations - Dual Wield Sneak Thrusts,6.2.1 ATTACK ANIMATIONS,nolvus,harvest_nolvus,exact,Not Graphics Only,1.0,nolvus-awekening-redux;nolvus-awakening-v6;nolvus-v6-ultimate-open-beta-start,,,,,,,
1107,Vanargand Animations - Sneak Strike Attacks,6.2.1 ATTACK ANIMATIONS,both,harvest_nolvus,exact,Not Graphics Only,1.1,nolvus-awekening-redux;nolvus-awakening-v6;nolvus-v6-ultimate-open-beta-start,yes,,55420,794534,1.1,,section suggests Nolvus copy
1108,Vanargand Animations - Sneak Thrust Attacks,6.2.1 ATTACK ANIMATIONS,both,harvest_nolvus,exact,Not Graphics Only,1.1b,nolvus-awekening-redux;nolvus-awakening-v6;nolvus-v6-ultimate-open-beta-start,yes,,55420,794534,1.1,,section suggests Nolvus copy
1109,Eivor - Sprint Attacks,6.2.1 ATTACK ANIMATIONS,nolvus,harvest_nolvus,exact,Not Graphics Only,1.1,nolvus-awekening-redux;nolvus-awakening-v6;nolvus-v6-ultimate-open-beta-start,,,,,,,
1110,Unarmed Moveset for MCO,6.2.1 ATTACK ANIMATIONS,nolvus,harvest_nolvus,exact,Not Graphics Only,1.0,nolvus-awekening-redux;nolvus-awakening-v6;nolvus-v6-ultimate-open-beta-start,,,,,,,
1111,Skyrim Martial Arts,6.2.1 ATTACK ANIMATIONS,nolvus,harvest_nolvus,exact,Not Graphics Only,1.0.1,nolvus-awekening-redux;nolvus-awakening-v6;nolvus-v6-ultimate-open-beta-start,,,,,,,
1112,Vanargand Animations II - Unarmed MCO Moveset,6.2.1 ATTACK ANIMATIONS,nolvus,harvest_nolvus,exact,Not Graphics Only,1.0,nolvus-awekening-redux;nolvus-awakening-v6;nolvus-v6-ultimate-open-beta-start,,,,,,,
1113,Judgement YAGAMI,6.2.1 ATTACK ANIMATIONS,nolvus,harvest_nolvus,exact,Not Graphics Only,1.0,nolvus-awekening-redux;nolvus-awakening-v6;nolvus-v6-ultimate-open-beta-start,,,,,,,
1114,Rapier Moveset for MCO,6.2.1 ATTACK ANIMATIONS,nolvus,harvest_nolvus,exact,Not Graphics Only,1.0,nolvus-awekening-redux;nolvus-awakening-v6;nolvus-v6-ultimate-open-beta-start,,,,,,,
1115,MCO-ADXP Rapier moveset,6.2.1 ATTACK ANIMATIONS,both,harvest_nolvus,exact,Not Graphics Only,1.0,nolvus-awekening-redux;nolvus-awakening-v6;nolvus-v6-ultimate-open-beta-start,yes,,115295,485089,1.0,,section suggests Nolvus copy
1116,Elden Rim Rapier Moveset,6.2.1 ATTACK ANIMATIONS,nolvus,harvest_nolvus,exact,Not Graphics Only,1.0,nolvus-awekening-redux;nolvus-awakening-v6;nolvus-v6-ultimate-open-beta-start,,,,,,,
1117,ER Mixed Scythe,6.2.1 ATTACK ANIMATIONS,nolvus,harvest_nolvus,exact,Not Graphics Only,1.1,nolvus-awekening-redux;nolvus-awakening-v6;nolvus-v6-ultimate-open-beta-start,,,,,,,
1118,Scythe Moveset,6.2.1 ATTACK ANIMATIONS,nolvus,harvest_nolvus,exact,Not Graphics Only,1.0,nolvus-awekening-redux;nolvus-awakening-v6;nolvus-v6-ultimate-open-beta-start,,,,,,,
1119,WoLong Halberds,6.2.1 ATTACK ANIMATIONS,nolvus,harvest_nolvus,exact,Not Graphics Only,1.1.5,nolvus-awekening-redux,,,,,,,
1120,Vindictus Bella Great-Axe Animations Moveset,6.2.1 ATTACK ANIMATIONS,nolvus,harvest_nolvus,exact,Not Graphics Only,1.1,nolvus-awekening-redux;nolvus-awakening-v6;nolvus-v6-ultimate-open-beta-start,,,,,,,
1121,Banished Knight Halberd,6.2.1 ATTACK ANIMATIONS,nolvus,harvest_nolvus,exact,Not Graphics Only,1.0,nolvus-awekening-redux;nolvus-awakening-v6;nolvus-v6-ultimate-open-beta-start,,,,,,,
1122,Lawbringer I Halberd Moveset,6.2.1 ATTACK ANIMATIONS,nolvus,harvest_nolvus,exact,Not Graphics Only,1.0,nolvus-awekening-redux;nolvus-awakening-v6;nolvus-v6-ultimate-open-beta-start,,,,,,,
1123,WoLong QuarterStaffs,6.2.1 ATTACK ANIMATIONS,nolvus,harvest_nolvus,exact,Not Graphics Only,1.1.5,nolvus-awekening-redux,,,,,,,
1124,Wolong Spear,6.2.1 ATTACK ANIMATIONS,nolvus,harvest_nolvus,exact,"Fantasy Combat Addon, Not Graphics Only",1.0,nolvus-awekening-redux,,,,,,,
1125,Nioh Spear Animation,6.2.1 ATTACK ANIMATIONS,nolvus,harvest_nolvus,exact,"Fantasy Combat Addon, Not Graphics Only",1.0,nolvus-awekening-redux;nolvus-awakening-v6;nolvus-v6-ultimate-open-beta-start,,,,,,,
1126,Spears Movesets,6.2.1 ATTACK ANIMATIONS,nolvus,harvest_nolvus,exact,Not Graphics Only,1.0,nolvus-awekening-redux;nolvus-awakening-v6;nolvus-v6-ultimate-open-beta-start,,,,,,,
1127,Tower of Fantasy XIAZUO Animation,6.2.1 ATTACK ANIMATIONS,nolvus,harvest_nolvus,exact,"Fantasy Combat Addon, Not Graphics Only",0.95,nolvus-awekening-redux;nolvus-awakening-v6;nolvus-v6-ultimate-open-beta-start,,,,,,,
1128,Mace Animation,6.2.1 ATTACK ANIMATIONS,nolvus,harvest_nolvus,exact,Not Graphics Only,1.0,nolvus-awekening-redux;nolvus-awakening-v6;nolvus-v6-ultimate-open-beta-start,,,,,,,
1129,Wolong GuanDao,6.2.1 ATTACK ANIMATIONS,nolvus,harvest_nolvus,exact,Not Graphics Only,1.0,nolvus-awekening-redux;nolvus-awakening-v6;nolvus-v6-ultimate-open-beta-start,,,,,,,
1130,ER Dual Wield Axe,6.2.1 ATTACK ANIMATIONS,nolvus,harvest_nolvus,exact,Not Graphics Only,1.0,nolvus-awekening-redux;nolvus-awakening-v6;nolvus-v6-ultimate-open-beta-start,,,,,,,
1131,Northern WarAxe Animation,6.2.1 ATTACK ANIMATIONS,nolvus,harvest_nolvus,exact,Not Graphics Only,1.0.2,nolvus-awekening-redux;nolvus-awakening-v6;nolvus-v6-ultimate-open-beta-start,,,,,,,
1132,BDO Guardian Awakening,6.2.1 ATTACK ANIMATIONS,nolvus,harvest_nolvus,exact,Not Graphics Only,1.0,nolvus-awekening-redux;nolvus-awakening-v6;nolvus-v6-ultimate-open-beta-start,,,,,,,
1133,BDO Guardian,6.2.1 ATTACK ANIMATIONS,nolvus,harvest_nolvus,exact,Not Graphics Only,1.0.2,nolvus-awekening-redux;nolvus-awakening-v6;nolvus-v6-ultimate-open-beta-start,,,,,,,
1134,Real Leviathan's Axe combat,6.2.1 ATTACK ANIMATIONS,nolvus,harvest_nolvus,exact,"Fantasy Combat Addon, Not Graphics Only",1.0,nolvus-awekening-redux;nolvus-awakening-v6;nolvus-v6-ultimate-open-beta-start,,,,,,,
1135,Black Hound Moveset,6.2.1 ATTACK ANIMATIONS,nolvus,harvest_nolvus,exact,Not Graphics Only,1.2,nolvus-awekening-redux;nolvus-awakening-v6;nolvus-v6-ultimate-open-beta-start,,,,,,,
1136,For Hornor in Skyrim Wu Lin faction-Zhanhu,6.2.1 ATTACK ANIMATIONS,nolvus,harvest_nolvus,exact,Not Graphics Only,1.0,nolvus-awekening-redux;nolvus-awakening-v6;nolvus-v6-ultimate-open-beta-start,,,,,,,
1137,Samurai General,6.2.1 ATTACK ANIMATIONS,nolvus,harvest_nolvus,exact,Not Graphics Only,0.1,nolvus-awekening-redux;nolvus-awakening-v6;nolvus-v6-ultimate-open-beta-start,,,,,,,
1138,Samurai - Dai Katana,6.2.1 ATTACK ANIMATIONS,nolvus,harvest_nolvus,exact,Not Graphics Only,1.0.4,nolvus-awekening-redux;nolvus-awakening-v6;nolvus-v6-ultimate-open-beta-start,,,,,,,
1139,HollowSlayer,6.2.1 ATTACK ANIMATIONS,nolvus,harvest_nolvus,exact,"Fantasy Combat Addon, Not Graphics Only",1.0,nolvus-awekening-redux;nolvus-awakening-v6;nolvus-v6-ultimate-open-beta-start,,,,,,,
1140,Berserker Greatsword Moveset,6.2.1 ATTACK ANIMATIONS,nolvus,harvest_nolvus,exact,"Fantasy Combat Addon, Not Graphics Only",1.0,nolvus-awekening-redux,,,,,,,
1141,WoLong LongSword,6.2.1 ATTACK ANIMATIONS,nolvus,harvest_nolvus,exact,"Fantasy Combat Addon, Not Graphics Only",1.1,nolvus-awekening-redux;nolvus-awakening-v6;nolvus-v6-ultimate-open-beta-start,,,,,,,
1142,Eskyrim - Combat Animations,6.2.1 ATTACK ANIMATIONS,nolvus,harvest_nolvus,exact,Not Graphics Only,1.2,nolvus-awekening-redux;nolvus-awakening-v6;nolvus-v6-ultimate-open-beta-start,,,,,,,
1143,Dragons Dogma Daggers moveset,6.2.1 ATTACK ANIMATIONS,nolvus,harvest_nolvus,exact,Not Graphics Only,2.1.1,nolvus-awekening-redux;nolvus-awakening-v6;nolvus-v6-ultimate-open-beta-start,,,,,,,
1144,Elder Creed - Odyssey Dual Wield Dagger Moveset,6.2.1 ATTACK ANIMATIONS,nolvus,harvest_nolvus,exact,Not Graphics Only,1.0,nolvus-awekening-redux;nolvus-awakening-v6;nolvus-v6-ultimate-open-beta-start,,,,,,,
1145,Elden Ring Nightreign Duchess,6.2.1 ATTACK ANIMATIONS,nolvus,harvest_nolvus,exact,Not Graphics Only,1.0,nolvus-awekening-redux,,,,,,,
1146,BadAss Viking Pack - Scythe,6.2.1 ATTACK ANIMATIONS,nolvus,harvest_nolvus,exact,Not Graphics Only,1.0,nolvus-awekening-redux;nolvus-awakening-v6;nolvus-v6-ultimate-open-beta-start,,,,,,,
1147,BadAss Viking Pack - Warhammer,6.2.1 ATTACK ANIMATIONS,nolvus,harvest_nolvus,exact,Not Graphics Only,1.0,nolvus-awekening-redux;nolvus-awakening-v6;nolvus-v6-ultimate-open-beta-start,,,,,,,
1148,Nioh2 Dual Katana Moveset,6.2.1 ATTACK ANIMATIONS,nolvus,harvest_nolvus,exact,Not Graphics Only,1.0,nolvus-awekening-redux;nolvus-awakening-v6;nolvus-v6-ultimate-open-beta-start,,,,,,,
1149,Onikiri and Ubadachi,6.2.1 ATTACK ANIMATIONS,nolvus,harvest_nolvus,exact,Not Graphics Only,1.0,nolvus-awekening-redux;nolvus-awakening-v6;nolvus-v6-ultimate-open-beta-start,,,,,,,
1150,MCO Ronin Katana Mumyo Ryu,6.2.1 ATTACK ANIMATIONS,nolvus,harvest_nolvus,exact,Not Graphics Only,1.1.0,nolvus-awekening-redux,,,,,,,
1151,Elden Rim Katana,6.2.1 ATTACK ANIMATIONS,nolvus,harvest_nolvus,exact,Not Graphics Only,1.0,nolvus-awekening-redux;nolvus-awakening-v6;nolvus-v6-ultimate-open-beta-start,,,,,,,
1152,DS3 Uchigatana,6.2.1 ATTACK ANIMATIONS,nolvus,harvest_nolvus,exact,Not Graphics Only,1.0,nolvus-awekening-redux;nolvus-awakening-v6;nolvus-v6-ultimate-open-beta-start,,,,,,,
1153,Naraka Bladepoint,6.2.1 ATTACK ANIMATIONS,nolvus,harvest_nolvus,exact,"Fantasy Combat Addon, Not Graphics Only",1.0,nolvus-awekening-redux;nolvus-awakening-v6;nolvus-v6-ultimate-open-beta-start,,,,,,,
1154,Star Wars Jedi Survivor,6.2.1 ATTACK ANIMATIONS,nolvus,harvest_nolvus,exact,"Fantasy Combat Addon, Not Graphics Only",0.21,nolvus-awekening-redux;nolvus-awakening-v6;nolvus-v6-ultimate-open-beta-start,,,,,,,
1155,Banished Knight - Dual swords,6.2.1 ATTACK ANIMATIONS,nolvus,harvest_nolvus,exact,Not Graphics Only,1.0,nolvus-awekening-redux,,,,,,,
1156,Wolong Dual Wield,6.2.1 ATTACK ANIMATIONS,nolvus,harvest_nolvus,exact,"Fantasy Combat Addon, Not Graphics Only",1.0,nolvus-awekening-redux;nolvus-awakening-v6;nolvus-v6-ultimate-open-beta-start,,,,,,,
1157,Skyrim Hunter Series 3,6.2.1 ATTACK ANIMATIONS,nolvus,harvest_nolvus,exact,Not Graphics Only,1.1,nolvus-awekening-redux;nolvus-awakening-v6;nolvus-v6-ultimate-open-beta-start,,,,,,,
1158,Geralt MCO Animations,6.2.1 ATTACK ANIMATIONS,nolvus,harvest_nolvus,exact,Not Graphics Only,1.9,nolvus-awekening-redux;nolvus-awakening-v6;nolvus-v6-ultimate-open-beta-start,,,,,,,
1159,Swords of Legends,6.2.1 ATTACK ANIMATIONS,nolvus,harvest_nolvus,exact,"Fantasy Combat Addon, Not Graphics Only",1.1,nolvus-awekening-redux;nolvus-awakening-v6;nolvus-v6-ultimate-open-beta-start,,,,,,,
1160,Elder Creed - Blade,6.2.1 ATTACK ANIMATIONS,nolvus,harvest_nolvus,exact,Not Graphics Only,1.2,nolvus-awekening-redux;nolvus-awakening-v6;nolvus-v6-ultimate-open-beta-start,,,,,,,
1161,Imperium Animation Complete Pack,6.2.1 ATTACK ANIMATIONS,nolvus,harvest_nolvus,exact,Not Graphics Only,1.1,nolvus-awekening-redux;nolvus-awakening-v6;nolvus-v6-ultimate-open-beta-start,,,,,,,
1162,MCO Desert Race Animations,6.2.1 ATTACK ANIMATIONS,nolvus,harvest_nolvus,exact,"Fantasy Combat Addon, Not Graphics Only",1.1,nolvus-awekening-redux;nolvus-awakening-v6;nolvus-v6-ultimate-open-beta-start,,,,,,,
1163,MCO Nordic Animation Complete Pack,6.2.1 ATTACK ANIMATIONS,nolvus,harvest_nolvus,exact,"Fantasy Combat Addon, Not Graphics Only",1.3.1,nolvus-awekening-redux;nolvus-awakening-v6;nolvus-v6-ultimate-open-beta-start,,,,,,,
1164,For Honor in SKYRIM I Aramusha,6.2.1 ATTACK ANIMATIONS,nolvus,harvest_nolvus,exact,Not Graphics Only,1.2,nolvus-awekening-redux;nolvus-awakening-v6;nolvus-v6-ultimate-open-beta-start,,,,,,,
1165,For Honor in Skyrim I Warlord,6.2.1 ATTACK ANIMATIONS,nolvus,harvest_nolvus,exact,Not Graphics Only,1.2,nolvus-awekening-redux;nolvus-awakening-v6;nolvus-v6-ultimate-open-beta-start,,,,,,,
1166,For Honor in Skyrim I Nobushi,6.2.1 ATTACK ANIMATIONS,nolvus,harvest_nolvus,exact,Not Graphics Only,1.4,nolvus-awekening-redux;nolvus-awakening-v6;nolvus-v6-ultimate-open-beta-start,,,,,,,
1167,For Honor in Skyrim I Gryphon,6.2.1 ATTACK ANIMATIONS,nolvus,harvest_nolvus,exact,Not Graphics Only,1.4,nolvus-awekening-redux;nolvus-awakening-v6;nolvus-v6-ultimate-open-beta-start,,,,,,,
1168,For Honor in Skyrim I Lawbringer,6.2.1 ATTACK ANIMATIONS,nolvus,harvest_nolvus,exact,Not Graphics Only,1.3,nolvus-awekening-redux;nolvus-awakening-v6;nolvus-v6-ultimate-open-beta-start,,,,,,,
1169,For Honor in SKYRIM I Conqueror,6.2.1 ATTACK ANIMATIONS,nolvus,harvest_nolvus,exact,Not Graphics Only,1.3,nolvus-awekening-redux;nolvus-awakening-v6;nolvus-v6-ultimate-open-beta-start,,,,,,,
1170,For Honor in Skyrim I Warden,6.2.1 ATTACK ANIMATIONS,nolvus,harvest_nolvus,exact,"Fantasy Combat Addon, Not Graphics Only",2.6,nolvus-awekening-redux;nolvus-awakening-v6;nolvus-v6-ultimate-open-beta-start,,,,,,,
1171,For Honor in SKYRIM I Peacekeeper,6.2.1 ATTACK ANIMATIONS,nolvus,harvest_nolvus,exact,Not Graphics Only,1.3,nolvus-awekening-redux;nolvus-awakening-v6;nolvus-v6-ultimate-open-beta-start,,,,,,,
1172,For Honor in Skyrim I Centurion,6.2.1 ATTACK ANIMATIONS,nolvus,harvest_nolvus,exact,Not Graphics Only,1.2,nolvus-awekening-redux;nolvus-awakening-v6;nolvus-v6-ultimate-open-beta-start,,,,,,,
1173,For Honor in Skyrim,6.2.1 ATTACK ANIMATIONS,both,harvest_nolvus,exact,"Fantasy Combat Addon, Not Graphics Only",1.8,nolvus-awekening-redux,yes,,151478,710759,1.1,For Honor in Skyrim.esp,section suggests Nolvus copy
1174,Nolvus Awakening OAR Stance First Person Combat Framework,6.2.1 ATTACK ANIMATIONS,nolvus,harvest_nolvus,exact,Not Graphics Only,6.0.20,nolvus-awekening-redux;nolvus-awakening-v6;nolvus-v6-ultimate-open-beta-start,,,,,,,
1175,Nolvus Awakening OAR Stance Combat Framework,6.2.1 ATTACK ANIMATIONS,nolvus,harvest_nolvus,exact,Not Graphics Only,6.0.20,nolvus-awekening-redux;nolvus-awakening-v6;nolvus-v6-ultimate-open-beta-start,,,,,,,
1177,Knockback SKSE (For BFCO and MCO Users),6.1 CORE ANIMATIONS & FRAMEWORK,mv,harvest_mv,exact,,,,yes,KnockbackPlugin.dll,171277,718570,1.1.1b,knockbackMCM.esp,has SKSE DLL from MV (1.6.1170 build) - replace with 1.5.97/NG build
1178,EVG Animated Traversal,6.1 CORE ANIMATIONS & FRAMEWORK,both,harvest_nolvus,exact,Not Graphics Only,2.1,nolvus-awekening-redux;nolvus-awakening-v6;nolvus-v6-ultimate-open-beta-start,yes,,63232,506136,1.02,EVGAnimatedTraversal.esl,section suggests Nolvus copy
1179,Reanimated NPC Animations,6.1 CORE ANIMATIONS & FRAMEWORK,both,harvest_nolvus,exact,Not Graphics Only,1.2,nolvus-awekening-redux;nolvus-awakening-v6;nolvus-v6-ultimate-open-beta-start,yes,,79079,470025,1.2,,section suggests Nolvus copy
1180,First Person Animation Teleport Bug Fix,6.1 CORE ANIMATIONS & FRAMEWORK,both,harvest_nolvus,exact,Not Graphics Only,1.0,nolvus-awekening-redux;nolvus-awakening-v6;nolvus-v6-ultimate-open-beta-start,yes,,92795,395075,1.0.0,,section suggests Nolvus copy
1181,Stagger Effect Fix NG,6.1 CORE ANIMATIONS & FRAMEWORK,nolvus,harvest_nolvus,exact,Not Graphics Only,1.0.2,nolvus-awekening-redux;nolvus-awakening-v6;nolvus-v6-ultimate-open-beta-start,,,,,,,
1182,Maxsu Block Overhaul,6.1 CORE ANIMATIONS & FRAMEWORK,both,harvest_nolvus,exact,Not Graphics Only,0.22,nolvus-awekening-redux;nolvus-awakening-v6;nolvus-v6-ultimate-open-beta-start,yes,,,,,,section suggests Nolvus copy
1183,Dynamic Animation Casting - NG,6.1 CORE ANIMATIONS & FRAMEWORK,both,harvest_nolvus,exact,Not Graphics Only,3.2.4,nolvus-awekening-redux;nolvus-awakening-v6;nolvus-v6-ultimate-open-beta-start,yes,loki_DynamicAnimationCasting.dll,73293,398206,3.2.4,,section suggests Nolvus copy
1184,Disable Turn Animation,6.1 CORE ANIMATIONS & FRAMEWORK,nolvus,harvest_nolvus,exact,Not Graphics Only,1.0,nolvus-awekening-redux;nolvus-awakening-v6;nolvus-v6-ultimate-open-beta-start,,,,,,,
1185,True Directional Movement - Nolvus Settings,6.1 CORE ANIMATIONS & FRAMEWORK,nolvus,harvest_nolvus,exact,Not Graphics Only,6.0.15,nolvus-awekening-redux;nolvus-awakening-v6;nolvus-v6-ultimate-open-beta-start,,,,,,,
1186,True Directional Movement - Curated Bosses,6.1 CORE ANIMATIONS & FRAMEWORK,nolvus,harvest_nolvus,exact,Not Graphics Only,1.2,nolvus-awekening-redux;nolvus-awakening-v6;nolvus-v6-ultimate-open-beta-start,,,,,,,
1187,True Directional Movement - GV's Boss Bar Integration,6.1 CORE ANIMATIONS & FRAMEWORK,nolvus,harvest_nolvus,exact,Not Graphics Only,1.0,nolvus-awekening-redux;nolvus-awakening-v6;nolvus-v6-ultimate-open-beta-start,,,,,,,
1188,True Directional Movement - Moonpath to Elsweyr Boss Ini Tweaks,6.1 CORE ANIMATIONS & FRAMEWORK,nolvus,harvest_nolvus,exact,Not Graphics Only,1.0,nolvus-awekening-redux;nolvus-awakening-v6;nolvus-v6-ultimate-open-beta-start,,,,,,,
1189,True Directional Movement - Unslaad Boss Bars,6.1 CORE ANIMATIONS & FRAMEWORK,nolvus,harvest_nolvus,exact,Not Graphics Only,1.0,nolvus-awekening-redux;nolvus-awakening-v6;nolvus-v6-ultimate-open-beta-start,,,,,,,
1190,True Directional Movement - Wheels of Lull,6.1 CORE ANIMATIONS & FRAMEWORK,nolvus,harvest_nolvus,exact,Not Graphics Only,1.1,nolvus-awekening-redux;nolvus-awakening-v6;nolvus-v6-ultimate-open-beta-start,,,,,,,
1191,True Directional Movement - Vigilant,6.1 CORE ANIMATIONS & FRAMEWORK,nolvus,harvest_nolvus,exact,Not Graphics Only,1.2,nolvus-awekening-redux;nolvus-awakening-v6;nolvus-v6-ultimate-open-beta-start,,,,,,,
1192,True Directional Movement - LotD Boss Init Tweaks,6.1 CORE ANIMATIONS & FRAMEWORK,nolvus,harvest_nolvus,exact,Not Graphics Only,1.1,nolvus-awekening-redux;nolvus-awakening-v6;nolvus-v6-ultimate-open-beta-start,,,,,,,
1193,True Directional Movement - Boss Ini Tweaks,6.1 CORE ANIMATIONS & FRAMEWORK,nolvus,harvest_nolvus,exact,Not Graphics Only,1.4,nolvus-awekening-redux;nolvus-awakening-v6;nolvus-v6-ultimate-open-beta-start,,,,,,,
1194,True Directional Movement,6.1 CORE ANIMATIONS & FRAMEWORK,nolvus,harvest_nolvus,exact,Not Graphics Only,2.2.5,nolvus-awekening-redux;nolvus-awakening-v6;nolvus-v6-ultimate-open-beta-start,,,,,,,
1195,Comprehensive Attack Speed Patch,6.1 CORE ANIMATIONS & FRAMEWORK,nolvus,harvest_nolvus,exact,Not Graphics Only,1.1.2.8,nolvus-awekening-redux;nolvus-awakening-v6;nolvus-v6-ultimate-open-beta-start,,,,,,,
1196,Stances - Animal Themed Combat Icons,6.1 CORE ANIMATIONS & FRAMEWORK,nolvus_old,harvest_nolvus,exact,,,nolvus-awekening-redux;nolvus-awakening-v6;nolvus-v6-ultimate-open-beta-start,,,,,,,not on the current nolvus.net page (6.0.21 beta); present in 6.0.20 snapshots
1197,Stances - Dynamic Animation Sets - Nolvus Settings,6.1 CORE ANIMATIONS & FRAMEWORK,nolvus,harvest_nolvus,exact,Not Graphics Only,6.0.15,nolvus-awekening-redux;nolvus-awakening-v6;nolvus-v6-ultimate-open-beta-start,,,,,,,
1198,Stances - Dynamic Animation Sets (Add-On),6.1 CORE ANIMATIONS & FRAMEWORK,nolvus,harvest_nolvus,exact,Not Graphics Only,1.13,nolvus-awekening-redux;nolvus-awakening-v6;nolvus-v6-ultimate-open-beta-start,,,,,,,
1199,Stances - Dynamic Animation Sets,6.1 CORE ANIMATIONS & FRAMEWORK,nolvus,harvest_nolvus,exact,Not Graphics Only,1.5.1,nolvus-awekening-redux;nolvus-awakening-v6;nolvus-v6-ultimate-open-beta-start,,,,,,,
1200,Open Animation Replacer - Nolvus Settings,6.1 CORE ANIMATIONS & FRAMEWORK,nolvus,harvest_nolvus,exact,Not Graphics Only,6.0.15,nolvus-awekening-redux,,,,,,,
1201,Open Animation Replacer - IED Conditions,6.1 CORE ANIMATIONS & FRAMEWORK,both,harvest_nolvus,exact,Not Graphics Only,1.0.2,nolvus-awekening-redux;nolvus-awakening-v6;nolvus-v6-ultimate-open-beta-start,yes,OpenAnimationReplacer-IEDConditionExtensions.dll,98308,422544,1.0.2,,section suggests Nolvus copy
1202,Open Animation Replacer - Detection Plugin2,6.1 CORE ANIMATIONS & FRAMEWORK,both,harvest_nolvus,dup_suffix,Not Graphics Only,2.1.1,nolvus-awekening-redux;nolvus-awakening-v6;nolvus-v6-ultimate-open-beta-start,yes,OpenAnimationReplacer-DetectionPlugin.dll,104806,758902,1.2.0,,section suggests Nolvus copy
1203,Open Animation Replacer4,6.1 CORE ANIMATIONS & FRAMEWORK,both,harvest_nolvus,dup_suffix,Not Graphics Only,2.3.6,nolvus-awekening-redux;nolvus-awakening-v6;nolvus-v6-ultimate-open-beta-start,yes,OpenAnimationReplacer.dll,92109,781784,2.0.2,,section suggests Nolvus copy
1204,Paired Animation Improvements,6.1 CORE ANIMATIONS & FRAMEWORK,both,harvest_nolvus,exact,Not Graphics Only,1.0.2,nolvus-awekening-redux;nolvus-awakening-v6;nolvus-v6-ultimate-open-beta-start,yes,PairedAnimationImprovements.dll,99621,466426,1.0.1,,section suggests Nolvus copy
1205,Payload Interpreter,6.1 CORE ANIMATIONS & FRAMEWORK,both,harvest_nolvus,exact,Not Graphics Only,1.1,nolvus-awekening-redux;nolvus-awakening-v6;nolvus-v6-ultimate-open-beta-start,yes,PayloadInterpreter.dll,65089,394150,1.0.1,,section suggests Nolvus copy
1206,Animation Queue Fix,6.1 CORE ANIMATIONS & FRAMEWORK,both,harvest_nolvus,exact,Not Graphics Only,1.0.1,nolvus-awekening-redux;nolvus-awakening-v6;nolvus-v6-ultimate-open-beta-start,yes,AnimationQueueFix.dll,82395,348271,1.0.1,,section suggests Nolvus copy
1207,Animation Motion Revolution,6.1 CORE ANIMATIONS & FRAMEWORK,both,harvest_nolvus,exact,Not Graphics Only,1.5.3,nolvus-awekening-redux;nolvus-awakening-v6;nolvus-v6-ultimate-open-beta-start,yes,AnimationMotionRevolution.dll,50258,320113,1.5.3,,section suggests Nolvus copy
1208,CBPC Equipment physics - Real Tight config,6.1 CORE ANIMATIONS & FRAMEWORK,unknown,review,exact,,,,,,,,,,not in any snapshot; identify on Nexus
1209,CBPC Equipment Physics,6.1 CORE ANIMATIONS & FRAMEWORK,nolvus,harvest_nolvus,exact,Not Graphics Only,1.3,nolvus-awekening-redux;nolvus-awakening-v6;nolvus-v6-ultimate-open-beta-start,,,,,,,
1210,Faster HDT-SMP 4.01,6.1 CORE ANIMATIONS & FRAMEWORK,unknown,review,exact,,,,,,,,,,not in any snapshot; identify on Nexus
1211,Pandora Behaviour Engine v4.3.1-beta,6.1 CORE ANIMATIONS & FRAMEWORK,unknown,review,exact,,,,,,,,,,not in any snapshot; identify on Nexus
1212,Nemesis - Offset Movement Animation,6.1 CORE ANIMATIONS & FRAMEWORK,nolvus,harvest_nolvus,exact,Not Graphics Only,1.2,nolvus-awekening-redux;nolvus-awakening-v6;nolvus-v6-ultimate-open-beta-start,,,,,,,
1213,Nemesis - Creatures Behaivour - WereWolf Addon,6.1 CORE ANIMATIONS & FRAMEWORK,nolvus,harvest_nolvus,exact,Not Graphics Only,1.4,nolvus-awekening-redux;nolvus-awakening-v6;nolvus-v6-ultimate-open-beta-start,,,,,,,
1214,Nemesis - Creatures Behaviour,6.1 CORE ANIMATIONS & FRAMEWORK,nolvus,harvest_nolvus,exact,Not Graphics Only,1.4,nolvus-awekening-redux;nolvus-awakening-v6;nolvus-v6-ultimate-open-beta-start,,,,,,,
1216,Nolvus Awakening Lighting Fixes,5.17 LIGHTING EFFECTS & PARTICLES,nolvus,harvest_nolvus,exact,Ultimate,6.0.19,nolvus-awakening-v6,,,,,,,
1217,Nolvus Awakening Lighting Patch,5.17 LIGHTING EFFECTS & PARTICLES,nolvus,harvest_nolvus,exact,Not Graphics Only,6.0.21,nolvus-awekening-redux;nolvus-awakening-v6;nolvus-v6-ultimate-open-beta-start,,,,,,,
1218,Peltapalooza - Complex Parallax Occlusion,5.17 LIGHTING EFFECTS & PARTICLES,both,harvest_nolvus,exact,Always Install,1.0,nolvus-awekening-redux;nolvus-awakening-v6;nolvus-v6-ultimate-open-beta-start,yes,,85097,360333,1.0,,section suggests Nolvus copy
1219,Spider WIP,5.17 LIGHTING EFFECTS & PARTICLES,nolvus,harvest_nolvus,exact,Always Install,0.13,nolvus-awekening-redux;nolvus-awakening-v6;nolvus-v6-ultimate-open-beta-start,,,,,,,
1220,Dripping Mist Reduction,5.17 LIGHTING EFFECTS & PARTICLES,nolvus,harvest_nolvus,exact,Always Install,1.0,nolvus-awekening-redux;nolvus-awakening-v6;nolvus-v6-ultimate-open-beta-start,,,,,,,
1221,Separated Slash Effects X - Fantasy,5.17 LIGHTING EFFECTS & PARTICLES,nolvus,harvest_nolvus,exact,Fantasy Combat Addon,1.0b,nolvus-awekening-redux;nolvus-awakening-v6;nolvus-v6-ultimate-open-beta-start,,,,,,,
1222,Mu Impact Framework,5.17 LIGHTING EFFECTS & PARTICLES,nolvus,harvest_nolvus,exact,Always Install,0.9.0,nolvus-awekening-redux;nolvus-awakening-v6;nolvus-v6-ultimate-open-beta-start,,,,,,,
1223,Flesh FX,5.17 LIGHTING EFFECTS & PARTICLES,nolvus,harvest_nolvus,exact,Always Install,1.1,nolvus-awekening-redux;nolvus-awakening-v6;nolvus-v6-ultimate-open-beta-start,,,,,,,
1224,Burning Orbit Near-Blind Repair,5.17 LIGHTING EFFECTS & PARTICLES,nolvus,harvest_nolvus,exact,Not Kauz ENB,1.0.0,nolvus-awekening-redux,,,,,,,
1225,Uncle Riki's Mandervillous Candle Flames,5.17 LIGHTING EFFECTS & PARTICLES,nolvus,harvest_nolvus,exact,Always Install,6.0.15,nolvus-awekening-redux,,,,,,,
1226,Summerset Shadows Banner Fix,5.17 LIGHTING EFFECTS & PARTICLES,nolvus,harvest_nolvus,exact,Always Install,1.1,nolvus-awekening-redux;nolvus-awakening-v6;nolvus-v6-ultimate-open-beta-start,,,,,,,
1227,Hall of secrets - LOTD Fix,5.17 LIGHTING EFFECTS & PARTICLES,nolvus,harvest_nolvus,exact,Always Install,1.0,nolvus-awekening-redux,,,,,,,
1228,Improved Dust Particles,5.17 LIGHTING EFFECTS & PARTICLES,nolvus,harvest_nolvus,exact,Always Install,1.4,nolvus-awekening-redux;nolvus-awakening-v6;nolvus-v6-ultimate-open-beta-start,,,,,,,
1229,HD Better Dust Piles [2K],5.17 LIGHTING EFFECTS & PARTICLES,nolvus,harvest_nolvus,exact,Always Install,1.0,nolvus-awekening-redux;nolvus-awakening-v6;nolvus-v6-ultimate-open-beta-start,,,,,,,
1230,Animated Forge Water,5.17 LIGHTING EFFECTS & PARTICLES,both,harvest_nolvus,exact,Always Install,0.8,nolvus-awekening-redux;nolvus-awakening-v6;nolvus-v6-ultimate-open-beta-start,yes,,52322,550349,0.8,,section suggests Nolvus copy
1231,Better Flame Spell FX,5.17 LIGHTING EFFECTS & PARTICLES,nolvus,harvest_nolvus,exact,Always Install,1.0,nolvus-awekening-redux,,,,,,,
1232,Fire VFX,5.17 LIGHTING EFFECTS & PARTICLES,nolvus,harvest_nolvus,exact,Always Install,1.23,nolvus-awekening-redux,,,,,,,
1233,Dragon Breath VFX - Ultimate Dragons,5.17 LIGHTING EFFECTS & PARTICLES,nolvus,harvest_nolvus,exact,Always Install,1.32,nolvus-awekening-redux;nolvus-awakening-v6;nolvus-v6-ultimate-open-beta-start,,,,,,,
1234,Dragon Breath VFX,5.17 LIGHTING EFFECTS & PARTICLES,nolvus,harvest_nolvus,exact,Always Install,1.32,nolvus-awekening-redux;nolvus-awakening-v6;nolvus-v6-ultimate-open-beta-start,,,,,,,
1235,Lightning VFX,5.17 LIGHTING EFFECTS & PARTICLES,nolvus,harvest_nolvus,exact,Always Install,1.21,nolvus-awekening-redux;nolvus-awakening-v6;nolvus-v6-ultimate-open-beta-start,,,,,,,
1236,Frost VFX,5.17 LIGHTING EFFECTS & PARTICLES,nolvus,harvest_nolvus,exact,Always Install,1.2,nolvus-awekening-redux;nolvus-awakening-v6;nolvus-v6-ultimate-open-beta-start,,,,,,,
1237,EmbersXD Torch Edit,5.17 LIGHTING EFFECTS & PARTICLES,mv,harvest_mv,exact,,,,yes,,134219,695335,1.12,,
1238,Embers XD,5.17 LIGHTING EFFECTS & PARTICLES,both,harvest_nolvus,exact,Not Graphics Only,3.1.7,nolvus-awekening-redux;nolvus-awakening-v6;nolvus-v6-ultimate-open-beta-start,yes,,37085,789730,2.8.9,Embers XD - Fire Magick Add-On.esp;Embers XD - Patch - Goldenhills Plantation.esp;Embers XD - Patch - JK's Belethor's General Goods.esp;Embers XD - Patch - Simple Portable Cooking.esp;Embers XD - Patch - Survival Mode Improved.esp;Embers XD - Reduced Actor Flames.esp;Embers XD.esp,section suggests Nolvus copy
1239,Electrify,5.17 LIGHTING EFFECTS & PARTICLES,nolvus,harvest_nolvus,exact,Always Install,4.0,nolvus-awekening-redux;nolvus-awakening-v6;nolvus-v6-ultimate-open-beta-start,,,,,,,
1240,Arctic - Frost Effects Redux,5.17 LIGHTING EFFECTS & PARTICLES,nolvus,harvest_nolvus,exact,Always Install,3.1,nolvus-awekening-redux;nolvus-awakening-v6;nolvus-v6-ultimate-open-beta-start,,,,,,,
1241,Dovahnique's Diverse Dark Elf Lanterns,5.17 LIGHTING EFFECTS & PARTICLES,nolvus,harvest_nolvus,exact,Always Install,1.0,nolvus-awekening-redux;nolvus-awakening-v6;nolvus-v6-ultimate-open-beta-start,,,,,,,
1242,Weapon Animation - Dawnbreaker,5.17 LIGHTING EFFECTS & PARTICLES,nolvus,harvest_nolvus,exact,Always Install,1.1,nolvus-awekening-redux;nolvus-awakening-v6;nolvus-v6-ultimate-open-beta-start,,,,,,,
1243,Simple Wearable Lanterns - Remastered,5.17 LIGHTING EFFECTS & PARTICLES,nolvus,harvest_nolvus,exact,Always Install,v1,nolvus-awekening-redux;nolvus-awakening-v6;nolvus-v6-ultimate-open-beta-start,,,,,,,
1244,Quick Light - Nolvus Settings,5.17 LIGHTING EFFECTS & PARTICLES,nolvus,harvest_nolvus,exact,Always Install,1.0,nolvus-awekening-redux;nolvus-awakening-v6;nolvus-v6-ultimate-open-beta-start,,,,,,,
1245,Quick Light - Settings Loader,5.17 LIGHTING EFFECTS & PARTICLES,nolvus,harvest_nolvus,exact,Always Install,1.0,nolvus-awekening-redux;nolvus-awakening-v6;nolvus-v6-ultimate-open-beta-start,,,,,,,
1246,Quick Light - Followers,5.17 LIGHTING EFFECTS & PARTICLES,nolvus,harvest_nolvus,exact,Always Install,0.9,nolvus-awekening-redux;nolvus-awakening-v6;nolvus-v6-ultimate-open-beta-start,,,,,,,
1247,Quick Light - Patch,5.17 LIGHTING EFFECTS & PARTICLES,nolvus,harvest_nolvus,exact,Always Install,1.0,nolvus-awekening-redux;nolvus-awakening-v6;nolvus-v6-ultimate-open-beta-start,,,,,,,
1248,Quick Light,5.17 LIGHTING EFFECTS & PARTICLES,nolvus,harvest_nolvus,exact,Always Install,2.2,nolvus-awekening-redux;nolvus-awakening-v6;nolvus-v6-ultimate-open-beta-start,,,,,,,
1249,Vibrant weapons,5.17 LIGHTING EFFECTS & PARTICLES,nolvus,harvest_nolvus,exact,Always Install,1.0,nolvus-awekening-redux;nolvus-awakening-v6;nolvus-v6-ultimate-open-beta-start,,,,,,,
1250,Improved Weapon Effect - Sparkles - Immersive Sounds Patch,5.17 LIGHTING EFFECTS & PARTICLES,nolvus,harvest_nolvus,exact,Not Graphics Only,1.0,nolvus-awekening-redux;nolvus-awakening-v6;nolvus-v6-ultimate-open-beta-start,,,,,,,
1251,Improved Weapon Effect - Sparkles,5.17 LIGHTING EFFECTS & PARTICLES,nolvus,harvest_nolvus,exact,Always Install,1.3,nolvus-awekening-redux;nolvus-awakening-v6;nolvus-v6-ultimate-open-beta-start,,,,,,,
1252,Hot Lava - Heat Distortion,5.17 LIGHTING EFFECTS & PARTICLES,nolvus,harvest_nolvus,exact,Always Install,1.0.2.1,nolvus-awekening-redux;nolvus-awakening-v6;nolvus-v6-ultimate-open-beta-start,,,,,,,
1253,A Nirnroot - Particle Light Patch,5.17 LIGHTING EFFECTS & PARTICLES,nolvus,harvest_nolvus,exact,Always Install,1.1,nolvus-awekening-redux;nolvus-awakening-v6;nolvus-v6-ultimate-open-beta-start,,,,,,,
1254,Dust Effects,5.17 LIGHTING EFFECTS & PARTICLES,nolvus,harvest_nolvus,exact,Always Install,1.0,nolvus-awekening-redux;nolvus-awakening-v6;nolvus-v6-ultimate-open-beta-start,,,,,,,
1255,Parallax Spell Impacts,5.17 LIGHTING EFFECTS & PARTICLES,both,harvest_nolvus,exact,Always Install,2.0,nolvus-awekening-redux;nolvus-awakening-v6;nolvus-v6-ultimate-open-beta-start,yes,,83935,537286,1.5,DeadlySpellImpacts - Two Fire.esp;PSI.esp,section suggests Nolvus copy
1256,Deadly Spell Impacts - Patches,5.17 LIGHTING EFFECTS & PARTICLES,nolvus,harvest_nolvus,exact,Not Graphics Only,1.0,nolvus-awekening-redux,,,,,,,
1257,Deadly Spells Impacts Transparency Fix,5.17 LIGHTING EFFECTS & PARTICLES,nolvus,harvest_nolvus,exact,Always Install,3.1,nolvus-awekening-redux;nolvus-awakening-v6;nolvus-v6-ultimate-open-beta-start,,,,,,,
1258,Deadly Spell Impacts,5.17 LIGHTING EFFECTS & PARTICLES,both,harvest_nolvus,exact,Always Install,1.70,nolvus-awekening-redux;nolvus-awakening-v6;nolvus-v6-ultimate-open-beta-start,yes,,12939,536557,1.70,DeadlySpellImpacts - Two Fire.esp;DeadlySpellImpacts.esp,section suggests Nolvus copy
1259,Burned Corspe,5.17 LIGHTING EFFECTS & PARTICLES,nolvus,harvest_nolvus,exact,Always Install,1.0,nolvus-awekening-redux;nolvus-awakening-v6;nolvus-v6-ultimate-open-beta-start,,,,,,,
1260,Smoking Torches and Candles,5.17 LIGHTING EFFECTS & PARTICLES,nolvus,harvest_nolvus,exact,Always Install,1.76,nolvus-awekening-redux;nolvus-awakening-v6;nolvus-v6-ultimate-open-beta-start,,,,,,,
1262,Whiterun 3D stone walls,MV - CITY TEXTURES,unknown,review,exact,,,,,,,,,,not in any snapshot; identify on Nexus
1263,Whiterun City Stone Walls - Parallax [4K],MV - CITY TEXTURES,nolvus,harvest_nolvus,exact,Ultimate,1.1,nolvus-awakening-v6;nolvus-v6-ultimate-open-beta-start,,,,,,,
1264,Whiterun City Walls - Collision Redone,MV - CITY TEXTURES,unknown,review,exact,,,,,,,,,,not in any snapshot; identify on Nexus
1265,Blubbos Whiterun Lanterns,MV - CITY TEXTURES,nolvus,harvest_nolvus,exact,Always Install,1.0,nolvus-awekening-redux;nolvus-awakening-v6;nolvus-v6-ultimate-open-beta-start,,,,,,,
1266,Witcher Hedges in Whiterun,MV - CITY TEXTURES,nolvus,harvest_nolvus,exact,Always Install,1.0,nolvus-awekening-redux;nolvus-awakening-v6;nolvus-v6-ultimate-open-beta-start,,,,,,,
1267,dragon door full 3D SE,MV - CITY TEXTURES,mv,harvest_mv,exact,,,,yes,,152774,638189,1.0,,
1268,Raven Rock Architecture Retexture - 2K,MV - CITY TEXTURES,mv,harvest_mv,exact,,,,yes,,88126,374338,0.3,,
1269,Riton's Fortified Morthal - Northern Roads Consistency,MV - CITY TEXTURES,mv,harvest_mv,exact,,,,yes,,142477,597409,1.0,Riton Fortified Morthal - Northern Roads Consistency.esp,
1270,Riton's Fortified Morthal Retexture - Redbrick 2k,MV - CITY TEXTURES,mv,harvest_mv,exact,,,,yes,,134534,564737,1.0,,
1271,Riton's Fortified Morthal Retexture,MV - CITY TEXTURES,mv,harvest_mv,exact,,,,yes,,134534,565387,1.0,,
1272,Windhelm Fences 3D,MV - CITY TEXTURES,mv,harvest_mv,exact,,,,yes,,65346,352426,0.3.4.1,,
1273,Riton Windhelm,MV - CITY TEXTURES,mv,harvest_mv,exact,,,,yes,,101287,428833,1.0,,
1274,Parallax Earth Floor Whiterun,MV - CITY TEXTURES,nolvus_old,harvest_nolvus,exact,,,nolvus-awekening-redux;nolvus-awakening-v6;nolvus-v6-ultimate-open-beta-start,,,,,,,not on the current nolvus.net page (6.0.21 beta); present in 6.0.20 snapshots
1275,Whiterun Objects SMIMed (and fixes too),MV - CITY TEXTURES,mv,harvest_mv,exact,,,,yes,,69125,627836,0.3.1,,
1276,Whiterun Temple Bench Replacer,MV - CITY TEXTURES,mv,harvest_mv,exact,,,,yes,,165752,692423,1.0,,
1277,HFs - Whiterun shields,MV - CITY TEXTURES,mv,harvest_mv,exact,,,,yes,,124901,523682,1,,
1278,HFs - Whiterun bridges REDONE,MV - CITY TEXTURES,unknown,review,exact,,,,,,,,,,not in any snapshot; identify on Nexus
1279,Jorrvaskr Stairs Fix,MV - CITY TEXTURES,mv,harvest_mv,exact,,,,yes,,127890,537270,2.0,,
1280,Boreal Whiterun - Complex Parallax - 8k 4k 2k 1k,MV - CITY TEXTURES,mv,harvest_mv,exact,,,,yes,,61140,540088,2.2,,
1281,Illustrious Whiterun SE - 2K,MV - CITY TEXTURES,mv,harvest_mv,exact,,,,yes,,28950,573831,2.0,,
1282,Illustrious Whiterun - Complex Materials Parallax,MV - CITY TEXTURES,mv,harvest_mv,exact,,,,yes,,28950,664907,2.0,,
1283,Riton Whiterun II,MV - CITY TEXTURES,mv,harvest_mv,exact,,,,yes,,140812,590998,1.0,,
1284,Illuminated Blue Palace Dome,MV - CITY TEXTURES,both,harvest_mv,exact,Always Install,1.3,nolvus-awekening-redux;nolvus-awakening-v6;nolvus-v6-ultimate-open-beta-start,yes,,24090,85890,1.3,BluePalaceDomeLight.esp,section suggests MV copy
1285,Stones of Solitude - Better Blended Rock Piles,MV - CITY TEXTURES,mv,harvest_mv,exact,,,,yes,,60762,734633,0.2,Stones of Solitude.esp,
1286,Halffaces - Real 3D Solitude Grate - Riton Solitude patch - 2K,MV - CITY TEXTURES,mv,harvest_mv,exact,,,,yes,,121512,510876,1.2,,
1287,Halffaces - Real 3D Solitude Grate,MV - CITY TEXTURES,mv,harvest_mv,exact,,,,yes,,121512,509944,1.2,,
1288,JS Solitude Sewer Cover,MV - CITY TEXTURES,nolvus,harvest_nolvus,exact,Always Install,1.2,nolvus-awekening-redux;nolvus-awakening-v6;nolvus-v6-ultimate-open-beta-start,,,,,,,
1289,Grand Solitude - High Quality Ivy Consistency,MV - CITY TEXTURES,unknown,review,exact,,,,,,,,,,not in any snapshot; identify on Nexus
1290,HFs - RatWay Hall Gutter,MV - CITY TEXTURES,mv,harvest_mv,exact,,,,yes,,134630,573108,1,,
1291,HFs - Ratway and ShipWood planks,MV - CITY TEXTURES,mv,harvest_mv,exact,,,,yes,,126292,533697,2,,
1292,Riton Riften,MV - CITY TEXTURES,mv,harvest_mv,exact,,,,yes,,95276,499088,1.0,,
1293,Tomato's Riften and Ratway,MV - CITY TEXTURES,mv,harvest_mv,exact,,,,yes,,157340,658019,1.0,,
1294,Ancient City of Markarth no Worldspace edits,MV - CITY TEXTURES,unknown,review,exact,,,,,,,,,,not in any snapshot; identify on Nexus
1295,Ancient City of Markarth,MV - CITY TEXTURES,unknown,review,exact,,,,,,,,,,not in any snapshot; identify on Nexus
1296,Skurkbro's Retexture Project - Dwemer Pipe Patch,MV - CITY TEXTURES,unknown,review,exact,,,,,,,,,,not in any snapshot; identify on Nexus
1297,Skurkbro's Retexture Project - Markarth and Dwemer Ruins ( Complex Material ),MV - CITY TEXTURES,unknown,review,exact,,,,,,,,,,not in any snapshot; identify on Nexus
1298,Markarth Fixed AF,MV - CITY TEXTURES,both,harvest_mv,exact,Always Install,1.4.1,nolvus-awekening-redux;nolvus-awakening-v6;nolvus-v6-ultimate-open-beta-start,yes,,82728,466330,1.4,,section suggests MV copy
1299,ALT - Markarth's Forge,MV - CITY TEXTURES,mv,harvest_mv,exact,,,,yes,,88936,377849,1.0.2,,
1301,Nolvus Awakening Model Patch,5.16.5 MISC MODELS,nolvus,harvest_nolvus,exact,Not Graphics Only,6.0.14,nolvus-awekening-redux;nolvus-awakening-v6;nolvus-v6-ultimate-open-beta-start,,,,,,,
1302,Wood Chopping Camera Glitch Fix,5.16.5 MISC MODELS,both,harvest_nolvus,exact,Always Install,1.0,nolvus-awekening-redux,yes,,123984,519932,1.0,,section suggests Nolvus copy
1303,Skyrim's Unique Drinks - Ryn's Sleeping Giant Inn Patch,5.16.5 MISC MODELS,nolvus,harvest_nolvus,exact,Always Install,1.0,nolvus-awekening-redux;nolvus-awakening-v6;nolvus-v6-ultimate-open-beta-start,,,,,,,
1304,Skyrim's Unique Drinks,5.16.5 MISC MODELS,nolvus,harvest_nolvus,exact,Always Install,1.1,nolvus-awekening-redux;nolvus-awakening-v6;nolvus-v6-ultimate-open-beta-start,,,,,,,
1305,College of Winterhold - Glowing Symbols,5.16.5 MISC MODELS,both,harvest_nolvus,exact,Always Install,1.0,nolvus-awekening-redux;nolvus-awakening-v6;nolvus-v6-ultimate-open-beta-start,yes,,108076,456446,1.0,,section suggests Nolvus copy
1306,Detailed Carriages,5.16.5 MISC MODELS,nolvus,harvest_nolvus,exact,Always Install,2.0,nolvus-awekening-redux;nolvus-awakening-v6;nolvus-v6-ultimate-open-beta-start,,,,,,,
1307,Better Chests,5.16.5 MISC MODELS,nolvus,harvest_nolvus,exact,Always Install,1.1.4,nolvus-awekening-redux;nolvus-awakening-v6;nolvus-v6-ultimate-open-beta-start,,,,,,,
1308,Wood Wall Trap Mesh and UV Fix,5.16.5 MISC MODELS,nolvus,harvest_nolvus,exact,Always Install,1.0,nolvus-awekening-redux;nolvus-awakening-v6;nolvus-v6-ultimate-open-beta-start,,,,,,,
1309,FYX - Hrothgar Steps Collisions,5.16.5 MISC MODELS,both,harvest_nolvus,exact,Always Install,1.0,nolvus-awekening-redux;nolvus-awakening-v6;nolvus-v6-ultimate-open-beta-start,yes,,100088,423815,1.0,,section suggests Nolvus copy
1310,FYX - Nordic Doors and Traps Collisions,5.16.5 MISC MODELS,both,harvest_nolvus,exact,Always Install,1.0,nolvus-awekening-redux;nolvus-awakening-v6;nolvus-v6-ultimate-open-beta-start,yes,,100295,424613,1.0,,section suggests Nolvus copy
1311,FYX - RowBoat,5.16.5 MISC MODELS,both,harvest_nolvus,exact,Always Install,1.0.4,nolvus-awekening-redux;nolvus-awakening-v6;nolvus-v6-ultimate-open-beta-start,yes,,78566,371849,1.0.4,,section suggests Nolvus copy
1312,FYX - 3D Coal in the Shovel,5.16.5 MISC MODELS,both,harvest_nolvus,exact,Always Install,1.0.1,nolvus-awekening-redux;nolvus-awakening-v6;nolvus-v6-ultimate-open-beta-start,yes,,76422,321262,1.0.1,,section suggests Nolvus copy
1313,FYX - 3D Shack Kit Roofs,5.16.5 MISC MODELS,nolvus,harvest_nolvus,exact,Always Install,1.0.2,nolvus-awekening-redux;nolvus-awakening-v6;nolvus-v6-ultimate-open-beta-start,,,,,,,
1314,FYX - 3D Dock Ramp,5.16.5 MISC MODELS,both,harvest_nolvus,exact,Always Install,1.0.2,nolvus-awekening-redux;nolvus-awakening-v6;nolvus-v6-ultimate-open-beta-start,yes,,64529,300796,1.0.2,,section suggests Nolvus copy
1315,FYX - 3D Shack Kit Walls - Collision,5.16.5 MISC MODELS,nolvus,harvest_nolvus,exact,Always Install,1.0.2.2,nolvus-awekening-redux;nolvus-awakening-v6;nolvus-v6-ultimate-open-beta-start,,,,,,,
1316,FYX - 3D Stockades - Walls and Gate,5.16.5 MISC MODELS,both,harvest_nolvus,exact,Always Install,1.0.3,nolvus-awekening-redux;nolvus-awakening-v6;nolvus-v6-ultimate-open-beta-start,yes,,66037,283341,1.0.3,,section suggests Nolvus copy
1317,FYX - 3D Stockades,5.16.5 MISC MODELS,both,harvest_nolvus,exact,Always Install,1.0.5,nolvus-awekening-redux;nolvus-awakening-v6;nolvus-v6-ultimate-open-beta-start,yes,,65104,294822,1.0.5,,section suggests Nolvus copy
1318,Beautiful Sigils of Shalidor [2K],5.16.5 MISC MODELS,nolvus,harvest_nolvus,exact,Always Install,1.1,nolvus-awekening-redux;nolvus-awakening-v6;nolvus-v6-ultimate-open-beta-start,,,,,,,
1319,Stockades of Skyrim 3D,5.16.5 MISC MODELS,nolvus,harvest_nolvus,exact,Always Install,0.5,nolvus-awekening-redux;nolvus-awakening-v6;nolvus-v6-ultimate-open-beta-start,,,,,,,
1320,Icy Wraith Teeth,5.16.5 MISC MODELS,nolvus,harvest_nolvus,exact,Always Install,1.0,nolvus-awekening-redux;nolvus-awakening-v6;nolvus-v6-ultimate-open-beta-start,,,,,,,
1321,Dwemer Fairies- LL Dragons,5.16.5 MISC MODELS,nolvus,harvest_nolvus,exact,Always Install,1.1,nolvus-awekening-redux;nolvus-awakening-v6;nolvus-v6-ultimate-open-beta-start,,,,,,,
1322,Dwemer Fairies,5.16.5 MISC MODELS,nolvus,harvest_nolvus,exact,Always Install,1.1,nolvus-awekening-redux;nolvus-awakening-v6;nolvus-v6-ultimate-open-beta-start,,,,,,,
1323,Daedra Heart,5.16.5 MISC MODELS,nolvus,harvest_nolvus,exact,Always Install,1.1,nolvus-awekening-redux;nolvus-awakening-v6;nolvus-v6-ultimate-open-beta-start,,,,,,,
1324,Floating Ash Pile Fix,5.16.5 MISC MODELS,nolvus,harvest_nolvus,exact,Always Install,0.2,nolvus-awekening-redux;nolvus-awakening-v6;nolvus-v6-ultimate-open-beta-start,,,,,,,
1325,Security Overhaul SKSE - Project AHO Locks,5.16.5 MISC MODELS,nolvus,harvest_nolvus,exact,Always Install,1.1,nolvus-awekening-redux;nolvus-awakening-v6;nolvus-v6-ultimate-open-beta-start,,,,,,,
1326,Security Overhaul SKSE - Extra Locks,5.16.5 MISC MODELS,nolvus,harvest_nolvus,exact,Always Install,1.0,nolvus-awekening-redux;nolvus-awakening-v6;nolvus-v6-ultimate-open-beta-start,,,,,,,
1327,Security Overhaul SKSE - Regional Locks [2K],5.16.5 MISC MODELS,nolvus,harvest_nolvus,exact,Always Install,1.0.1,nolvus-awekening-redux;nolvus-awakening-v6;nolvus-v6-ultimate-open-beta-start,,,,,,,
1328,Security Overhaul SKSE - Some More Locks,5.16.5 MISC MODELS,nolvus,harvest_nolvus,exact,Always Install,1.0.7,nolvus-awekening-redux;nolvus-awakening-v6;nolvus-v6-ultimate-open-beta-start,,,,,,,
1329,Security Overhaul SKSE - Add-ons [2K],5.16.5 MISC MODELS,nolvus,harvest_nolvus,exact,Always Install,0.1.9.1,nolvus-awekening-redux;nolvus-awakening-v6;nolvus-v6-ultimate-open-beta-start,,,,,,,
1330,Security Overhaul SKSE - Lock Variations [2K],5.16.5 MISC MODELS,nolvus,harvest_nolvus,exact,Always Install,4.0,nolvus-awekening-redux;nolvus-awakening-v6;nolvus-v6-ultimate-open-beta-start,,,,,,,
1331,JS Common Cages - Vigilant Patch,5.16.5 MISC MODELS,nolvus,harvest_nolvus,exact,Always Install,1.0,nolvus-awekening-redux;nolvus-awakening-v6;nolvus-v6-ultimate-open-beta-start,,,,,,,
1332,JS Common Cages [2K],5.16.5 MISC MODELS,nolvus,harvest_nolvus,exact,Always Install,1.03,nolvus-awekening-redux;nolvus-awakening-v6;nolvus-v6-ultimate-open-beta-start,,,,,,,
1333,East Empire Strongbox Logo SSE,5.16.5 MISC MODELS,nolvus,harvest_nolvus,exact,Always Install,2.1,nolvus-awekening-redux;nolvus-awakening-v6;nolvus-v6-ultimate-open-beta-start,,,,,,,
1334,ElSopa - Safe And Strongbox Redone,5.16.5 MISC MODELS,both,harvest_nolvus,exact,Always Install,1.0,nolvus-awekening-redux;nolvus-awakening-v6;nolvus-v6-ultimate-open-beta-start,yes,,109535,462467,1.0,,section suggests Nolvus copy
1335,HD Reworked Falmer Architecture,5.16.5 MISC MODELS,nolvus,harvest_nolvus,exact,Always Install,1.0,nolvus-awekening-redux;nolvus-awakening-v6;nolvus-v6-ultimate-open-beta-start,,,,,,,
1336,Enchanting Stations Candles,5.16.5 MISC MODELS,nolvus,harvest_nolvus,exact,Always Install,2.0,nolvus-awekening-redux;nolvus-awakening-v6;nolvus-v6-ultimate-open-beta-start,,,,,,,
1337,WiZkiD Alchemy Table,5.16.5 MISC MODELS,nolvus,harvest_nolvus,exact,Always Install,1.3,nolvus-awekening-redux;nolvus-awakening-v6;nolvus-v6-ultimate-open-beta-start,,,,,,,
1338,Unreal Mammoth Skeleton ReTexture,5.16.5 MISC MODELS,nolvus,harvest_nolvus,exact,Always Install,1.0,nolvus-awekening-redux;nolvus-awakening-v6;nolvus-v6-ultimate-open-beta-start,,,,,,,
1339,WiZkiD Hagraven Clutter and Bones [2K],5.16.5 MISC MODELS,nolvus,harvest_nolvus,exact,Always Install,1.1,nolvus-awekening-redux;nolvus-awakening-v6;nolvus-v6-ultimate-open-beta-start,,,,,,,
1340,Paintings Replacer for Legacy of the Dragonborn,5.16.5 MISC MODELS,nolvus,harvest_nolvus,exact,Not Graphics Only,1.1,nolvus-awekening-redux;nolvus-awakening-v6;nolvus-v6-ultimate-open-beta-start,,,,,,,
1341,Legacy of the Dragonborn - Dwemer Compass Replacer [2K],5.16.5 MISC MODELS,nolvus,harvest_nolvus,exact,Not Graphics Only,0.3.1,nolvus-awekening-redux;nolvus-awakening-v6;nolvus-v6-ultimate-open-beta-start,,,,,,,
1342,Legacy of the Dragonborn - Fate Cards Retexture,5.16.5 MISC MODELS,nolvus,harvest_nolvus,exact,Not Graphics Only,1.0,nolvus-awekening-redux;nolvus-awakening-v6;nolvus-v6-ultimate-open-beta-start,,,,,,,
1343,Legacy of the Dragonborn - SMIM Chests,5.16.5 MISC MODELS,nolvus,harvest_nolvus,exact,Not Graphics Only,0.3,nolvus-awekening-redux;nolvus-awakening-v6;nolvus-v6-ultimate-open-beta-start,,,,,,,
1344,Legacy of the Dragonborn Dome Retexture,5.16.5 MISC MODELS,nolvus,harvest_nolvus,exact,Not Graphics Only,1.0,nolvus-awekening-redux;nolvus-awakening-v6;nolvus-v6-ultimate-open-beta-start,,,,,,,
1345,Legacy of the Dragonborn Museum Dome Improved,5.16.5 MISC MODELS,nolvus,harvest_nolvus,exact,Not Graphics Only,0.2,nolvus-awekening-redux;nolvus-awakening-v6;nolvus-v6-ultimate-open-beta-start,,,,,,,
1346,Stalhrim Source [2K],5.16.5 MISC MODELS,nolvus,harvest_nolvus,exact,Always Install,3.1,nolvus-awekening-redux;nolvus-awakening-v6;nolvus-v6-ultimate-open-beta-start,,,,,,,
1347,Rustic Maps,5.16.5 MISC MODELS,both,harvest_nolvus,exact,Always Install,2.0,nolvus-awekening-redux;nolvus-awakening-v6;nolvus-v6-ultimate-open-beta-start,yes,,42614,171718,2.0,,section suggests Nolvus copy
1348,Salmon Roe Replacer,5.16.5 MISC MODELS,nolvus,harvest_nolvus,exact,Always Install,1.1,nolvus-awekening-redux;nolvus-awakening-v6;nolvus-v6-ultimate-open-beta-start,,,,,,,
1349,Jabber's Archery Targets,5.16.5 MISC MODELS,nolvus,harvest_nolvus,exact,Always Install,1.0,nolvus-awekening-redux;nolvus-awakening-v6;nolvus-v6-ultimate-open-beta-start,,,,,,,
1350,HQ Puddle,5.16.5 MISC MODELS,nolvus,harvest_nolvus,exact,Always Install,1.0,nolvus-awekening-redux;nolvus-awakening-v6;nolvus-v6-ultimate-open-beta-start,,,,,,,
1351,ElSopa - HD Better Bloody Rags [2K],5.16.5 MISC MODELS,nolvus,harvest_nolvus,exact,Always Install,1.0,nolvus-awekening-redux;nolvus-awakening-v6;nolvus-v6-ultimate-open-beta-start,,,,,,,
1352,More Bloodshed,5.16.5 MISC MODELS,nolvus,harvest_nolvus,exact,Always Install,1.0,nolvus-awekening-redux;nolvus-awakening-v6;nolvus-v6-ultimate-open-beta-start,,,,,,,
1353,Gorecap,5.16.5 MISC MODELS,nolvus,harvest_nolvus,exact,Always Install,2.2,nolvus-awekening-redux;nolvus-awakening-v6;nolvus-v6-ultimate-open-beta-start,,,,,,,
1354,High Poly Project - Fixes,5.16.5 MISC MODELS,nolvus,harvest_nolvus,exact,Always Install,1.01,nolvus-awekening-redux;nolvus-awakening-v6;nolvus-v6-ultimate-open-beta-start,,,,,,,
1355,High Poly Project,5.16.5 MISC MODELS,both,harvest_nolvus,exact,Not Graphics Only,5.3,nolvus-awekening-redux;nolvus-awakening-v6;nolvus-v6-ultimate-open-beta-start,yes,,12029,236420,v5.3,,section suggests Nolvus copy
1356,Renthal's Tanningrack,5.16.5 MISC MODELS,nolvus,harvest_nolvus,exact,Always Install,1.0,nolvus-awekening-redux;nolvus-awakening-v6;nolvus-v6-ultimate-open-beta-start,,,,,,,
1357,Renthal's Workbench,5.16.5 MISC MODELS,nolvus,harvest_nolvus,exact,Always Install,1.4,nolvus-awekening-redux;nolvus-awakening-v6;nolvus-v6-ultimate-open-beta-start,,,,,,,
1358,Frankly HD Dragonbones,5.16.5 MISC MODELS,nolvus,harvest_nolvus,exact,Always Install,1.0,nolvus-awekening-redux;nolvus-awakening-v6;nolvus-v6-ultimate-open-beta-start,,,,,,,
1359,DeviantKaled's Nord Ship Texture Replacers,5.16.5 MISC MODELS,nolvus,harvest_nolvus,exact,Always Install,1.1,nolvus-awekening-redux;nolvus-awakening-v6;nolvus-v6-ultimate-open-beta-start,,,,,,,
1360,Multilayer Parallax Soul Gems - Immersive Sounds Compendium Patch,5.16.5 MISC MODELS,nolvus,harvest_nolvus,exact,Not Graphics Only,1.0,nolvus-awekening-redux;nolvus-awakening-v6;nolvus-v6-ultimate-open-beta-start,,,,,,,
1361,Multilayer Parallax Soul Gems,5.16.5 MISC MODELS,nolvus,harvest_nolvus,exact,Always Install,1.0,nolvus-awekening-redux;nolvus-awakening-v6;nolvus-v6-ultimate-open-beta-start,,,,,,,
1362,Apophysis Dragon Priest Masks,5.16.5 MISC MODELS,nolvus,harvest_nolvus,exact,Always Install,1.11,nolvus-awekening-redux;nolvus-awakening-v6;nolvus-v6-ultimate-open-beta-start,,,,,,,
1363,Metallurgy - Ingots Ore and Veins - Wyrmstooth Patch,5.16.5 MISC MODELS,nolvus,harvest_nolvus,exact,Not Graphics Only,1.0,nolvus-awekening-redux;nolvus-awakening-v6;nolvus-v6-ultimate-open-beta-start,,,,,,,
1364,Metallurgy - Ingots Ore and Veins,5.16.5 MISC MODELS,nolvus,harvest_nolvus,exact,Always Install,1.3,nolvus-awekening-redux;nolvus-awakening-v6;nolvus-v6-ultimate-open-beta-start,,,,,,,
1365,Unique Skulls HD - Weapons Armor Clothing and Clutter Fixes Patch,5.16.5 MISC MODELS,nolvus,harvest_nolvus,exact,Always Install,1.0,nolvus-awekening-redux;nolvus-awakening-v6;nolvus-v6-ultimate-open-beta-start,,,,,,,
1366,Unique Skulls HD [2K],5.16.5 MISC MODELS,nolvus,harvest_nolvus,exact,Not Graphics Only,1.1,nolvus-awekening-redux;nolvus-awakening-v6;nolvus-v6-ultimate-open-beta-start,,,,,,,
1367,JS Dragon Claws AE Anniversary Edition 2,5.16.5 MISC MODELS,mv,harvest_mv,dup_suffix,,,,yes,,57038,522290,1.3,,
1368,JS Purses and Septims [2K],5.16.5 MISC MODELS,nolvus,harvest_nolvus,exact,Always Install,1.2,nolvus-awekening-redux;nolvus-awakening-v6;nolvus-v6-ultimate-open-beta-start,,,,,,,
1369,Skyland Imperial and Nordic Tents - Canopy,5.16.5 MISC MODELS,nolvus,harvest_nolvus,exact,Always Install,1.7,nolvus-awekening-redux;nolvus-awakening-v6;nolvus-v6-ultimate-open-beta-start,,,,,,,
1370,Hagraven Houses - Animated,5.16.5 MISC MODELS,nolvus,harvest_nolvus,exact,Always Install,2.0.1,nolvus-awekening-redux;nolvus-awakening-v6;nolvus-v6-ultimate-open-beta-start,,,,,,,
1371,Falmer Huts - Animated,5.16.5 MISC MODELS,nolvus,harvest_nolvus,exact,Always Install,2.0,nolvus-awekening-redux;nolvus-awakening-v6;nolvus-v6-ultimate-open-beta-start,,,,,,,
1372,Imperial Tents [2K],5.16.5 MISC MODELS,nolvus,harvest_nolvus,exact,Always Install,1.3,nolvus-awekening-redux;nolvus-awakening-v6;nolvus-v6-ultimate-open-beta-start,,,,,,,
1373,Imperial Tents - Animated,5.16.5 MISC MODELS,nolvus,harvest_nolvus,exact,Always Install,1.0,nolvus-awekening-redux;nolvus-awakening-v6;nolvus-v6-ultimate-open-beta-start,,,,,,,
1374,Large Nordic Tent - Animated,5.16.5 MISC MODELS,nolvus,harvest_nolvus,exact,Always Install,1.0.1,nolvus-awekening-redux;nolvus-awakening-v6;nolvus-v6-ultimate-open-beta-start,,,,,,,
1375,Small Nordic Tent - Animated,5.16.5 MISC MODELS,nolvus,harvest_nolvus,exact,Always Install,1.0.1,nolvus-awekening-redux;nolvus-awakening-v6;nolvus-v6-ultimate-open-beta-start,,,,,,,
1376,Vendor Carts - Animated,5.16.5 MISC MODELS,nolvus,harvest_nolvus,exact,Always Install,1.1,nolvus-awekening-redux;nolvus-awakening-v6;nolvus-v6-ultimate-open-beta-start,,,,,,,
1377,Market Stalls Animated,5.16.5 MISC MODELS,nolvus,harvest_nolvus,exact,Always Install,1.2,nolvus-awekening-redux;nolvus-awakening-v6;nolvus-v6-ultimate-open-beta-start,,,,,,,
1378,WiZkiD Carriages [2K],5.16.5 MISC MODELS,nolvus,harvest_nolvus,exact,Always Install,1.3,nolvus-awekening-redux;nolvus-awakening-v6;nolvus-v6-ultimate-open-beta-start,,,,,,,
1379,ElSopa HD - Skeleton Key,5.16.5 MISC MODELS,nolvus,harvest_nolvus,exact,Always Install,1.0,nolvus-awekening-redux;nolvus-awakening-v6;nolvus-v6-ultimate-open-beta-start,,,,,,,
1380,ElSopa HD - Briarheart,5.16.5 MISC MODELS,nolvus,harvest_nolvus,exact,Always Install,1.0,nolvus-awekening-redux;nolvus-awakening-v6;nolvus-v6-ultimate-open-beta-start,,,,,,,
1381,ElSopa HD - Meridias Beacon [2K],5.16.5 MISC MODELS,nolvus,harvest_nolvus,exact,Always Install,1.0,nolvus-awekening-redux;nolvus-awakening-v6;nolvus-v6-ultimate-open-beta-start,,,,,,,
1382,ElSopa HD - Giant Mortars Redone [2K],5.16.5 MISC MODELS,nolvus,harvest_nolvus,exact,Always Install,1.0,nolvus-awekening-redux;nolvus-awakening-v6;nolvus-v6-ultimate-open-beta-start,,,,,,,
1383,ElSopa HD - Keys Redone [2K],5.16.5 MISC MODELS,nolvus,harvest_nolvus,exact,Always Install,1.0,nolvus-awekening-redux;nolvus-awakening-v6;nolvus-v6-ultimate-open-beta-start,,,,,,,
1384,ElSopa HD - Dirt Blast [2K],5.16.5 MISC MODELS,nolvus,harvest_nolvus,exact,Always Install,1.0,nolvus-awekening-redux;nolvus-awakening-v6;nolvus-v6-ultimate-open-beta-start,,,,,,,
1385,JS Instruments of Skyrim,5.16.5 MISC MODELS,nolvus,harvest_nolvus,exact,Always Install,1.1,nolvus-awekening-redux;nolvus-awakening-v6;nolvus-v6-ultimate-open-beta-start,,,,,,,
1386,JS Attunement Sphere and Lexicons - Glowmapped,5.16.5 MISC MODELS,nolvus,harvest_nolvus,exact,Always Install,1.0,nolvus-awekening-redux;nolvus-awakening-v6;nolvus-v6-ultimate-open-beta-start,,,,,,,
1387,JS Attunement Sphere and Lexicons,5.16.5 MISC MODELS,nolvus,harvest_nolvus,exact,Always Install,1.01,nolvus-awekening-redux;nolvus-awakening-v6;nolvus-v6-ultimate-open-beta-start,,,,,,,
1388,JS Dwemer Artifacts - Glowmapped,5.16.5 MISC MODELS,nolvus,harvest_nolvus,exact,Always Install,1.0,nolvus-awekening-redux;nolvus-awakening-v6;nolvus-v6-ultimate-open-beta-start,,,,,,,
1389,JS Dwemer Artifacts,5.16.5 MISC MODELS,nolvus,harvest_nolvus,exact,Always Install,1.1,nolvus-awekening-redux;nolvus-awakening-v6;nolvus-v6-ultimate-open-beta-start,,,,,,,
1390,JS Dwemer Control Cube - Glowmapped,5.16.5 MISC MODELS,nolvus,harvest_nolvus,exact,Always Install,1.0,nolvus-awekening-redux;nolvus-awakening-v6;nolvus-v6-ultimate-open-beta-start,,,,,,,
1391,JS Dwemer Control Cube,5.16.5 MISC MODELS,nolvus,harvest_nolvus,exact,Always Install,1.0,nolvus-awekening-redux;nolvus-awakening-v6;nolvus-v6-ultimate-open-beta-start,,,,,,,
1392,JS Dwemer Puzzle Cube - Glowmapped,5.16.5 MISC MODELS,nolvus,harvest_nolvus,exact,Always Install,1.0,nolvus-awekening-redux;nolvus-awakening-v6;nolvus-v6-ultimate-open-beta-start,,,,,,,
1393,JS Dwemer Puzzle Cube,5.16.5 MISC MODELS,nolvus,harvest_nolvus,exact,Always Install,1.0,nolvus-awekening-redux;nolvus-awakening-v6;nolvus-v6-ultimate-open-beta-start,,,,,,,
1394,Dwemer Tech Glowmapped,5.16.5 MISC MODELS,nolvus,harvest_nolvus,exact,Always Install,2.2,nolvus-awekening-redux;nolvus-awakening-v6;nolvus-v6-ultimate-open-beta-start,,,,,,,
1395,Improved Dwemer Glass,5.16.5 MISC MODELS,nolvus,harvest_nolvus,exact,Always Install,1.1,nolvus-awekening-redux;nolvus-awakening-v6;nolvus-v6-ultimate-open-beta-start,,,,,,,
1396,Dwemer Pipework Reworked,5.16.5 MISC MODELS,both,harvest_nolvus,exact,Always Install,5.0,nolvus-awekening-redux;nolvus-awakening-v6;nolvus-v6-ultimate-open-beta-start,yes,,46507,761242,v5,,section suggests Nolvus copy
1397,CC's HD Dwemer Automatons - Remastered [2K],5.16.5 MISC MODELS,nolvus,harvest_nolvus,exact,Always Install,1.0,nolvus-awekening-redux;nolvus-awakening-v6;nolvus-v6-ultimate-open-beta-start,,,,,,,
1398,CC's Enhanced Ore Veins [2K],5.16.5 MISC MODELS,nolvus,harvest_nolvus,exact,Always Install,9.0.1,nolvus-awekening-redux;nolvus-awakening-v6;nolvus-v6-ultimate-open-beta-start,,,,,,,
1400,Nolvus Awakening Collectables Patch,5.16.4 COLLECTABLES,nolvus,harvest_nolvus,exact,Not Graphics Only,6.0.21,nolvus-awekening-redux;nolvus-awakening-v6;nolvus-v6-ultimate-open-beta-start,,,,,,,
1401,Skyshards - Tweaks - Ryn's KarthSpire Patch,5.16.4 COLLECTABLES,nolvus,harvest_nolvus,exact,Not Graphics Only,1.0,nolvus-awekening-redux;nolvus-awakening-v6;nolvus-v6-ultimate-open-beta-start,,,,,,,
1402,Skyshards - Tweaks - Ryn's Bleakwin Basin Patch,5.16.4 COLLECTABLES,nolvus,harvest_nolvus,exact,"Not Redux, Not Graphics Only",1.0,nolvus-awakening-v6;nolvus-v6-ultimate-open-beta-start,,,,,,,
1403,Skyshards - Tweaks - The Great City of Winterhold Patch,5.16.4 COLLECTABLES,nolvus,harvest_nolvus,exact,Not Graphics Only,1.0,nolvus-awekening-redux;nolvus-awakening-v6;nolvus-v6-ultimate-open-beta-start,,,,,,,
1404,Skyshards - Tweaks - No Book,5.16.4 COLLECTABLES,nolvus,harvest_nolvus,exact,Not Graphics Only,1.0,nolvus-awekening-redux;nolvus-awakening-v6;nolvus-v6-ultimate-open-beta-start,,,,,,,
1405,Skyshards - Tweaks - Lite Mode,5.16.4 COLLECTABLES,nolvus,harvest_nolvus,exact,Not Graphics Only,1.0,nolvus-awekening-redux;nolvus-awakening-v6;nolvus-v6-ultimate-open-beta-start,,,,,,,
1406,Skyshards - Tweaks,5.16.4 COLLECTABLES,nolvus,harvest_nolvus,exact,Not Graphics Only,1.0,nolvus-awekening-redux;nolvus-awakening-v6;nolvus-v6-ultimate-open-beta-start,,,,,,,
1407,Skyshards,5.16.4 COLLECTABLES,nolvus,harvest_nolvus,exact,Not Graphics Only,1.6,nolvus-awekening-redux;nolvus-awakening-v6;nolvus-v6-ultimate-open-beta-start,,,,,,,
1408,Treasure Hunter - Clean Patch,5.16.4 COLLECTABLES,nolvus,harvest_nolvus,exact,Not Graphics Only,1.0,nolvus-awekening-redux;nolvus-awakening-v6;nolvus-v6-ultimate-open-beta-start,,,,,,,
1409,Treasure Hunter,5.16.4 COLLECTABLES,nolvus,harvest_nolvus,exact,Not Graphics Only,1.2.1,nolvus-awekening-redux;nolvus-awakening-v6;nolvus-v6-ultimate-open-beta-start,,,,,,,
1410,New Treasure Hunt,5.16.4 COLLECTABLES,nolvus,harvest_nolvus,exact,Not Graphics Only,1.83,nolvus-awekening-redux;nolvus-awakening-v6;nolvus-v6-ultimate-open-beta-start,,,,,,,
1411,Bad Gremlins Collection,5.16.4 COLLECTABLES,nolvus,harvest_nolvus,exact,Not Graphics Only,1.0,nolvus-awekening-redux;nolvus-awakening-v6;nolvus-v6-ultimate-open-beta-start,,,,,,,
1412,Artifacts - The Tournament of the Ten Bloods - Creation Club Patch,5.16.4 COLLECTABLES,nolvus,harvest_nolvus,exact,Not Graphics Only,1.1,nolvus-awekening-redux;nolvus-awakening-v6;nolvus-v6-ultimate-open-beta-start,,,,,,,
1413,Artifacts - The Tournament of the Ten Bloods - Sounds Fix,5.16.4 COLLECTABLES,nolvus,harvest_nolvus,exact,Not Graphics Only,2.1.1,nolvus-awekening-redux;nolvus-awakening-v6;nolvus-v6-ultimate-open-beta-start,,,,,,,
1414,Artifacts - The Tournament of the Ten Bloods [2K],5.16.4 COLLECTABLES,nolvus,harvest_nolvus,exact,Not Graphics Only,2.1,nolvus-awekening-redux;nolvus-awakening-v6;nolvus-v6-ultimate-open-beta-start,,,,,,,
1415,Additional Hearthfire Dolls - Relocate Markarth Guard Doll,5.16.4 COLLECTABLES,nolvus,harvest_nolvus,exact,Not Graphics Only,1.0,nolvus-awekening-redux;nolvus-awakening-v6;nolvus-v6-ultimate-open-beta-start,,,,,,,
1416,Additional Hearthfire Dolls - Small Fixes - LOTD Patch,5.16.4 COLLECTABLES,nolvus,harvest_nolvus,exact,Not Graphics Only,1.1,nolvus-awekening-redux;nolvus-awakening-v6;nolvus-v6-ultimate-open-beta-start,,,,,,,
1417,Additional Hearthfire Dolls - Small Fixes,5.16.4 COLLECTABLES,nolvus,harvest_nolvus,exact,Not Graphics Only,1.1,nolvus-awekening-redux;nolvus-awakening-v6;nolvus-v6-ultimate-open-beta-start,,,,,,,
1418,Additional Hearthfire Dolls,5.16.4 COLLECTABLES,nolvus,harvest_nolvus,exact,Not Graphics Only,3.0,nolvus-awekening-redux;nolvus-awakening-v6;nolvus-v6-ultimate-open-beta-start,,,,,,,
1419,Oblivion Artifact - Misc Fixes,5.16.4 COLLECTABLES,nolvus,harvest_nolvus,exact,Not Graphics Only,1.0,nolvus-awekening-redux;nolvus-awakening-v6;nolvus-v6-ultimate-open-beta-start,,,,,,,
1420,Oblivion Artifact - Cleaned and Upscaled Textures,5.16.4 COLLECTABLES,nolvus,harvest_nolvus,exact,Not Graphics Only,1.1,nolvus-awekening-redux;nolvus-awakening-v6;nolvus-v6-ultimate-open-beta-start,,,,,,,
1421,Oblivion Artifact - Hot Fix,5.16.4 COLLECTABLES,nolvus,harvest_nolvus,exact,Not Graphics Only,3.0,nolvus-awekening-redux;nolvus-awakening-v6;nolvus-v6-ultimate-open-beta-start,,,,,,,
1422,Oblivion Artifact,5.16.4 COLLECTABLES,nolvus,harvest_nolvus,exact,Not Graphics Only,3.0,nolvus-awekening-redux;nolvus-awakening-v6;nolvus-v6-ultimate-open-beta-start,,,,,,,
1423,Snazzy - Skyrims Unique Treasures - LOTD Patch,5.16.4 COLLECTABLES,nolvus,harvest_nolvus,exact,Not Graphics Only,1.0,nolvus-awekening-redux;nolvus-awakening-v6;nolvus-v6-ultimate-open-beta-start,,,,,,,
1424,Snazzy - Skyrims Unique Treasures,5.16.4 COLLECTABLES,nolvus,harvest_nolvus,exact,Not Graphics Only,1.1,nolvus-awekening-redux;nolvus-awakening-v6;nolvus-v6-ultimate-open-beta-start,,,,,,,
1425,Skyrim Unique Treasures - Artifact Immersion Patch,5.16.4 COLLECTABLES,nolvus,harvest_nolvus,exact,Not Graphics Only,1.0,nolvus-awekening-redux;nolvus-awakening-v6;nolvus-v6-ultimate-open-beta-start,,,,,,,
1426,Skyrim Unique Treasures,5.16.4 COLLECTABLES,nolvus,harvest_nolvus,exact,Not Graphics Only,4.6,nolvus-awekening-redux;nolvus-awakening-v6;nolvus-v6-ultimate-open-beta-start,,,,,,,
1428,Sovngarde Watcher Retexture [2K],5.16.3 STATUES & SHRINES,nolvus,harvest_nolvus,exact,Always Install,1.0,nolvus-awekening-redux;nolvus-awakening-v6;nolvus-v6-ultimate-open-beta-start,,,,,,,
1429,Mundus Standing Stones,5.16.3 STATUES & SHRINES,nolvus,harvest_nolvus,exact,Always Install,3.0,nolvus-awekening-redux;nolvus-awakening-v6;nolvus-v6-ultimate-open-beta-start,,,,,,,
1430,Rally's Solstheim Shrines [2K],5.16.3 STATUES & SHRINES,nolvus,harvest_nolvus,exact,Always Install,1.1,nolvus-awekening-redux;nolvus-awakening-v6;nolvus-v6-ultimate-open-beta-start,,,,,,,
1431,Daedric Shrines - Jyggalag - Fixes,5.16.3 STATUES & SHRINES,nolvus,harvest_nolvus,exact,Always Install,1.1,nolvus-awekening-redux;nolvus-awakening-v6;nolvus-v6-ultimate-open-beta-start,,,,,,,
1432,Daedric Shrines - Jyggalag [2K],5.16.3 STATUES & SHRINES,nolvus,harvest_nolvus,exact,Always Install,1.0,nolvus-awekening-redux;nolvus-awakening-v6;nolvus-v6-ultimate-open-beta-start,,,,,,,
1433,Daedric Shrines - Meridia [2K],5.16.3 STATUES & SHRINES,nolvus,harvest_nolvus,exact,Always Install,1.01,nolvus-awekening-redux;nolvus-awakening-v6;nolvus-v6-ultimate-open-beta-start,,,,,,,
1434,Daedric Shrines - Mehrunes Dagon [2K],5.16.3 STATUES & SHRINES,nolvus,harvest_nolvus,exact,Always Install,1.0,nolvus-awekening-redux;nolvus-awakening-v6;nolvus-v6-ultimate-open-beta-start,,,,,,,
1435,Daedric Shrines - Azura - Moon and Star Patch,5.16.3 STATUES & SHRINES,nolvus,harvest_nolvus,exact,Not Graphics Only,3.6,nolvus-awekening-redux;nolvus-awakening-v6;nolvus-v6-ultimate-open-beta-start,,,,,,,
1436,Daedric Shrines - Azura [2K],5.16.3 STATUES & SHRINES,nolvus,harvest_nolvus,exact,Always Install,1.0,nolvus-awekening-redux;nolvus-awakening-v6;nolvus-v6-ultimate-open-beta-start,,,,,,,
1437,Daedric Shrines - Hermaeus Mora [2K],5.16.3 STATUES & SHRINES,nolvus,harvest_nolvus,exact,Always Install,1.0,nolvus-awekening-redux;nolvus-awakening-v6;nolvus-v6-ultimate-open-beta-start,,,,,,,
1438,Daedric Shrines - Vaermina [2K],5.16.3 STATUES & SHRINES,nolvus,harvest_nolvus,exact,Always Install,1.01,nolvus-awekening-redux;nolvus-awakening-v6;nolvus-v6-ultimate-open-beta-start,,,,,,,
1439,Daedric Shrines - Molag Bal [2K],5.16.3 STATUES & SHRINES,nolvus,harvest_nolvus,exact,Always Install,1.0,nolvus-awekening-redux;nolvus-awakening-v6;nolvus-v6-ultimate-open-beta-start,,,,,,,
1440,Daedric Shrines - Nocturnal [2K],5.16.3 STATUES & SHRINES,nolvus,harvest_nolvus,exact,Always Install,1.0,nolvus-awekening-redux;nolvus-awakening-v6;nolvus-v6-ultimate-open-beta-start,,,,,,,
1441,Daedric Shrines - Namira [2K],5.16.3 STATUES & SHRINES,nolvus,harvest_nolvus,exact,Always Install,1.01,nolvus-awekening-redux;nolvus-awakening-v6;nolvus-v6-ultimate-open-beta-start,,,,,,,
1442,Daedric Shrines - Malacath [2K],5.16.3 STATUES & SHRINES,nolvus,harvest_nolvus,exact,Always Install,1.0,nolvus-awekening-redux;nolvus-awakening-v6;nolvus-v6-ultimate-open-beta-start,,,,,,,
1443,Daedric Shrines - Sheogorath [2K],5.16.3 STATUES & SHRINES,nolvus,harvest_nolvus,exact,Always Install,1.0,nolvus-awekening-redux;nolvus-awakening-v6;nolvus-v6-ultimate-open-beta-start,,,,,,,
1444,Daedric Shrines - Sanguine [2K],5.16.3 STATUES & SHRINES,nolvus,harvest_nolvus,exact,Always Install,1.01,nolvus-awekening-redux;nolvus-awakening-v6;nolvus-v6-ultimate-open-beta-start,,,,,,,
1445,Daedric Shrines - Hircine - Moon and Star Patch,5.16.3 STATUES & SHRINES,nolvus,harvest_nolvus,exact,Not Graphics Only,1.0,nolvus-awekening-redux,,,,,,,
1446,Daedric Shrines - Hircine [2K],5.16.3 STATUES & SHRINES,nolvus,harvest_nolvus,exact,Always Install,1.03,nolvus-awekening-redux;nolvus-awakening-v6;nolvus-v6-ultimate-open-beta-start,,,,,,,
1447,Daedric Shrines - Peryite [2K],5.16.3 STATUES & SHRINES,nolvus,harvest_nolvus,exact,Always Install,1.0,nolvus-awekening-redux;nolvus-awakening-v6;nolvus-v6-ultimate-open-beta-start,,,,,,,
1448,Daedric Shrines - Mephala [2K],5.16.3 STATUES & SHRINES,nolvus,harvest_nolvus,exact,Always Install,1.02,nolvus-awekening-redux;nolvus-awakening-v6;nolvus-v6-ultimate-open-beta-start,,,,,,,
1449,Daedric Shrines - Clavicus Vile [2K],5.16.3 STATUES & SHRINES,nolvus,harvest_nolvus,exact,Always Install,1.03,nolvus-awekening-redux;nolvus-awakening-v6;nolvus-v6-ultimate-open-beta-start,,,,,,,
1450,Daedric Shrines - Boethia [2K],5.16.3 STATUES & SHRINES,nolvus,harvest_nolvus,exact,Always Install,1.03,nolvus-awekening-redux;nolvus-awakening-v6;nolvus-v6-ultimate-open-beta-start,,,,,,,
1451,Statue of Sithis [2K],5.16.3 STATUES & SHRINES,nolvus,harvest_nolvus,exact,Always Install,1.0,nolvus-awekening-redux;nolvus-awakening-v6;nolvus-v6-ultimate-open-beta-start,,,,,,,
1452,JS Shrines of the Divines - HD Glaze [2K],5.16.3 STATUES & SHRINES,nolvus,harvest_nolvus,exact,Always Install,1.4,nolvus-awekening-redux;nolvus-awakening-v6;nolvus-v6-ultimate-open-beta-start,,,,,,,
1453,JS Shrines of the Divines [2K],5.16.3 STATUES & SHRINES,nolvus,harvest_nolvus,exact,Always Install,1.3,nolvus-awekening-redux;nolvus-awakening-v6;nolvus-v6-ultimate-open-beta-start,,,,,,,
1454,LeanWolf's Better-Shaped Talos with Greatsword,5.16.3 STATUES & SHRINES,nolvus,harvest_nolvus,exact,Always Install,1.3,nolvus-awekening-redux;nolvus-awakening-v6;nolvus-v6-ultimate-open-beta-start,,,,,,,
1455,Stunning Statues of Skyrim,5.16.3 STATUES & SHRINES,nolvus,harvest_nolvus,exact,Always Install,1.5,nolvus-awekening-redux;nolvus-awakening-v6;nolvus-v6-ultimate-open-beta-start,,,,,,,
1457,Ancient Pottery,5.16.2 CLUTTERS,mv,harvest_mv,exact,,,,yes,,24039,84629,1.1.0,,
1458,HFs - Oil barrels - remodel,5.16.2 CLUTTERS,mv,harvest_mv,exact,,,,yes,,164842,688793,1,,
1459,Weathered Barrels Retexture - SMIM Barrel Extension Patch,5.16.2 CLUTTERS,mv,harvest_mv,exact,,,,yes,,158166,699916,0.1,,
1460,Weathered Barrels Retexture (SMIM - BOS),5.16.2 CLUTTERS,mv,harvest_mv,exact,,,,yes,,158166,661491,0.1,,
1461,SMIM Barrel Expansion - Mead Barrel - Oil Barrel - Butter Churn,5.16.2 CLUTTERS,mv,harvest_mv,exact,,,,yes,,67676,775478,0.1.1,,
1462,JS Dwemer Ichor Barrels SE,5.16.2 CLUTTERS,mv,harvest_mv,exact,,,,yes,,67162,279934,1.01,,
1463,Arc's Kettle [2K],5.16.2 CLUTTERS,nolvus,harvest_nolvus,exact,Always Install,1.0,nolvus-awekening-redux;nolvus-awakening-v6;nolvus-v6-ultimate-open-beta-start,,,,,,,
1464,Arcs Kitchen [2K],5.16.2 CLUTTERS,nolvus,harvest_nolvus,exact,Always Install,2.0,nolvus-awekening-redux;nolvus-awakening-v6;nolvus-v6-ultimate-open-beta-start,,,,,,,
1465,Arcs Tankard [2K],5.16.2 CLUTTERS,nolvus,harvest_nolvus,exact,Always Install,1.0,nolvus-awekening-redux;nolvus-awakening-v6;nolvus-v6-ultimate-open-beta-start,,,,,,,
1466,JS Embalming Tools [2K],5.16.2 CLUTTERS,nolvus,harvest_nolvus,exact,Always Install,1.0,nolvus-awekening-redux;nolvus-awakening-v6;nolvus-v6-ultimate-open-beta-start,,,,,,,
1467,JS Torture Tools [2K],5.16.2 CLUTTERS,nolvus,harvest_nolvus,exact,Always Install,1.0,nolvus-awekening-redux;nolvus-awakening-v6;nolvus-v6-ultimate-open-beta-start,,,,,,,
1468,JS Dwemer Kitchenware [2K],5.16.2 CLUTTERS,nolvus,harvest_nolvus,exact,Always Install,1.0,nolvus-awekening-redux;nolvus-awakening-v6;nolvus-v6-ultimate-open-beta-start,,,,,,,
1469,JS Dwarven Oil [2K],5.16.2 CLUTTERS,nolvus,harvest_nolvus,exact,Always Install,1.0,nolvus-awekening-redux;nolvus-awakening-v6;nolvus-v6-ultimate-open-beta-start,,,,,,,
1470,JS Essence Extractor [2K],5.16.2 CLUTTERS,nolvus,harvest_nolvus,exact,Always Install,1.1,nolvus-awekening-redux;nolvus-awakening-v6;nolvus-v6-ultimate-open-beta-start,,,,,,,
1471,JS Initiate's Ewer [2K],5.16.2 CLUTTERS,nolvus,harvest_nolvus,exact,Always Install,1.1,nolvus-awekening-redux;nolvus-awakening-v6;nolvus-v6-ultimate-open-beta-start,,,,,,,
1472,JS Bloodstone Chalice [2K],5.16.2 CLUTTERS,nolvus,harvest_nolvus,exact,Always Install,1.02,nolvus-awekening-redux;nolvus-awakening-v6;nolvus-v6-ultimate-open-beta-start,,,,,,,
1473,Volatile Void Salts,5.16.2 CLUTTERS,nolvus,harvest_nolvus,exact,Always Install,1.0,nolvus-awekening-redux;nolvus-awakening-v6;nolvus-v6-ultimate-open-beta-start,,,,,,,
1474,Freezing Cold Frost Salts,5.16.2 CLUTTERS,nolvus,harvest_nolvus,exact,Always Install,1.0,nolvus-awekening-redux;nolvus-awakening-v6;nolvus-v6-ultimate-open-beta-start,,,,,,,
1475,Dusty Vampire Dust,5.16.2 CLUTTERS,nolvus,harvest_nolvus,exact,Always Install,1.0,nolvus-awekening-redux;nolvus-awakening-v6;nolvus-v6-ultimate-open-beta-start,,,,,,,
1476,Surreal Spriggan Sap,5.16.2 CLUTTERS,nolvus,harvest_nolvus,exact,Always Install,1.0,nolvus-awekening-redux;nolvus-awakening-v6;nolvus-v6-ultimate-open-beta-start,,,,,,,
1477,Eerie Ectoplasm,5.16.2 CLUTTERS,nolvus,harvest_nolvus,exact,Always Install,1.0,nolvus-awekening-redux;nolvus-awakening-v6;nolvus-v6-ultimate-open-beta-start,,,,,,,
1478,Ingredients,5.16.2 CLUTTERS,nolvus,harvest_nolvus,exact,Always Install,6.0,nolvus-awekening-redux;nolvus-awakening-v6;nolvus-v6-ultimate-open-beta-start,,,,,,,
1479,Retexture for The Scroll,5.16.2 CLUTTERS,nolvus,harvest_nolvus,exact,Always Install,2.5.3,nolvus-awekening-redux;nolvus-awakening-v6;nolvus-v6-ultimate-open-beta-start,,,,,,,
1480,Burned Book,5.16.2 CLUTTERS,nolvus,harvest_nolvus,exact,Always Install,1.0,nolvus-awekening-redux;nolvus-awakening-v6;nolvus-v6-ultimate-open-beta-start,,,,,,,
1481,Rudification - Rudy Candles Expanded,5.16.2 CLUTTERS,nolvus,harvest_nolvus,exact,Always Install,1.14,nolvus-awekening-redux;nolvus-awakening-v6;nolvus-v6-ultimate-open-beta-start,,,,,,,
1482,Rally's Nord War Horns,5.16.2 CLUTTERS,nolvus,harvest_nolvus,exact,Always Install,1.2,nolvus-awekening-redux;nolvus-awakening-v6;nolvus-v6-ultimate-open-beta-start,,,,,,,
1483,SD's Horn Candles [2K],5.16.2 CLUTTERS,nolvus,harvest_nolvus,exact,Always Install,1.0,nolvus-awekening-redux;nolvus-awakening-v6;nolvus-v6-ultimate-open-beta-start,,,,,,,
1484,Medieval Candlehorns and Sconces,5.16.2 CLUTTERS,both,harvest_nolvus,exact,Always Install,2.0,nolvus-awekening-redux;nolvus-awakening-v6;nolvus-v6-ultimate-open-beta-start,yes,,24324,97446,2.0.0,,section suggests Nolvus copy
1485,Skyrim 3D Misc - Traps,5.16.2 CLUTTERS,nolvus,harvest_nolvus,exact,Always Install,1.0,nolvus-awekening-redux;nolvus-awakening-v6;nolvus-v6-ultimate-open-beta-start,,,,,,,
1486,Skyrim 3D Misc - Mammoth Cheese,5.16.2 CLUTTERS,both,harvest_nolvus,exact,Always Install,1.0.1,nolvus-awekening-redux;nolvus-awakening-v6;nolvus-v6-ultimate-open-beta-start,yes,,20829,70659,1.0.2,,section suggests Nolvus copy
1487,Skyrim 3D Misc - Chopping Block and Axe,5.16.2 CLUTTERS,nolvus,harvest_nolvus,exact,Always Install,1.0,nolvus-awekening-redux;nolvus-awakening-v6;nolvus-v6-ultimate-open-beta-start,,,,,,,
1488,Skyrim 3D Misc - Butterchurn,5.16.2 CLUTTERS,nolvus,harvest_nolvus,exact,Always Install,1.0.1,nolvus-awekening-redux;nolvus-awakening-v6;nolvus-v6-ultimate-open-beta-start,,,,,,,
1489,Glazed Pottery HD - Xtudo Optimized Textures,5.16.2 CLUTTERS,nolvus,harvest_nolvus,exact,Always Install,1.1,nolvus-awekening-redux;nolvus-awakening-v6;nolvus-v6-ultimate-open-beta-start,,,,,,,
1490,Glazed Pottery HD [2K],5.16.2 CLUTTERS,nolvus,harvest_nolvus,exact,Always Install,1.2,nolvus-awekening-redux;nolvus-awakening-v6;nolvus-v6-ultimate-open-beta-start,,,,,,,
1491,Rudy HQ - Miscellaneous,5.16.2 CLUTTERS,nolvus,harvest_nolvus,exact,Always Install,1.02,nolvus-awekening-redux;nolvus-awakening-v6;nolvus-v6-ultimate-open-beta-start,,,,,,,
1492,Rustic Clutter Collection,5.16.2 CLUTTERS,nolvus,harvest_nolvus,exact,Always Install,1.0,nolvus-awekening-redux;nolvus-awakening-v6;nolvus-v6-ultimate-open-beta-start,,,,,,,
1493,Forgotten Retex Project,5.16.2 CLUTTERS,both,harvest_nolvus,exact,Always Install,8.3,nolvus-awekening-redux;nolvus-awakening-v6;nolvus-v6-ultimate-open-beta-start,yes,,7849,354954,8.3,,section suggests Nolvus copy
1495,Nolvus Awakening Jewelry Patch,5.16.1 JEWELRY,nolvus,harvest_nolvus,exact,Not Graphics Only,6.0.7,nolvus-awekening-redux;nolvus-awakening-v6;nolvus-v6-ultimate-open-beta-start,,,,,,,
1496,JS Unique Utopia Standalone - Rings,5.16.1 JEWELRY,nolvus,harvest_nolvus,exact,Always Install,1.1,nolvus-awekening-redux;nolvus-awakening-v6;nolvus-v6-ultimate-open-beta-start,,,,,,,
1497,Elder Council Amulet Replacer [2K],5.16.1 JEWELRY,nolvus,harvest_nolvus,exact,Always Install,1.2,nolvus-awekening-redux;nolvus-awakening-v6;nolvus-v6-ultimate-open-beta-start,,,,,,,
1498,ElSopa Glorious HD Amulets Quality,5.16.1 JEWELRY,nolvus,harvest_nolvus,exact,Always Install,1.0,nolvus-awekening-redux;nolvus-awakening-v6;nolvus-v6-ultimate-open-beta-start,,,,,,,
1499,Iconic's Remastered Paragon Gems - Particle Light Patch,5.16.1 JEWELRY,nolvus,harvest_nolvus,exact,Always Install,1.2,nolvus-awekening-redux;nolvus-awakening-v6;nolvus-v6-ultimate-open-beta-start,,,,,,,
1500,Iconic's Remastered Paragon Gems [2K],5.16.1 JEWELRY,nolvus,harvest_nolvus,exact,Always Install,1.4,nolvus-awekening-redux;nolvus-awakening-v6;nolvus-v6-ultimate-open-beta-start,,,,,,,
1501,Ave's 3DNPC Jewelry Replacer - LOTD Patch,5.16.1 JEWELRY,nolvus,harvest_nolvus,exact,Not Graphics Only,1.0.1,nolvus-awekening-redux;nolvus-awakening-v6;nolvus-v6-ultimate-open-beta-start,,,,,,,
1502,Ave's Interesting NPCs Jewelry Replacer,5.16.1 JEWELRY,nolvus,harvest_nolvus,exact,Not Graphics Only,1.0.1,nolvus-awekening-redux;nolvus-awakening-v6;nolvus-v6-ultimate-open-beta-start,,,,,,,
1503,Ave's Moon-and-Star,5.16.1 JEWELRY,nolvus,harvest_nolvus,exact,Always Install,1.0,nolvus-awekening-redux;nolvus-awakening-v6;nolvus-v6-ultimate-open-beta-start,,,,,,,
1504,Ave's Frostmoon Rings,5.16.1 JEWELRY,nolvus,harvest_nolvus,exact,Always Install,1.0,nolvus-awekening-redux;nolvus-awakening-v6;nolvus-v6-ultimate-open-beta-start,,,,,,,
1505,Ave's Ring of the Moon,5.16.1 JEWELRY,nolvus,harvest_nolvus,exact,Always Install,1.0.1,nolvus-awekening-redux;nolvus-awakening-v6;nolvus-v6-ultimate-open-beta-start,,,,,,,
1506,Ave's Ring of the Hunt,5.16.1 JEWELRY,nolvus,harvest_nolvus,exact,Always Install,1.0,nolvus-awekening-redux;nolvus-awakening-v6;nolvus-v6-ultimate-open-beta-start,,,,,,,
1507,Ave's Ring of Instinct,5.16.1 JEWELRY,nolvus,harvest_nolvus,exact,Always Install,1.0,nolvus-awekening-redux;nolvus-awakening-v6;nolvus-v6-ultimate-open-beta-start,,,,,,,
1508,Ave's Ring of Bloodlust,5.16.1 JEWELRY,nolvus,harvest_nolvus,exact,Always Install,1.0,nolvus-awekening-redux;nolvus-awakening-v6;nolvus-v6-ultimate-open-beta-start,,,,,,,
1509,Barenziah's Glowing,5.16.1 JEWELRY,nolvus,harvest_nolvus,exact,Always Install,3.1,nolvus-awekening-redux;nolvus-awakening-v6;nolvus-v6-ultimate-open-beta-start,,,,,,,
1510,Barenziah's Glory,5.16.1 JEWELRY,nolvus,harvest_nolvus,exact,Always Install,2.1,nolvus-awekening-redux;nolvus-awakening-v6;nolvus-v6-ultimate-open-beta-start,,,,,,,
1511,Amulets of Skyrim - Tweaks and Fixes,5.16.1 JEWELRY,nolvus,harvest_nolvus,exact,Not Graphics Only,1.8,nolvus-awekening-redux;nolvus-awakening-v6;nolvus-v6-ultimate-open-beta-start,,,,,,,
1512,Amulets of Skyrim - Outfit Files,5.16.1 JEWELRY,nolvus,harvest_nolvus,exact,Not Graphics Only,4.061,nolvus-awekening-redux;nolvus-awakening-v6;nolvus-v6-ultimate-open-beta-start,,,,,,,
1513,Amulets of Skyrim,5.16.1 JEWELRY,nolvus,harvest_nolvus,exact,Always Install,4.061,nolvus-awekening-redux;nolvus-awakening-v6;nolvus-v6-ultimate-open-beta-start,,,,,,,
1514,Left Hand Rings Modified,5.16.1 JEWELRY,nolvus,harvest_nolvus,exact,Always Install,4.5,nolvus-awekening-redux;nolvus-awakening-v6;nolvus-v6-ultimate-open-beta-start,,,,,,,
1515,Gemling Queen Jewelry - USSEP Circlet Fix,5.16.1 JEWELRY,nolvus,harvest_nolvus,exact,Always Install,1.0,nolvus-awekening-redux;nolvus-awakening-v6;nolvus-v6-ultimate-open-beta-start,,,,,,,
1516,Gemling Queen Jewelry,5.16.1 JEWELRY,nolvus,harvest_nolvus,exact,Always Install,4.1,nolvus-awekening-redux;nolvus-awakening-v6;nolvus-v6-ultimate-open-beta-start,,,,,,,
1518,Hedgehog In Skyrim,MV creatures,mv,harvest_mv,exact,,,,yes,,158223,661305,1,Hedgehog.esp,
1519,Swans - SE by Xtudo - Tweaked ESP,MV creatures,unknown,review,exact,,,,,,,,,,not in any snapshot; identify on Nexus
1520,Swans - SE by Xtudo - Textures 2K,MV creatures,unknown,review,exact,,,,,,,,,,not in any snapshot; identify on Nexus
1521,Swans- Mihail Monsters and Animals (SE-AE),MV creatures,unknown,review,exact,,,,,,,,,,not in any snapshot; identify on Nexus
1522,Trolls SE,MV creatures,mv,harvest_mv,exact,,,,yes,,120477,506199,1,,
1523,Wolves of Skyrim - Wolf Pelts,MV creatures,unknown,review,exact,,,,,,,,,,not in any snapshot; identify on Nexus
1524,Wolves of Skyrim,MV creatures,unknown,review,exact,,,,,,,,,,not in any snapshot; identify on Nexus
1525,Mihail Mammoth Expansion Fluffy,MV creatures,mv,harvest_mv,exact,,,,yes,,111840,471952,2.0,,
1526,Mammoth Expansion - Mihail Monsters and Animals (SE-AE version) (''megafauna''),MV creatures,mv,harvest_mv,exact,,,,yes,,69391,289962,1,,
1527,Bone Hawk Replacer- Mihail Monsters and Animals (SE-AE version) (''undead bird''),MV creatures,mv,harvest_mv,exact,,,,yes,,55619,228494,1,mihailbonehawkreplacer.esp,
1528,Bone Hawk Replacer - No Sound patch SE by Xtudo,MV creatures,mv,harvest_mv,exact,,,,yes,,102218,432765,1,,
1529,Bone Hawk Replacer - My textures SE by Xtudo - 1K,MV creatures,mv,harvest_mv,exact,,,,yes,,102218,432763,1,,
1530,Hawk Replacer - My patches by Xtudo SE - No sound patch,MV creatures,mv,harvest_mv,exact,,,,yes,,77315,325014,1.1,,
1531,Hawk Replacer - My patches by Xtudo SE - 1K textures,MV creatures,mv,harvest_mv,exact,,,,yes,,77315,325013,1.1,,
1532,Hawk Replacer - My patches by Xtudo SE - USSEP compaible version,MV creatures,mv,harvest_mv,exact,,,,yes,,77315,325041,1.1,mihailhawkreplacer.esp,
1533,Hawk Replacer and Eagles- Mihail Monsters and Animals (SE-AE version) (''bird''),MV creatures,mv,harvest_mv,exact,,,,yes,,55461,227820,1,mihailhawkreplacer.esp,
1534,Sparkling Torchbug Particles,MV creatures,mv,harvest_mv,exact,,,,yes,,91577,389349,1.02,,
1535,Rally's Torchbugs,MV creatures,mv,harvest_mv,exact,,,,yes,,84046,425451,1.3,,
1536,Butterfly Improved by zzjay - Saint and Seducers - Patch,MV creatures,mv,harvest_mv,exact,,,,yes,,37302,288859,1.0.1,zzjay Butterflies - Saints and Seducers Patch.esp,
1537,Butterfly Improved by zzjay - SE,MV creatures,mv,harvest_mv,exact,,,,yes,,37302,145715,1.0.1,,
1538,Improved Dragonfly,MV creatures,mv,harvest_mv,exact,,,,yes,,34159,131266,1.0,,
1539,Mammoth.by.Kajuan (Fusausa Project Patch),MV creatures,mv,harvest_mv,exact,,,,yes,,6127,19822,1.0,,
1540,Mammoth.by.Kajuan,MV creatures,mv,harvest_mv,exact,,,,yes,,6127,14268,1.0,,
1541,Fluffworks - Cow Calves Patch,MV creatures,unknown,review,exact,,,,,,,,,,not in any snapshot; identify on Nexus
1542,Cow Calves in Skyrim,MV creatures,mv,harvest_mv,exact,,,,yes,,49256,200905,1.0.0,Calves.esp,
1543,Pigs - SE by Xtudo - Textures 2K,MV creatures,mv,harvest_mv,exact,,,,yes,,151132,631620,1,,
1544,Pigs - SE by Xtudo - Tweaked ESP,MV creatures,mv,harvest_mv,exact,,,,yes,,151132,631622,1,mihailpigs.esp,
1545,Pigs- Mihail Monsters and Animals (SE-AE),MV creatures,mv,harvest_mv,exact,,,,yes,,150479,628798,1,mihailpigs.esp,
1546,Smaller Mihail's Sewer Rats,MV creatures,mv,harvest_mv,exact,,,,yes,,138612,581776,1.0,,
1547,Fluffy Mihail's Sewer Rats,MV creatures,mv,harvest_mv,exact,,,,yes,,137658,577614,1.0,,
1548,Sewer Rats - Mihail Monsters and Animals (SE-AE version),MV creatures,mv,harvest_mv,exact,,,,yes,,137591,577349,1,mihailsewerrat.esp,
1549,Mihail's Rooster Proportions,MV creatures,mv,harvest_mv,exact,,,,yes,,127840,536009,1.0,,
1550,Roosters- Mihail Monsters and Animals (SE-AE version) (''chicken''),MV creatures,mv,harvest_mv,exact,,,,yes,,127387,534096,1,mihailrooster.esp,
1551,Sea Turtles- Mihail Monsters and Animals (SE-AE version),MV creatures,mv,harvest_mv,exact,,,,yes,,122141,512714,1,mihailseaturtle.esp,
1552,Quieter Croaks - Decreased Mihail Frog Volume,MV creatures,mv,harvest_mv,exact,,,,yes,,129643,543901,1.0,,
1553,Fancy Glowy Frogs,MV creatures,mv,harvest_mv,exact,,,,yes,,126543,530588,1.0.0a,,
1554,Frogs- Mihail Monsters and Animals (SE-AE version),MV creatures,mv,harvest_mv,exact,,,,yes,,120998,647998,1,mihailfrogs.esp,
1555,Chickens and Chicks - My optimized textures SE - FP,MV creatures,mv,harvest_mv,exact,,,,yes,,92763,394648,1,,
1556,Chickens and Chicks - My optimized textures SE by Xtudo,MV creatures,mv,harvest_mv,exact,,,,yes,,92763,394645,1,,
1557,Optimized Meshes - Chicks Fluffy,MV creatures,mv,harvest_mv,exact,,,,yes,,95363,406377,1,,
1558,Chickens and Chicks- Mihail Monsters and Animals (SE-AE version),MV creatures,mv,harvest_mv,exact,,,,yes,,92658,394163,1,mihailchickensandchicks.esp,
1559,SkyPatcher - Ronan's Smaller Mihail Pigeons,MV creatures,mv,harvest_mv,exact,,,,yes,,119139,499910,1,,
1560,Pigeons- Mihail Monsters and Animals (SE-AE version) (''bird''),MV creatures,mv,harvest_mv,exact,,,,yes,,27238,370357,1.2,mihailpigeon.esp,
1562,Nolvus Awakening Creatures Patch,5.15 ANIMALS & CREATURES,nolvus,harvest_nolvus,exact,"Not Milk Drinker, Not Graphics Only",6.0.21,nolvus-awakening-v6;nolvus-v6-ultimate-open-beta-start,,,,,,,
1563,Imps,5.15 ANIMALS & CREATURES,nolvus,harvest_nolvus,exact,Not Graphics Only,1.0,nolvus-awekening-redux;nolvus-awakening-v6;nolvus-v6-ultimate-open-beta-start,,,,,,,
1564,Dwemer Spectres - CC Armor Integration,5.15 ANIMALS & CREATURES,nolvus,harvest_nolvus,exact,Not Graphics Only,1.0,nolvus-awekening-redux;nolvus-awakening-v6;nolvus-v6-ultimate-open-beta-start,,,,,,,
1565,Dwemer Spectres,5.15 ANIMALS & CREATURES,nolvus,harvest_nolvus,exact,Not Graphics Only,4.1.2a,nolvus-awekening-redux;nolvus-awakening-v6;nolvus-v6-ultimate-open-beta-start,,,,,,,
1566,Bogmort - Mud Monsters of Morthal Swamp,5.15 ANIMALS & CREATURES,nolvus,harvest_nolvus,exact,Not Graphics Only,2.0,nolvus-awekening-redux;nolvus-awakening-v6;nolvus-v6-ultimate-open-beta-start,,,,,,,
1567,Dismember Those Chaurus,5.15 ANIMALS & CREATURES,nolvus,harvest_nolvus,exact,Not Graphics Only,1.0,nolvus-awekening-redux;nolvus-awakening-v6;nolvus-v6-ultimate-open-beta-start,,,,,,,
1568,Dismember Those Mudcrabs,5.15 ANIMALS & CREATURES,nolvus,harvest_nolvus,exact,Not Graphics Only,1.0,nolvus-awekening-redux;nolvus-awakening-v6;nolvus-v6-ultimate-open-beta-start,,,,,,,
1569,Draugr MCO - JS Emissive Eyes Patch,5.15 ANIMALS & CREATURES,nolvus,harvest_nolvus,exact,Not Graphics Only,1.0,nolvus-awekening-redux;nolvus-awakening-v6;nolvus-v6-ultimate-open-beta-start,,,,,,,
1570,Draugr MCO,5.15 ANIMALS & CREATURES,nolvus,harvest_nolvus,exact,Not Graphics Only,1.1,nolvus-awekening-redux;nolvus-awakening-v6;nolvus-v6-ultimate-open-beta-start,,,,,,,
1571,Playable Draugr,5.15 ANIMALS & CREATURES,nolvus,harvest_nolvus,exact,Not Graphics Only,1.01,nolvus-awekening-redux;nolvus-awakening-v6;nolvus-v6-ultimate-open-beta-start,,,,,,,
1572,Worn Undead,5.15 ANIMALS & CREATURES,nolvus,harvest_nolvus,exact,Not Graphics Only,1.2.2,nolvus-awekening-redux;nolvus-awakening-v6;nolvus-v6-ultimate-open-beta-start,,,,,,,
1573,Magic of Vile Darkness,5.15 ANIMALS & CREATURES,nolvus,harvest_nolvus,exact,Not Graphics Only,0.6.4,nolvus-awekening-redux;nolvus-awakening-v6;nolvus-v6-ultimate-open-beta-start,,,,,,,
1574,JS Emissive Eyes,5.15 ANIMALS & CREATURES,nolvus,harvest_nolvus,exact,Not Graphics Only,1.0,nolvus-awekening-redux;nolvus-awakening-v6;nolvus-v6-ultimate-open-beta-start,,,,,,,
1575,Attacko's Daedra 2,5.15 ANIMALS & CREATURES,nolvus,harvest_nolvus,exact,"Boss Encounter Addon, Not Graphics Only",2.1,nolvus-awakening-v6,,,,,,,
1576,Flesh Colossus - Xtudo patches,5.15 ANIMALS & CREATURES,nolvus,harvest_nolvus,exact,Not Graphics Only,1.1,nolvus-awekening-redux;nolvus-awakening-v6;nolvus-v6-ultimate-open-beta-start,,,,,,,
1577,Flesh Colossus,5.15 ANIMALS & CREATURES,nolvus,harvest_nolvus,exact,Not Graphics Only,1.0,nolvus-awekening-redux;nolvus-awakening-v6;nolvus-v6-ultimate-open-beta-start,,,,,,,
1578,Ogres - Fixes,5.15 ANIMALS & CREATURES,nolvus,harvest_nolvus,exact,Not Graphics Only,3.0,nolvus-awekening-redux;nolvus-awakening-v6;nolvus-v6-ultimate-open-beta-start,,,,,,,
1579,Ogres,5.15 ANIMALS & CREATURES,nolvus,harvest_nolvus,exact,Not Graphics Only,1.0,nolvus-awekening-redux;nolvus-awakening-v6;nolvus-v6-ultimate-open-beta-start,,,,,,,
1580,Mihail - Talkative Spriggans,5.15 ANIMALS & CREATURES,nolvus,harvest_nolvus,exact,Not Graphics Only,1.0,nolvus-awekening-redux;nolvus-awakening-v6;nolvus-v6-ultimate-open-beta-start,,,,,,,
1581,Mihail - Talkative Flame Atronachs,5.15 ANIMALS & CREATURES,nolvus,harvest_nolvus,exact,Not Graphics Only,1.0,nolvus-awekening-redux;nolvus-awakening-v6;nolvus-v6-ultimate-open-beta-start,,,,,,,
1582,Mihail - Talkative Hagravens,5.15 ANIMALS & CREATURES,nolvus,harvest_nolvus,exact,Not Graphics Only,1.1,nolvus-awekening-redux;nolvus-awakening-v6;nolvus-v6-ultimate-open-beta-start,,,,,,,
1583,Mihail - Goblins and Riekrs - Strongholds - Mor KhazgurPatch,5.15 ANIMALS & CREATURES,nolvus,harvest_nolvus,exact,Not Graphics Only,1.0,nolvus-awekening-redux;nolvus-awakening-v6,,,,,,,
1584,Mihail - Goblins and Riekrs,5.15 ANIMALS & CREATURES,nolvus,harvest_nolvus,exact,Not Graphics Only,1.0,nolvus-awekening-redux;nolvus-awakening-v6;nolvus-v6-ultimate-open-beta-start,,,,,,,
1585,Mihail - Possessed Daedric Armours,5.15 ANIMALS & CREATURES,nolvus,harvest_nolvus,exact,Not Graphics Only,1.0,nolvus-awekening-redux;nolvus-awakening-v6;nolvus-v6-ultimate-open-beta-start,,,,,,,
1586,Mihail - Vampire Beasts,5.15 ANIMALS & CREATURES,nolvus,harvest_nolvus,exact,Not Graphics Only,1.3,nolvus-awekening-redux;nolvus-awakening-v6;nolvus-v6-ultimate-open-beta-start,,,,,,,
1587,Mihail - Doomsday of Blades,5.15 ANIMALS & CREATURES,nolvus,harvest_nolvus,exact,Not Graphics Only,1.0,nolvus-awekening-redux;nolvus-awakening-v6;nolvus-v6-ultimate-open-beta-start,,,,,,,
1588,Mihail - Ogres and Ettins - Optimized Textures,5.15 ANIMALS & CREATURES,nolvus,harvest_nolvus,exact,Not Graphics Only,1.0,nolvus-awekening-redux;nolvus-awakening-v6;nolvus-v6-ultimate-open-beta-start,,,,,,,
1589,Mihail - Ogres and Ettins,5.15 ANIMALS & CREATURES,nolvus,harvest_nolvus,exact,Not Graphics Only,1.1,nolvus-awekening-redux;nolvus-awakening-v6;nolvus-v6-ultimate-open-beta-start,,,,,,,
1590,Mihail - Scamps,5.15 ANIMALS & CREATURES,nolvus,harvest_nolvus,exact,Not Graphics Only,1.0,nolvus-awekening-redux;nolvus-awakening-v6;nolvus-v6-ultimate-open-beta-start,,,,,,,
1591,Mihail - Grummites,5.15 ANIMALS & CREATURES,nolvus,harvest_nolvus,exact,Not Graphics Only,1.2,nolvus-awekening-redux;nolvus-awakening-v6;nolvus-v6-ultimate-open-beta-start,,,,,,,
1592,Mihail - Giantesses,5.15 ANIMALS & CREATURES,nolvus,harvest_nolvus,exact,Not Graphics Only,1.1,nolvus-awekening-redux;nolvus-awakening-v6;nolvus-v6-ultimate-open-beta-start,,,,,,,
1593,Mihail - Banekins,5.15 ANIMALS & CREATURES,nolvus,harvest_nolvus,exact,Not Graphics Only,1.0,nolvus-awekening-redux;nolvus-awakening-v6;nolvus-v6-ultimate-open-beta-start,,,,,,,
1594,Mihail - Bone Colossi and Gravelords,5.15 ANIMALS & CREATURES,nolvus,harvest_nolvus,exact,Not Graphics Only,1.0,nolvus-awekening-redux;nolvus-awakening-v6;nolvus-v6-ultimate-open-beta-start,,,,,,,
1595,Mihail - Fiendroth Beetle,5.15 ANIMALS & CREATURES,nolvus,harvest_nolvus,exact,Not Graphics Only,1.0,nolvus-awekening-redux;nolvus-awakening-v6;nolvus-v6-ultimate-open-beta-start,,,,,,,
1596,Mihail - Havocrels and Ruinachs,5.15 ANIMALS & CREATURES,nolvus,harvest_nolvus,exact,Not Graphics Only,1.0,nolvus-awekening-redux;nolvus-awakening-v6;nolvus-v6-ultimate-open-beta-start,,,,,,,
1597,Mihail - Aegis of the sigil,5.15 ANIMALS & CREATURES,nolvus,harvest_nolvus,exact,Not Graphics Only,1.0,nolvus-awekening-redux;nolvus-awakening-v6;nolvus-v6-ultimate-open-beta-start,,,,,,,
1598,Mihail - Draugr Horse Mount,5.15 ANIMALS & CREATURES,nolvus,harvest_nolvus,exact,Not Graphics Only,1.1,nolvus-awekening-redux;nolvus-awakening-v6;nolvus-v6-ultimate-open-beta-start,,,,,,,
1599,Mihail - Ogrim,5.15 ANIMALS & CREATURES,nolvus,harvest_nolvus,exact,Not Graphics Only,3.1,nolvus-awekening-redux;nolvus-awakening-v6;nolvus-v6-ultimate-open-beta-start,,,,,,,
1600,Mihail - Water Hags,5.15 ANIMALS & CREATURES,nolvus,harvest_nolvus,exact,Not Graphics Only,2.0,nolvus-awekening-redux;nolvus-awakening-v6;nolvus-v6-ultimate-open-beta-start,,,,,,,
1601,Mihail - Draugr Patrols and Cavalry,5.15 ANIMALS & CREATURES,nolvus,harvest_nolvus,exact,Not Graphics Only,1.0,nolvus-awekening-redux;nolvus-awakening-v6;nolvus-v6-ultimate-open-beta-start,,,,,,,
1602,Mihail - Foglings,5.15 ANIMALS & CREATURES,nolvus,harvest_nolvus,exact,Not Graphics Only,2.0,nolvus-awekening-redux;nolvus-awakening-v6;nolvus-v6-ultimate-open-beta-start,,,,,,,
1603,Mihail - Wraiths and Spectres,5.15 ANIMALS & CREATURES,nolvus,harvest_nolvus,exact,Not Graphics Only,1.0,nolvus-awekening-redux;nolvus-awakening-v6;nolvus-v6-ultimate-open-beta-start,,,,,,,
1604,Mihail - Minotaurs,5.15 ANIMALS & CREATURES,nolvus,harvest_nolvus,exact,Not Graphics Only,3.0,nolvus-awekening-redux;nolvus-awakening-v6;nolvus-v6-ultimate-open-beta-start,,,,,,,
1605,Mihail - Storm Golem Crash Fix,5.15 ANIMALS & CREATURES,nolvus,harvest_nolvus,exact,Not Graphics Only,1.0,nolvus-awekening-redux;nolvus-awakening-v6;nolvus-v6-ultimate-open-beta-start,,,,,,,
1606,Mihail - Storm Golem,5.15 ANIMALS & CREATURES,nolvus,harvest_nolvus,exact,Not Graphics Only,2.1,nolvus-awekening-redux;nolvus-awakening-v6;nolvus-v6-ultimate-open-beta-start,,,,,,,
1607,Mihail - Crystal Golem,5.15 ANIMALS & CREATURES,nolvus,harvest_nolvus,exact,Not Graphics Only,2.1,nolvus-awekening-redux;nolvus-awakening-v6;nolvus-v6-ultimate-open-beta-start,,,,,,,
1608,Mihail - Ash Guardian Expansion,5.15 ANIMALS & CREATURES,nolvus,harvest_nolvus,exact,Not Graphics Only,1.0,nolvus-awekening-redux;nolvus-awakening-v6;nolvus-v6-ultimate-open-beta-start,,,,,,,
1609,Mihail - Dwarven Colossus,5.15 ANIMALS & CREATURES,nolvus,harvest_nolvus,exact,Not Graphics Only,1.3,nolvus-awekening-redux;nolvus-awakening-v6;nolvus-v6-ultimate-open-beta-start,,,,,,,
1610,Mihail - Ancient Nordic Sentinel,5.15 ANIMALS & CREATURES,nolvus,harvest_nolvus,exact,Not Graphics Only,3.2,nolvus-awekening-redux;nolvus-awakening-v6;nolvus-v6-ultimate-open-beta-start,,,,,,,
1611,Mihail - Sea Giants and Ice Titans - Wyrmstooth Patch,5.15 ANIMALS & CREATURES,nolvus,harvest_nolvus,exact,Not Graphics Only,1.0,nolvus-awekening-redux;nolvus-awakening-v6;nolvus-v6-ultimate-open-beta-start,,,,,,,
1612,Mihail - Sea Giants and Ice Titans,5.15 ANIMALS & CREATURES,nolvus,harvest_nolvus,exact,Not Graphics Only,1.0,nolvus-awekening-redux;nolvus-awakening-v6;nolvus-v6-ultimate-open-beta-start,,,,,,,
1613,Golem Colossi,5.15 ANIMALS & CREATURES,nolvus,harvest_nolvus,exact,Not Graphics Only,1.0,nolvus-awekening-redux;nolvus-awakening-v6;nolvus-v6-ultimate-open-beta-start,,,,,,,
1614,Spider Colossi,5.15 ANIMALS & CREATURES,nolvus,harvest_nolvus,exact,Not Graphics Only,1.1,nolvus-awekening-redux;nolvus-awakening-v6;nolvus-v6-ultimate-open-beta-start,,,,,,,
1615,Spiders of Solstheim - Transparency Fix,5.15 ANIMALS & CREATURES,both,harvest_nolvus,exact,Always Install,0.1,nolvus-awekening-redux;nolvus-awakening-v6;nolvus-v6-ultimate-open-beta-start,yes,,60012,248753,0.1,,section suggests Nolvus copy
1616,Unique Barbas,5.15 ANIMALS & CREATURES,nolvus,harvest_nolvus,exact,Not Graphics Only,1.0,nolvus-awekening-redux;nolvus-awakening-v6;nolvus-v6-ultimate-open-beta-start,,,,,,,
1617,Nolvus Awakening Zombies Integration,5.15 ANIMALS & CREATURES,nolvus,harvest_nolvus,exact,Not Graphics Only,6.0,nolvus-awekening-redux;nolvus-awakening-v6;nolvus-v6-ultimate-open-beta-start,,,,,,,
1618,DEAD - Draugr Enemy Asset Diversity,5.15 ANIMALS & CREATURES,nolvus,harvest_nolvus,exact,Not Graphics Only,1.0.4,nolvus-awekening-redux;nolvus-awakening-v6;nolvus-v6-ultimate-open-beta-start,,,,,,,
1619,Draugrs - PBR 4K,5.15 ANIMALS & CREATURES,unknown,review,exact,,,,,,,,,,not in any snapshot; identify on Nexus
1620,Draugrs - New models and textures,5.15 ANIMALS & CREATURES,mv,harvest_mv,exact,,,,yes,,123170,517147,1.0,,
1621,A Cat's Life - Fluffworks Patch,5.15 ANIMALS & CREATURES,nolvus,harvest_nolvus,exact,Not Graphics Only,1.1,nolvus-awekening-redux;nolvus-awakening-v6;nolvus-v6-ultimate-open-beta-start,,,,,,,
1622,A Cat's Life,5.15 ANIMALS & CREATURES,nolvus,harvest_nolvus,exact,Not Graphics Only,2.0,nolvus-awekening-redux;nolvus-awakening-v6;nolvus-v6-ultimate-open-beta-start,,,,,,,
1623,Rabbits of Skyrim,5.15 ANIMALS & CREATURES,nolvus,harvest_nolvus,exact,Always Install,2.0,nolvus-awekening-redux;nolvus-awakening-v6;nolvus-v6-ultimate-open-beta-start,,,,,,,
1624,High poly Mudcrab,5.15 ANIMALS & CREATURES,nolvus,harvest_nolvus,exact,Always Install,1.0,nolvus-awekening-redux;nolvus-awakening-v6;nolvus-v6-ultimate-open-beta-start,,,,,,,
1625,Double Mane Remover,5.15 ANIMALS & CREATURES,nolvus,harvest_nolvus,exact,Always Install,1.0,nolvus-awekening-redux;nolvus-awakening-v6;nolvus-v6-ultimate-open-beta-start,,,,,,,
1626,Pelage - CC Saturalia Addon,5.15 ANIMALS & CREATURES,both,harvest_nolvus,exact,Always Install,1.0,nolvus-awekening-redux;nolvus-awakening-v6;nolvus-v6-ultimate-open-beta-start,yes,,110122,464890,1.0,,section suggests Nolvus copy
1627,Fluffworks - Better Photoreal Foxes Eye Fix,5.15 ANIMALS & CREATURES,nolvus,harvest_nolvus,exact,Always Install,1.0,nolvus-awekening-redux;nolvus-awakening-v6;nolvus-v6-ultimate-open-beta-start,,,,,,,
1628,Fluffworks - Foxes Alternate Photoreal Textures,5.15 ANIMALS & CREATURES,nolvus,harvest_nolvus,exact,Always Install,1.0,nolvus-awekening-redux;nolvus-awakening-v6;nolvus-v6-ultimate-open-beta-start,,,,,,,
1629,Fluffworks - Better Photoreal Foxes,5.15 ANIMALS & CREATURES,nolvus,harvest_nolvus,exact,Always Install,1.0,nolvus-awekening-redux;nolvus-awakening-v6;nolvus-v6-ultimate-open-beta-start,,,,,,,
1630,Fluffworks - Bellyaches Horses,5.15 ANIMALS & CREATURES,nolvus,harvest_nolvus,exact,Always Install,1.0,nolvus-awekening-redux;nolvus-awakening-v6;nolvus-v6-ultimate-open-beta-start,,,,,,,
1631,Fluffworks - MM Real Elks Patch,5.15 ANIMALS & CREATURES,unknown,review,exact,,,,,,,,,,not in any snapshot; identify on Nexus
1632,Fluffworks - Bellyaches Patch,5.15 ANIMALS & CREATURES,nolvus,harvest_nolvus,exact,Always Install,1.0,nolvus-awekening-redux;nolvus-awakening-v6;nolvus-v6-ultimate-open-beta-start,,,,,,,
1633,Fluffworks - LotD Patch,5.15 ANIMALS & CREATURES,nolvus,harvest_nolvus,exact,Always Install,1.0,nolvus-awekening-redux;nolvus-awakening-v6;nolvus-v6-ultimate-open-beta-start,,,,,,,
1634,Fluffworks - CC Wild Horse Patch,5.15 ANIMALS & CREATURES,nolvus,harvest_nolvus,exact,Always Install,1.0,nolvus-awekening-redux;nolvus-awakening-v6;nolvus-v6-ultimate-open-beta-start,,,,,,,
1635,Fluffworks - CC Pets of Skyrim Patch,5.15 ANIMALS & CREATURES,both,harvest_nolvus,exact,Always Install,1.0,nolvus-awekening-redux;nolvus-awakening-v6;nolvus-v6-ultimate-open-beta-start,yes,,64445,272625,1.0,Fluffworks - CC Pets of Skyrim Patch.esp,section suggests Nolvus copy
1636,Fluffworks,5.15 ANIMALS & CREATURES,nolvus,harvest_nolvus,exact,Always Install,1.1f,nolvus-awekening-redux;nolvus-awakening-v6;nolvus-v6-ultimate-open-beta-start,,,,,,,
1637,MM - REAL ELKS,5.15 ANIMALS & CREATURES,unknown,review,exact,,,,,,,,,,not in any snapshot; identify on Nexus
1638,Seagulls of Skyrim - Midwood Isle Patch,5.15 ANIMALS & CREATURES,nolvus,harvest_nolvus,exact,Not Graphics Only,1.0,nolvus-awekening-redux;nolvus-awakening-v6;nolvus-v6-ultimate-open-beta-start,,,,,,,
1639,Seagulls of Skyrim,5.15 ANIMALS & CREATURES,both,harvest_nolvus,exact,Not Graphics Only,1.4,nolvus-awekening-redux;nolvus-awakening-v6;nolvus-v6-ultimate-open-beta-start,yes,,52153,215342,1.4,SeagullsofSkyrim.esp,section suggests Nolvus copy
1640,Flying Crows - Quieter Flying Crows,5.15 ANIMALS & CREATURES,nolvus,harvest_nolvus,exact,Not Graphics Only,1.0,nolvus-awekening-redux;nolvus-awakening-v6;nolvus-v6-ultimate-open-beta-start,,,,,,,
1641,Flying Crows,5.15 ANIMALS & CREATURES,nolvus,harvest_nolvus,exact,Not Graphics Only,1.2,nolvus-awekening-redux;nolvus-awakening-v6;nolvus-v6-ultimate-open-beta-start,,,,,,,
1642,Realistic Skin Shaders- Falmer and Hagraven,5.15 ANIMALS & CREATURES,nolvus,harvest_nolvus,exact,Always Install,1.05,nolvus-awekening-redux;nolvus-awakening-v6;nolvus-v6-ultimate-open-beta-start,,,,,,,
1643,Realistic Skin and Hair Shaders - Giants,5.15 ANIMALS & CREATURES,nolvus,harvest_nolvus,exact,Always Install,1.1,nolvus-awekening-redux;nolvus-awakening-v6;nolvus-v6-ultimate-open-beta-start,,,,,,,
1644,Bears of the North - Bruma Patch,5.15 ANIMALS & CREATURES,nolvus,harvest_nolvus,exact,Not Graphics Only,1.1.2,nolvus-awekening-redux;nolvus-awakening-v6;nolvus-v6-ultimate-open-beta-start,,,,,,,
1645,Bears of the North,5.15 ANIMALS & CREATURES,both,harvest_nolvus,exact,Always Install,1.1,nolvus-awekening-redux;nolvus-awakening-v6;nolvus-v6-ultimate-open-beta-start,yes,,47541,193903,1.1,Bears of the North.esp,section suggests Nolvus copy
1646,Ice Wraiths,5.15 ANIMALS & CREATURES,nolvus,harvest_nolvus,exact,Always Install,1.0,nolvus-awekening-redux;nolvus-awakening-v6;nolvus-v6-ultimate-open-beta-start,,,,,,,
1647,ElSopa HD Strider And Netches [2K],5.15 ANIMALS & CREATURES,nolvus,harvest_nolvus,exact,Always Install,1.0,nolvus-awekening-redux;nolvus-awakening-v6;nolvus-v6-ultimate-open-beta-start,,,,,,,
1648,Skeleton and Human Bones [2K],5.15 ANIMALS & CREATURES,nolvus,harvest_nolvus,exact,Always Install,1.2,nolvus-awekening-redux;nolvus-awakening-v6;nolvus-v6-ultimate-open-beta-start,,,,,,,
1649,Spriggans,5.15 ANIMALS & CREATURES,nolvus,harvest_nolvus,exact,Always Install,2.0,nolvus-awekening-redux;nolvus-awakening-v6;nolvus-v6-ultimate-open-beta-start,,,,,,,
1650,Rustic Spriggan [2K],5.15 ANIMALS & CREATURES,nolvus,harvest_nolvus,exact,Always Install,1.0,nolvus-awekening-redux;nolvus-awakening-v6;nolvus-v6-ultimate-open-beta-start,,,,,,,
1651,Rustic Death Hound and Gargoyles [2K],5.15 ANIMALS & CREATURES,nolvus,harvest_nolvus,exact,Always Install,1.1,nolvus-awekening-redux;nolvus-awakening-v6;nolvus-v6-ultimate-open-beta-start,,,,,,,
1652,Rustic Daedra [2K],5.15 ANIMALS & CREATURES,nolvus,harvest_nolvus,exact,Always Install,2.0,nolvus-awekening-redux;nolvus-awakening-v6;nolvus-v6-ultimate-open-beta-start,,,,,,,
1653,Wispmother,5.15 ANIMALS & CREATURES,nolvus,harvest_nolvus,exact,Always Install,1.0,nolvus-awekening-redux;nolvus-awakening-v6;nolvus-v6-ultimate-open-beta-start,,,,,,,
1654,Troll [2K],5.15 ANIMALS & CREATURES,nolvus,harvest_nolvus,exact,Always Install,1.0,nolvus-awekening-redux;nolvus-awakening-v6;nolvus-v6-ultimate-open-beta-start,,,,,,,
1655,Hagraven [2K],5.15 ANIMALS & CREATURES,nolvus,harvest_nolvus,exact,Always Install,1.0,nolvus-awekening-redux;nolvus-awakening-v6;nolvus-v6-ultimate-open-beta-start,,,,,,,
1656,Giant [2K],5.15 ANIMALS & CREATURES,nolvus,harvest_nolvus,exact,Always Install,1.0,nolvus-awekening-redux;nolvus-awakening-v6;nolvus-v6-ultimate-open-beta-start,,,,,,,
1657,Falmer [2K],5.15 ANIMALS & CREATURES,nolvus,harvest_nolvus,exact,Always Install,1.1,nolvus-awekening-redux;nolvus-awakening-v6;nolvus-v6-ultimate-open-beta-start,,,,,,,
1658,Draugr [2K],5.15 ANIMALS & CREATURES,nolvus,harvest_nolvus,exact,Always Install,1.1,nolvus-awekening-redux;nolvus-awakening-v6;nolvus-v6-ultimate-open-beta-start,,,,,,,
1659,Dragon Priest [2K],5.15 ANIMALS & CREATURES,nolvus,harvest_nolvus,exact,Always Install,1.2,nolvus-awekening-redux;nolvus-awakening-v6;nolvus-v6-ultimate-open-beta-start,,,,,,,
1660,Mammoth [2K],5.15 ANIMALS & CREATURES,nolvus,harvest_nolvus,exact,Always Install,1.1,nolvus-awekening-redux;nolvus-awakening-v6;nolvus-v6-ultimate-open-beta-start,,,,,,,
1661,Ash Spawn Retexture,5.15 ANIMALS & CREATURES,nolvus,harvest_nolvus,exact,Always Install,1.0,nolvus-awekening-redux;nolvus-awakening-v6;nolvus-v6-ultimate-open-beta-start,,,,,,,
1662,Ash Guardian Retexture,5.15 ANIMALS & CREATURES,nolvus,harvest_nolvus,exact,Always Install,1.0,nolvus-awekening-redux;nolvus-awakening-v6;nolvus-v6-ultimate-open-beta-start,,,,,,,
1663,GoT Dragons - Wyrmstooth Patch,5.15 ANIMALS & CREATURES,nolvus,harvest_nolvus,exact,Not Graphics Only,1.0,nolvus-awekening-redux;nolvus-awakening-v6;nolvus-v6-ultimate-open-beta-start,,,,,,,
1664,GoT Dragons - Diverse Dragons,5.15 ANIMALS & CREATURES,nolvus,harvest_nolvus,exact,Not Graphics Only,1.3,nolvus-awekening-redux;nolvus-awakening-v6;nolvus-v6-ultimate-open-beta-start,,,,,,,
1665,GoT Dragons - Enemy,5.15 ANIMALS & CREATURES,nolvus,harvest_nolvus,exact,Not Graphics Only,1.4,nolvus-awekening-redux;nolvus-awakening-v6;nolvus-v6-ultimate-open-beta-start,,,,,,,
1666,GoT Dragons - Ally,5.15 ANIMALS & CREATURES,nolvus,harvest_nolvus,exact,Not Graphics Only,1.2,nolvus-awekening-redux;nolvus-awakening-v6;nolvus-v6-ultimate-open-beta-start,,,,,,,
1667,GoT Dragons - Textures,5.15 ANIMALS & CREATURES,nolvus,harvest_nolvus,exact,Not Graphics Only,1.4,nolvus-awekening-redux;nolvus-awakening-v6;nolvus-v6-ultimate-open-beta-start,,,,,,,
1668,Dragons Fall Down - Immersive Airborne Death,5.15 ANIMALS & CREATURES,nolvus,harvest_nolvus,exact,Not Graphics Only,1.0.1,nolvus-awekening-redux;nolvus-awakening-v6;nolvus-v6-ultimate-open-beta-start,,,,,,,
1669,Ultimate Dragons - Settings Loader,5.15 ANIMALS & CREATURES,nolvus,harvest_nolvus,exact,"Not Milk Drinker, Not Graphics Only",1.0,nolvus-awakening-v6;nolvus-v6-ultimate-open-beta-start,,,,,,,
1670,Ultimate Dragons - Stomp Crash Fix Patch,5.15 ANIMALS & CREATURES,nolvus,harvest_nolvus,exact,"Not Milk Drinker, Not Graphics Only",2.52,nolvus-awakening-v6;nolvus-v6-ultimate-open-beta-start,,,,,,,
1671,Ultimate Dragons,5.15 ANIMALS & CREATURES,nolvus,harvest_nolvus,exact,"Not Milk Drinker, Not Graphics Only",2.55,nolvus-awakening-v6;nolvus-v6-ultimate-open-beta-start,,,,,,,
1672,Diverse Dragons Collection,5.15 ANIMALS & CREATURES,nolvus,harvest_nolvus,exact,Not Graphics Only,2.1.3,nolvus-awekening-redux;nolvus-awakening-v6;nolvus-v6-ultimate-open-beta-start,,,,,,,
1673,Bellyaches HD Dragon Replacer,5.15 ANIMALS & CREATURES,nolvus,harvest_nolvus,exact,Always Install,1.4,nolvus-awekening-redux;nolvus-awakening-v6;nolvus-v6-ultimate-open-beta-start,,,,,,,
1674,Bellyaches Animal and Creature Pack,5.15 ANIMALS & CREATURES,nolvus,harvest_nolvus,exact,Always Install,1.2,nolvus-awekening-redux;nolvus-awakening-v6;nolvus-v6-ultimate-open-beta-start,,,,,,,
1676,Nolvus Awakening Weapons Patch,5.14.3 WEAPONS,nolvus,harvest_nolvus,exact,Not Graphics Only,6.0.21,nolvus-awekening-redux;nolvus-awakening-v6;nolvus-v6-ultimate-open-beta-start,,,,,,,
1677,Nolvus Awakening Leveled Weapons Patch,5.14.3 WEAPONS,nolvus,harvest_nolvus,exact,Not Graphics Only,6.0.20,nolvus-awekening-redux;nolvus-awakening-v6;nolvus-v6-ultimate-open-beta-start,,,,,,,
1678,Nolvus Awakening Weapons Balance Patch,5.14.3 WEAPONS,nolvus,harvest_nolvus,exact,Not Graphics Only,6.0.21,nolvus-awekening-redux;nolvus-awakening-v6;nolvus-v6-ultimate-open-beta-start,,,,,,,
1679,Weapons - Boobies Patch,5.14.3 WEAPONS,nolvus,harvest_nolvus,exact,Not Graphics Only,6.0,nolvus-awekening-redux;nolvus-awakening-v6;nolvus-v6-ultimate-open-beta-start,,,,,,,
1680,Gold Dragon,5.14.3 WEAPONS,nolvus,harvest_nolvus,exact,Not Graphics Only,1.0,nolvus-awekening-redux,,,,,,,
1681,Sword of Grigor Clegane,5.14.3 WEAPONS,nolvus,harvest_nolvus,exact,Not Graphics Only,1.0,nolvus-awekening-redux,,,,,,,
1682,LvxMagicks - Falx Blade - Sword,5.14.3 WEAPONS,nolvus,harvest_nolvus,exact,Not Graphics Only,1.6,nolvus-awekening-redux,,,,,,,
1683,Banneredge,5.14.3 WEAPONS,both,harvest_nolvus,exact,Not Graphics Only,v1.0,nolvus-awekening-redux,yes,,135007,566717,v1.0,FGCBanneredge.esp,section suggests Nolvus copy
1684,Shadowveil - Nocturnal Dagger,5.14.3 WEAPONS,nolvus,harvest_nolvus,exact,Not Graphics Only,1.1,nolvus-awekening-redux,,,,,,,
1685,Viking Battle Axe,5.14.3 WEAPONS,nolvus,harvest_nolvus,exact,Not Graphics Only,0.1,nolvus-awekening-redux,,,,,,,
1686,Nordic Battle Axes,5.14.3 WEAPONS,both,harvest_nolvus,exact,Not Graphics Only,0.1,nolvus-awekening-redux,yes,,143738,603468,0.1,V_BattleAxe_p2.esp,section suggests Nolvus copy
1687,Soulpiercer and Doomfang,5.14.3 WEAPONS,nolvus,harvest_nolvus,exact,Not Graphics Only,1.0,nolvus-awekening-redux,,,,,,,
1688,Ayleid Crystal Saber,5.14.3 WEAPONS,nolvus,harvest_nolvus,exact,Not Graphics Only,1.0,nolvus-awekening-redux;nolvus-awakening-v6;nolvus-v6-ultimate-open-beta-start,,,,,,,
1689,Champion's Hammer,5.14.3 WEAPONS,nolvus,harvest_nolvus,exact,Not Graphics Only,1.2,nolvus-awekening-redux;nolvus-awakening-v6;nolvus-v6-ultimate-open-beta-start,,,,,,,
1690,Winged Axe,5.14.3 WEAPONS,nolvus,harvest_nolvus,exact,Not Graphics Only,1.1,nolvus-awekening-redux;nolvus-awakening-v6;nolvus-v6-ultimate-open-beta-start,,,,,,,
1691,Ebonblade War Axe,5.14.3 WEAPONS,nolvus,harvest_nolvus,exact,Not Graphics Only,1.0,nolvus-awekening-redux;nolvus-awakening-v6;nolvus-v6-ultimate-open-beta-start,,,,,,,
1692,Lion Halberd,5.14.3 WEAPONS,nolvus,harvest_nolvus,exact,Not Graphics Only,1.0,nolvus-awekening-redux;nolvus-awakening-v6;nolvus-v6-ultimate-open-beta-start,,,,,,,
1693,Sword Widows Wail,5.14.3 WEAPONS,nolvus,harvest_nolvus,exact,Not Graphics Only,1.0,nolvus-awekening-redux;nolvus-awakening-v6;nolvus-v6-ultimate-open-beta-start,,,,,,,
1694,Honor and Courage,5.14.3 WEAPONS,nolvus,harvest_nolvus,exact,Not Graphics Only,1.0,nolvus-awekening-redux;nolvus-awakening-v6;nolvus-v6-ultimate-open-beta-start,,,,,,,
1695,Mystical Ember Blade,5.14.3 WEAPONS,nolvus,harvest_nolvus,exact,Not Graphics Only,1.0,nolvus-awekening-redux;nolvus-awakening-v6;nolvus-v6-ultimate-open-beta-start,,,,,,,
1696,Twinkle and Icing Death,5.14.3 WEAPONS,nolvus,harvest_nolvus,exact,Not Graphics Only,1.0,nolvus-awekening-redux;nolvus-awakening-v6;nolvus-v6-ultimate-open-beta-start,,,,,,,
1697,Lenwood,5.14.3 WEAPONS,nolvus,harvest_nolvus,exact,Not Graphics Only,0.1,nolvus-awekening-redux;nolvus-awakening-v6;nolvus-v6-ultimate-open-beta-start,,,,,,,
1698,Bastard,5.14.3 WEAPONS,nolvus,harvest_nolvus,exact,Not Graphics Only,1.0,nolvus-awekening-redux;nolvus-awakening-v6;nolvus-v6-ultimate-open-beta-start,,,,,,,
1699,Armageddon Great Sword,5.14.3 WEAPONS,nolvus,harvest_nolvus,exact,Not Graphics Only,1.0,nolvus-awekening-redux;nolvus-awakening-v6;nolvus-v6-ultimate-open-beta-start,,,,,,,
1700,Gold Great Katana,5.14.3 WEAPONS,nolvus,harvest_nolvus,exact,Not Graphics Only,1.4,nolvus-awekening-redux;nolvus-awakening-v6;nolvus-v6-ultimate-open-beta-start,,,,,,,
1701,Dragon Slayer Sword,5.14.3 WEAPONS,nolvus,harvest_nolvus,exact,Not Graphics Only,1.0,nolvus-awekening-redux;nolvus-awakening-v6;nolvus-v6-ultimate-open-beta-start,,,,,,,
1702,Magical Sword,5.14.3 WEAPONS,nolvus,harvest_nolvus,exact,Not Graphics Only,1.0,nolvus-awekening-redux;nolvus-awakening-v6;nolvus-v6-ultimate-open-beta-start,,,,,,,
1703,Sir Radzig Sword,5.14.3 WEAPONS,nolvus,harvest_nolvus,exact,Not Graphics Only,1.0,nolvus-awekening-redux;nolvus-awakening-v6;nolvus-v6-ultimate-open-beta-start,,,,,,,
1704,Aetherial Centurion Dwemer Weapons,5.14.3 WEAPONS,nolvus,harvest_nolvus,exact,Not Graphics Only,0.8,nolvus-awekening-redux;nolvus-awakening-v6;nolvus-v6-ultimate-open-beta-start,,,,,,,
1705,Elven Silver Daggers,5.14.3 WEAPONS,nolvus,harvest_nolvus,exact,Not Graphics Only,1.1,nolvus-awekening-redux;nolvus-awakening-v6;nolvus-v6-ultimate-open-beta-start,,,,,,,
1706,Ancient Elven Dagger,5.14.3 WEAPONS,nolvus,harvest_nolvus,exact,Not Graphics Only,1.3,nolvus-awekening-redux;nolvus-awakening-v6;nolvus-v6-ultimate-open-beta-start,,,,,,,
1707,Macari - An Elven Falchion,5.14.3 WEAPONS,nolvus,harvest_nolvus,exact,Not Graphics Only,2.0,nolvus-awekening-redux;nolvus-awakening-v6;nolvus-v6-ultimate-open-beta-start,,,,,,,
1708,Nicos Elven Leafblade,5.14.3 WEAPONS,nolvus,harvest_nolvus,exact,Not Graphics Only,1.0,nolvus-awekening-redux;nolvus-awakening-v6;nolvus-v6-ultimate-open-beta-start,,,,,,,
1709,Elven Warswords,5.14.3 WEAPONS,nolvus,harvest_nolvus,exact,Not Graphics Only,1.0,nolvus-awekening-redux;nolvus-awakening-v6;nolvus-v6-ultimate-open-beta-start,,,,,,,
1710,Relentless,5.14.3 WEAPONS,nolvus,harvest_nolvus,exact,Not Graphics Only,1.0,nolvus-awekening-redux;nolvus-awakening-v6;nolvus-v6-ultimate-open-beta-start,,,,,,,
1711,Nicos Dragon Shield,5.14.3 WEAPONS,nolvus,harvest_nolvus,exact,Not Graphics Only,1.1,nolvus-awekening-redux;nolvus-awakening-v6;nolvus-v6-ultimate-open-beta-start,,,,,,,
1712,Nicos Raven Shield,5.14.3 WEAPONS,nolvus,harvest_nolvus,exact,Not Graphics Only,1.0,nolvus-awekening-redux;nolvus-awakening-v6;nolvus-v6-ultimate-open-beta-start,,,,,,,
1713,Silver Knight Shield,5.14.3 WEAPONS,nolvus,harvest_nolvus,exact,Not Graphics Only,2.0,nolvus-awekening-redux;nolvus-awakening-v6;nolvus-v6-ultimate-open-beta-start,,,,,,,
1714,Legendary Alpha Shields 2,5.14.3 WEAPONS,nolvus,harvest_nolvus,exact,Not Graphics Only,1.0,nolvus-awekening-redux;nolvus-awakening-v6;nolvus-v6-ultimate-open-beta-start,,,,,,,
1715,Legendary Alpha Shields,5.14.3 WEAPONS,nolvus,harvest_nolvus,exact,Not Graphics Only,1.0,nolvus-awekening-redux;nolvus-awakening-v6;nolvus-v6-ultimate-open-beta-start,,,,,,,
1716,Shields of Glory - Temper Patch,5.14.3 WEAPONS,nolvus,harvest_nolvus,exact,Not Graphics Only,1.0,nolvus-awekening-redux;nolvus-awakening-v6;nolvus-v6-ultimate-open-beta-start,,,,,,,
1717,Shields of Glory,5.14.3 WEAPONS,nolvus,harvest_nolvus,exact,Not Graphics Only,1.1,nolvus-awekening-redux;nolvus-awakening-v6;nolvus-v6-ultimate-open-beta-start,,,,,,,
1718,Zim's Immersive Artifacts - WACCF Patch,5.14.3 WEAPONS,nolvus,harvest_nolvus,exact,Not Graphics Only,1.2,nolvus-awekening-redux;nolvus-awakening-v6;nolvus-v6-ultimate-open-beta-start,,,,,,,
1719,Zim's Immersive Artifacts,5.14.3 WEAPONS,nolvus,harvest_nolvus,exact,Not Graphics Only,1.7.4,nolvus-awekening-redux;nolvus-awakening-v6;nolvus-v6-ultimate-open-beta-start,,,,,,,
1720,Royal Armory - New Artifacts - No Visible Quest and Experience Patch,5.14.3 WEAPONS,nolvus,harvest_nolvus,exact,Not Graphics Only,1.1,nolvus-awekening-redux;nolvus-awakening-v6;nolvus-v6-ultimate-open-beta-start,,,,,,,
1721,Royal Armory - New Artifacts - Tweaks and Fixes,5.14.3 WEAPONS,nolvus,harvest_nolvus,exact,Not Graphics Only,1.41,nolvus-awekening-redux;nolvus-awakening-v6;nolvus-v6-ultimate-open-beta-start,,,,,,,
1722,Royal Armory - New Artifacts - Sword of Dragonsreach,5.14.3 WEAPONS,nolvus,harvest_nolvus,exact,Not Graphics Only,1.2,nolvus-awekening-redux;nolvus-awakening-v6;nolvus-v6-ultimate-open-beta-start,,,,,,,
1723,Royal Armory - New Artifacts - Shard,5.14.3 WEAPONS,nolvus,harvest_nolvus,exact,Not Graphics Only,1.2,nolvus-awekening-redux;nolvus-awakening-v6;nolvus-v6-ultimate-open-beta-start,,,,,,,
1724,Royal Armory - New Artifacts - Hafyllbrand,5.14.3 WEAPONS,nolvus,harvest_nolvus,exact,Not Graphics Only,1.2,nolvus-awekening-redux;nolvus-awakening-v6;nolvus-v6-ultimate-open-beta-start,,,,,,,
1725,Royal Armory - New Artifacts - Penitus Logo,5.14.3 WEAPONS,nolvus,harvest_nolvus,exact,Not Graphics Only,1.2,nolvus-awekening-redux;nolvus-awakening-v6;nolvus-v6-ultimate-open-beta-start,,,,,,,
1726,Royal Armory - New Artifacts - Reforged,5.14.3 WEAPONS,nolvus,harvest_nolvus,exact,Not Graphics Only,1.2,nolvus-awekening-redux;nolvus-awakening-v6;nolvus-v6-ultimate-open-beta-start,,,,,,,
1727,Royal Armory - New Artifacts,5.14.3 WEAPONS,nolvus,harvest_nolvus,exact,Not Graphics Only,2.2,nolvus-awekening-redux;nolvus-awakening-v6;nolvus-v6-ultimate-open-beta-start,,,,,,,
1728,Kthonia's Unique Weapon Pack - Dragonborn Weapons,5.14.3 WEAPONS,nolvus,harvest_nolvus,exact,Not Graphics Only,1.2,nolvus-awekening-redux;nolvus-awakening-v6;nolvus-v6-ultimate-open-beta-start,,,,,,,
1729,Artifacts - The Ice Blade of the Monarch [2K],5.14.3 WEAPONS,nolvus,harvest_nolvus,exact,Not Graphics Only,2.6,nolvus-awekening-redux;nolvus-awakening-v6;nolvus-v6-ultimate-open-beta-start,,,,,,,
1730,Spikey,5.14.3 WEAPONS,nolvus,harvest_nolvus,exact,Not Graphics Only,1.0,nolvus-awekening-redux;nolvus-awakening-v6;nolvus-v6-ultimate-open-beta-start,,,,,,,
1731,Battleworn Mace,5.14.3 WEAPONS,nolvus,harvest_nolvus,exact,Not Graphics Only,1.0,nolvus-awekening-redux;nolvus-awakening-v6;nolvus-v6-ultimate-open-beta-start,,,,,,,
1732,Dragaard's Medieval Weaponry - Claymore,5.14.3 WEAPONS,nolvus,harvest_nolvus,exact,Not Graphics Only,1.0,nolvus-awekening-redux;nolvus-awakening-v6;nolvus-v6-ultimate-open-beta-start,,,,,,,
1733,Amsvartner Warhammer,5.14.3 WEAPONS,nolvus,harvest_nolvus,exact,Not Graphics Only,1.0,nolvus-awekening-redux;nolvus-awakening-v6;nolvus-v6-ultimate-open-beta-start,,,,,,,
1734,The Sword of the True Son of Skyrim,5.14.3 WEAPONS,nolvus,harvest_nolvus,exact,Not Graphics Only,1.0,nolvus-awekening-redux;nolvus-awakening-v6;nolvus-v6-ultimate-open-beta-start,,,,,,,
1735,Anathros,5.14.3 WEAPONS,nolvus,harvest_nolvus,exact,Not Graphics Only,1.03,nolvus-awekening-redux;nolvus-awakening-v6;nolvus-v6-ultimate-open-beta-start,,,,,,,
1736,Ashtoret Sword,5.14.3 WEAPONS,nolvus,harvest_nolvus,exact,Not Graphics Only,1.0,nolvus-awekening-redux;nolvus-awakening-v6;nolvus-v6-ultimate-open-beta-start,,,,,,,
1737,Luciendar,5.14.3 WEAPONS,nolvus,harvest_nolvus,exact,Not Graphics Only,1.01,nolvus-awekening-redux;nolvus-awakening-v6;nolvus-v6-ultimate-open-beta-start,,,,,,,
1738,Stonefire Weaponry - Xtudo Textures,5.14.3 WEAPONS,nolvus,harvest_nolvus,exact,Not Graphics Only,1.0,nolvus-awekening-redux;nolvus-awakening-v6;nolvus-v6-ultimate-open-beta-start,,,,,,,
1739,Stonefire Weaponry,5.14.3 WEAPONS,nolvus,harvest_nolvus,exact,Not Graphics Only,1.0,nolvus-awekening-redux;nolvus-awakening-v6;nolvus-v6-ultimate-open-beta-start,,,,,,,
1740,Norse Battle Axe,5.14.3 WEAPONS,nolvus,harvest_nolvus,exact,Not Graphics Only,1.1,nolvus-awekening-redux;nolvus-awakening-v6;nolvus-v6-ultimate-open-beta-start,,,,,,,
1741,Dark Nova - Craftable Patch,5.14.3 WEAPONS,nolvus,harvest_nolvus,exact,Not Graphics Only,1.1,nolvus-awekening-redux;nolvus-awakening-v6;nolvus-v6-ultimate-open-beta-start,,,,,,,
1742,Dark Nova,5.14.3 WEAPONS,nolvus,harvest_nolvus,exact,Not Graphics Only,1.0,nolvus-awekening-redux;nolvus-awakening-v6;nolvus-v6-ultimate-open-beta-start,,,,,,,
1743,Lordsworn's Greatsword,5.14.3 WEAPONS,nolvus,harvest_nolvus,exact,Not Graphics Only,1.2,nolvus-awekening-redux;nolvus-awakening-v6;nolvus-v6-ultimate-open-beta-start,,,,,,,
1744,Black Silence - Durandal,5.14.3 WEAPONS,nolvus,harvest_nolvus,exact,Not Graphics Only,1.0,nolvus-awekening-redux;nolvus-awakening-v6;nolvus-v6-ultimate-open-beta-start,,,,,,,
1745,Nameless Saber - LOTD Patch,5.14.3 WEAPONS,nolvus,harvest_nolvus,exact,Not Graphics Only,1.0,nolvus-awekening-redux;nolvus-awakening-v6;nolvus-v6-ultimate-open-beta-start,,,,,,,
1746,Nameless Saber - Xtudo Patch,5.14.3 WEAPONS,nolvus,harvest_nolvus,exact,Not Graphics Only,1.1,nolvus-awekening-redux;nolvus-awakening-v6;nolvus-v6-ultimate-open-beta-start,,,,,,,
1747,Nameless Saber,5.14.3 WEAPONS,nolvus,harvest_nolvus,exact,Not Graphics Only,1.0,nolvus-awekening-redux;nolvus-awakening-v6;nolvus-v6-ultimate-open-beta-start,,,,,,,
1748,Leviathan Axe,5.14.3 WEAPONS,nolvus,harvest_nolvus,exact,Not Graphics Only,1.0,nolvus-awekening-redux;nolvus-awakening-v6;nolvus-v6-ultimate-open-beta-start,,,,,,,
1749,Horse Slaying Saber - Xtudo Patch,5.14.3 WEAPONS,nolvus,harvest_nolvus,exact,Not Graphics Only,1.0,nolvus-awekening-redux;nolvus-awakening-v6;nolvus-v6-ultimate-open-beta-start,,,,,,,
1750,Horse Slaying Saber,5.14.3 WEAPONS,nolvus,harvest_nolvus,exact,Not Graphics Only,1.0,nolvus-awekening-redux;nolvus-awakening-v6;nolvus-v6-ultimate-open-beta-start,,,,,,,
1751,Dragonbone Knife Knuckles and Cutlass,5.14.3 WEAPONS,nolvus,harvest_nolvus,exact,Not Graphics Only,1.0,nolvus-awekening-redux;nolvus-awakening-v6;nolvus-v6-ultimate-open-beta-start,,,,,,,
1752,Cavalry Broadsword,5.14.3 WEAPONS,nolvus,harvest_nolvus,exact,Not Graphics Only,1.0,nolvus-awekening-redux;nolvus-awakening-v6;nolvus-v6-ultimate-open-beta-start,,,,,,,
1753,Hravna - Dagger of the North,5.14.3 WEAPONS,nolvus,harvest_nolvus,exact,Not Graphics Only,1.0.1,nolvus-awekening-redux;nolvus-awakening-v6;nolvus-v6-ultimate-open-beta-start,,,,,,,
1754,Clanbringer,5.14.3 WEAPONS,both,harvest_nolvus,exact,Not Graphics Only,1.0,nolvus-awekening-redux;nolvus-awakening-v6;nolvus-v6-ultimate-open-beta-start,yes,,109742,463384,1,Clanbringer.esp,section suggests Nolvus copy
1755,Elysian Sword of Light,5.14.3 WEAPONS,nolvus,harvest_nolvus,exact,Not Graphics Only,1.2,nolvus-awekening-redux;nolvus-awakening-v6;nolvus-v6-ultimate-open-beta-start,,,,,,,
1756,Fettered Fragments - Craft at Forge,5.14.3 WEAPONS,nolvus,harvest_nolvus,exact,Not Graphics Only,1.1,nolvus-awekening-redux;nolvus-awakening-v6;nolvus-v6-ultimate-open-beta-start,,,,,,,
1757,Fettered Fragments,5.14.3 WEAPONS,nolvus,harvest_nolvus,exact,Not Graphics Only,1.1,nolvus-awekening-redux;nolvus-awakening-v6;nolvus-v6-ultimate-open-beta-start,,,,,,,
1758,Elexorien,5.14.3 WEAPONS,nolvus,harvest_nolvus,exact,Not Graphics Only,1.0,nolvus-awekening-redux;nolvus-awakening-v6;nolvus-v6-ultimate-open-beta-start,,,,,,,
1759,Debaser - LOTD Patch,5.14.3 WEAPONS,nolvus,harvest_nolvus,exact,Not Graphics Only,1.0,nolvus-awekening-redux;nolvus-awakening-v6;nolvus-v6-ultimate-open-beta-start,,,,,,,
1760,Debaser - Xtudo Patch,5.14.3 WEAPONS,nolvus,harvest_nolvus,exact,Not Graphics Only,1.0,nolvus-awekening-redux;nolvus-awakening-v6;nolvus-v6-ultimate-open-beta-start,,,,,,,
1761,Debaser,5.14.3 WEAPONS,nolvus,harvest_nolvus,exact,Not Graphics Only,1.0,nolvus-awekening-redux;nolvus-awakening-v6;nolvus-v6-ultimate-open-beta-start,,,,,,,
1762,Wolf Warrior's Axe,5.14.3 WEAPONS,nolvus,harvest_nolvus,exact,Not Graphics Only,1.0,nolvus-awekening-redux;nolvus-awakening-v6;nolvus-v6-ultimate-open-beta-start,,,,,,,
1763,Wolf Warrior's Seax,5.14.3 WEAPONS,nolvus,harvest_nolvus,exact,Not Graphics Only,1.1,nolvus-awekening-redux;nolvus-awakening-v6;nolvus-v6-ultimate-open-beta-start,,,,,,,
1764,Wolf Warrior's Sword,5.14.3 WEAPONS,nolvus,harvest_nolvus,exact,Not Graphics Only,1.0,nolvus-awekening-redux;nolvus-awakening-v6;nolvus-v6-ultimate-open-beta-start,,,,,,,
1765,Shimmer Dagger,5.14.3 WEAPONS,nolvus,harvest_nolvus,exact,Not Graphics Only,1.0,nolvus-awekening-redux;nolvus-awakening-v6;nolvus-v6-ultimate-open-beta-start,,,,,,,
1766,Dragon's fang sword,5.14.3 WEAPONS,nolvus,harvest_nolvus,exact,Not Graphics Only,1.1,nolvus-awekening-redux;nolvus-awakening-v6;nolvus-v6-ultimate-open-beta-start,,,,,,,
1767,Forked Steel Dagger,5.14.3 WEAPONS,nolvus,harvest_nolvus,exact,Not Graphics Only,1.0,nolvus-awekening-redux;nolvus-awakening-v6;nolvus-v6-ultimate-open-beta-start,,,,,,,
1768,Magicians Judge,5.14.3 WEAPONS,nolvus,harvest_nolvus,exact,Not Graphics Only,1.0,nolvus-awekening-redux;nolvus-awakening-v6;nolvus-v6-ultimate-open-beta-start,,,,,,,
1769,Ilieh Cry of the Damned,5.14.3 WEAPONS,nolvus,harvest_nolvus,exact,Not Graphics Only,1.8,nolvus-awekening-redux;nolvus-awakening-v6;nolvus-v6-ultimate-open-beta-start,,,,,,,
1770,Occiglacies (Crafting Fix),5.14.3 WEAPONS,nolvus,harvest_nolvus,exact,Not Graphics Only,6.0,nolvus-awekening-redux;nolvus-awakening-v6;nolvus-v6-ultimate-open-beta-start,,,,,,,
1771,Occiglacies,5.14.3 WEAPONS,nolvus,harvest_nolvus,exact,Not Graphics Only,1.3,nolvus-awekening-redux;nolvus-awakening-v6;nolvus-v6-ultimate-open-beta-start,,,,,,,
1772,Dwueth'Var - The Star Razor,5.14.3 WEAPONS,nolvus,harvest_nolvus,exact,Not Graphics Only,2.4,nolvus-awekening-redux;nolvus-awakening-v6;nolvus-v6-ultimate-open-beta-start,,,,,,,
1773,Eikbiter - A Long Axe,5.14.3 WEAPONS,nolvus,harvest_nolvus,exact,Not Graphics Only,1.0,nolvus-awekening-redux;nolvus-awakening-v6;nolvus-v6-ultimate-open-beta-start,,,,,,,
1774,Bluthund - A Longsword,5.14.3 WEAPONS,nolvus,harvest_nolvus,exact,Not Graphics Only,1.1,nolvus-awekening-redux;nolvus-awakening-v6;nolvus-v6-ultimate-open-beta-start,,,,,,,
1775,Raven's Beak,5.14.3 WEAPONS,nolvus,harvest_nolvus,exact,Not Graphics Only,1.0,nolvus-awekening-redux;nolvus-awakening-v6;nolvus-v6-ultimate-open-beta-start,,,,,,,
1776,CL's Crisseagrim,5.14.3 WEAPONS,nolvus,harvest_nolvus,exact,Not Graphics Only,1.1,nolvus-awekening-redux;nolvus-awakening-v6;nolvus-v6-ultimate-open-beta-start,,,,,,,
1777,Ebony Damascus Blades,5.14.3 WEAPONS,nolvus,harvest_nolvus,exact,Not Graphics Only,1.0,nolvus-awekening-redux;nolvus-awakening-v6;nolvus-v6-ultimate-open-beta-start,,,,,,,
1778,Boethiah's Calling,5.14.3 WEAPONS,nolvus,harvest_nolvus,exact,Not Graphics Only,1.1,nolvus-awekening-redux;nolvus-awakening-v6;nolvus-v6-ultimate-open-beta-start,,,,,,,
1779,Lunar Guard Battleaxe,5.14.3 WEAPONS,nolvus,harvest_nolvus,exact,Not Graphics Only,1.1,nolvus-awekening-redux;nolvus-awakening-v6;nolvus-v6-ultimate-open-beta-start,,,,,,,
1780,Dragon Quarterstaff,5.14.3 WEAPONS,nolvus,harvest_nolvus,exact,Not Graphics Only,1.0,nolvus-awekening-redux;nolvus-awakening-v6;nolvus-v6-ultimate-open-beta-start,,,,,,,
1781,Quarterstaff,5.14.3 WEAPONS,nolvus,harvest_nolvus,exact,Not Graphics Only,1.0,nolvus-awekening-redux;nolvus-awakening-v6;nolvus-v6-ultimate-open-beta-start,,,,,,,
1782,Battle Scythes,5.14.3 WEAPONS,nolvus,harvest_nolvus,exact,Not Graphics Only,1.0,nolvus-awekening-redux;nolvus-awakening-v6;nolvus-v6-ultimate-open-beta-start,,,,,,,
1783,Scythe Of The Crow Mother,5.14.3 WEAPONS,nolvus,harvest_nolvus,exact,Not Graphics Only,1.0,nolvus-awekening-redux;nolvus-awakening-v6;nolvus-v6-ultimate-open-beta-start,,,,,,,
1784,Cosmo - War Scythe,5.14.3 WEAPONS,nolvus,harvest_nolvus,exact,Not Graphics Only,2.1,nolvus-awekening-redux;nolvus-awakening-v6;nolvus-v6-ultimate-open-beta-start,,,,,,,
1785,Yol'Kreh - The Infernal Scythes,5.14.3 WEAPONS,nolvus,harvest_nolvus,exact,Not Graphics Only,1.2,nolvus-awekening-redux;nolvus-awakening-v6;nolvus-v6-ultimate-open-beta-start,,,,,,,
1786,Aegean Sentinel Halberd,5.14.3 WEAPONS,nolvus,harvest_nolvus,exact,Not Graphics Only,1.0,nolvus-awekening-redux;nolvus-awakening-v6;nolvus-v6-ultimate-open-beta-start,,,,,,,
1787,Echizen Spear Remastered,5.14.3 WEAPONS,nolvus,harvest_nolvus,exact,Not Graphics Only,1.0,nolvus-awekening-redux;nolvus-awakening-v6;nolvus-v6-ultimate-open-beta-start,,,,,,,
1788,Spear of Skyrim,5.14.3 WEAPONS,both,harvest_nolvus,exact,Not Graphics Only,1.0,nolvus-awekening-redux;nolvus-awakening-v6;nolvus-v6-ultimate-open-beta-start,yes,,89785,380896,1.0,Spear of Skyrim.esp,section suggests Nolvus copy
1789,Spear of Leonidas,5.14.3 WEAPONS,nolvus,harvest_nolvus,exact,Not Graphics Only,1.0,nolvus-awekening-redux;nolvus-awakening-v6;nolvus-v6-ultimate-open-beta-start,,,,,,,
1790,Spear of Omicron,5.14.3 WEAPONS,nolvus,harvest_nolvus,exact,Not Graphics Only,1.2,nolvus-awekening-redux;nolvus-awakening-v6;nolvus-v6-ultimate-open-beta-start,,,,,,,
1791,Sting Spear,5.14.3 WEAPONS,nolvus,harvest_nolvus,exact,Not Graphics Only,1.0,nolvus-awekening-redux;nolvus-awakening-v6;nolvus-v6-ultimate-open-beta-start,,,,,,,
1792,Velothi Warscythe - Warhammer to Battleaxe,5.14.3 WEAPONS,nolvus,harvest_nolvus,exact,Not Graphics Only,1.11,nolvus-awekening-redux;nolvus-awakening-v6;nolvus-v6-ultimate-open-beta-start,,,,,,,
1793,Velothi Warscythe,5.14.3 WEAPONS,nolvus,harvest_nolvus,exact,Not Graphics Only,1.1,nolvus-awekening-redux;nolvus-awakening-v6;nolvus-v6-ultimate-open-beta-start,,,,,,,
1794,Rapier and Dirk,5.14.3 WEAPONS,nolvus,harvest_nolvus,exact,Not Graphics Only,1.0,nolvus-awekening-redux;nolvus-awakening-v6;nolvus-v6-ultimate-open-beta-start,,,,,,,
1795,CL's Rapier,5.14.3 WEAPONS,nolvus,harvest_nolvus,exact,Not Graphics Only,1.2,nolvus-awekening-redux;nolvus-awakening-v6;nolvus-v6-ultimate-open-beta-start,,,,,,,
1796,Imperial Falchion and War Cleaver,5.14.3 WEAPONS,nolvus,harvest_nolvus,exact,Not Graphics Only,1.0,nolvus-awekening-redux;nolvus-awakening-v6;nolvus-v6-ultimate-open-beta-start,,,,,,,
1797,Falchion,5.14.3 WEAPONS,both,harvest_nolvus,exact,Not Graphics Only,1.0,nolvus-awekening-redux;nolvus-awakening-v6;nolvus-v6-ultimate-open-beta-start,yes,,28738,105284,1,Falchion.esp,section suggests Nolvus copy
1798,JaySuS Swords - Scabbards,5.14.3 WEAPONS,nolvus,harvest_nolvus,exact,Not Graphics Only,1.1,nolvus-awekening-redux;nolvus-awakening-v6;nolvus-v6-ultimate-open-beta-start,,,,,,,
1799,JaySuS Swords,5.14.3 WEAPONS,nolvus,harvest_nolvus,exact,Not Graphics Only,1.8,nolvus-awekening-redux;nolvus-awakening-v6;nolvus-v6-ultimate-open-beta-start,,,,,,,
1800,Witcher 3 Weaponry,5.14.3 WEAPONS,nolvus,harvest_nolvus,exact,Not Graphics Only,1.3,nolvus-awekening-redux;nolvus-awakening-v6;nolvus-v6-ultimate-open-beta-start,,,,,,,
1801,Silverthorn Weaponry,5.14.3 WEAPONS,nolvus,harvest_nolvus,exact,Not Graphics Only,1.5,nolvus-awekening-redux;nolvus-awakening-v6;nolvus-v6-ultimate-open-beta-start,,,,,,,
1802,Flowering Katana,5.14.3 WEAPONS,nolvus,harvest_nolvus,exact,Not Graphics Only,2.0,nolvus-awekening-redux;nolvus-awakening-v6;nolvus-v6-ultimate-open-beta-start,,,,,,,
1803,Insanity Sorrow Weapons Pack,5.14.3 WEAPONS,nolvus,harvest_nolvus,exact,Not Graphics Only,1.7,nolvus-awekening-redux;nolvus-awakening-v6;nolvus-v6-ultimate-open-beta-start,,,,,,,
1804,Baltimore Weapons,5.14.3 WEAPONS,nolvus,harvest_nolvus,exact,Not Graphics Only,1.0,nolvus-awekening-redux;nolvus-awakening-v6;nolvus-v6-ultimate-open-beta-start,,,,,,,
1805,Billyro's Weapons,5.14.3 WEAPONS,nolvus,harvest_nolvus,exact,Not Graphics Only,1.0,nolvus-awekening-redux;nolvus-awakening-v6;nolvus-v6-ultimate-open-beta-start,,,,,,,
1806,Sword of the First Ember,5.14.3 WEAPONS,nolvus,harvest_nolvus,exact,Not Graphics Only,1.0.1,nolvus-awekening-redux;nolvus-awakening-v6;nolvus-v6-ultimate-open-beta-start,,,,,,,
1807,Iron Swords Pack,5.14.3 WEAPONS,nolvus,harvest_nolvus,exact,Not Graphics Only,1.0,nolvus-awekening-redux;nolvus-awakening-v6;nolvus-v6-ultimate-open-beta-start,,,,,,,
1808,Pickaxe Redone,5.14.3 WEAPONS,nolvus,harvest_nolvus,exact,Always Install,2.0,nolvus-awekening-redux;nolvus-awakening-v6;nolvus-v6-ultimate-open-beta-start,,,,,,,
1809,Dawnguard Arsenal - WACCF Patch,5.14.3 WEAPONS,nolvus,harvest_nolvus,exact,Not Graphics Only,1.0,nolvus-awekening-redux;nolvus-awakening-v6;nolvus-v6-ultimate-open-beta-start,,,,,,,
1810,Dawnguard Arsenal - ACE Patch,5.14.3 WEAPONS,nolvus,harvest_nolvus,exact,Not Graphics Only,2.0,nolvus-awekening-redux;nolvus-awakening-v6;nolvus-v6-ultimate-open-beta-start,,,,,,,
1811,Dawnguard Arsenal - Scabbardless Greatswords Loose File Replacers,5.14.3 WEAPONS,nolvus_old,harvest_nolvus,exact,,,nolvus-awakening-v6;nolvus-v6-ultimate-open-beta-start,,,,,,,not on the current nolvus.net page (6.0.21 beta); present in 6.0.20 snapshots
1812,Dawnguard Arsenal,5.14.3 WEAPONS,nolvus,harvest_nolvus,exact,Not Graphics Only,1.0,nolvus-awekening-redux;nolvus-awakening-v6;nolvus-v6-ultimate-open-beta-start,,,,,,,
1813,ElSopa - Quivers Redone [2K],5.14.3 WEAPONS,nolvus,harvest_nolvus,exact,Always Install,1.0,nolvus-awekening-redux;nolvus-awakening-v6;nolvus-v6-ultimate-open-beta-start,,,,,,,
1814,JS Unique Utopia - Daggers - WACCF Patch,5.14.3 WEAPONS,nolvus,harvest_nolvus,exact,Always Install,1.0,nolvus-awekening-redux;nolvus-awakening-v6;nolvus-v6-ultimate-open-beta-start,,,,,,,
1815,JS Unique Utopia - Daggers - LOTD Patch,5.14.3 WEAPONS,nolvus,harvest_nolvus,exact,Not Graphics Only,1.0,nolvus-awekening-redux;nolvus-awakening-v6;nolvus-v6-ultimate-open-beta-start,,,,,,,
1816,JS Unique Utopia - Daggers [2K],5.14.3 WEAPONS,nolvus,harvest_nolvus,exact,Always Install,1.2.1,nolvus-awekening-redux;nolvus-awakening-v6;nolvus-v6-ultimate-open-beta-start,,,,,,,
1817,Dragon Priest Staff Replacer,5.14.3 WEAPONS,nolvus,harvest_nolvus,exact,Always Install,0.9,nolvus-awekening-redux;nolvus-awakening-v6;nolvus-v6-ultimate-open-beta-start,,,,,,,
1818,Rudy HQ - More lights for ENB - Daedric weapons,5.14.3 WEAPONS,nolvus,harvest_nolvus,exact,Always Install,1.0j,nolvus-awekening-redux;nolvus-awakening-v6;nolvus-v6-ultimate-open-beta-start,,,,,,,
1819,Runed Nordic Weapons,5.14.3 WEAPONS,nolvus,harvest_nolvus,exact,Always Install,1.0,nolvus-awekening-redux;nolvus-awakening-v6;nolvus-v6-ultimate-open-beta-start,,,,,,,
1820,Skyforge Weapons,5.14.3 WEAPONS,nolvus,harvest_nolvus,exact,Always Install,1.0b,nolvus-awekening-redux;nolvus-awakening-v6;nolvus-v6-ultimate-open-beta-start,,,,,,,
1821,Elven Blades Replacer,5.14.3 WEAPONS,nolvus,harvest_nolvus,exact,Always Install,1.0,nolvus-awekening-redux;nolvus-awakening-v6;nolvus-v6-ultimate-open-beta-start,,,,,,,
1822,Nightingale Pride With Gems,5.14.3 WEAPONS,nolvus,harvest_nolvus,exact,Always Install,1.0,nolvus-awekening-redux;nolvus-awakening-v6;nolvus-v6-ultimate-open-beta-start,,,,,,,
1823,Faction Crossbows,5.14.3 WEAPONS,nolvus,harvest_nolvus,exact,Not Graphics Only,1.1,nolvus-awekening-redux;nolvus-awakening-v6;nolvus-v6-ultimate-open-beta-start,,,,,,,
1824,Steelthorn Steel Weapon Replacer - Scabbard,5.14.3 WEAPONS,nolvus,harvest_nolvus,exact,Always Install,1.1,nolvus-awekening-redux,,,,,,,
1825,Steelthorn Steel Weapon Replacer,5.14.3 WEAPONS,nolvus,harvest_nolvus,exact,Always Install,1.1,nolvus-awekening-redux;nolvus-awakening-v6;nolvus-v6-ultimate-open-beta-start,,,,,,,
1826,ElSopa - Iron Weapons Redone [2K],5.14.3 WEAPONS,nolvus,harvest_nolvus,exact,Always Install,1.1,nolvus-awekening-redux;nolvus-awakening-v6;nolvus-v6-ultimate-open-beta-start,,,,,,,
1827,LeanWolf's Better-Shaped Weapons,5.14.3 WEAPONS,nolvus,harvest_nolvus,exact,Always Install,2.1.3,nolvus-awekening-redux;nolvus-awakening-v6;nolvus-v6-ultimate-open-beta-start,,,,,,,
1828,Creation Club Crossbow Integration,5.14.3 WEAPONS,nolvus,harvest_nolvus,exact,Not Graphics Only,3.0,nolvus-awekening-redux;nolvus-awakening-v6;nolvus-v6-ultimate-open-beta-start,,,,,,,
1829,Nolvus Awakening Weapons Keyword,5.14.3 WEAPONS,nolvus,harvest_nolvus,exact,Always Install,6.0.20,nolvus-awekening-redux;nolvus-awakening-v6;nolvus-v6-ultimate-open-beta-start,,,,,,,
1831,Curious Adventurer,5.14.2 CLOTHES,non_nexus,drop,exact,,,,,,,,,,Aokili Patreon (free tier)
1832,Nolvus Awakening Clothes Patch,5.14.2 CLOTHES,nolvus,harvest_nolvus,exact,Not Graphics Only,6.0.15,nolvus-awekening-redux;nolvus-awakening-v6;nolvus-v6-ultimate-open-beta-start,,,,,,,
1833,Nolvus Awakening Clothes Balance Patch,5.14.2 CLOTHES,nolvus,harvest_nolvus,exact,Not Graphics Only,6.0.18,nolvus-awekening-redux;nolvus-awakening-v6;nolvus-v6-ultimate-open-beta-start,,,,,,,
1834,Dynamic Lowered Hoods,5.14.2 CLOTHES,both,harvest_nolvus,exact,Not Graphics Only,1.0.0,nolvus-awekening-redux;nolvus-awakening-v6;nolvus-v6-ultimate-open-beta-start,yes,,65964,274711,1.0.0,DynamicLoweredHoods.esp,section suggests Nolvus copy
1835,Artesian Cloaks of Skyrim - Retextured XML,5.14.2 CLOTHES,nolvus,harvest_nolvus,exact,Not Graphics Only,1.0,nolvus-awekening-redux;nolvus-awakening-v6;nolvus-v6-ultimate-open-beta-start,,,,,,,
1836,Artesian Cloaks of Skyrim - XML,5.14.2 CLOTHES,nolvus,harvest_nolvus,exact,Not Graphics Only,1.4,nolvus-awekening-redux;nolvus-awakening-v6;nolvus-v6-ultimate-open-beta-start,,,,,,,
1837,Artesian Cloaks of Skyrim - Retextured,5.14.2 CLOTHES,nolvus,harvest_nolvus,exact,Not Graphics Only,1.4,nolvus-awekening-redux;nolvus-awakening-v6;nolvus-v6-ultimate-open-beta-start,,,,,,,
1838,Artesian Cloaks of Skyrim,5.14.2 CLOTHES,nolvus,harvest_nolvus,exact,Not Graphics Only,1.3,nolvus-awekening-redux;nolvus-awakening-v6;nolvus-v6-ultimate-open-beta-start,,,,,,,
1839,Ferrymen - New Clothing,5.14.2 CLOTHES,nolvus,harvest_nolvus,exact,Not Graphics Only,2.0,nolvus-awekening-redux;nolvus-awakening-v6;nolvus-v6-ultimate-open-beta-start,,,,,,,
1840,Cloaks and Capes - Crafting Only,5.14.2 CLOTHES,nolvus,harvest_nolvus,exact,Not Graphics Only,1.4,nolvus-awekening-redux;nolvus-awakening-v6;nolvus-v6-ultimate-open-beta-start,,,,,,,
1841,Cloaks of Skyrim Retextured Mesh Update,5.14.2 CLOTHES,nolvus,harvest_nolvus,exact,Not Graphics Only,1.2,nolvus-awekening-redux;nolvus-awakening-v6;nolvus-v6-ultimate-open-beta-start,,,,,,,
1842,Cloaks of Skyrim Retextured [2K],5.14.2 CLOTHES,nolvus,harvest_nolvus,exact,"Not Redux, Not Graphics Only",1.0,nolvus-awakening-v6;nolvus-v6-ultimate-open-beta-start,,,,,,,
1843,Cloaks of Skyrim - Armor and Clothing Extension Patch,5.14.2 CLOTHES,nolvus,harvest_nolvus,exact,Not Graphics Only,1.0,nolvus-awekening-redux;nolvus-awakening-v6;nolvus-v6-ultimate-open-beta-start,,,,,,,
1844,Cloaks of Skyrim - Weapons Armor Clothing and Clutter Fixes Patch,5.14.2 CLOTHES,nolvus,harvest_nolvus,exact,Not Graphics Only,1.1,nolvus-awekening-redux;nolvus-awakening-v6;nolvus-v6-ultimate-open-beta-start,,,,,,,
1845,Cloaks of Skyrim,5.14.2 CLOTHES,nolvus,harvest_nolvus,exact,Not Graphics Only,1.2.1,nolvus-awekening-redux;nolvus-awakening-v6;nolvus-v6-ultimate-open-beta-start,,,,,,,
1846,Winter is coming - Cloak,5.14.2 CLOTHES,nolvus,harvest_nolvus,exact,Not Graphics Only,2.4,nolvus-awekening-redux;nolvus-awakening-v6;nolvus-v6-ultimate-open-beta-start,,,,,,,
1847,Bandolier - Tighter Male Fit,5.14.2 CLOTHES,nolvus,harvest_nolvus,exact,Not Graphics Only,1.0,nolvus-awekening-redux;nolvus-awakening-v6;nolvus-v6-ultimate-open-beta-start,,,,,,,
1848,Bandolier - Tighter Female Fit,5.14.2 CLOTHES,nolvus,harvest_nolvus,exact,Not Graphics Only,1.0,nolvus-awekening-redux;nolvus-awakening-v6;nolvus-v6-ultimate-open-beta-start,,,,,,,
1849,Bandolier Bags and Pouches Classic,5.14.2 CLOTHES,nolvus,harvest_nolvus,exact,Not Graphics Only,1.2.1,nolvus-awekening-redux;nolvus-awakening-v6;nolvus-v6-ultimate-open-beta-start,,,,,,,
1850,Weapons Armor Clothing and Clutter Fixes - New Legion Patch,5.14.2 CLOTHES,nolvus,harvest_nolvus,exact,Not Graphics Only,1.1,nolvus-awekening-redux;nolvus-awakening-v6;nolvus-v6-ultimate-open-beta-start,,,,,,,
1851,Weapons Armor Clothing and Clutter Fixes - Dark Brotherhood Armor Patch,5.14.2 CLOTHES,nolvus,harvest_nolvus,exact,Not Graphics Only,1.0,nolvus-awekening-redux;nolvus-awakening-v6;nolvus-v6-ultimate-open-beta-start,,,,,,,
1852,Weapons Armor Clothing and Clutter Fixes - RS Children Patch,5.14.2 CLOTHES,nolvus,harvest_nolvus,exact,Always Install,1.0,nolvus-awekening-redux;nolvus-awakening-v6;nolvus-v6-ultimate-open-beta-start,,,,,,,
1853,Weapons Armor Clothing and Clutter Fixes - Interesting NPC's Patch,5.14.2 CLOTHES,nolvus,harvest_nolvus,exact,Not Graphics Only,1.0,nolvus-awekening-redux;nolvus-awakening-v6;nolvus-v6-ultimate-open-beta-start,,,,,,,
1854,Weapons Armor Clothing and Clutter Fixes - CBBE Patch,5.14.2 CLOTHES,nolvus,harvest_nolvus,exact,Always Install,1.2,nolvus-awekening-redux;nolvus-awakening-v6;nolvus-v6-ultimate-open-beta-start,,,,,,,
1855,Weapons Armor Clothing and Clutter Fixes - Konahrik's Accoutrements Patch,5.14.2 CLOTHES,nolvus,harvest_nolvus,exact,Not Graphics Only,1.1,nolvus-awekening-redux;nolvus-awakening-v6;nolvus-v6-ultimate-open-beta-start,,,,,,,
1856,Weapons Armor Clothing and Clutter Fixes - CRF Patch,5.14.2 CLOTHES,nolvus,harvest_nolvus,exact,Not Graphics Only,1.0,nolvus-awekening-redux;nolvus-awakening-v6;nolvus-v6-ultimate-open-beta-start,,,,,,,
1857,Weapons Armor Clothing and Clutter Fixes - ISC Patch,5.14.2 CLOTHES,nolvus,harvest_nolvus,exact,Not Graphics Only,3.0,nolvus-awekening-redux;nolvus-awakening-v6;nolvus-v6-ultimate-open-beta-start,,,,,,,
1858,Weapons Armor Clothing and Clutter Fixes - Necromantic Grimoire Patch,5.14.2 CLOTHES,nolvus,harvest_nolvus,exact,Always Install,1.0,nolvus-awekening-redux;nolvus-awakening-v6;nolvus-v6-ultimate-open-beta-start,,,,,,,
1859,Armor and Clothing Extension,5.14.2 CLOTHES,nolvus,harvest_nolvus,exact,Always Install,1.6.0,nolvus-awekening-redux;nolvus-awakening-v6;nolvus-v6-ultimate-open-beta-start,,,,,,,
1860,Weapons Armor Clothing and Clutter Fixes [2K],5.14.2 CLOTHES,nolvus,harvest_nolvus,exact,Not Redux,2.9.5,nolvus-awakening-v6;nolvus-v6-ultimate-open-beta-start,,,,,,,
1861,Interesting NPCs 3DNPC- Distinguished Outfits,5.14.2 CLOTHES,nolvus,harvest_nolvus,exact,Not Graphics Only,1.0,nolvus-awekening-redux;nolvus-awakening-v6;nolvus-v6-ultimate-open-beta-start,,,,,,,
1862,Nolvus Awakening Custom Outfits,5.14.2 CLOTHES,nolvus,harvest_nolvus,exact,Not Graphics Only,6.0.21,nolvus-awekening-redux;nolvus-awakening-v6;nolvus-v6-ultimate-open-beta-start,,,,,,,
1863,QND SPID Clothing Pack 2,5.14.2 CLOTHES,nolvus,harvest_nolvus,exact,Not Graphics Only,1.43,nolvus-awekening-redux;nolvus-awakening-v6;nolvus-v6-ultimate-open-beta-start,,,,,,,
1864,QND SPID Clothing Pack 1,5.14.2 CLOTHES,nolvus,harvest_nolvus,exact,Not Graphics Only,1.52,nolvus-awekening-redux;nolvus-awakening-v6;nolvus-v6-ultimate-open-beta-start,,,,,,,
1865,Nirn Necessities - Xtudo Textures [2K],5.14.2 CLOTHES,nolvus,harvest_nolvus,exact,Not Graphics Only,1.1,nolvus-awekening-redux,,,,,,,
1866,Nirn Necessities - Xtudo Patch,5.14.2 CLOTHES,nolvus,harvest_nolvus,exact,Not Graphics Only,1.1,nolvus-awekening-redux,,,,,,,
1867,Nirn Necessities - Bodyslide Files,5.14.2 CLOTHES,both,harvest_nolvus,exact,Not Graphics Only,1.03,nolvus-awekening-redux,yes,,112481,563436,1.0,,section suggests Nolvus copy
1868,Nirn Necessities,5.14.2 CLOTHES,nolvus,harvest_nolvus,exact,Not Graphics Only,1.03,nolvus-awekening-redux,,,,,,,
1869,Nord Villager Outfit,5.14.2 CLOTHES,nolvus,harvest_nolvus,exact,Not Graphics Only,1.0.0,nolvus-awekening-redux,,,,,,,
1870,Queen Marika's Dress,5.14.2 CLOTHES,nolvus,harvest_nolvus,exact,Not Graphics Only,1.1,nolvus-awekening-redux;nolvus-awakening-v6;nolvus-v6-ultimate-open-beta-start,,,,,,,
1871,Wilderness Witch Outfit Recolors - CBBE Fixed and Craftables,5.14.2 CLOTHES,nolvus,harvest_nolvus,exact,Not Graphics Only,1.1,nolvus-awekening-redux;nolvus-awakening-v6;nolvus-v6-ultimate-open-beta-start,,,,,,,
1872,Wilderness Witch Outfit Recolor,5.14.2 CLOTHES,nolvus,harvest_nolvus,exact,Not Graphics Only,1.0,nolvus-awekening-redux;nolvus-awakening-v6;nolvus-v6-ultimate-open-beta-start,,,,,,,
1873,Wilderness Witch Outfit,5.14.2 CLOTHES,nolvus,harvest_nolvus,exact,Not Graphics Only,1.0,nolvus-awekening-redux;nolvus-awakening-v6;nolvus-v6-ultimate-open-beta-start,,,,,,,
1874,Toughened Traveler Outfit,5.14.2 CLOTHES,nolvus,harvest_nolvus,exact,Not Graphics Only,1.0,nolvus-awekening-redux;nolvus-awakening-v6;nolvus-v6-ultimate-open-beta-start,,,,,,,
1875,Rugged Rogue Outfits,5.14.2 CLOTHES,nolvus,harvest_nolvus,exact,Not Graphics Only,1.1,nolvus-awekening-redux;nolvus-awakening-v6;nolvus-v6-ultimate-open-beta-start,,,,,,,
1876,Nord Tribal Armor - Clothing,5.14.2 CLOTHES,both,harvest_nolvus,exact,Not Graphics Only,1.0.3a,nolvus-awekening-redux;nolvus-awakening-v6;nolvus-v6-ultimate-open-beta-start,yes,,62525,260139,1.0.3,Nord Tribal Armor.esp,section suggests Nolvus copy
1877,Colovian Fur Outfit - Texture Patch,5.14.2 CLOTHES,nolvus,harvest_nolvus,exact,Not Graphics Only,1.0,nolvus-awekening-redux;nolvus-awakening-v6;nolvus-v6-ultimate-open-beta-start,,,,,,,
1878,Colovian Fur Outfit,5.14.2 CLOTHES,nolvus,harvest_nolvus,exact,Not Graphics Only,1.0,nolvus-awekening-redux;nolvus-awakening-v6;nolvus-v6-ultimate-open-beta-start,,,,,,,
1879,Imperial Fine Clothes,5.14.2 CLOTHES,nolvus,harvest_nolvus,exact,Not Graphics Only,1.0,nolvus-awekening-redux;nolvus-awakening-v6;nolvus-v6-ultimate-open-beta-start,,,,,,,
1880,Colovian Noble Clothes,5.14.2 CLOTHES,nolvus,harvest_nolvus,exact,Not Graphics Only,1.0,nolvus-awekening-redux;nolvus-awakening-v6;nolvus-v6-ultimate-open-beta-start,,,,,,,
1881,Skaal MofuMofu Coat,5.14.2 CLOTHES,nolvus,harvest_nolvus,exact,Not Graphics Only,1.0,nolvus-awekening-redux;nolvus-awakening-v6;nolvus-v6-ultimate-open-beta-start,,,,,,,
1882,Breton Apparel - Imperial Renaissance,5.14.2 CLOTHES,nolvus,harvest_nolvus,exact,Not Graphics Only,0.3,nolvus-awekening-redux;nolvus-awakening-v6;nolvus-v6-ultimate-open-beta-start,,,,,,,
1883,Witcher 3 Female Clothes Redone,5.14.2 CLOTHES,nolvus,harvest_nolvus,exact,Not Graphics Only,1.0.1,nolvus-awekening-redux;nolvus-awakening-v6;nolvus-v6-ultimate-open-beta-start,,,,,,,
1884,zzjay Skyrim Attire - SPID,5.14.2 CLOTHES,nolvus,harvest_nolvus,exact,Not Graphics Only,1.1.1,nolvus-awekening-redux;nolvus-awakening-v6;nolvus-v6-ultimate-open-beta-start,,,,,,,
1885,zzjay Skyrim Attire,5.14.2 CLOTHES,nolvus,harvest_nolvus,exact,Not Graphics Only,1.1.2,nolvus-awekening-redux;nolvus-awakening-v6;nolvus-v6-ultimate-open-beta-start,,,,,,,
1886,Ashara Imperial Outfit - CBBE BodySlide,5.14.2 CLOTHES,nolvus,harvest_nolvus,exact,Not Graphics Only,2.0,nolvus-awekening-redux;nolvus-awakening-v6;nolvus-v6-ultimate-open-beta-start,,,,,,,
1887,Ashara Imperial Outfit,5.14.2 CLOTHES,nolvus,harvest_nolvus,exact,Not Graphics Only,2.1,nolvus-awekening-redux;nolvus-awakening-v6;nolvus-v6-ultimate-open-beta-start,,,,,,,
1888,DESIRE - Remove Non Lorefrienldy Outfits,5.14.2 CLOTHES,nolvus,harvest_nolvus,exact,Not Graphics Only,1.0,nolvus-awekening-redux,,,,,,,
1889,DESIRE - No more visible map marker,5.14.2 CLOTHES,nolvus,harvest_nolvus,exact,Not Graphics Only,1.0,nolvus-awekening-redux,,,,,,,
1890,DESIRE - No more free Stealing,5.14.2 CLOTHES,nolvus,harvest_nolvus,exact,Not Graphics Only,1.0,nolvus-awekening-redux,,,,,,,
1891,DESIRE - No disenchant,5.14.2 CLOTHES,nolvus,harvest_nolvus,exact,Not Graphics Only,1.0,nolvus-awekening-redux,,,,,,,
1892,Nolvus Awakening Divine Elegance Grass Fix,5.14.2 CLOTHES,nolvus,harvest_nolvus,exact,Not Graphics Only,6.0.7,nolvus-awekening-redux;nolvus-awakening-v6;nolvus-v6-ultimate-open-beta-start,,,,,,,
1893,Nolvus Awakening Divine Elegance Store Patch,5.14.2 CLOTHES,nolvus,harvest_nolvus,exact,Not Graphics Only,6.0,nolvus-awekening-redux;nolvus-awakening-v6;nolvus-v6-ultimate-open-beta-start,,,,,,,
1894,Apachii Divine Elegance Store - 3BA Bodyslides,5.14.2 CLOTHES,nolvus,harvest_nolvus,exact,Not Graphics Only,1.97,nolvus-awekening-redux;nolvus-awakening-v6;nolvus-v6-ultimate-open-beta-start,,,,,,,
1895,Apachii Divine Elegance Store - CBBE Patch,5.14.2 CLOTHES,nolvus,harvest_nolvus,exact,Not Graphics Only,2.0,nolvus-awekening-redux;nolvus-awakening-v6;nolvus-v6-ultimate-open-beta-start,,,,,,,
1896,Apachii Divine Elegance Store - Iris Dress Textures Fix,5.14.2 CLOTHES,nolvus,harvest_nolvus,exact,Not Graphics Only,2.0,nolvus-awekening-redux;nolvus-awakening-v6;nolvus-v6-ultimate-open-beta-start,,,,,,,
1897,Apachii Divine Elegance Store - Dawnguard Patch,5.14.2 CLOTHES,nolvus,harvest_nolvus,exact,Not Graphics Only,2.0,nolvus-awekening-redux;nolvus-awakening-v6;nolvus-v6-ultimate-open-beta-start,,,,,,,
1898,Apachii Divine Elegance Store - USSEP Patch,5.14.2 CLOTHES,nolvus,harvest_nolvus,exact,Not Graphics Only,1.8,nolvus-awekening-redux;nolvus-awakening-v6;nolvus-v6-ultimate-open-beta-start,,,,,,,
1899,Apachii Divine Elegance Store,5.14.2 CLOTHES,nolvus,harvest_nolvus,exact,Not Graphics Only,2.0,nolvus-awekening-redux;nolvus-awakening-v6;nolvus-v6-ultimate-open-beta-start,,,,,,,
1900,Rustic Clothing [2K],5.14.2 CLOTHES,nolvus,harvest_nolvus,exact,Not Redux,3.0,nolvus-awakening-v6;nolvus-v6-ultimate-open-beta-start,,,,,,,
1902,DOMINION - HDT SMP Patch,5.14.1 ARMORS,unknown,review,exact,,,,,,,,,,not in any snapshot; identify on Nexus
1903,DOMINION - New Thalmor Armors and Weapons,5.14.1 ARMORS,unknown,review,exact,,,,,,,,,,not in any snapshot; identify on Nexus
1904,full_inu Armor Pack 01 SPID Distribution,5.14.1 ARMORS,unknown,review,exact,,,,,,,,,,not in any snapshot; identify on Nexus
1905,Knight-Herald - HDT-SMP - Vanilla - CBBE 3BA - Optional PBR,5.14.1 ARMORS,unknown,review,exact,,,,,,,,,,not in any snapshot; identify on Nexus
1906,[full_inu] Armor Pack 01 SSE,5.14.1 ARMORS,non_nexus,drop,exact,,,,,,,,,,blog/Patreon
1907,Shattered Royal Armor,5.14.1 ARMORS,unknown,review,exact,,,,,,,,,,not in any snapshot; identify on Nexus
1908,Breton Field Knight Armor Set - with PBR 2K,5.14.1 ARMORS,unknown,review,exact,,,,,,,,,,not in any snapshot; identify on Nexus
1909,Breton Field Knight Armor Set - with PBR,5.14.1 ARMORS,unknown,review,exact,,,,,,,,,,not in any snapshot; identify on Nexus
1910,Wayrest Sellsword Set - My patches SE by Xtudo,5.14.1 ARMORS,mv,harvest_mv,exact,,,,yes,,115935,487721,1,WayrestSellswordSet.esl,
1911,Wayrest Sellsword 3BA HDT-SMP,5.14.1 ARMORS,mv,harvest_mv,exact,,,,yes,,122483,514018,0.1,,
1912,Wayrest Sellsword Set,5.14.1 ARMORS,mv,harvest_mv,exact,,,,yes,,103601,441885,1.1,WayrestSellswordSet.esl,
1913,River Watch Set - SE by Xtudo - HIMBO Shin Guards,5.14.1 ARMORS,mv,harvest_mv,exact,,,,yes,,108749,459172,1,,
1914,River Watch Set - SE by Xtudo - FIXES,5.14.1 ARMORS,mv,harvest_mv,exact,,,,yes,,108749,460780,1,RiverWatchSet - My fixes and edits by Xtudo.esp,
1915,River Watch Set - SE by Xtudo - CBBE Shin Guards,5.14.1 ARMORS,mv,harvest_mv,exact,,,,yes,,108749,460211,1,,
1916,River Watch Set,5.14.1 ARMORS,mv,harvest_mv,exact,,,,yes,,107904,460671,1.0,RiverWatchSet.esl,
1917,[SSE] H2135 Fantasy Series8,5.14.1 ARMORS,non_nexus,drop,exact,,,,,,,,,,Patreon/Discord
1918,Obi's Zamorian Thief 3BA UBE BHUNP 4K SMP,5.14.1 ARMORS,unknown,review,exact,,,,,,,,,,not in any snapshot; identify on Nexus
1919,ABYSSAL BLADE MCO One Handed Moveset and Weapon,5.14.1 ARMORS,unknown,review,exact,,,,,,,,,,not in any snapshot; identify on Nexus
1920,[Kirax] BDOR 2024 Female Collection,5.14.1 ARMORS,non_nexus,drop,exact,,,,,,,,,,ModBooru/LoversLab
1921,[Dint999] Secret Child Of Talos,5.14.1 ARMORS,unknown,review,exact,,,,,,,,,,not in any snapshot; identify on Nexus
1922,Asura's Guard,5.14.1 ARMORS,unknown,review,exact,,,,,,,,,,not in any snapshot; identify on Nexus
1923,Bladedancer's Edge,5.14.1 ARMORS,unknown,review,exact,,,,,,,,,,not in any snapshot; identify on Nexus
1924,Obi's Desert Sorceress outfit 4K 3BA UBE BHUNP SMP,5.14.1 ARMORS,unknown,review,exact,,,,,,,,,,not in any snapshot; identify on Nexus
1925,Nolvus Awakening Armors Patch,5.14.1 ARMORS,nolvus,harvest_nolvus,exact,Not Graphics Only,6.0.21,nolvus-awekening-redux;nolvus-awakening-v6;nolvus-v6-ultimate-open-beta-start,,,,,,,
1926,Nolvus Awakening Leveled Armors Patch,5.14.1 ARMORS,nolvus,harvest_nolvus,exact,Not Graphics Only,6.0.19,nolvus-awekening-redux;nolvus-awakening-v6;nolvus-v6-ultimate-open-beta-start,,,,,,,
1927,Nolvus Awakening Armors Balance Patch,5.14.1 ARMORS,nolvus,harvest_nolvus,exact,Not Graphics Only,6.0.21,nolvus-awekening-redux;nolvus-awakening-v6;nolvus-v6-ultimate-open-beta-start,,,,,,,
1928,QND SPID Witcher Pack,5.14.1 ARMORS,nolvus,harvest_nolvus,exact,Not Graphics Only,1.11,nolvus-awekening-redux;nolvus-awakening-v6;nolvus-v6-ultimate-open-beta-start,,,,,,,
1929,QND SPID Kozakowy Pack,5.14.1 ARMORS,nolvus,harvest_nolvus,exact,Not Graphics Only,1.1,nolvus-awekening-redux;nolvus-awakening-v6;nolvus-v6-ultimate-open-beta-start,,,,,,,
1930,QND SPID Fuse Pack,5.14.1 ARMORS,nolvus,harvest_nolvus,exact,Not Graphics Only,1.21,nolvus-awekening-redux;nolvus-awakening-v6;nolvus-v6-ultimate-open-beta-start,,,,,,,
1931,QND SPID 4th Unknown Pack,5.14.1 ARMORS,nolvus,harvest_nolvus,exact,Not Graphics Only,1.21,nolvus-awekening-redux;nolvus-awakening-v6;nolvus-v6-ultimate-open-beta-start,,,,,,,
1932,QND SPID Pulcharmsolis Pack Merged,5.14.1 ARMORS,nolvus,harvest_nolvus,exact,Not Graphics Only,1.01,nolvus-awekening-redux;nolvus-awakening-v6;nolvus-v6-ultimate-open-beta-start,,,,,,,
1933,QND SPID Mihail Pack,5.14.1 ARMORS,nolvus,harvest_nolvus,exact,Not Graphics Only,1.01,nolvus-awekening-redux;nolvus-awakening-v6;nolvus-v6-ultimate-open-beta-start,,,,,,,
1934,QND SPID Dunmer Pack,5.14.1 ARMORS,nolvus,harvest_nolvus,exact,Not Graphics Only,1.0,nolvus-awekening-redux;nolvus-awakening-v6;nolvus-v6-ultimate-open-beta-start,,,,,,,
1935,QND SPID Evil Armors Pack,5.14.1 ARMORS,nolvus,harvest_nolvus,exact,Not Graphics Only,1.01,nolvus-awekening-redux;nolvus-awakening-v6;nolvus-v6-ultimate-open-beta-start,,,,,,,
1936,QND SPID Chakra Pack,5.14.1 ARMORS,nolvus,harvest_nolvus,exact,Not Graphics Only,1.01,nolvus-awekening-redux;nolvus-awakening-v6;nolvus-v6-ultimate-open-beta-start,,,,,,,
1937,QND SPID Assassin Pack,5.14.1 ARMORS,nolvus,harvest_nolvus,exact,"Not Graphics Only, Not Graphics Only",1.0,nolvus-awekening-redux;nolvus-awakening-v6;nolvus-v6-ultimate-open-beta-start,,,,,,,
1938,QND SPID NordWarUA Pack - All in One,5.14.1 ARMORS,nolvus,harvest_nolvus,exact,Not Graphics Only,1.04,nolvus-awekening-redux;nolvus-awakening-v6;nolvus-v6-ultimate-open-beta-start,,,,,,,
1939,Fluted Armor - Xtudo Patch - HDT,5.14.1 ARMORS,nolvus,harvest_nolvus,exact,Not Graphics Only,3.0,nolvus-awekening-redux,,,,,,,
1940,Fluted Armor - Xtudo Patch,5.14.1 ARMORS,nolvus,harvest_nolvus,exact,Not Graphics Only,3.0,nolvus-awekening-redux,,,,,,,
1941,Fluted Armor - HDT SMP - HIMBO,5.14.1 ARMORS,nolvus,harvest_nolvus,exact,Not Graphics Only,1.0,nolvus-awekening-redux,,,,,,,
1942,Fluted Armor - HDT SMP - 3BA,5.14.1 ARMORS,nolvus,harvest_nolvus,exact,Not Graphics Only,1.0,nolvus-awekening-redux,,,,,,,
1943,Fluted Armor - HDT SMP,5.14.1 ARMORS,nolvus,harvest_nolvus,exact,Not Graphics Only,1.0,nolvus-awekening-redux,,,,,,,
1944,Fluted Armor,5.14.1 ARMORS,nolvus,harvest_nolvus,exact,Not Graphics Only,2.0,nolvus-awekening-redux,,,,,,,
1945,Wulfgar's Nordic Berserker Armor,5.14.1 ARMORS,nolvus,harvest_nolvus,exact,Not Graphics Only,1.0,nolvus-awekening-redux,,,,,,,
1946,Armor of Nocturnal - HIMBO,5.14.1 ARMORS,nolvus,harvest_nolvus,exact,Not Graphics Only,1.0,nolvus-awekening-redux,,,,,,,
1947,Armor of Nocturnal - Textures [2K],5.14.1 ARMORS,nolvus,harvest_nolvus,exact,Not Graphics Only,1.1,nolvus-awekening-redux,,,,,,,
1948,Armor of Nocturnal,5.14.1 ARMORS,nolvus,harvest_nolvus,exact,Not Graphics Only,1.1,nolvus-awekening-redux,,,,,,,
1949,Chevalier's Armor Set - HIMBO,5.14.1 ARMORS,nolvus,harvest_nolvus,exact,Not Graphics Only,1.1,nolvus-awekening-redux,,,,,,,
1950,Chevalier's Armor Set - 3BA,5.14.1 ARMORS,nolvus,harvest_nolvus,exact,Not Graphics Only,1.1,nolvus-awekening-redux,,,,,,,
1951,Chevalier's Armor Set,5.14.1 ARMORS,nolvus,harvest_nolvus,exact,Not Graphics Only,1.1,nolvus-awekening-redux,,,,,,,
1952,Obi's Gladiator Armor - 3BA,5.14.1 ARMORS,nolvus,harvest_nolvus,exact,Not Graphics Only,1.0,nolvus-awekening-redux,,,,,,,
1953,Obi's Gladiator Armor,5.14.1 ARMORS,nolvus,harvest_nolvus,exact,Not Graphics Only,1.0,nolvus-awekening-redux,,,,,,,
1954,Cold Foreigner Outfit - Xtudo Patches,5.14.1 ARMORS,nolvus,harvest_nolvus,exact,Not Graphics Only,1.3,nolvus-awekening-redux,,,,,,,
1955,Cold Foreigner Outfit,5.14.1 ARMORS,nolvus,harvest_nolvus,exact,Not Graphics Only,1.04,nolvus-awekening-redux,,,,,,,
1956,Draugr Warrior Armor - HIMBO,5.14.1 ARMORS,nolvus,harvest_nolvus,exact,Not Graphics Only,1.1,nolvus-awekening-redux,,,,,,,
1957,Draugr Warrior Armor - 3BA,5.14.1 ARMORS,nolvus,harvest_nolvus,exact,Not Graphics Only,1.1,nolvus-awekening-redux,,,,,,,
1958,Draugr Warrior Armor - Textures [2K],5.14.1 ARMORS,nolvus,harvest_nolvus,exact,Not Graphics Only,1,nolvus-awekening-redux,,,,,,,
1959,Draugr Warrior Armor - Xtudo Patches,5.14.1 ARMORS,nolvus,harvest_nolvus,exact,Not Graphics Only,1,nolvus-awekening-redux,,,,,,,
1960,Draugr Warrior Armor,5.14.1 ARMORS,nolvus,harvest_nolvus,exact,Not Graphics Only,1.0,nolvus-awekening-redux,,,,,,,
1961,Master Thief Armor - HIMBO,5.14.1 ARMORS,nolvus,harvest_nolvus,exact,Not Graphics Only,1.3,nolvus-awekening-redux,,,,,,,
1962,Master Thief Armor - HDT SMP,5.14.1 ARMORS,nolvus,harvest_nolvus,exact,Not Graphics Only,1.0,nolvus-awekening-redux,,,,,,,
1963,Master Thief Armor - Beast Race Support,5.14.1 ARMORS,both,harvest_nolvus,exact,Not Graphics Only,1.0,nolvus-awekening-redux,yes,,142792,598750,1.0,MT Armor BRS.esp,section suggests Nolvus copy
1964,Master Thief Armor - Textures [2K],5.14.1 ARMORS,nolvus,harvest_nolvus,exact,Not Graphics Only,1.3,nolvus-awekening-redux,,,,,,,
1965,Master Thief Armor,5.14.1 ARMORS,nolvus,harvest_nolvus,exact,Not Graphics Only,1.3,nolvus-awekening-redux,,,,,,,
1966,Great Outfits Of Special Edition - College of Winterhold,5.14.1 ARMORS,nolvus,harvest_nolvus,exact,Not Graphics Only,1.0,nolvus-awekening-redux;nolvus-awakening-v6;nolvus-v6-ultimate-open-beta-start,,,,,,,
1967,Great Outfits Of Special Edition - Mages of Skyrim,5.14.1 ARMORS,nolvus,harvest_nolvus,exact,Not Graphics Only,1.2,nolvus-awekening-redux;nolvus-awakening-v6;nolvus-v6-ultimate-open-beta-start,,,,,,,
1968,Vampire Robes,5.14.1 ARMORS,nolvus,harvest_nolvus,exact,Not Graphics Only,1.0,nolvus-awekening-redux;nolvus-awakening-v6;nolvus-v6-ultimate-open-beta-start,,,,,,,
1969,Templar Assassin Armor - 3BA,5.14.1 ARMORS,nolvus,harvest_nolvus,exact,"Not Graphics Only, Not Graphics Only",1.0,nolvus-awekening-redux;nolvus-awakening-v6;nolvus-v6-ultimate-open-beta-start,,,,,,,
1970,Templar Assassin Armor,5.14.1 ARMORS,nolvus,harvest_nolvus,exact,"Not Graphics Only, Not Graphics Only",1.0,nolvus-awekening-redux;nolvus-awakening-v6;nolvus-v6-ultimate-open-beta-start,,,,,,,
1971,Spartacus Slave - Xtudo - Fixes,5.14.1 ARMORS,nolvus,harvest_nolvus,exact,Not Graphics Only,1,nolvus-awekening-redux;nolvus-awakening-v6;nolvus-v6-ultimate-open-beta-start,,,,,,,
1972,Spartacus Slave,5.14.1 ARMORS,both,harvest_nolvus,exact,Not Graphics Only,1.0,nolvus-awekening-redux;nolvus-awakening-v6;nolvus-v6-ultimate-open-beta-start,yes,,121673,510693,1.0,[Ashtoreth] Spartacus Slave.esp,section suggests Nolvus copy
1973,Maya Instinct Killer - Xtudo [2K],5.14.1 ARMORS,nolvus,harvest_nolvus,exact,Not Graphics Only,1.2,nolvus-awekening-redux;nolvus-awakening-v6;nolvus-v6-ultimate-open-beta-start,,,,,,,
1974,Maya Instinct Killer,5.14.1 ARMORS,nolvus,harvest_nolvus,exact,Not Graphics Only,1.0,nolvus-awekening-redux;nolvus-awakening-v6;nolvus-v6-ultimate-open-beta-start,,,,,,,
1975,Duskrogue Armor - Xtudo [2K],5.14.1 ARMORS,nolvus,harvest_nolvus,exact,Not Graphics Only,1.6,nolvus-awekening-redux;nolvus-awakening-v6;nolvus-v6-ultimate-open-beta-start,,,,,,,
1976,Duskrogue Armor - Xtudo - Fixes - Extra Colors,5.14.1 ARMORS,nolvus,harvest_nolvus,exact,Not Graphics Only,1.6,nolvus-awekening-redux;nolvus-awakening-v6;nolvus-v6-ultimate-open-beta-start,,,,,,,
1977,Duskrogue Armor,5.14.1 ARMORS,nolvus,harvest_nolvus,exact,Not Graphics Only,1.0,nolvus-awekening-redux;nolvus-awakening-v6;nolvus-v6-ultimate-open-beta-start,,,,,,,
1978,Black Hellebore,5.14.1 ARMORS,nolvus,harvest_nolvus,exact,Not Graphics Only,1.0,nolvus-awekening-redux;nolvus-awakening-v6;nolvus-v6-ultimate-open-beta-start,,,,,,,
1979,Nord Battlemage Armor - ESL,5.14.1 ARMORS,nolvus,harvest_nolvus,exact,Not Graphics Only,1.0,nolvus-awekening-redux;nolvus-awakening-v6;nolvus-v6-ultimate-open-beta-start,,,,,,,
1980,Nord Battlemage Armor,5.14.1 ARMORS,nolvus,harvest_nolvus,exact,Not Graphics Only,1.12.1,nolvus-awekening-redux;nolvus-awakening-v6;nolvus-v6-ultimate-open-beta-start,,,,,,,
1981,The Southbound Scouts - Sir Rumple's version,5.14.1 ARMORS,nolvus,harvest_nolvus,exact,Not Graphics Only,1.0,nolvus-awekening-redux;nolvus-awakening-v6;nolvus-v6-ultimate-open-beta-start,,,,,,,
1982,The Southbound Scouts - HD Textures,5.14.1 ARMORS,nolvus,harvest_nolvus,exact,Not Graphics Only,1.01,nolvus-awekening-redux;nolvus-awakening-v6;nolvus-v6-ultimate-open-beta-start,,,,,,,
1983,The Southbound Scouts - HDT-SMP,5.14.1 ARMORS,both,harvest_nolvus,exact,Not Graphics Only,1.01,nolvus-awekening-redux;nolvus-awakening-v6;nolvus-v6-ultimate-open-beta-start,yes,,122550,532539,1.01,evgSouthboundScouts.esp,section suggests Nolvus copy
1984,Soul Hunter Armor Mashup,5.14.1 ARMORS,nolvus,harvest_nolvus,exact,Not Graphics Only,1.6,nolvus-awekening-redux;nolvus-awakening-v6;nolvus-v6-ultimate-open-beta-start,,,,,,,
1985,Master Necromancer Robes - HIMBO,5.14.1 ARMORS,nolvus,harvest_nolvus,exact,Not Graphics Only,1.0,nolvus-awekening-redux;nolvus-awakening-v6;nolvus-v6-ultimate-open-beta-start,,,,,,,
1986,Master Necromancer Robes - 3BA,5.14.1 ARMORS,nolvus,harvest_nolvus,exact,Not Graphics Only,0.1alpha,nolvus-awekening-redux;nolvus-awakening-v6;nolvus-v6-ultimate-open-beta-start,,,,,,,
1987,Master Necromancer Robes - ESL,5.14.1 ARMORS,nolvus,harvest_nolvus,exact,Not Graphics Only,1.0,nolvus-awekening-redux;nolvus-awakening-v6;nolvus-v6-ultimate-open-beta-start,,,,,,,
1988,Master Necromancer Robes,5.14.1 ARMORS,nolvus,harvest_nolvus,exact,Not Graphics Only,1.0,nolvus-awekening-redux;nolvus-awakening-v6;nolvus-v6-ultimate-open-beta-start,,,,,,,
1989,Arcane Mage Armor - HIMBO,5.14.1 ARMORS,nolvus,harvest_nolvus,exact,Not Graphics Only,1.0,nolvus-awekening-redux;nolvus-awakening-v6;nolvus-v6-ultimate-open-beta-start,,,,,,,
1990,Arcane Mage Armor - 3BA,5.14.1 ARMORS,nolvus,harvest_nolvus,exact,Not Graphics Only,1.0,nolvus-awekening-redux;nolvus-awakening-v6;nolvus-v6-ultimate-open-beta-start,,,,,,,
1991,Arcane Mage Armor,5.14.1 ARMORS,nolvus,harvest_nolvus,exact,Not Graphics Only,1.0,nolvus-awekening-redux;nolvus-awakening-v6;nolvus-v6-ultimate-open-beta-start,,,,,,,
1992,Dark Witch Armor - 3BA,5.14.1 ARMORS,nolvus,harvest_nolvus,exact,Not Graphics Only,1.4,nolvus-awekening-redux;nolvus-awakening-v6;nolvus-v6-ultimate-open-beta-start,,,,,,,
1993,Dark Witch Armor,5.14.1 ARMORS,nolvus,harvest_nolvus,exact,Not Graphics Only,1.4,nolvus-awekening-redux;nolvus-awakening-v6;nolvus-v6-ultimate-open-beta-start,,,,,,,
1994,Black Mage Armor - 3BA - HIMBO,5.14.1 ARMORS,nolvus,harvest_nolvus,exact,Not Graphics Only,1.0,nolvus-awekening-redux;nolvus-awakening-v6;nolvus-v6-ultimate-open-beta-start,,,,,,,
1995,Black Mage Armor - Bugfix - Updated for ESL,5.14.1 ARMORS,nolvus,harvest_nolvus,exact,Not Graphics Only,1.0,nolvus-awekening-redux;nolvus-awakening-v6;nolvus-v6-ultimate-open-beta-start,,,,,,,
1996,Black Mage Armor - Bug Fix and Open Helmet Patch,5.14.1 ARMORS,nolvus,harvest_nolvus,exact,Not Graphics Only,2.0,nolvus-awekening-redux;nolvus-awakening-v6;nolvus-v6-ultimate-open-beta-start,,,,,,,
1997,Black Mage Armor - ESL Patch,5.14.1 ARMORS,nolvus,harvest_nolvus,exact,Not Graphics Only,1.0,nolvus-awekening-redux;nolvus-awakening-v6;nolvus-v6-ultimate-open-beta-start,,,,,,,
1998,Black Mage Armor,5.14.1 ARMORS,nolvus,harvest_nolvus,exact,Not Graphics Only,1.10,nolvus-awekening-redux;nolvus-awakening-v6;nolvus-v6-ultimate-open-beta-start,,,,,,,
1999,Knight Errant Armor Set - HIMBO,5.14.1 ARMORS,nolvus,harvest_nolvus,exact,Not Graphics Only,1.1,nolvus-awekening-redux;nolvus-awakening-v6;nolvus-v6-ultimate-open-beta-start,,,,,,,
2000,Knight Errant Armor Set - CBBE,5.14.1 ARMORS,nolvus,harvest_nolvus,exact,Not Graphics Only,1.1,nolvus-awekening-redux;nolvus-awakening-v6;nolvus-v6-ultimate-open-beta-start,,,,,,,
2001,Knight Errant Armor Set [2K],5.14.1 ARMORS,nolvus,harvest_nolvus,exact,Not Graphics Only,1.4,nolvus-awekening-redux;nolvus-awakening-v6;nolvus-v6-ultimate-open-beta-start,,,,,,,
2002,Knight Errant Armor Set,5.14.1 ARMORS,nolvus,harvest_nolvus,exact,Not Graphics Only,1.4,nolvus-awekening-redux;nolvus-awakening-v6;nolvus-v6-ultimate-open-beta-start,,,,,,,
2003,Aetherium Armor and Weapons - The Tools of Kagrenac Synergy Patch,5.14.1 ARMORS,nolvus,harvest_nolvus,exact,Not Graphics Only,1.0,nolvus-awekening-redux;nolvus-awakening-v6;nolvus-v6-ultimate-open-beta-start,,,,,,,
2004,Aetherium Armor and Weapons - The Tools of Kagrenac Patch,5.14.1 ARMORS,nolvus,harvest_nolvus,exact,Not Graphics Only,1.0,nolvus-awekening-redux;nolvus-awakening-v6;nolvus-v6-ultimate-open-beta-start,,,,,,,
2005,Aetherium Armor and Weapons - More Ore,5.14.1 ARMORS,nolvus,harvest_nolvus,exact,Not Graphics Only,1.0,nolvus-awekening-redux;nolvus-awakening-v6;nolvus-v6-ultimate-open-beta-start,,,,,,,
2006,Aetherium Armor and Weapons - Cleaned Textures [2K],5.14.1 ARMORS,nolvus,harvest_nolvus,exact,Not Graphics Only,2.0,nolvus-awekening-redux;nolvus-awakening-v6;nolvus-v6-ultimate-open-beta-start,,,,,,,
2007,Aetherium Armor and Weapons Compilation - Minor Fixes - LOTD Patch,5.14.1 ARMORS,nolvus,harvest_nolvus,exact,Not Graphics Only,1.0,nolvus-awekening-redux;nolvus-awakening-v6;nolvus-v6-ultimate-open-beta-start,,,,,,,
2008,Aetherium Armor and Weapons Compilation - Minor Fixes,5.14.1 ARMORS,nolvus,harvest_nolvus,exact,Not Graphics Only,1.0,nolvus-awekening-redux;nolvus-awakening-v6;nolvus-v6-ultimate-open-beta-start,,,,,,,
2009,Aetherium Armor and Weapons,5.14.1 ARMORS,nolvus,harvest_nolvus,exact,Not Graphics Only,1.1.1,nolvus-awekening-redux;nolvus-awakening-v6;nolvus-v6-ultimate-open-beta-start,,,,,,,
2010,Fuse Vendalian Armor - HIMBO,5.14.1 ARMORS,nolvus,harvest_nolvus,exact,Not Graphics Only,1.0.1,nolvus-awekening-redux,,,,,,,
2011,_Fuse00AmberHair,5.14.1 ARMORS,mv,harvest_mv,exact,,,,yes,,,,,_Fuse00AmberHair.esp,
2012,Fuse Vendalian Armor (Male),5.14.1 ARMORS,nolvus,harvest_nolvus,exact,Not Graphics Only,1.0,nolvus-awekening-redux;nolvus-awakening-v6;nolvus-v6-ultimate-open-beta-start,,,,,,,
2013,Fuse Vendalian Armor (Female),5.14.1 ARMORS,nolvus,harvest_nolvus,exact,Not Graphics Only,1.0,nolvus-awekening-redux;nolvus-awakening-v6;nolvus-v6-ultimate-open-beta-start,,,,,,,
2014,Fuse Sona Armor (Male),5.14.1 ARMORS,nolvus,harvest_nolvus,exact,Not Graphics Only,1.0,nolvus-awekening-redux;nolvus-awakening-v6;nolvus-v6-ultimate-open-beta-start,,,,,,,
2015,Fuse Sona Armor (Female),5.14.1 ARMORS,nolvus,harvest_nolvus,exact,Not Graphics Only,1.0,nolvus-awekening-redux;nolvus-awakening-v6;nolvus-v6-ultimate-open-beta-start,,,,,,,
2016,Fuse Rogue Armor,5.14.1 ARMORS,nolvus,harvest_nolvus,exact,Not Graphics Only,1.0,nolvus-awekening-redux;nolvus-awakening-v6;nolvus-v6-ultimate-open-beta-start,,,,,,,
2017,Fuse Red Warrior Armor (Male),5.14.1 ARMORS,nolvus,harvest_nolvus,exact,Not Graphics Only,1.0,nolvus-awekening-redux;nolvus-awakening-v6;nolvus-v6-ultimate-open-beta-start,,,,,,,
2018,Fuse Red Warrior Armor (Female),5.14.1 ARMORS,nolvus,harvest_nolvus,exact,Not Graphics Only,1.0,nolvus-awekening-redux;nolvus-awakening-v6;nolvus-v6-ultimate-open-beta-start,,,,,,,
2019,Fuse Phantom Armor (Male),5.14.1 ARMORS,nolvus,harvest_nolvus,exact,Not Graphics Only,1.0,nolvus-awekening-redux;nolvus-awakening-v6;nolvus-v6-ultimate-open-beta-start,,,,,,,
2020,Fuse Phantom Armor (Female),5.14.1 ARMORS,nolvus,harvest_nolvus,exact,Not Graphics Only,1.0,nolvus-awekening-redux;nolvus-awakening-v6;nolvus-v6-ultimate-open-beta-start,,,,,,,
2021,Fuse Geralt Armor,5.14.1 ARMORS,nolvus,harvest_nolvus,exact,Not Graphics Only,1.0,nolvus-awekening-redux;nolvus-awakening-v6;nolvus-v6-ultimate-open-beta-start,,,,,,,
2022,Fuse Melony Armor,5.14.1 ARMORS,nolvus,harvest_nolvus,exact,Not Graphics Only,1.0,nolvus-awekening-redux;nolvus-awakening-v6;nolvus-v6-ultimate-open-beta-start,,,,,,,
2023,Fuse Leon Armor,5.14.1 ARMORS,nolvus,harvest_nolvus,exact,Not Graphics Only,1.0,nolvus-awekening-redux;nolvus-awakening-v6;nolvus-v6-ultimate-open-beta-start,,,,,,,
2024,Fuse Highlander Armor (Male),5.14.1 ARMORS,nolvus,harvest_nolvus,exact,Not Graphics Only,1.0,nolvus-awekening-redux;nolvus-awakening-v6;nolvus-v6-ultimate-open-beta-start,,,,,,,
2025,Fuse Highlander Armor (Female),5.14.1 ARMORS,nolvus,harvest_nolvus,exact,Not Graphics Only,1.0,nolvus-awekening-redux;nolvus-awakening-v6;nolvus-v6-ultimate-open-beta-start,,,,,,,
2026,Fuse Aemond Armor,5.14.1 ARMORS,nolvus,harvest_nolvus,exact,Not Graphics Only,1.0,nolvus-awekening-redux;nolvus-awakening-v6;nolvus-v6-ultimate-open-beta-start,,,,,,,
2027,Onyx Lancer Armor,5.14.1 ARMORS,nolvus,harvest_nolvus,exact,Not Graphics Only,1.3,nolvus-awekening-redux;nolvus-awakening-v6;nolvus-v6-ultimate-open-beta-start,,,,,,,
2028,Easthold Totemic - 3BA,5.14.1 ARMORS,nolvus,harvest_nolvus,exact,Not Graphics Only,0.1,nolvus-awekening-redux;nolvus-awakening-v6;nolvus-v6-ultimate-open-beta-start,,,,,,,
2029,Easthold Totemic Set,5.14.1 ARMORS,both,harvest_nolvus,exact,Not Graphics Only,1.0,nolvus-awekening-redux;nolvus-awakening-v6;nolvus-v6-ultimate-open-beta-start,yes,,100401,428046,1.0,EastholdTotemicSet.esl,section suggests Nolvus copy
2030,Aegis Anuad,5.14.1 ARMORS,both,harvest_nolvus,exact,Not Graphics Only,1.1,nolvus-awekening-redux;nolvus-awakening-v6;nolvus-v6-ultimate-open-beta-start,yes,,95089,421709,1.1,AegisAnuad.esl,section suggests Nolvus copy
2031,Lunar Guard Armor,5.14.1 ARMORS,both,harvest_nolvus,exact,Not Graphics Only,1.3,nolvus-awekening-redux;nolvus-awakening-v6;nolvus-v6-ultimate-open-beta-start,yes,,75349,365343,1.3,LunarGuardArmor.esp,section suggests Nolvus copy
2032,King Crusader Mega Pack,5.14.1 ARMORS,nolvus,harvest_nolvus,exact,Not Graphics Only,1.6,nolvus-awekening-redux;nolvus-awakening-v6;nolvus-v6-ultimate-open-beta-start,,,,,,,
2033,Wild Witch Outfit,5.14.1 ARMORS,both,harvest_nolvus,exact,Not Graphics Only,0.5.1,nolvus-awekening-redux;nolvus-awakening-v6;nolvus-v6-ultimate-open-beta-start,yes,,81085,617280,0.2.7,ksws03.esp,section suggests Nolvus copy
2034,Perseus Armor - 3BA SMP,5.14.1 ARMORS,nolvus,harvest_nolvus,exact,Not Graphics Only,1.0,nolvus-awekening-redux;nolvus-awakening-v6;nolvus-v6-ultimate-open-beta-start,,,,,,,
2035,Perseus Armor,5.14.1 ARMORS,nolvus,harvest_nolvus,exact,Not Graphics Only,1.0,nolvus-awekening-redux;nolvus-awakening-v6;nolvus-v6-ultimate-open-beta-start,,,,,,,
2036,Gorm Armor,5.14.1 ARMORS,nolvus,harvest_nolvus,exact,Not Graphics Only,1.2,nolvus-awekening-redux;nolvus-awakening-v6;nolvus-v6-ultimate-open-beta-start,,,,,,,
2037,Gryphonknight Regalia,5.14.1 ARMORS,nolvus,harvest_nolvus,exact,Not Graphics Only,1.2.5,nolvus-awekening-redux;nolvus-awakening-v6;nolvus-v6-ultimate-open-beta-start,,,,,,,
2038,Crown Plate Set,5.14.1 ARMORS,both,harvest_nolvus,exact,Not Graphics Only,1.2,nolvus-awekening-redux;nolvus-awakening-v6;nolvus-v6-ultimate-open-beta-start,yes,,114751,488680,1.1,CrownPlate.esl,section suggests Nolvus copy
2039,Ahlanna Armor,5.14.1 ARMORS,nolvus,harvest_nolvus,exact,Not Graphics Only,1.0,nolvus-awekening-redux;nolvus-awakening-v6;nolvus-v6-ultimate-open-beta-start,,,,,,,
2040,Yaldabaoth Armor - 3BA,5.14.1 ARMORS,nolvus,harvest_nolvus,exact,Not Graphics Only,0.3,nolvus-awekening-redux;nolvus-awakening-v6;nolvus-v6-ultimate-open-beta-start,,,,,,,
2041,Yaldabaoth Armor - HDT SMP,5.14.1 ARMORS,nolvus,harvest_nolvus,exact,Not Graphics Only,1.0,nolvus-awekening-redux;nolvus-awakening-v6;nolvus-v6-ultimate-open-beta-start,,,,,,,
2042,Yaldabaoth Armor,5.14.1 ARMORS,both,harvest_nolvus,exact,Not Graphics Only,1.1,nolvus-awekening-redux;nolvus-awakening-v6;nolvus-v6-ultimate-open-beta-start,yes,,104528,443104,1.10,YaldabaothArmor.esp,section suggests Nolvus copy
2043,Moon Monk's Robes - HIMBO,5.14.1 ARMORS,nolvus,harvest_nolvus,exact,Not Graphics Only,1.1,nolvus-awekening-redux;nolvus-awakening-v6;nolvus-v6-ultimate-open-beta-start,,,,,,,
2044,Moon Monk's Robes - 3BA,5.14.1 ARMORS,nolvus,harvest_nolvus,exact,Not Graphics Only,0.1a,nolvus-awekening-redux;nolvus-awakening-v6;nolvus-v6-ultimate-open-beta-start,,,,,,,
2045,Moon Monk's Robes,5.14.1 ARMORS,both,harvest_nolvus,exact,Not Graphics Only,1.2,nolvus-awekening-redux;nolvus-awakening-v6;nolvus-v6-ultimate-open-beta-start,yes,,82495,563342,1.1,Kad_MoonMonkRobes.esp,section suggests Nolvus copy
2046,Ysmir Armor - Xtudo - Fixes Companions,5.14.1 ARMORS,nolvus,harvest_nolvus,exact,Not Graphics Only,1.7,nolvus-awekening-redux;nolvus-awakening-v6;nolvus-v6-ultimate-open-beta-start,,,,,,,
2047,Ysmir Armor - 3BA,5.14.1 ARMORS,nolvus,harvest_nolvus,exact,Not Graphics Only,1.1,nolvus-awekening-redux;nolvus-awakening-v6;nolvus-v6-ultimate-open-beta-start,,,,,,,
2048,Ysmir Armor,5.14.1 ARMORS,nolvus,harvest_nolvus,exact,Not Graphics Only,1.0,nolvus-awekening-redux;nolvus-awakening-v6;nolvus-v6-ultimate-open-beta-start,,,,,,,
2049,The Witcher 3 Nilfgaardian Armour,5.14.1 ARMORS,nolvus,harvest_nolvus,exact,Not Graphics Only,2.0,nolvus-awekening-redux;nolvus-awakening-v6;nolvus-v6-ultimate-open-beta-start,,,,,,,
2050,Vampire Armour,5.14.1 ARMORS,nolvus,harvest_nolvus,exact,Not Graphics Only,1.0,nolvus-awekening-redux;nolvus-awakening-v6;nolvus-v6-ultimate-open-beta-start,,,,,,,
2051,Sparrowhawk Armor,5.14.1 ARMORS,nolvus,harvest_nolvus,exact,Not Graphics Only,1.0,nolvus-awekening-redux;nolvus-awakening-v6;nolvus-v6-ultimate-open-beta-start,,,,,,,
2052,Ciri's Outfit - CBBE,5.14.1 ARMORS,nolvus,harvest_nolvus,exact,Not Graphics Only,1.5,nolvus-awekening-redux;nolvus-awakening-v6;nolvus-v6-ultimate-open-beta-start,,,,,,,
2053,Ciri's Outfit,5.14.1 ARMORS,nolvus,harvest_nolvus,exact,Not Graphics Only,1.5,nolvus-awekening-redux;nolvus-awakening-v6;nolvus-v6-ultimate-open-beta-start,,,,,,,
2054,Grandmaster Wolven Armor,5.14.1 ARMORS,nolvus,harvest_nolvus,exact,Not Graphics Only,1.3.1,nolvus-awekening-redux;nolvus-awakening-v6;nolvus-v6-ultimate-open-beta-start,,,,,,,
2055,Kozakowy's 1888 Helena Modrzejewska Gown,5.14.1 ARMORS,nolvus,harvest_nolvus,exact,Not Graphics Only,1.3.1,nolvus-awekening-redux;nolvus-awakening-v6;nolvus-v6-ultimate-open-beta-start,,,,,,,
2056,Kozakowy's 1760 Black Stays Corset Outfit,5.14.1 ARMORS,nolvus,harvest_nolvus,exact,Not Graphics Only,1.3b,nolvus-awekening-redux;nolvus-awakening-v6;nolvus-v6-ultimate-open-beta-start,,,,,,,
2057,Kozakowy's 1660 Gown,5.14.1 ARMORS,nolvus,harvest_nolvus,exact,Not Graphics Only,1.4.2,nolvus-awekening-redux;nolvus-awakening-v6;nolvus-v6-ultimate-open-beta-start,,,,,,,
2058,Kozakowy's Mythic Dawn Priestess,5.14.1 ARMORS,nolvus,harvest_nolvus,exact,Not Graphics Only,1.2.1,nolvus-awekening-redux;nolvus-awakening-v6;nolvus-v6-ultimate-open-beta-start,,,,,,,
2059,Kozakowy's Steampunk Outfit,5.14.1 ARMORS,nolvus,harvest_nolvus,exact,Not Graphics Only,1.0,nolvus-awekening-redux;nolvus-awakening-v6;nolvus-v6-ultimate-open-beta-start,,,,,,,
2060,Kozakowy's Black Corset Dress,5.14.1 ARMORS,nolvus,harvest_nolvus,exact,Not Graphics Only,1.0,nolvus-awekening-redux;nolvus-awakening-v6;nolvus-v6-ultimate-open-beta-start,,,,,,,
2061,Kozakowy's Accessories,5.14.1 ARMORS,nolvus,harvest_nolvus,exact,Not Graphics Only,1.3,nolvus-awekening-redux;nolvus-awakening-v6;nolvus-v6-ultimate-open-beta-start,,,,,,,
2062,Barkeeper Outfit - Male,5.14.1 ARMORS,nolvus,harvest_nolvus,exact,Not Graphics Only,1.0,nolvus-awekening-redux;nolvus-awakening-v6;nolvus-v6-ultimate-open-beta-start,,,,,,,
2063,Barkeeper Outfit,5.14.1 ARMORS,nolvus,harvest_nolvus,exact,Not Graphics Only,1.0,nolvus-awekening-redux;nolvus-awakening-v6;nolvus-v6-ultimate-open-beta-start,,,,,,,
2064,Kellan Armor - HDT-SMP,5.14.1 ARMORS,nolvus,harvest_nolvus,exact,Not Graphics Only,1.0.2,nolvus-awekening-redux;nolvus-awakening-v6;nolvus-v6-ultimate-open-beta-start,,,,,,,
2065,Kellan Armor - CBBE,5.14.1 ARMORS,nolvus,harvest_nolvus,exact,Not Graphics Only,1.0,nolvus-awekening-redux;nolvus-awakening-v6;nolvus-v6-ultimate-open-beta-start,,,,,,,
2066,Kellan Armor,5.14.1 ARMORS,nolvus,harvest_nolvus,exact,Not Graphics Only,1.02,nolvus-awekening-redux;nolvus-awakening-v6;nolvus-v6-ultimate-open-beta-start,,,,,,,
2067,Gray Warden Armor,5.14.1 ARMORS,nolvus,harvest_nolvus,exact,Not Graphics Only,1.1,nolvus-awekening-redux;nolvus-awakening-v6;nolvus-v6-ultimate-open-beta-start,,,,,,,
2068,Countess Armor - HDT-SMP Body Physics,5.14.1 ARMORS,nolvus,harvest_nolvus,exact,Not Graphics Only,1.1,nolvus-awekening-redux;nolvus-awakening-v6;nolvus-v6-ultimate-open-beta-start,,,,,,,
2069,Countess Armor,5.14.1 ARMORS,both,harvest_nolvus,exact,Not Graphics Only,1.2,nolvus-awekening-redux;nolvus-awakening-v6;nolvus-v6-ultimate-open-beta-start,yes,,71116,299060,1.2,_Fuse00_ArmorCountess.esp,section suggests Nolvus copy
2070,Dust Adept Armor,5.14.1 ARMORS,nolvus,harvest_nolvus,exact,Not Graphics Only,1.0,nolvus-awekening-redux;nolvus-awakening-v6;nolvus-v6-ultimate-open-beta-start,,,,,,,
2071,Daedric Armor - Stand Alone,5.14.1 ARMORS,nolvus,harvest_nolvus,exact,Not Graphics Only,2.1,nolvus-awekening-redux;nolvus-awakening-v6;nolvus-v6-ultimate-open-beta-start,,,,,,,
2072,Daedric Armor,5.14.1 ARMORS,nolvus,harvest_nolvus,exact,Not Graphics Only,1.0,nolvus-awekening-redux;nolvus-awakening-v6;nolvus-v6-ultimate-open-beta-start,,,,,,,
2073,Falconer Armor - Xtudo Patch,5.14.1 ARMORS,nolvus,harvest_nolvus,exact,Not Graphics Only,1.5,nolvus-awekening-redux;nolvus-awakening-v6;nolvus-v6-ultimate-open-beta-start,,,,,,,
2074,Falconer Armor,5.14.1 ARMORS,nolvus,harvest_nolvus,exact,Not Graphics Only,1.0,nolvus-awekening-redux;nolvus-awakening-v6;nolvus-v6-ultimate-open-beta-start,,,,,,,
2075,Dwemer Armor,5.14.1 ARMORS,nolvus,harvest_nolvus,exact,Not Graphics Only,1.0,nolvus-awekening-redux;nolvus-awakening-v6;nolvus-v6-ultimate-open-beta-start,,,,,,,
2076,Mephala's Prelate Armor,5.14.1 ARMORS,nolvus,harvest_nolvus,exact,Not Graphics Only,1.0,nolvus-awekening-redux;nolvus-awakening-v6;nolvus-v6-ultimate-open-beta-start,,,,,,,
2077,Titus Mede I's Armor,5.14.1 ARMORS,both,harvest_nolvus,exact,Not Graphics Only,1.1.2,nolvus-awekening-redux;nolvus-awakening-v6;nolvus-v6-ultimate-open-beta-start,yes,,63376,270410,1.1.2,Titus Mede I's Armor.esp,section suggests Nolvus copy
2078,Silt Strider Armor,5.14.1 ARMORS,both,harvest_nolvus,exact,Not Graphics Only,1.1,nolvus-awekening-redux;nolvus-awakening-v6;nolvus-v6-ultimate-open-beta-start,yes,,69920,296830,1.1,siltstriderarmor.esl,section suggests Nolvus copy
2079,Ferrum Nibenis - HIMBO,5.14.1 ARMORS,nolvus,harvest_nolvus,exact,Not Graphics Only,1.1,nolvus-awekening-redux,,,,,,,
2080,Ferrum Nibenis - 3BA,5.14.1 ARMORS,nolvus,harvest_nolvus,exact,Not Graphics Only,1.0,nolvus-awekening-redux,,,,,,,
2081,Ferrum Nibenis - Xtudo Patch,5.14.1 ARMORS,nolvus,harvest_nolvus,exact,Not Graphics Only,2.1,nolvus-awekening-redux,,,,,,,
2082,Ferrum Nibenis,5.14.1 ARMORS,both,harvest_nolvus,exact,Not Graphics Only,1.5,nolvus-awekening-redux;nolvus-awakening-v6;nolvus-v6-ultimate-open-beta-start,yes,,84971,382527,1.5,FerrumNibenis.esl,section suggests Nolvus copy
2083,Maormer Seascale Set,5.14.1 ARMORS,both,harvest_nolvus,exact,Not Graphics Only,1.0,nolvus-awekening-redux;nolvus-awakening-v6;nolvus-v6-ultimate-open-beta-start,yes,,91506,389063,1.0,Seascale.esl,section suggests Nolvus copy
2084,The Sly Mage Garbs,5.14.1 ARMORS,nolvus,harvest_nolvus,exact,Not Graphics Only,1.1,nolvus-awekening-redux;nolvus-awakening-v6;nolvus-v6-ultimate-open-beta-start,,,,,,,
2085,Nemesis Armor Set - HIMBO,5.14.1 ARMORS,nolvus,harvest_nolvus,exact,Not Graphics Only,1.0,nolvus-awekening-redux;nolvus-awakening-v6;nolvus-v6-ultimate-open-beta-start,,,,,,,
2086,Nemesis Armor Set,5.14.1 ARMORS,nolvus,harvest_nolvus,exact,Not Graphics Only,1.5.2,nolvus-awekening-redux;nolvus-awakening-v6;nolvus-v6-ultimate-open-beta-start,,,,,,,
2087,Necrolock - 3BA,5.14.1 ARMORS,nolvus,harvest_nolvus,exact,Not Graphics Only,1.0,nolvus-awekening-redux;nolvus-awakening-v6;nolvus-v6-ultimate-open-beta-start,,,,,,,
2088,Necrolock,5.14.1 ARMORS,nolvus,harvest_nolvus,exact,Not Graphics Only,1.0,nolvus-awekening-redux;nolvus-awakening-v6;nolvus-v6-ultimate-open-beta-start,,,,,,,
2089,College Prestige Mage Outfit,5.14.1 ARMORS,nolvus,harvest_nolvus,exact,Not Graphics Only,1.1,nolvus-awekening-redux;nolvus-awakening-v6;nolvus-v6-ultimate-open-beta-start,,,,,,,
2090,The Alchemist's Vestments - CBBE - ESL,5.14.1 ARMORS,nolvus,harvest_nolvus,exact,Not Graphics Only,1.0,nolvus-awekening-redux;nolvus-awakening-v6;nolvus-v6-ultimate-open-beta-start,,,,,,,
2091,The Alchemist's Vestments - CBBE,5.14.1 ARMORS,nolvus,harvest_nolvus,exact,Not Graphics Only,1.0,nolvus-awekening-redux;nolvus-awakening-v6;nolvus-v6-ultimate-open-beta-start,,,,,,,
2092,The Alchemist's Vestments,5.14.1 ARMORS,nolvus,harvest_nolvus,exact,Not Graphics Only,1.3,nolvus-awekening-redux;nolvus-awakening-v6;nolvus-v6-ultimate-open-beta-start,,,,,,,
2093,Battle Mage Armor (Ark),5.14.1 ARMORS,nolvus,harvest_nolvus,exact,Not Graphics Only,2.1,nolvus-awekening-redux;nolvus-awakening-v6;nolvus-v6-ultimate-open-beta-start,,,,,,,
2094,Battle Mage Armor (Eli),5.14.1 ARMORS,nolvus,harvest_nolvus,exact,Not Graphics Only,1.0.1,nolvus-awekening-redux;nolvus-awakening-v6;nolvus-v6-ultimate-open-beta-start,,,,,,,
2095,Imperial Battlemage Robes,5.14.1 ARMORS,nolvus,harvest_nolvus,exact,Not Graphics Only,1.11,nolvus-awekening-redux;nolvus-awakening-v6;nolvus-v6-ultimate-open-beta-start,,,,,,,
2096,Tribal Sorceress Outfit,5.14.1 ARMORS,nolvus,harvest_nolvus,exact,Not Graphics Only,1.1,nolvus-awekening-redux;nolvus-awakening-v6;nolvus-v6-ultimate-open-beta-start,,,,,,,
2097,Velvet Robes and Cloaks,5.14.1 ARMORS,nolvus,harvest_nolvus,exact,Not Graphics Only,1.0,nolvus-awekening-redux;nolvus-awakening-v6;nolvus-v6-ultimate-open-beta-start,,,,,,,
2098,Archmage Khadgar's Robes - HIMBO,5.14.1 ARMORS,nolvus,harvest_nolvus,exact,Not Graphics Only,1.1,nolvus-awekening-redux;nolvus-awakening-v6;nolvus-v6-ultimate-open-beta-start,,,,,,,
2099,Archmage Khadgar's Robes,5.14.1 ARMORS,nolvus,harvest_nolvus,exact,Not Graphics Only,1.4,nolvus-awekening-redux;nolvus-awakening-v6;nolvus-v6-ultimate-open-beta-start,,,,,,,
2100,Daedric Light Armor,5.14.1 ARMORS,nolvus,harvest_nolvus,exact,Not Graphics Only,1.1,nolvus-awekening-redux;nolvus-awakening-v6;nolvus-v6-ultimate-open-beta-start,,,,,,,
2101,Necromaster Robes - No disenchant Patch,5.14.1 ARMORS,nolvus,harvest_nolvus,exact,Not Graphics Only,1.0,nolvus-awekening-redux,,,,,,,
2102,Necromaster Robes,5.14.1 ARMORS,nolvus,harvest_nolvus,exact,Not Graphics Only,2.1,nolvus-awekening-redux;nolvus-awakening-v6;nolvus-v6-ultimate-open-beta-start,,,,,,,
2103,Harbinger Armor,5.14.1 ARMORS,nolvus,harvest_nolvus,exact,Not Graphics Only,1.1,nolvus-awekening-redux;nolvus-awakening-v6;nolvus-v6-ultimate-open-beta-start,,,,,,,
2104,Dremora Sets,5.14.1 ARMORS,nolvus,harvest_nolvus,exact,Not Graphics Only,1.0,nolvus-awekening-redux;nolvus-awakening-v6;nolvus-v6-ultimate-open-beta-start,,,,,,,
2105,Morrowind Armor - Netch Leather - ESL,5.14.1 ARMORS,nolvus,harvest_nolvus,exact,Not Graphics Only,1.0,nolvus-awekening-redux;nolvus-awakening-v6;nolvus-v6-ultimate-open-beta-start,,,,,,,
2106,Morrowind Armor - Netch Leather,5.14.1 ARMORS,nolvus,harvest_nolvus,exact,Not Graphics Only,1.0,nolvus-awekening-redux;nolvus-awakening-v6;nolvus-v6-ultimate-open-beta-start,,,,,,,
2107,Ashlander Apparel - Blurry Arms and Legs Fix,5.14.1 ARMORS,nolvus,harvest_nolvus,exact,Not Graphics Only,1.0,nolvus-awekening-redux;nolvus-awakening-v6;nolvus-v6-ultimate-open-beta-start,,,,,,,
2108,Ashlander Apparel - ESL,5.14.1 ARMORS,nolvus,harvest_nolvus,exact,Not Graphics Only,1.0,nolvus-awekening-redux;nolvus-awakening-v6;nolvus-v6-ultimate-open-beta-start,,,,,,,
2109,Ashlander Apparel,5.14.1 ARMORS,nolvus,harvest_nolvus,exact,Not Graphics Only,1.0,nolvus-awekening-redux;nolvus-awakening-v6;nolvus-v6-ultimate-open-beta-start,,,,,,,
2110,Another Vampire Leather Armor,5.14.1 ARMORS,nolvus,harvest_nolvus,exact,Not Graphics Only,1.0,nolvus-awekening-redux;nolvus-awakening-v6;nolvus-v6-ultimate-open-beta-start,,,,,,,
2111,Project Veil of Death,5.14.1 ARMORS,nolvus,harvest_nolvus,exact,Not Graphics Only,1.002,nolvus-awekening-redux;nolvus-awakening-v6;nolvus-v6-ultimate-open-beta-start,,,,,,,
2112,Lord of Coldharbour Armor,5.14.1 ARMORS,nolvus,harvest_nolvus,exact,Not Graphics Only,1.001,nolvus-awekening-redux;nolvus-awakening-v6;nolvus-v6-ultimate-open-beta-start,,,,,,,
2113,Armor of Fallen Souls,5.14.1 ARMORS,nolvus,harvest_nolvus,exact,Not Graphics Only,1.00,nolvus-awekening-redux;nolvus-awakening-v6;nolvus-v6-ultimate-open-beta-start,,,,,,,
2114,Arsenal of Twisted Faith,5.14.1 ARMORS,nolvus,harvest_nolvus,exact,Not Graphics Only,1.2,nolvus-awekening-redux;nolvus-awakening-v6;nolvus-v6-ultimate-open-beta-start,,,,,,,
2115,King's Pawns Armor,5.14.1 ARMORS,nolvus,harvest_nolvus,exact,Not Graphics Only,1.00,nolvus-awekening-redux;nolvus-awakening-v6;nolvus-v6-ultimate-open-beta-start,,,,,,,
2116,Devotees of Akatosh Armor,5.14.1 ARMORS,nolvus,harvest_nolvus,exact,Not Graphics Only,1.00,nolvus-awekening-redux;nolvus-awakening-v6;nolvus-v6-ultimate-open-beta-start,,,,,,,
2117,Warbringer Armor,5.14.1 ARMORS,nolvus,harvest_nolvus,exact,Not Graphics Only,1.1,nolvus-awekening-redux;nolvus-awakening-v6;nolvus-v6-ultimate-open-beta-start,,,,,,,
2118,Draugr Bishop Armor,5.14.1 ARMORS,nolvus,harvest_nolvus,exact,Not Graphics Only,1.00,nolvus-awekening-redux;nolvus-awakening-v6;nolvus-v6-ultimate-open-beta-start,,,,,,,
2119,Aldmeri Thug Armor,5.14.1 ARMORS,nolvus,harvest_nolvus,exact,Not Graphics Only,1.00,nolvus-awekening-redux;nolvus-awakening-v6;nolvus-v6-ultimate-open-beta-start,,,,,,,
2120,Black Dawn Armor,5.14.1 ARMORS,nolvus,harvest_nolvus,exact,Not Graphics Only,1.00,nolvus-awekening-redux;nolvus-awakening-v6;nolvus-v6-ultimate-open-beta-start,,,,,,,
2121,Onyx Knight Armor,5.14.1 ARMORS,nolvus,harvest_nolvus,exact,Not Graphics Only,1.1,nolvus-awekening-redux;nolvus-awakening-v6;nolvus-v6-ultimate-open-beta-start,,,,,,,
2122,Drow Specialist Armor,5.14.1 ARMORS,nolvus,harvest_nolvus,exact,Not Graphics Only,2.2,nolvus-awekening-redux;nolvus-awakening-v6;nolvus-v6-ultimate-open-beta-start,,,,,,,
2123,Outcast Shen,5.14.1 ARMORS,nolvus,harvest_nolvus,exact,Not Graphics Only,1.0,nolvus-awekening-redux;nolvus-awakening-v6;nolvus-v6-ultimate-open-beta-start,,,,,,,
2124,Shadowscale Set Reborn - SPID,5.14.1 ARMORS,nolvus,harvest_nolvus,exact,Not Graphics Only,1.0,nolvus-awekening-redux;nolvus-awakening-v6;nolvus-v6-ultimate-open-beta-start,,,,,,,
2125,Shadowscale Set Reborn,5.14.1 ARMORS,nolvus,harvest_nolvus,exact,Not Graphics Only,1.1.1,nolvus-awekening-redux;nolvus-awakening-v6;nolvus-v6-ultimate-open-beta-start,,,,,,,
2126,Hermit Armor - 1st Person Fix,5.14.1 ARMORS,nolvus,harvest_nolvus,exact,Not Graphics Only,1.0,nolvus-awekening-redux,,,,,,,
2127,Hermit Armor,5.14.1 ARMORS,nolvus,harvest_nolvus,exact,Not Graphics Only,1.1,nolvus-awekening-redux;nolvus-awakening-v6;nolvus-v6-ultimate-open-beta-start,,,,,,,
2128,Stark Armors,5.14.1 ARMORS,nolvus,harvest_nolvus,exact,Not Graphics Only,1.0.1,nolvus-awekening-redux;nolvus-awakening-v6;nolvus-v6-ultimate-open-beta-start,,,,,,,
2129,Scale Nord Armor,5.14.1 ARMORS,both,harvest_nolvus,exact,Not Graphics Only,1.0,nolvus-awekening-redux;nolvus-awakening-v6;nolvus-v6-ultimate-open-beta-start,yes,,41118,163922,1.0,DIS_NordScale.esp,section suggests Nolvus copy
2130,Chainmail Armor,5.14.1 ARMORS,nolvus,harvest_nolvus,exact,Not Graphics Only,1.0,nolvus-awekening-redux;nolvus-awakening-v6;nolvus-v6-ultimate-open-beta-start,,,,,,,
2131,Heavy Nordic Armor,5.14.1 ARMORS,both,harvest_nolvus,exact,Not Graphics Only,1.0,nolvus-awekening-redux;nolvus-awakening-v6;nolvus-v6-ultimate-open-beta-start,yes,,27471,99669,1.0,DIS_Nord_Heavy.esp,section suggests Nolvus copy
2132,Nordic Fur Armor,5.14.1 ARMORS,nolvus,harvest_nolvus,exact,Not Graphics Only,1.0,nolvus-awekening-redux;nolvus-awakening-v6;nolvus-v6-ultimate-open-beta-start,,,,,,,
2133,Unsullied Armor,5.14.1 ARMORS,nolvus,harvest_nolvus,exact,Not Graphics Only,1.0,nolvus-awekening-redux;nolvus-awakening-v6;nolvus-v6-ultimate-open-beta-start,,,,,,,
2134,Vampire Hunter Armor,5.14.1 ARMORS,nolvus,harvest_nolvus,exact,Not Graphics Only,2.2,nolvus-awekening-redux;nolvus-awakening-v6;nolvus-v6-ultimate-open-beta-start,,,,,,,
2135,Knight Armor - Immersive Sounds Patch,5.14.1 ARMORS,nolvus,harvest_nolvus,exact,Not Graphics Only,1.6,nolvus-awekening-redux;nolvus-awakening-v6;nolvus-v6-ultimate-open-beta-start,,,,,,,
2136,Knight Armor,5.14.1 ARMORS,nolvus,harvest_nolvus,exact,Not Graphics Only,1.6,nolvus-awekening-redux;nolvus-awakening-v6;nolvus-v6-ultimate-open-beta-start,,,,,,,
2137,Pirate Armor,5.14.1 ARMORS,both,harvest_nolvus,exact,Not Graphics Only,2.1,nolvus-awekening-redux;nolvus-awakening-v6;nolvus-v6-ultimate-open-beta-start,yes,,53225,430721,2.1,Pirate Armor.esp,section suggests Nolvus copy
2138,Redguard Armor,5.14.1 ARMORS,both,harvest_nolvus,exact,Not Graphics Only,1.0,nolvus-awekening-redux;nolvus-awakening-v6;nolvus-v6-ultimate-open-beta-start,yes,,71505,299505,1.0,Redguard Armor.esp,section suggests Nolvus copy
2139,Imperial Agent Armor,5.14.1 ARMORS,nolvus,harvest_nolvus,exact,Not Graphics Only,1.0,nolvus-awekening-redux;nolvus-awakening-v6;nolvus-v6-ultimate-open-beta-start,,,,,,,
2140,Rogue Nord Armor,5.14.1 ARMORS,both,harvest_nolvus,exact,Not Graphics Only,1.0.3,nolvus-awekening-redux;nolvus-awakening-v6;nolvus-v6-ultimate-open-beta-start,yes,,60304,255430,1.0.3,Rogue Nord Armor.esp,section suggests Nolvus copy
2141,Nord Raven Battle Armor,5.14.1 ARMORS,both,harvest_nolvus,exact,Not Graphics Only,1.0,nolvus-awekening-redux;nolvus-awakening-v6;nolvus-v6-ultimate-open-beta-start,yes,,63402,263249,1.0,Nord Raven Battle Armor.esp,section suggests Nolvus copy
2142,Dragon Infused Daedric Armor,5.14.1 ARMORS,nolvus,harvest_nolvus,exact,Not Graphics Only,1.1,nolvus-awekening-redux;nolvus-awakening-v6;nolvus-v6-ultimate-open-beta-start,,,,,,,
2143,Adventurer Armor,5.14.1 ARMORS,nolvus,harvest_nolvus,exact,Not Graphics Only,1.0,nolvus-awekening-redux;nolvus-awakening-v6;nolvus-v6-ultimate-open-beta-start,,,,,,,
2144,Colovian Prince Set - 3BA,5.14.1 ARMORS,nolvus,harvest_nolvus,exact,Not Graphics Only,1.1,nolvus-awekening-redux;nolvus-awakening-v6;nolvus-v6-ultimate-open-beta-start,,,,,,,
2145,Colovian Prince Set,5.14.1 ARMORS,both,harvest_nolvus,exact,Not Graphics Only,1.1,nolvus-awekening-redux;nolvus-awakening-v6;nolvus-v6-ultimate-open-beta-start,yes,,79894,357807,1.0,ColovianPrince.esl,section suggests Nolvus copy
2146,League of Assassins Armor - 3BA,5.14.1 ARMORS,nolvus,harvest_nolvus,exact,"Not Graphics Only, Not Graphics Only",1.2,nolvus-awekening-redux;nolvus-awakening-v6;nolvus-v6-ultimate-open-beta-start,,,,,,,
2147,League of Assassins Armor - Dark Brotherhood Retexture,5.14.1 ARMORS,nolvus,harvest_nolvus,exact,"Not Graphics Only, Not Graphics Only",1.4,nolvus-awekening-redux;nolvus-awakening-v6;nolvus-v6-ultimate-open-beta-start,,,,,,,
2148,League of Assassins Armor,5.14.1 ARMORS,nolvus,harvest_nolvus,exact,"Not Graphics Only, Not Graphics Only",1.4,nolvus-awekening-redux;nolvus-awakening-v6;nolvus-v6-ultimate-open-beta-start,,,,,,,
2149,Kvetchi Mercenary Set - HIMBO,5.14.1 ARMORS,nolvus,harvest_nolvus,exact,Not Graphics Only,1.0,nolvus-awekening-redux,,,,,,,
2150,Kvetchi Mercenary Set - 3BA,5.14.1 ARMORS,nolvus,harvest_nolvus,exact,Not Graphics Only,0.1a,nolvus-awekening-redux;nolvus-awakening-v6;nolvus-v6-ultimate-open-beta-start,,,,,,,
2151,Kvetchi Mercenary Set,5.14.1 ARMORS,both,harvest_nolvus,exact,Not Graphics Only,1.1,nolvus-awekening-redux;nolvus-awakening-v6;nolvus-v6-ultimate-open-beta-start,yes,,79226,334954,1.0,KvetchiMercenary.esl,section suggests Nolvus copy
2152,Mythic Dawn armor - HDT SMP,5.14.1 ARMORS,nolvus,harvest_nolvus,exact,Not Graphics Only,2.0,nolvus-awekening-redux;nolvus-awakening-v6;nolvus-v6-ultimate-open-beta-start,,,,,,,
2153,Mythic Dawn armor,5.14.1 ARMORS,nolvus,harvest_nolvus,exact,Not Graphics Only,2.0,nolvus-awekening-redux;nolvus-awakening-v6;nolvus-v6-ultimate-open-beta-start,,,,,,,
2154,Eclipse Mage Outfit - Fixes,5.14.1 ARMORS,nolvus,harvest_nolvus,exact,Not Graphics Only,1.0,nolvus-awekening-redux,,,,,,,
2155,Eclipse Mage Outfit - Tweaks,5.14.1 ARMORS,nolvus,harvest_nolvus,exact,Not Graphics Only,1.1,nolvus-awekening-redux;nolvus-awakening-v6;nolvus-v6-ultimate-open-beta-start,,,,,,,
2156,Eclipse Mage Outfit - 3BA,5.14.1 ARMORS,nolvus,harvest_nolvus,exact,Not Graphics Only,1.0,nolvus-awekening-redux;nolvus-awakening-v6;nolvus-v6-ultimate-open-beta-start,,,,,,,
2157,Eclipse Mage Outfit - Physical Fix Patch,5.14.1 ARMORS,nolvus,harvest_nolvus,exact,Not Graphics Only,1.0,nolvus-awekening-redux;nolvus-awakening-v6;nolvus-v6-ultimate-open-beta-start,,,,,,,
2158,Eclipse Mage Outfit - HDT-SMP,5.14.1 ARMORS,nolvus,harvest_nolvus,exact,Not Graphics Only,1.0,nolvus-awekening-redux;nolvus-awakening-v6;nolvus-v6-ultimate-open-beta-start,,,,,,,
2159,Raven Armor - HIMBO,5.14.1 ARMORS,nolvus,harvest_nolvus,exact,Not Graphics Only,3,nolvus-awekening-redux;nolvus-awakening-v6;nolvus-v6-ultimate-open-beta-start,,,,,,,
2160,Raven Armor - 3BA,5.14.1 ARMORS,nolvus,harvest_nolvus,exact,Not Graphics Only,3,nolvus-awekening-redux;nolvus-awakening-v6;nolvus-v6-ultimate-open-beta-start,,,,,,,
2161,Raven Armor - Xtudo [2K],5.14.1 ARMORS,nolvus,harvest_nolvus,exact,Not Graphics Only,1.1,nolvus-awekening-redux;nolvus-awakening-v6;nolvus-v6-ultimate-open-beta-start,,,,,,,
2162,Raven Armor - Xtudo Patch,5.14.1 ARMORS,nolvus,harvest_nolvus,exact,Not Graphics Only,1.1,nolvus-awekening-redux;nolvus-awakening-v6;nolvus-v6-ultimate-open-beta-start,,,,,,,
2163,Raven Armor,5.14.1 ARMORS,nolvus,harvest_nolvus,exact,Not Graphics Only,1.0,nolvus-awekening-redux;nolvus-awakening-v6;nolvus-v6-ultimate-open-beta-start,,,,,,,
2164,Infantry Armor - HDT SMP,5.14.1 ARMORS,nolvus,harvest_nolvus,exact,Not Graphics Only,1.0,nolvus-awekening-redux;nolvus-awakening-v6;nolvus-v6-ultimate-open-beta-start,,,,,,,
2165,Infantry Armor,5.14.1 ARMORS,nolvus,harvest_nolvus,exact,Not Graphics Only,1.0,nolvus-awekening-redux;nolvus-awakening-v6;nolvus-v6-ultimate-open-beta-start,,,,,,,
2166,Resplendent Armor and Greatsword,5.14.1 ARMORS,nolvus,harvest_nolvus,exact,Not Graphics Only,1.4,nolvus-awekening-redux;nolvus-awakening-v6;nolvus-v6-ultimate-open-beta-start,,,,,,,
2167,Regal Paladin Armor,5.14.1 ARMORS,nolvus,harvest_nolvus,exact,Not Graphics Only,1.4.2,nolvus-awekening-redux;nolvus-awakening-v6;nolvus-v6-ultimate-open-beta-start,,,,,,,
2168,Zerofrost Bloodwitch 3BA With Cloth Physics,5.14.1 ARMORS,nolvus,harvest_nolvus,exact,Not Graphics Only,1.1,nolvus-awekening-redux;nolvus-awakening-v6;nolvus-v6-ultimate-open-beta-start,,,,,,,
2169,Zerofrost Ultimate Armor Collection,5.14.1 ARMORS,nolvus,harvest_nolvus,exact,Not Graphics Only,1.0,nolvus-awekening-redux;nolvus-awakening-v6;nolvus-v6-ultimate-open-beta-start,,,,,,,
2170,Wind Ruler Armor - HDT SMP,5.14.1 ARMORS,nolvus,harvest_nolvus,exact,Not Graphics Only,1.0,nolvus-awekening-redux;nolvus-awakening-v6;nolvus-v6-ultimate-open-beta-start,,,,,,,
2171,Wind Ruler Armor - Fixes,5.14.1 ARMORS,nolvus,harvest_nolvus,exact,Not Graphics Only,1.0,nolvus-awekening-redux;nolvus-awakening-v6;nolvus-v6-ultimate-open-beta-start,,,,,,,
2172,Wind Ruler Armor,5.14.1 ARMORS,nolvus,harvest_nolvus,exact,Not Graphics Only,1.0,nolvus-awekening-redux;nolvus-awakening-v6;nolvus-v6-ultimate-open-beta-start,,,,,,,
2173,Viridian Knight Armor - Color Variations - Dynamic Cubemaps,5.14.1 ARMORS,nolvus,harvest_nolvus,exact,Not Graphics Only,5.0,nolvus-awekening-redux;nolvus-awakening-v6;nolvus-v6-ultimate-open-beta-start,,,,,,,
2174,Viridian Knight Armor - Color Variations,5.14.1 ARMORS,nolvus,harvest_nolvus,exact,Not Graphics Only,5.0,nolvus-awekening-redux;nolvus-awakening-v6;nolvus-v6-ultimate-open-beta-start,,,,,,,
2175,Viridian Knight Armor,5.14.1 ARMORS,nolvus,harvest_nolvus,exact,Not Graphics Only,5.1,nolvus-awekening-redux;nolvus-awakening-v6;nolvus-v6-ultimate-open-beta-start,,,,,,,
2176,Inquisitor Armor,5.14.1 ARMORS,nolvus,harvest_nolvus,exact,Not Graphics Only,1.1,nolvus-awekening-redux;nolvus-awakening-v6;nolvus-v6-ultimate-open-beta-start,,,,,,,
2177,The School of Bear,5.14.1 ARMORS,nolvus,harvest_nolvus,exact,Not Graphics Only,1.0,nolvus-awekening-redux;nolvus-awakening-v6;nolvus-v6-ultimate-open-beta-start,,,,,,,
2178,Drifter Armor and Outfit - 3BA Bodyslide,5.14.1 ARMORS,nolvus,harvest_nolvus,exact,Not Graphics Only,1.2,nolvus-awekening-redux;nolvus-awakening-v6;nolvus-v6-ultimate-open-beta-start,,,,,,,
2179,Drifter Armor and Outfit [2K],5.14.1 ARMORS,nolvus,harvest_nolvus,exact,Not Graphics Only,1.1,nolvus-awekening-redux;nolvus-awakening-v6;nolvus-v6-ultimate-open-beta-start,,,,,,,
2180,Silver Armor - HDT SMP,5.14.1 ARMORS,nolvus,harvest_nolvus,exact,Not Graphics Only,1.0,nolvus-awekening-redux;nolvus-awakening-v6;nolvus-v6-ultimate-open-beta-start,,,,,,,
2181,Silver Armor,5.14.1 ARMORS,nolvus,harvest_nolvus,exact,Not Graphics Only,1.0,nolvus-awekening-redux;nolvus-awakening-v6;nolvus-v6-ultimate-open-beta-start,,,,,,,
2182,Dremora Markynaz Armor - HDT SMP - CBBE BodySlide,5.14.1 ARMORS,nolvus,harvest_nolvus,exact,Not Graphics Only,1.0.1,nolvus-awekening-redux;nolvus-awakening-v6;nolvus-v6-ultimate-open-beta-start,,,,,,,
2183,Dremora Markynaz Armor - HDT SMP,5.14.1 ARMORS,nolvus,harvest_nolvus,exact,Not Graphics Only,1.0,nolvus-awekening-redux;nolvus-awakening-v6;nolvus-v6-ultimate-open-beta-start,,,,,,,
2184,Dremora Markynaz Armor - Crafting Patch,5.14.1 ARMORS,nolvus,harvest_nolvus,exact,Not Graphics Only,2.4,nolvus-awekening-redux;nolvus-awakening-v6;nolvus-v6-ultimate-open-beta-start,,,,,,,
2185,Dremora Markynaz Armor - The Cause patch,5.14.1 ARMORS,nolvus,harvest_nolvus,exact,Not Graphics Only,2.5,nolvus-awekening-redux;nolvus-awakening-v6;nolvus-v6-ultimate-open-beta-start,,,,,,,
2186,Dremora Markynaz Armor - LOTD Patch,5.14.1 ARMORS,nolvus,harvest_nolvus,exact,Not Graphics Only,2.2,nolvus-awekening-redux;nolvus-awakening-v6;nolvus-v6-ultimate-open-beta-start,,,,,,,
2187,Dremora Markynaz Armor - Xtudo Patch,5.14.1 ARMORS,nolvus,harvest_nolvus,exact,Not Graphics Only,2.2,nolvus-awekening-redux;nolvus-awakening-v6;nolvus-v6-ultimate-open-beta-start,,,,,,,
2188,Dremora Markynaz Armor,5.14.1 ARMORS,nolvus,harvest_nolvus,exact,Not Graphics Only,1.0,nolvus-awekening-redux;nolvus-awakening-v6;nolvus-v6-ultimate-open-beta-start,,,,,,,
2189,Three-eyed Swallow Armor - HDT SMP,5.14.1 ARMORS,nolvus,harvest_nolvus,exact,Not Graphics Only,1.0,nolvus-awekening-redux;nolvus-awakening-v6;nolvus-v6-ultimate-open-beta-start,,,,,,,
2190,Three-eyed Swallow Armor,5.14.1 ARMORS,nolvus,harvest_nolvus,exact,Not Graphics Only,1.0,nolvus-awekening-redux;nolvus-awakening-v6;nolvus-v6-ultimate-open-beta-start,,,,,,,
2191,Stendarr Paladin Armor,5.14.1 ARMORS,nolvus,harvest_nolvus,exact,Not Graphics Only,1.0,nolvus-awekening-redux;nolvus-awakening-v6;nolvus-v6-ultimate-open-beta-start,,,,,,,
2192,Sovereign's Slayer Armor - HDT SMP - CBBE Textures,5.14.1 ARMORS,nolvus,harvest_nolvus,exact,Not Graphics Only,1.1,nolvus-awekening-redux;nolvus-awakening-v6;nolvus-v6-ultimate-open-beta-start,,,,,,,
2193,Sovereign's Slayer Armor - HDT SMP - CBBE BodySlide,5.14.1 ARMORS,nolvus,harvest_nolvus,exact,Not Graphics Only,1.2,nolvus-awekening-redux;nolvus-awakening-v6;nolvus-v6-ultimate-open-beta-start,,,,,,,
2194,Sovereign's Slayer Armor - HDT SMP,5.14.1 ARMORS,nolvus,harvest_nolvus,exact,Not Graphics Only,1.3,nolvus-awekening-redux;nolvus-awakening-v6;nolvus-v6-ultimate-open-beta-start,,,,,,,
2195,Blackened Steel Weapon and Armour,5.14.1 ARMORS,nolvus,harvest_nolvus,exact,Not Graphics Only,1.007,nolvus-awekening-redux;nolvus-awakening-v6;nolvus-v6-ultimate-open-beta-start,,,,,,,
2196,Silver Knight Armor,5.14.1 ARMORS,nolvus,harvest_nolvus,exact,Not Graphics Only,2.1,nolvus-awekening-redux;nolvus-awakening-v6;nolvus-v6-ultimate-open-beta-start,,,,,,,
2197,Triss Armor Retextured,5.14.1 ARMORS,nolvus,harvest_nolvus,exact,Not Graphics Only,1.2.1,nolvus-awekening-redux;nolvus-awakening-v6;nolvus-v6-ultimate-open-beta-start,,,,,,,
2198,Armors of the Velothi Pt.2 - HIMBO,5.14.1 ARMORS,nolvus,harvest_nolvus,exact,Not Graphics Only,1.0,nolvus-awekening-redux;nolvus-awakening-v6;nolvus-v6-ultimate-open-beta-start,,,,,,,
2199,Armors of the Velothi Pt.2 - 3BA,5.14.1 ARMORS,nolvus,harvest_nolvus,exact,Not Graphics Only,1.0,nolvus-awekening-redux;nolvus-awakening-v6;nolvus-v6-ultimate-open-beta-start,,,,,,,
2200,Armors of the Velothi Pt.2 - Travelling Merchant Travels,5.14.1 ARMORS,nolvus,harvest_nolvus,exact,Not Graphics Only,1.0,nolvus-awekening-redux;nolvus-awakening-v6;nolvus-v6-ultimate-open-beta-start,,,,,,,
2201,Armors of the Velothi Pt.2 - Xtudo - Indoril Bonesaint,5.14.1 ARMORS,nolvus,harvest_nolvus,exact,Not Graphics Only,1.5,nolvus-awekening-redux;nolvus-awakening-v6;nolvus-v6-ultimate-open-beta-start,,,,,,,
2202,Armors of the Velothi Pt.2 - Immersive Sounds Patch,5.14.1 ARMORS,nolvus,harvest_nolvus,exact,Not Graphics Only,1.0,nolvus-awekening-redux;nolvus-awakening-v6;nolvus-v6-ultimate-open-beta-start,,,,,,,
2203,Armors of the Velothi Pt.2,5.14.1 ARMORS,nolvus,harvest_nolvus,exact,Not Graphics Only,1.0,nolvus-awekening-redux;nolvus-awakening-v6;nolvus-v6-ultimate-open-beta-start,,,,,,,
2204,Armors of the Velothi Pt.1 - HIMBO,5.14.1 ARMORS,nolvus,harvest_nolvus,exact,Not Graphics Only,1.4,nolvus-awekening-redux,,,,,,,
2205,Armors of the Velothi Pt.1 - Immersive Sounds Patch,5.14.1 ARMORS,nolvus,harvest_nolvus,exact,Not Graphics Only,1.0,nolvus-awekening-redux;nolvus-awakening-v6;nolvus-v6-ultimate-open-beta-start,,,,,,,
2206,Armors of the Velothi Pt.1,5.14.1 ARMORS,nolvus,harvest_nolvus,exact,Not Graphics Only,1.2.4,nolvus-awekening-redux;nolvus-awakening-v6;nolvus-v6-ultimate-open-beta-start,,,,,,,
2207,Twilight Princess Armor Mashup2,5.14.1 ARMORS,both,harvest_nolvus,dup_suffix,Not Graphics Only,5.6,nolvus-awekening-redux;nolvus-awakening-v6;nolvus-v6-ultimate-open-beta-start,yes,,71182,756521,4.5,Twilight Princess Armor.esp,section suggests Nolvus copy
2208,Toxin Doctor Outfit,5.14.1 ARMORS,nolvus,harvest_nolvus,exact,Not Graphics Only,2.1,nolvus-awekening-redux;nolvus-awakening-v6;nolvus-v6-ultimate-open-beta-start,,,,,,,
2209,Traveling Mage Armor - HIMBO,5.14.1 ARMORS,nolvus,harvest_nolvus,exact,Not Graphics Only,1.1,nolvus-awekening-redux;nolvus-awakening-v6;nolvus-v6-ultimate-open-beta-start,,,,,,,
2210,Traveling Mage Armor - Xtudo - 3BA,5.14.1 ARMORS,nolvus,harvest_nolvus,exact,Not Graphics Only,1.1,nolvus-awekening-redux;nolvus-awakening-v6;nolvus-v6-ultimate-open-beta-start,,,,,,,
2211,Traveling Mage Armor - Xtudo - HDT SMP,5.14.1 ARMORS,nolvus,harvest_nolvus,exact,Not Graphics Only,1.3,nolvus-awekening-redux;nolvus-awakening-v6;nolvus-v6-ultimate-open-beta-start,,,,,,,
2212,Traveling Mage Armor - Xtudo,5.14.1 ARMORS,nolvus,harvest_nolvus,exact,Not Graphics Only,1.4,nolvus-awekening-redux;nolvus-awakening-v6;nolvus-v6-ultimate-open-beta-start,,,,,,,
2213,Northern God Armor - HDT SMP,5.14.1 ARMORS,nolvus,harvest_nolvus,exact,Not Graphics Only,1.0,nolvus-awekening-redux;nolvus-awakening-v6;nolvus-v6-ultimate-open-beta-start,,,,,,,
2214,Northern God Armor - Fixes,5.14.1 ARMORS,nolvus,harvest_nolvus,exact,Not Graphics Only,1.0,nolvus-awekening-redux;nolvus-awakening-v6;nolvus-v6-ultimate-open-beta-start,,,,,,,
2215,Northern God Armor,5.14.1 ARMORS,nolvus,harvest_nolvus,exact,Not Graphics Only,1.0,nolvus-awekening-redux;nolvus-awakening-v6;nolvus-v6-ultimate-open-beta-start,,,,,,,
2216,The Legends Breton Knight - HDT SMP,5.14.1 ARMORS,nolvus,harvest_nolvus,exact,Not Graphics Only,1.5,nolvus-awekening-redux;nolvus-awakening-v6;nolvus-v6-ultimate-open-beta-start,,,,,,,
2217,Nibenean Armors and Outfit - 3BA,5.14.1 ARMORS,nolvus,harvest_nolvus,exact,Not Graphics Only,3.0,nolvus-awekening-redux;nolvus-awakening-v6;nolvus-v6-ultimate-open-beta-start,,,,,,,
2218,Nibenean Armors and Outfit,5.14.1 ARMORS,nolvus,harvest_nolvus,exact,Not Graphics Only,3.0,nolvus-awekening-redux;nolvus-awakening-v6;nolvus-v6-ultimate-open-beta-start,,,,,,,
2219,DX Druid Armor - 3BA,5.14.1 ARMORS,nolvus,harvest_nolvus,exact,Not Graphics Only,1.0,nolvus-awekening-redux;nolvus-awakening-v6;nolvus-v6-ultimate-open-beta-start,,,,,,,
2220,DX Druid Armor,5.14.1 ARMORS,nolvus,harvest_nolvus,exact,Not Graphics Only,1.1,nolvus-awekening-redux;nolvus-awakening-v6;nolvus-v6-ultimate-open-beta-start,,,,,,,
2221,DX Necromancer Robes - 3BA,5.14.1 ARMORS,nolvus,harvest_nolvus,exact,Not Graphics Only,2.4,nolvus-awekening-redux;nolvus-awakening-v6;nolvus-v6-ultimate-open-beta-start,,,,,,,
2222,DX Necromancer Robes - ESL,5.14.1 ARMORS,nolvus,harvest_nolvus,exact,Not Graphics Only,1.0,nolvus-awekening-redux;nolvus-awakening-v6;nolvus-v6-ultimate-open-beta-start,,,,,,,
2223,DX Necromancer Robes,5.14.1 ARMORS,nolvus,harvest_nolvus,exact,Not Graphics Only,1.0,nolvus-awekening-redux;nolvus-awakening-v6;nolvus-v6-ultimate-open-beta-start,,,,,,,
2224,Kozakowy's Falka Armor - 3BA,5.14.1 ARMORS,nolvus,harvest_nolvus,exact,Not Graphics Only,1.0.1,nolvus-awekening-redux;nolvus-awakening-v6;nolvus-v6-ultimate-open-beta-start,,,,,,,
2225,Kozakowy's Falka Armor - Metallic,5.14.1 ARMORS,nolvus,harvest_nolvus,exact,Not Graphics Only,3.0,nolvus-awekening-redux;nolvus-awakening-v6;nolvus-v6-ultimate-open-beta-start,,,,,,,
2226,Kozakowy's Falka Armor,5.14.1 ARMORS,nolvus,harvest_nolvus,exact,Not Graphics Only,1.8.1,nolvus-awekening-redux;nolvus-awakening-v6;nolvus-v6-ultimate-open-beta-start,,,,,,,
2227,Rogue Sorceress Outfit - HDT SMP,5.14.1 ARMORS,nolvus,harvest_nolvus,exact,Not Graphics Only,1.0,nolvus-awekening-redux;nolvus-awakening-v6;nolvus-v6-ultimate-open-beta-start,,,,,,,
2228,Armor of Intrigue,5.14.1 ARMORS,nolvus,harvest_nolvus,exact,Not Graphics Only,1.3.2,nolvus-awekening-redux;nolvus-awakening-v6;nolvus-v6-ultimate-open-beta-start,,,,,,,
2229,Pratical Pirate - HDT SMP,5.14.1 ARMORS,nolvus,harvest_nolvus,exact,Not Graphics Only,1.0,nolvus-awekening-redux;nolvus-awakening-v6;nolvus-v6-ultimate-open-beta-start,,,,,,,
2230,Pratical Pirate - CBBE,5.14.1 ARMORS,nolvus,harvest_nolvus,exact,Not Graphics Only,1.0,nolvus-awekening-redux;nolvus-awakening-v6;nolvus-v6-ultimate-open-beta-start,,,,,,,
2231,Pratical Pirate,5.14.1 ARMORS,nolvus,harvest_nolvus,exact,Not Graphics Only,1.2,nolvus-awekening-redux;nolvus-awakening-v6;nolvus-v6-ultimate-open-beta-start,,,,,,,
2232,Morag Tong Grandmaster Armor,5.14.1 ARMORS,nolvus,harvest_nolvus,exact,Not Graphics Only,1.3,nolvus-awekening-redux;nolvus-awakening-v6;nolvus-v6-ultimate-open-beta-start,,,,,,,
2233,ESO Altmer Armor - HDT SMP - 3BA,5.14.1 ARMORS,nolvus,harvest_nolvus,exact,Not Graphics Only,1.0.1,nolvus-awekening-redux;nolvus-awakening-v6;nolvus-v6-ultimate-open-beta-start,,,,,,,
2234,ESO Altmer Armor - HDT SMP,5.14.1 ARMORS,nolvus,harvest_nolvus,exact,Not Graphics Only,43.0,nolvus-awekening-redux;nolvus-awakening-v6;nolvus-v6-ultimate-open-beta-start,,,,,,,
2235,Sithis Armour - HDT SMP,5.14.1 ARMORS,nolvus,harvest_nolvus,exact,Not Graphics Only,1.0.1,nolvus-awekening-redux;nolvus-awakening-v6;nolvus-v6-ultimate-open-beta-start,,,,,,,
2236,Nightingale Armor Replacer - HDT SMP,5.14.1 ARMORS,nolvus,harvest_nolvus,exact,Not Graphics Only,2.1,nolvus-awekening-redux;nolvus-awakening-v6;nolvus-v6-ultimate-open-beta-start,,,,,,,
2237,Remiros' Ancient Falmer Armor,5.14.1 ARMORS,nolvus,harvest_nolvus,exact,Always Install,1.0,nolvus-awekening-redux;nolvus-awakening-v6;nolvus-v6-ultimate-open-beta-start,,,,,,,
2238,Remiros' Chitin Armor HD [2K],5.14.1 ARMORS,nolvus,harvest_nolvus,exact,Always Install,1.0,nolvus-awekening-redux;nolvus-awakening-v6;nolvus-v6-ultimate-open-beta-start,,,,,,,
2239,ElSopa HD Shields Part I [2K],5.14.1 ARMORS,nolvus,harvest_nolvus,exact,Always Install,1.0,nolvus-awekening-redux;nolvus-awakening-v6;nolvus-v6-ultimate-open-beta-start,,,,,,,
2240,CC's UHD Stalhrim Weapons and Armor [2K],5.14.1 ARMORS,nolvus,harvest_nolvus,exact,Always Install,1.0,nolvus-awekening-redux;nolvus-awakening-v6;nolvus-v6-ultimate-open-beta-start,,,,,,,
2241,New Legion - Helmet Fix,5.14.1 ARMORS,nolvus,harvest_nolvus,exact,Not Graphics Only,1337.0.1,nolvus-awekening-redux,,,,,,,
2242,New Legion - HD Textures,5.14.1 ARMORS,nolvus,harvest_nolvus,exact,Not Graphics Only,1.0,nolvus-awekening-redux;nolvus-awakening-v6;nolvus-v6-ultimate-open-beta-start,,,,,,,
2243,New Legion,5.14.1 ARMORS,both,harvest_nolvus,exact,Not Graphics Only,1.0,nolvus-awekening-redux;nolvus-awakening-v6;nolvus-v6-ultimate-open-beta-start,yes,,30468,113850,1.0,DIS_Heavy_Legion.esp,section suggests Nolvus copy
2244,Fur Armor Set - Update,5.14.1 ARMORS,nolvus,harvest_nolvus,exact,Not Graphics Only,1.1.2,nolvus-awekening-redux;nolvus-awakening-v6;nolvus-v6-ultimate-open-beta-start,,,,,,,
2245,Fur Armor Set,5.14.1 ARMORS,nolvus,harvest_nolvus,exact,Not Graphics Only,1.1,nolvus-awekening-redux;nolvus-awakening-v6;nolvus-v6-ultimate-open-beta-start,,,,,,,
2246,Daedric Armor and Weapons Improvment,5.14.1 ARMORS,nolvus,harvest_nolvus,exact,Always Install,1.2,nolvus-awekening-redux;nolvus-awakening-v6;nolvus-v6-ultimate-open-beta-start,,,,,,,
2247,Steel Plate Armor Retexture,5.14.1 ARMORS,nolvus,harvest_nolvus,exact,Always Install,1.3.2,nolvus-awekening-redux;nolvus-awakening-v6;nolvus-v6-ultimate-open-beta-start,,,,,,,
2248,Dark Brotherhood Armor - HIMBO,5.14.1 ARMORS,nolvus,harvest_nolvus,exact,Always Install,2,nolvus-awekening-redux,,,,,,,
2249,Dark Brotherhood Armor - CBBE 3BA,5.14.1 ARMORS,nolvus,harvest_nolvus,exact,Always Install,1.0,nolvus-awekening-redux;nolvus-awakening-v6;nolvus-v6-ultimate-open-beta-start,,,,,,,
2250,Dark Brotherhood Armor - Ancient Shrouded Armor Replacer,5.14.1 ARMORS,nolvus,harvest_nolvus,exact,Always Install,1.0,nolvus-awekening-redux;nolvus-awakening-v6;nolvus-v6-ultimate-open-beta-start,,,,,,,
2251,Dark Brotherhood Armor - Color Variant,5.14.1 ARMORS,nolvus,harvest_nolvus,exact,Always Install,1.0,nolvus-awekening-redux;nolvus-awakening-v6;nolvus-v6-ultimate-open-beta-start,,,,,,,
2252,Dark Brotherhood Armor,5.14.1 ARMORS,nolvus,harvest_nolvus,exact,Always Install,1.0,nolvus-awekening-redux;nolvus-awakening-v6;nolvus-v6-ultimate-open-beta-start,,,,,,,
2253,Frankly HD Thieves Guild Armors [2K],5.14.1 ARMORS,nolvus,harvest_nolvus,exact,Always Install,1.0,nolvus-awekening-redux;nolvus-awakening-v6;nolvus-v6-ultimate-open-beta-start,,,,,,,
2254,Frankly HD Nightingale Armor and Weapons - CBBE,5.14.1 ARMORS,nolvus,harvest_nolvus,exact,Always Install,1.1,nolvus-awekening-redux;nolvus-awakening-v6;nolvus-v6-ultimate-open-beta-start,,,,,,,
2255,Frankly HD Nightingale Armor and Weapons [2K],5.14.1 ARMORS,nolvus,harvest_nolvus,exact,Always Install,1.1,nolvus-awekening-redux;nolvus-awakening-v6;nolvus-v6-ultimate-open-beta-start,,,,,,,
2256,Frankly HD Miraak - CBBE,5.14.1 ARMORS,nolvus,harvest_nolvus,exact,Always Install,1.11,nolvus-awekening-redux;nolvus-awakening-v6;nolvus-v6-ultimate-open-beta-start,,,,,,,
2257,Frankly HD Miraak [2K],5.14.1 ARMORS,nolvus,harvest_nolvus,exact,Always Install,1.0,nolvus-awekening-redux;nolvus-awakening-v6;nolvus-v6-ultimate-open-beta-start,,,,,,,
2258,Frankly HD Imperial Armor And Weapons [2K],5.14.1 ARMORS,nolvus,harvest_nolvus,exact,Always Install,1.0,nolvus-awekening-redux;nolvus-awakening-v6;nolvus-v6-ultimate-open-beta-start,,,,,,,
2259,Frankly HD Dragonbone and Dragonscale - Mesh patch,5.14.1 ARMORS,nolvus,harvest_nolvus,exact,Always Install,1.1,nolvus-awekening-redux;nolvus-awakening-v6;nolvus-v6-ultimate-open-beta-start,,,,,,,
2260,Frankly HD Dragonbone and Dragonscale [2K],5.14.1 ARMORS,nolvus,harvest_nolvus,exact,Always Install,1.0,nolvus-awekening-redux;nolvus-awakening-v6;nolvus-v6-ultimate-open-beta-start,,,,,,,
2261,Frankly HD Dawnguard Armor and Weapons - CBBE,5.14.1 ARMORS,nolvus,harvest_nolvus,exact,Always Install,1.2,nolvus-awekening-redux;nolvus-awakening-v6;nolvus-v6-ultimate-open-beta-start,,,,,,,
2262,Frankly HD Dawnguard Armor and Weapons [2K],5.14.1 ARMORS,nolvus,harvest_nolvus,exact,Always Install,1.3,nolvus-awekening-redux;nolvus-awakening-v6;nolvus-v6-ultimate-open-beta-start,,,,,,,
2263,Unplayable Faction Armor - Immersive Sound Patch,5.14.1 ARMORS,nolvus,harvest_nolvus,exact,Not Graphics Only,1.1,nolvus-awekening-redux;nolvus-awakening-v6;nolvus-v6-ultimate-open-beta-start,,,,,,,
2264,Unplayable Faction Armor - Interesting NPCs Patch,5.14.1 ARMORS,nolvus,harvest_nolvus,exact,Not Graphics Only,4.1,nolvus-awekening-redux;nolvus-awakening-v6;nolvus-v6-ultimate-open-beta-start,,,,,,,
2265,Unplayable Faction Armor - Legacy of the Dragonborn Patch,5.14.1 ARMORS,nolvus,harvest_nolvus,exact,Not Graphics Only,1.01,nolvus-awekening-redux;nolvus-awakening-v6;nolvus-v6-ultimate-open-beta-start,,,,,,,
2266,Unplayable Faction Armor,5.14.1 ARMORS,nolvus,harvest_nolvus,exact,Not Graphics Only,1.07,nolvus-awekening-redux;nolvus-awakening-v6;nolvus-v6-ultimate-open-beta-start,,,,,,,
2267,NordWarUA's Vanilla Armor - Race Armor Expansion - CBBE,5.14.1 ARMORS,nolvus,harvest_nolvus,exact,Not Graphics Only,1.0,nolvus-awekening-redux,,,,,,,
2268,NordWarUA's Vanilla Armor - Race Armor Expansion,5.14.1 ARMORS,nolvus,harvest_nolvus,exact,Not Graphics Only,1.0,nolvus-awekening-redux;nolvus-awakening-v6;nolvus-v6-ultimate-open-beta-start,,,,,,,
2269,NordWarUA's Vanilla Armor - Weapon Expansion,5.14.1 ARMORS,nolvus,harvest_nolvus,exact,Not Graphics Only,2.3,nolvus-awekening-redux;nolvus-awakening-v6;nolvus-v6-ultimate-open-beta-start,,,,,,,
2270,NordWarUA's Vanilla Armor - Variants,5.14.1 ARMORS,nolvus,harvest_nolvus,exact,Not Graphics Only,1.93,nolvus-awekening-redux,,,,,,,
2271,aMidianBorn Book of Silence,5.14.1 ARMORS,nolvus,harvest_nolvus,exact,Always Install,1.9.1,nolvus-awekening-redux;nolvus-awakening-v6;nolvus-v6-ultimate-open-beta-start,,,,,,,
2272,RMB SPIDified - Sons of Skyrim - Xtudo Fixes,5.14.1 ARMORS,nolvus,harvest_nolvus,exact,Always Install,2.0,nolvus-awekening-redux;nolvus-awakening-v6;nolvus-v6-ultimate-open-beta-start,,,,,,,
2273,RMB SPIDified - Sons of Skyrim,5.14.1 ARMORS,nolvus,harvest_nolvus,exact,Always Install,5.0.5,nolvus-awekening-redux;nolvus-awakening-v6;nolvus-v6-ultimate-open-beta-start,,,,,,,
2274,RMB SPIDified - Core,5.14.1 ARMORS,nolvus,harvest_nolvus,exact,Always Install,4.4.1,nolvus-awekening-redux;nolvus-awakening-v6;nolvus-v6-ultimate-open-beta-start,,,,,,,
2275,Creation Club Armors Integrations,5.14.1 ARMORS,nolvus,harvest_nolvus,exact,Not Graphics Only,4.0a,nolvus-awekening-redux;nolvus-awakening-v6;nolvus-v6-ultimate-open-beta-start,,,,,,,
2277,JS Rumpled Rugs,5.13 INTERIORS,nolvus,harvest_nolvus,exact,Always Install,1.41,nolvus-awekening-redux;nolvus-awakening-v6;nolvus-v6-ultimate-open-beta-start,,,,,,,
2278,Rugnarok,5.13 INTERIORS,nolvus,harvest_nolvus,exact,Always Install,1.1,nolvus-awekening-redux;nolvus-awakening-v6;nolvus-v6-ultimate-open-beta-start,,,,,,,
2279,Peltapalooza,5.13 INTERIORS,nolvus,harvest_nolvus,exact,Always Install,1.0,nolvus-awekening-redux;nolvus-awakening-v6;nolvus-v6-ultimate-open-beta-start,,,,,,,
2280,Skyrim Sewers - GG's Impoverished Whiterun Patch,5.13 INTERIORS,nolvus,harvest_nolvus,exact,Always Install,6.0,nolvus-awekening-redux;nolvus-awakening-v6;nolvus-v6-ultimate-open-beta-start,,,,,,,
2281,Skyrim Sewers - JS Solitude Sewer Cover Patch,5.13 INTERIORS,nolvus,harvest_nolvus,exact,Always Install,6.0.21,nolvus-awekening-redux;nolvus-awakening-v6;nolvus-v6-ultimate-open-beta-start,,,,,,,
2282,Skyrim Sewers - Weapon Replacement,5.13 INTERIORS,nolvus,harvest_nolvus,exact,Always Install,1.0,nolvus-awekening-redux;nolvus-awakening-v6;nolvus-v6-ultimate-open-beta-start,,,,,,,
2283,Skyrim Sewers - Undeath Patch,5.13 INTERIORS,nolvus,harvest_nolvus,exact,Not Graphics Only,4.14,nolvus-awekening-redux;nolvus-awakening-v6;nolvus-v6-ultimate-open-beta-start,,,,,,,
2284,Skyrim Sewers - Vigilant Patch,5.13 INTERIORS,nolvus,harvest_nolvus,exact,Not Graphics Only,1.0,nolvus-awekening-redux;nolvus-awakening-v6;nolvus-v6-ultimate-open-beta-start,,,,,,,
2285,Skyrim Sewers,5.13 INTERIORS,nolvus,harvest_nolvus,exact,Always Install,4.15,nolvus-awekening-redux;nolvus-awakening-v6;nolvus-v6-ultimate-open-beta-start,,,,,,,
2286,Legacy of the Dragonborn - Follower Room Patches,5.13 INTERIORS,nolvus,harvest_nolvus,exact,Not Graphics Only,3.0.1,nolvus-awekening-redux;nolvus-awakening-v6;nolvus-v6-ultimate-open-beta-start,,,,,,,
2289,Ryn's Crabber's Shanty and Titanclaw Lair,5.12.1 LANDS,nolvus,harvest_nolvus,exact,Always Install,2.0,nolvus-awekening-redux;nolvus-awakening-v6;nolvus-v6-ultimate-open-beta-start,,,,,,,
2290,Ryn's Ritual Stone,5.12.1 LANDS,nolvus,harvest_nolvus,exact,Always Install,1.0,nolvus-awekening-redux;nolvus-awakening-v6;nolvus-v6-ultimate-open-beta-start,,,,,,,
2291,Ryn's Atronach Stone,5.12.1 LANDS,nolvus,harvest_nolvus,exact,Always Install,1.0,nolvus-awekening-redux;nolvus-awakening-v6;nolvus-v6-ultimate-open-beta-start,,,,,,,
2292,Ryn's Serpent Stone,5.12.1 LANDS,nolvus,harvest_nolvus,exact,Always Install,1.0,nolvus-awekening-redux;nolvus-awakening-v6;nolvus-v6-ultimate-open-beta-start,,,,,,,
2293,Ryn's Apprentice Stone,5.12.1 LANDS,nolvus,harvest_nolvus,exact,Always Install,1.0,nolvus-awekening-redux;nolvus-awakening-v6;nolvus-v6-ultimate-open-beta-start,,,,,,,
2294,Ryn's Shadow Stone,5.12.1 LANDS,nolvus,harvest_nolvus,exact,Always Install,1.0,nolvus-awekening-redux;nolvus-awakening-v6;nolvus-v6-ultimate-open-beta-start,,,,,,,
2295,Ryn's Lord Stone,5.12.1 LANDS,nolvus,harvest_nolvus,exact,Always Install,1.0,nolvus-awekening-redux;nolvus-awakening-v6;nolvus-v6-ultimate-open-beta-start,,,,,,,
2296,Ryn's Tower Stone,5.12.1 LANDS,nolvus,harvest_nolvus,exact,Always Install,1.1,nolvus-awekening-redux;nolvus-awakening-v6;nolvus-v6-ultimate-open-beta-start,,,,,,,
2297,Ryn's Steed Stone,5.12.1 LANDS,nolvus,harvest_nolvus,exact,Always Install,1.0,nolvus-awekening-redux;nolvus-awakening-v6;nolvus-v6-ultimate-open-beta-start,,,,,,,
2298,Ryn's Lover Stone,5.12.1 LANDS,nolvus,harvest_nolvus,exact,Always Install,1.0,nolvus-awekening-redux;nolvus-awakening-v6;nolvus-v6-ultimate-open-beta-start,,,,,,,
2299,Ryn's Lady Stone - Moon And Star Patch,5.12.1 LANDS,nolvus,harvest_nolvus,exact,Not Graphics Only,1.0,nolvus-awekening-redux;nolvus-awakening-v6;nolvus-v6-ultimate-open-beta-start,,,,,,,
2300,Ryn's Lady Stone,5.12.1 LANDS,nolvus,harvest_nolvus,exact,Always Install,1.0,nolvus-awekening-redux;nolvus-awakening-v6;nolvus-v6-ultimate-open-beta-start,,,,,,,
2301,WiZkiD Specific Signs,5.12.1 LANDS,nolvus,harvest_nolvus,exact,Always Install,1.1,nolvus-awekening-redux;nolvus-awakening-v6;nolvus-v6-ultimate-open-beta-start,,,,,,,
2302,WiZkiD Signs,5.12.1 LANDS,nolvus,harvest_nolvus,exact,Not Graphics Only,2.4,nolvus-awekening-redux;nolvus-awakening-v6;nolvus-v6-ultimate-open-beta-start,,,,,,,
2303,Nolvus Awakening Road Signs Integration Patch,5.12.1 LANDS,nolvus,harvest_nolvus,exact,Not Graphics Only,6.0.21,nolvus-awekening-redux;nolvus-awakening-v6;nolvus-v6-ultimate-open-beta-start,,,,,,,
2304,My Road Signs are Beautiful,5.12.1 LANDS,nolvus,harvest_nolvus,exact,Always Install,1.6.1,nolvus-awekening-redux;nolvus-awakening-v6;nolvus-v6-ultimate-open-beta-start,,,,,,,
2305,Road Signs Overhaul,5.12.1 LANDS,nolvus,harvest_nolvus,exact,Always Install,1.0,nolvus-awekening-redux;nolvus-awakening-v6;nolvus-v6-ultimate-open-beta-start,,,,,,,
2309,JK's Riften Outskirts - Scarecrows of Skyrim Patch,5.11.3 FARMHOUSES,nolvus,harvest_nolvus,exact,Ultimate,1.2,nolvus-awakening-v6;nolvus-v6-ultimate-open-beta-start,,,,,,,
2310,Scarecrows of Skyrim - BOS - SOS Patch,5.11.3 FARMHOUSES,mv,harvest_mv,exact,,,,yes,,39575,403543,1.6,Scarecrows_of_Skyrim_SoS_Patch.esp,
2311,R's Windmill - DynDOLOD patch,5.11.3 FARMHOUSES,nolvus,harvest_nolvus,exact,Always Install,1.1,nolvus-awekening-redux;nolvus-awakening-v6;nolvus-v6-ultimate-open-beta-start,,,,,,,
2312,R's Windmill,5.11.3 FARMHOUSES,nolvus,harvest_nolvus,exact,Always Install,1.0,nolvus-awekening-redux;nolvus-awakening-v6;nolvus-v6-ultimate-open-beta-start,,,,,,,
2313,Iconic's Real Hay - Redux,5.11.3 FARMHOUSES,nolvus,harvest_nolvus,exact,Always Install,1.0,nolvus-awekening-redux;nolvus-awakening-v6;nolvus-v6-ultimate-open-beta-start,,,,,,,
2314,Scarecrows of Skyrim,5.11.3 FARMHOUSES,both,harvest_nolvus,exact,Always Install,1.6,nolvus-awekening-redux;nolvus-awakening-v6;nolvus-v6-ultimate-open-beta-start,yes,,39575,403542,1.6,Scarecrows_of_Skyrim.esp,section suggests Nolvus copy
2315,HD Wheat,5.11.3 FARMHOUSES,nolvus,harvest_nolvus,exact,Always Install,2.0,nolvus-awekening-redux;nolvus-awakening-v6;nolvus-v6-ultimate-open-beta-start,,,,,,,
2316,CC's HQ Buckets [2K],5.11.3 FARMHOUSES,nolvus,harvest_nolvus,exact,Always Install,1.1,nolvus-awekening-redux;nolvus-awakening-v6;nolvus-v6-ultimate-open-beta-start,,,,,,,
2317,CC's HQ Carts [2K],5.11.3 FARMHOUSES,nolvus,harvest_nolvus,exact,Not Redux,1.0,nolvus-awakening-v6;nolvus-v6-ultimate-open-beta-start,,,,,,,
2318,SD's Farmhouse Fences [2K],5.11.3 FARMHOUSES,nolvus,harvest_nolvus,exact,Not Redux,1.0,nolvus-awakening-v6;nolvus-v6-ultimate-open-beta-start,,,,,,,
2319,Stonewall Complex Parallax,5.11.3 FARMHOUSES,nolvus,harvest_nolvus,exact,Always Install,1.1,nolvus-awekening-redux;nolvus-awakening-v6;nolvus-v6-ultimate-open-beta-start,,,,,,,
2320,Classic HD Remastered Farmhouses - Complex Parallax,5.11.3 FARMHOUSES,nolvus,harvest_nolvus,exact,Always Install,1.0,nolvus-awekening-redux;nolvus-awakening-v6;nolvus-v6-ultimate-open-beta-start,,,,,,,
2321,Nordic Stonewalls,5.11.3 FARMHOUSES,both,harvest_nolvus,exact,Always Install,3.11,nolvus-awekening-redux;nolvus-awakening-v6;nolvus-v6-ultimate-open-beta-start,yes,,57686,687362,2.08,,section suggests Nolvus copy
2322,Unique Northern Vanilla Farmhouses,5.11.3 FARMHOUSES,nolvus,harvest_nolvus,exact,Always Install,3.0,nolvus-awekening-redux;nolvus-awakening-v6;nolvus-v6-ultimate-open-beta-start,,,,,,,
2323,Northern Vanilla Farmhouses - Patch Collection,5.11.3 FARMHOUSES,nolvus,harvest_nolvus,exact,Always Install,2.1.2.1,nolvus-awekening-redux;nolvus-awakening-v6;nolvus-v6-ultimate-open-beta-start,,,,,,,
2324,Northern Vanilla Farmhouses - Lods,5.11.3 FARMHOUSES,nolvus,harvest_nolvus,exact,Always Install,2.1.1,nolvus-awekening-redux;nolvus-awakening-v6;nolvus-v6-ultimate-open-beta-start,,,,,,,
2325,Northern Vanilla Farmhouses,5.11.3 FARMHOUSES,nolvus,harvest_nolvus,exact,Always Install,2.0,nolvus-awekening-redux;nolvus-awakening-v6;nolvus-v6-ultimate-open-beta-start,,,,,,,
2327,Nolvus Awakening Rorikstead Patch,5.11.2 TOWNS & VILLAGES,nolvus,harvest_nolvus,exact,Always Install,6.0.14,nolvus-awekening-redux;nolvus-awakening-v6;nolvus-v6-ultimate-open-beta-start,,,,,,,
2328,Rorikstead Basalt Cliffs,5.11.2 TOWNS & VILLAGES,nolvus,harvest_nolvus,exact,Always Install,1.2,nolvus-awekening-redux;nolvus-awakening-v6;nolvus-v6-ultimate-open-beta-start,,,,,,,
2329,The Great City of Rorikstead - Rob's Bug Fixes,5.11.2 TOWNS & VILLAGES,nolvus,harvest_nolvus,exact,Always Install,1.2,nolvus-awekening-redux;nolvus-awakening-v6;nolvus-v6-ultimate-open-beta-start,,,,,,,
2330,The Great City of Rorikstead,5.11.2 TOWNS & VILLAGES,nolvus,harvest_nolvus,exact,Always Install,1.2,nolvus-awekening-redux;nolvus-awakening-v6;nolvus-v6-ultimate-open-beta-start,,,,,,,
2338,Nolvus Knights,5.10.5 CHARACTER PRESETS,nolvus,harvest_nolvus,exact,Always Install,6014.2,nolvus-awekening-redux,,,,,,,
2339,Nolvus Nubiles,5.10.5 CHARACTER PRESETS,nolvus,harvest_nolvus,exact,Always Install,6014.2,nolvus-awekening-redux,,,,,,,
2340,Ragtag - Masculine Racemenu Presets,5.10.5 CHARACTER PRESETS,nolvus,harvest_nolvus,exact,Always Install,1.0,nolvus-awekening-redux;nolvus-awakening-v6;nolvus-v6-ultimate-open-beta-start,,,,,,,
2341,Ma'tabe - Khajiit Racemenu Preset,5.10.5 CHARACTER PRESETS,nolvus,harvest_nolvus,exact,Always Install,1.0,nolvus-awekening-redux;nolvus-awakening-v6;nolvus-v6-ultimate-open-beta-start,,,,,,,
2342,R'zada - Khajiit Racemenu Preset,5.10.5 CHARACTER PRESETS,nolvus,harvest_nolvus,exact,Always Install,1.0,nolvus-awekening-redux;nolvus-awakening-v6;nolvus-v6-ultimate-open-beta-start,,,,,,,
2343,M'jirr - Khajiit Racemenu Preset,5.10.5 CHARACTER PRESETS,nolvus,harvest_nolvus,exact,Always Install,1.0,nolvus-awekening-redux;nolvus-awakening-v6;nolvus-v6-ultimate-open-beta-start,,,,,,,
2344,Ro'ari - Khajiit Racemenu Preset,5.10.5 CHARACTER PRESETS,nolvus,harvest_nolvus,exact,Always Install,2.0,nolvus-awekening-redux;nolvus-awakening-v6;nolvus-v6-ultimate-open-beta-start,,,,,,,
2345,M'zaka - Khajiit Racemenu Preset,5.10.5 CHARACTER PRESETS,nolvus,harvest_nolvus,exact,Always Install,1.0,nolvus-awekening-redux;nolvus-awakening-v6;nolvus-v6-ultimate-open-beta-start,,,,,,,
2346,Beem - Argonian Racemenu Preset,5.10.5 CHARACTER PRESETS,nolvus,harvest_nolvus,exact,Always Install,1.0,nolvus-awekening-redux;nolvus-awakening-v6;nolvus-v6-ultimate-open-beta-start,,,,,,,
2347,Skotti - Argonian Racemenu Preset,5.10.5 CHARACTER PRESETS,nolvus,harvest_nolvus,exact,Always Install,1.0,nolvus-awekening-redux;nolvus-awakening-v6;nolvus-v6-ultimate-open-beta-start,,,,,,,
2348,Visskar - Argonian Racemenu Preset,5.10.5 CHARACTER PRESETS,nolvus,harvest_nolvus,exact,Always Install,1.0,nolvus-awekening-redux;nolvus-awakening-v6;nolvus-v6-ultimate-open-beta-start,,,,,,,
2349,Dante - Argonian Racemenu Preset,5.10.5 CHARACTER PRESETS,nolvus,harvest_nolvus,exact,Always Install,2.0,nolvus-awekening-redux;nolvus-awakening-v6;nolvus-v6-ultimate-open-beta-start,,,,,,,
2350,Tsuzo - Argonian Racemenu Preset,5.10.5 CHARACTER PRESETS,nolvus,harvest_nolvus,exact,Always Install,1.0,nolvus-awekening-redux;nolvus-awakening-v6;nolvus-v6-ultimate-open-beta-start,,,,,,,
2351,Urrik - Orc Racemenu Preset,5.10.5 CHARACTER PRESETS,nolvus,harvest_nolvus,exact,Always Install,2.1,nolvus-awekening-redux;nolvus-awakening-v6;nolvus-v6-ultimate-open-beta-start,,,,,,,
2352,Drog'ur - Orc Racemenu Preset,5.10.5 CHARACTER PRESETS,nolvus,harvest_nolvus,exact,Always Install,1.0,nolvus-awekening-redux;nolvus-awakening-v6;nolvus-v6-ultimate-open-beta-start,,,,,,,
2353,Storgh - Orc Racemenu Preset,5.10.5 CHARACTER PRESETS,nolvus,harvest_nolvus,exact,Always Install,1.0,nolvus-awekening-redux;nolvus-awakening-v6;nolvus-v6-ultimate-open-beta-start,,,,,,,
2354,Gorak - Orc Racemenu Preset,5.10.5 CHARACTER PRESETS,nolvus,harvest_nolvus,exact,Always Install,1.0,nolvus-awekening-redux;nolvus-awakening-v6;nolvus-v6-ultimate-open-beta-start,,,,,,,
2355,Agronak - Orc Racemenu Preset,5.10.5 CHARACTER PRESETS,nolvus,harvest_nolvus,exact,Always Install,1.0,nolvus-awekening-redux;nolvus-awakening-v6;nolvus-v6-ultimate-open-beta-start,,,,,,,
2356,Tareion - High Elf Racemenu Preset,5.10.5 CHARACTER PRESETS,nolvus,harvest_nolvus,exact,Always Install,2.0,nolvus-awekening-redux;nolvus-awakening-v6;nolvus-v6-ultimate-open-beta-start,,,,,,,
2357,Eariiel - High Elf Racemenu Preset,5.10.5 CHARACTER PRESETS,nolvus,harvest_nolvus,exact,Always Install,2.0,nolvus-awekening-redux;nolvus-awakening-v6;nolvus-v6-ultimate-open-beta-start,,,,,,,
2358,Aenelle - High Elf Racemenu Preset,5.10.5 CHARACTER PRESETS,nolvus,harvest_nolvus,exact,Always Install,2.1,nolvus-awekening-redux;nolvus-awakening-v6;nolvus-v6-ultimate-open-beta-start,,,,,,,
2359,Doraku - High Elf Racemenu Preset,5.10.5 CHARACTER PRESETS,nolvus,harvest_nolvus,exact,Always Install,1.1,nolvus-awekening-redux;nolvus-awakening-v6;nolvus-v6-ultimate-open-beta-start,,,,,,,
2360,Obenion - Wood Elf Racemenu Preset,5.10.5 CHARACTER PRESETS,nolvus,harvest_nolvus,exact,Always Install,1.0.1,nolvus-awekening-redux;nolvus-awakening-v6;nolvus-v6-ultimate-open-beta-start,,,,,,,
2361,Manmal - Wood Elf Racemenu Nolvus Preset,5.10.5 CHARACTER PRESETS,nolvus,harvest_nolvus,exact,Always Install,2.0,nolvus-awekening-redux,,,,,,,
2362,Ellis - Wood Elf Racemenu Preset,5.10.5 CHARACTER PRESETS,nolvus,harvest_nolvus,exact,Always Install,2.0,nolvus-awekening-redux;nolvus-awakening-v6;nolvus-v6-ultimate-open-beta-start,,,,,,,
2363,Faldas - Wood Elf Racemenu Preset,5.10.5 CHARACTER PRESETS,nolvus,harvest_nolvus,exact,Always Install,2.0,nolvus-awekening-redux;nolvus-awakening-v6;nolvus-v6-ultimate-open-beta-start,,,,,,,
2364,Elisgvir - Wood Elf Racemenu Preset,5.10.5 CHARACTER PRESETS,nolvus,harvest_nolvus,exact,Always Install,1.1,nolvus-awekening-redux;nolvus-awakening-v6;nolvus-v6-ultimate-open-beta-start,,,,,,,
2365,Varris - Dark Elf Racemenu Preset,5.10.5 CHARACTER PRESETS,nolvus,harvest_nolvus,exact,Always Install,1.0,nolvus-awekening-redux;nolvus-awakening-v6;nolvus-v6-ultimate-open-beta-start,,,,,,,
2366,Eligor - Dark Elf Racemenu Preset,5.10.5 CHARACTER PRESETS,nolvus,harvest_nolvus,exact,Always Install,1.01,nolvus-awekening-redux;nolvus-awakening-v6;nolvus-v6-ultimate-open-beta-start,,,,,,,
2367,M'al - Dark Elf Racemenu Preset,5.10.5 CHARACTER PRESETS,nolvus,harvest_nolvus,exact,Always Install,3.0,nolvus-awekening-redux;nolvus-awakening-v6;nolvus-v6-ultimate-open-beta-start,,,,,,,
2368,Ketu - Dark Elf Racemenu Preset,5.10.5 CHARACTER PRESETS,nolvus,harvest_nolvus,exact,Always Install,2.1,nolvus-awekening-redux;nolvus-awakening-v6;nolvus-v6-ultimate-open-beta-start,,,,,,,
2369,Furon - Dark Elf Racemenu Preset,5.10.5 CHARACTER PRESETS,nolvus,harvest_nolvus,exact,Always Install,2.0,nolvus-awekening-redux;nolvus-awakening-v6;nolvus-v6-ultimate-open-beta-start,,,,,,,
2370,Vilyn - Dark Elf Racemenu Preset,5.10.5 CHARACTER PRESETS,nolvus,harvest_nolvus,exact,Always Install,1.01,nolvus-awekening-redux;nolvus-awakening-v6;nolvus-v6-ultimate-open-beta-start,,,,,,,
2371,Llondryn - Dark Elf Racemenu Preset,5.10.5 CHARACTER PRESETS,nolvus,harvest_nolvus,exact,Always Install,1.0,nolvus-awekening-redux;nolvus-awakening-v6;nolvus-v6-ultimate-open-beta-start,,,,,,,
2372,TATSU - Dark Elf Racemenu Preset,5.10.5 CHARACTER PRESETS,nolvus,harvest_nolvus,exact,Always Install,1.0,nolvus-awekening-redux;nolvus-awakening-v6;nolvus-v6-ultimate-open-beta-start,,,,,,,
2373,Scar - Redguard Racemeu Preset,5.10.5 CHARACTER PRESETS,nolvus,harvest_nolvus,exact,Always Install,1.0,nolvus-awekening-redux;nolvus-awakening-v6;nolvus-v6-ultimate-open-beta-start,,,,,,,
2374,Arad - Redguard Racemenu Preset,5.10.5 CHARACTER PRESETS,nolvus,harvest_nolvus,exact,Always Install,3.0.1,nolvus-awekening-redux;nolvus-awakening-v6;nolvus-v6-ultimate-open-beta-start,,,,,,,
2375,N'kia - Redguard Racemenu Preset,5.10.5 CHARACTER PRESETS,nolvus,harvest_nolvus,exact,Always Install,1.0,nolvus-awekening-redux;nolvus-awakening-v6;nolvus-v6-ultimate-open-beta-start,,,,,,,
2376,Mujwadeen - Redguard Racemenu Preset,5.10.5 CHARACTER PRESETS,nolvus,harvest_nolvus,exact,Always Install,1.0,nolvus-awekening-redux;nolvus-awakening-v6;nolvus-v6-ultimate-open-beta-start,,,,,,,
2377,Gaiyen - Redguard Racemenu Preset,5.10.5 CHARACTER PRESETS,nolvus,harvest_nolvus,exact,Always Install,1.0,nolvus-awekening-redux;nolvus-awakening-v6;nolvus-v6-ultimate-open-beta-start,,,,,,,
2378,Nudz - Redguard Racemenu Preset,5.10.5 CHARACTER PRESETS,nolvus,harvest_nolvus,exact,Always Install,1.0,nolvus-awekening-redux;nolvus-awakening-v6;nolvus-v6-ultimate-open-beta-start,,,,,,,
2379,Zahir - Redguard Racemenu Preset,5.10.5 CHARACTER PRESETS,nolvus,harvest_nolvus,exact,Always Install,2.0,nolvus-awekening-redux;nolvus-awakening-v6;nolvus-v6-ultimate-open-beta-start,,,,,,,
2380,Umuganga - Redguard Racemenu Preset,5.10.5 CHARACTER PRESETS,nolvus,harvest_nolvus,exact,Always Install,2.0,nolvus-awekening-redux;nolvus-awakening-v6;nolvus-v6-ultimate-open-beta-start,,,,,,,
2381,Karif - Redguard Racemenu Preset,5.10.5 CHARACTER PRESETS,nolvus,harvest_nolvus,exact,Always Install,2.0,nolvus-awekening-redux;nolvus-awakening-v6;nolvus-v6-ultimate-open-beta-start,,,,,,,
2382,Aybar - Redguard Racemenu Preset,5.10.5 CHARACTER PRESETS,nolvus,harvest_nolvus,exact,Always Install,2.0,nolvus-awekening-redux;nolvus-awakening-v6;nolvus-v6-ultimate-open-beta-start,,,,,,,
2383,Avag - Redguard Racemenu Preset,5.10.5 CHARACTER PRESETS,nolvus,harvest_nolvus,exact,Always Install,1.0,nolvus-awekening-redux;nolvus-awakening-v6;nolvus-v6-ultimate-open-beta-start,,,,,,,
2384,Kayd - Redguard Racemenu Preset,5.10.5 CHARACTER PRESETS,nolvus,harvest_nolvus,exact,Always Install,1.0,nolvus-awekening-redux;nolvus-awakening-v6;nolvus-v6-ultimate-open-beta-start,,,,,,,
2385,Emile - Breton Racemenu Preset,5.10.5 CHARACTER PRESETS,nolvus,harvest_nolvus,exact,Always Install,2.0,nolvus-awekening-redux;nolvus-awakening-v6;nolvus-v6-ultimate-open-beta-start,,,,,,,
2386,Justas - Breton Racemenu Preset,5.10.5 CHARACTER PRESETS,nolvus,harvest_nolvus,exact,Always Install,2.1,nolvus-awekening-redux;nolvus-awakening-v6;nolvus-v6-ultimate-open-beta-start,,,,,,,
2387,Danyl - Breton Racemenu Preset,5.10.5 CHARACTER PRESETS,nolvus,harvest_nolvus,exact,Always Install,1.01,nolvus-awekening-redux;nolvus-awakening-v6;nolvus-v6-ultimate-open-beta-start,,,,,,,
2388,Erwen - Breton Racemenu Preset,5.10.5 CHARACTER PRESETS,nolvus,harvest_nolvus,exact,Always Install,1.0,nolvus-awekening-redux;nolvus-awakening-v6;nolvus-v6-ultimate-open-beta-start,,,,,,,
2389,Somhairle - Breton Racemenu Preset,5.10.5 CHARACTER PRESETS,nolvus,harvest_nolvus,exact,Always Install,1.0,nolvus-awekening-redux;nolvus-awakening-v6;nolvus-v6-ultimate-open-beta-start,,,,,,,
2390,Bryn - Breton Racemenu Preset,5.10.5 CHARACTER PRESETS,nolvus,harvest_nolvus,exact,Always Install,2.0.1,nolvus-awekening-redux;nolvus-awakening-v6;nolvus-v6-ultimate-open-beta-start,,,,,,,
2391,Devin - Breton Racemenu Preset,5.10.5 CHARACTER PRESETS,nolvus,harvest_nolvus,exact,Always Install,2.0,nolvus-awekening-redux;nolvus-awakening-v6;nolvus-v6-ultimate-open-beta-start,,,,,,,
2392,Lyam - Breton Racemenu Preset,5.10.5 CHARACTER PRESETS,nolvus,harvest_nolvus,exact,Always Install,2.1,nolvus-awekening-redux;nolvus-awakening-v6;nolvus-v6-ultimate-open-beta-start,,,,,,,
2393,Josse - Breton Racemenu Preset,5.10.5 CHARACTER PRESETS,nolvus,harvest_nolvus,exact,Always Install,2.0,nolvus-awekening-redux;nolvus-awakening-v6;nolvus-v6-ultimate-open-beta-start,,,,,,,
2394,Gael - Breton Racemenu Preset,5.10.5 CHARACTER PRESETS,nolvus,harvest_nolvus,exact,Always Install,1.0,nolvus-awekening-redux;nolvus-awakening-v6;nolvus-v6-ultimate-open-beta-start,,,,,,,
2395,Gwion - Breton Racemenu Preset,5.10.5 CHARACTER PRESETS,nolvus,harvest_nolvus,exact,Always Install,1.0,nolvus-awekening-redux;nolvus-awakening-v6;nolvus-v6-ultimate-open-beta-start,,,,,,,
2396,Dorian - Breton Racemenu Preset,5.10.5 CHARACTER PRESETS,nolvus,harvest_nolvus,exact,Always Install,1.0,nolvus-awekening-redux;nolvus-awakening-v6;nolvus-v6-ultimate-open-beta-start,,,,,,,
2397,Chervain - Breton Racemenu Preset,5.10.5 CHARACTER PRESETS,nolvus,harvest_nolvus,exact,Always Install,1.0,nolvus-awekening-redux;nolvus-awakening-v6;nolvus-v6-ultimate-open-beta-start,,,,,,,
2398,Lavitz - Imperial Racemebu Preset,5.10.5 CHARACTER PRESETS,nolvus,harvest_nolvus,exact,Always Install,1.0,nolvus-awekening-redux;nolvus-awakening-v6;nolvus-v6-ultimate-open-beta-start,,,,,,,
2399,Amiel - Imperial Racemenu Preset,5.10.5 CHARACTER PRESETS,nolvus,harvest_nolvus,exact,Always Install,2.0,nolvus-awekening-redux;nolvus-awakening-v6;nolvus-v6-ultimate-open-beta-start,,,,,,,
2400,Marco - Imperial Racemenu Preset,5.10.5 CHARACTER PRESETS,nolvus,harvest_nolvus,exact,Always Install,1.0,nolvus-awekening-redux;nolvus-awakening-v6;nolvus-v6-ultimate-open-beta-start,,,,,,,
2401,Viktor - Imperial Racemenu Preset,5.10.5 CHARACTER PRESETS,nolvus,harvest_nolvus,exact,Always Install,1.0,nolvus-awekening-redux;nolvus-awakening-v6;nolvus-v6-ultimate-open-beta-start,,,,,,,
2402,Bear - Imperial Racemenu Preset,5.10.5 CHARACTER PRESETS,nolvus,harvest_nolvus,exact,Always Install,1.1,nolvus-awekening-redux;nolvus-awakening-v6;nolvus-v6-ultimate-open-beta-start,,,,,,,
2403,Sascha - Imperial Racemenu Preset,5.10.5 CHARACTER PRESETS,nolvus,harvest_nolvus,exact,Not Graphics Only,1.01,nolvus-awekening-redux;nolvus-awakening-v6;nolvus-v6-ultimate-open-beta-start,,,,,,,
2404,Tomas - Imperial Racemenu Preset,5.10.5 CHARACTER PRESETS,nolvus,harvest_nolvus,exact,Always Install,2.1,nolvus-awekening-redux;nolvus-awakening-v6;nolvus-v6-ultimate-open-beta-start,,,,,,,
2405,Arrad - Imperial Racemenu Preset,5.10.5 CHARACTER PRESETS,nolvus,harvest_nolvus,exact,Always Install,2.0,nolvus-awekening-redux;nolvus-awakening-v6;nolvus-v6-ultimate-open-beta-start,,,,,,,
2406,Roman - Imperial Racemenu Preset,5.10.5 CHARACTER PRESETS,nolvus,harvest_nolvus,exact,Always Install,3.0,nolvus-awekening-redux;nolvus-awakening-v6;nolvus-v6-ultimate-open-beta-start,,,,,,,
2407,Jakus - Imperial Racemenu Preset,5.10.5 CHARACTER PRESETS,nolvus,harvest_nolvus,exact,Always Install,2.0,nolvus-awekening-redux;nolvus-awakening-v6;nolvus-v6-ultimate-open-beta-start,,,,,,,
2408,Matthias - Imperial Racemenu Preset,5.10.5 CHARACTER PRESETS,nolvus,harvest_nolvus,exact,Always Install,2.0,nolvus-awekening-redux;nolvus-awakening-v6;nolvus-v6-ultimate-open-beta-start,,,,,,,
2409,Astor - Imperial Racemenu Preset,5.10.5 CHARACTER PRESETS,nolvus,harvest_nolvus,exact,Always Install,2.0,nolvus-awekening-redux;nolvus-awakening-v6;nolvus-v6-ultimate-open-beta-start,,,,,,,
2410,Maxim - Imperial Racemenu Preset,5.10.5 CHARACTER PRESETS,nolvus,harvest_nolvus,exact,Always Install,2.0,nolvus-awekening-redux;nolvus-awakening-v6;nolvus-v6-ultimate-open-beta-start,,,,,,,
2411,Jupiter - Imperial Racemenu Preset,5.10.5 CHARACTER PRESETS,nolvus,harvest_nolvus,exact,Always Install,1.0,nolvus-awekening-redux;nolvus-awakening-v6;nolvus-v6-ultimate-open-beta-start,,,,,,,
2412,Ennis - Imperial Racemenu Preset,5.10.5 CHARACTER PRESETS,nolvus,harvest_nolvus,exact,Always Install,2.0,nolvus-awekening-redux;nolvus-awakening-v6;nolvus-v6-ultimate-open-beta-start,,,,,,,
2413,Larrius - Imperial Racemenu Preset,5.10.5 CHARACTER PRESETS,nolvus,harvest_nolvus,exact,Always Install,1.01,nolvus-awekening-redux;nolvus-awakening-v6;nolvus-v6-ultimate-open-beta-start,,,,,,,
2414,Waylander - Imperial Racemenu Preset,5.10.5 CHARACTER PRESETS,nolvus,harvest_nolvus,exact,Always Install,1.0,nolvus-awekening-redux;nolvus-awakening-v6;nolvus-v6-ultimate-open-beta-start,,,,,,,
2415,Paolus - Imperial Racemenu Preset,5.10.5 CHARACTER PRESETS,nolvus,harvest_nolvus,exact,Always Install,1.0,nolvus-awekening-redux;nolvus-awakening-v6;nolvus-v6-ultimate-open-beta-start,,,,,,,
2416,Vlad - Imperial Racemenu Preset,5.10.5 CHARACTER PRESETS,nolvus,harvest_nolvus,exact,Always Install,1.02,nolvus-awekening-redux;nolvus-awakening-v6;nolvus-v6-ultimate-open-beta-start,,,,,,,
2417,IFIRIT - Nord Racemenu Preset,5.10.5 CHARACTER PRESETS,nolvus,harvest_nolvus,exact,Always Install,1.0,nolvus-awekening-redux;nolvus-awakening-v6;nolvus-v6-ultimate-open-beta-start,,,,,,,
2418,Morten - Nord Racemenu Preset,5.10.5 CHARACTER PRESETS,nolvus,harvest_nolvus,exact,Always Install,1.01,nolvus-awekening-redux;nolvus-awakening-v6;nolvus-v6-ultimate-open-beta-start,,,,,,,
2419,Tormir - Nord Racemenu Preset,5.10.5 CHARACTER PRESETS,nolvus,harvest_nolvus,exact,Always Install,2.0,nolvus-awekening-redux;nolvus-awakening-v6;nolvus-v6-ultimate-open-beta-start,,,,,,,
2420,Bjarne - Nord Racemenu Preset,5.10.5 CHARACTER PRESETS,nolvus,harvest_nolvus,exact,Always Install,1.0,nolvus-awekening-redux;nolvus-awakening-v6;nolvus-v6-ultimate-open-beta-start,,,,,,,
2421,Aerolf - Nord Racemenu Preset,5.10.5 CHARACTER PRESETS,nolvus,harvest_nolvus,exact,Always Install,1.01,nolvus-awekening-redux;nolvus-awakening-v6;nolvus-v6-ultimate-open-beta-start,,,,,,,
2422,William - Nord Racemenu Preset,5.10.5 CHARACTER PRESETS,nolvus,harvest_nolvus,exact,Always Install,1.0,nolvus-awekening-redux;nolvus-awakening-v6;nolvus-v6-ultimate-open-beta-start,,,,,,,
2423,Finn - Nord Racemenu Preset,5.10.5 CHARACTER PRESETS,nolvus,harvest_nolvus,exact,Always Install,1.0,nolvus-awekening-redux;nolvus-awakening-v6;nolvus-v6-ultimate-open-beta-start,,,,,,,
2424,Soren - Nord Racemenu Nolvus Preset,5.10.5 CHARACTER PRESETS,nolvus,harvest_nolvus,exact,Always Install,2.0,nolvus-awekening-redux,,,,,,,
2425,Skar - Nord Racemenu Preset,5.10.5 CHARACTER PRESETS,nolvus,harvest_nolvus,exact,Always Install,1.01,nolvus-awekening-redux;nolvus-awakening-v6;nolvus-v6-ultimate-open-beta-start,,,,,,,
2426,Eylon - Nord Racemenu Preset,5.10.5 CHARACTER PRESETS,nolvus,harvest_nolvus,exact,Always Install,1.1,nolvus-awekening-redux;nolvus-awakening-v6;nolvus-v6-ultimate-open-beta-start,,,,,,,
2427,Lincoln - Nord Racemenu Preset,5.10.5 CHARACTER PRESETS,nolvus,harvest_nolvus,exact,Always Install,2.0,nolvus-awekening-redux;nolvus-awakening-v6;nolvus-v6-ultimate-open-beta-start,,,,,,,
2428,Dalen - Nord Racemenu Preset,5.10.5 CHARACTER PRESETS,nolvus,harvest_nolvus,exact,Always Install,1.0,nolvus-awekening-redux;nolvus-awakening-v6;nolvus-v6-ultimate-open-beta-start,,,,,,,
2429,Rthas - Nord Racemenu Preset,5.10.5 CHARACTER PRESETS,nolvus,harvest_nolvus,exact,Always Install,1.0,nolvus-awekening-redux;nolvus-awakening-v6;nolvus-v6-ultimate-open-beta-start,,,,,,,
2430,Night - Nord Racemenu Nolvus Preset,5.10.5 CHARACTER PRESETS,nolvus,harvest_nolvus,exact,Always Install,3.0,nolvus-awekening-redux,,,,,,,
2431,Caspar - Nord Racemenu Preset,5.10.5 CHARACTER PRESETS,nolvus,harvest_nolvus,exact,Always Install,2.0,nolvus-awekening-redux;nolvus-awakening-v6;nolvus-v6-ultimate-open-beta-start,,,,,,,
2432,Tor - Nord Racemenu Preset,5.10.5 CHARACTER PRESETS,nolvus,harvest_nolvus,exact,Always Install,2.0,nolvus-awekening-redux;nolvus-awakening-v6;nolvus-v6-ultimate-open-beta-start,,,,,,,
2433,Wulf - Nord Racemenu Nolvus Preset,5.10.5 CHARACTER PRESETS,nolvus,harvest_nolvus,exact,Always Install,3.0,nolvus-awekening-redux,,,,,,,
2434,Kristof - Nord Racemenu Preset,5.10.5 CHARACTER PRESETS,nolvus,harvest_nolvus,exact,Always Install,2.0,nolvus-awekening-redux;nolvus-awakening-v6;nolvus-v6-ultimate-open-beta-start,,,,,,,
2435,Jaxon - Nord Racemenu Preset,5.10.5 CHARACTER PRESETS,nolvus,harvest_nolvus,exact,Always Install,1.0,nolvus-awekening-redux;nolvus-awakening-v6;nolvus-v6-ultimate-open-beta-start,,,,,,,
2436,Kris - Nord Racemenu Preset,5.10.5 CHARACTER PRESETS,nolvus,harvest_nolvus,exact,Always Install,2.0,nolvus-awekening-redux;nolvus-awakening-v6;nolvus-v6-ultimate-open-beta-start,,,,,,,
2437,Adord - Nord Racemenu Preset,5.10.5 CHARACTER PRESETS,nolvus,harvest_nolvus,exact,Always Install,1.0,nolvus-awekening-redux;nolvus-awakening-v6;nolvus-v6-ultimate-open-beta-start,,,,,,,
2438,Ragnar - Nord Racemenu Preset,5.10.5 CHARACTER PRESETS,nolvus,harvest_nolvus,exact,Always Install,1.0,nolvus-awekening-redux;nolvus-awakening-v6;nolvus-v6-ultimate-open-beta-start,,,,,,,
2439,"Agnes - Breton, Nord Redguard Racemenu Preset",5.10.5 CHARACTER PRESETS,nolvus,harvest_nolvus,exact,Always Install,1.0,nolvus-awekening-redux;nolvus-awakening-v6;nolvus-v6-ultimate-open-beta-start,,,,,,,
2440,"Raelin - Altmer, Bosmer, Dunmer Racemenu Preset",5.10.5 CHARACTER PRESETS,nolvus,harvest_nolvus,exact,Always Install,1.0,nolvus-awekening-redux;nolvus-awakening-v6;nolvus-v6-ultimate-open-beta-start,,,,,,,
2441,Narahni - Khajiit Racemenu Preset,5.10.5 CHARACTER PRESETS,nolvus,harvest_nolvus,exact,Always Install,1.0.1,nolvus-awekening-redux;nolvus-awakening-v6;nolvus-v6-ultimate-open-beta-start,,,,,,,
2442,Kitt'i - Khajiit Racemenu Preset,5.10.5 CHARACTER PRESETS,nolvus,harvest_nolvus,exact,Always Install,1.0,nolvus-awekening-redux;nolvus-awakening-v6;nolvus-v6-ultimate-open-beta-start,,,,,,,
2443,Kudo - Argonian Racemenu Preset,5.10.5 CHARACTER PRESETS,nolvus,harvest_nolvus,exact,Always Install,1.0,nolvus-awekening-redux;nolvus-awakening-v6;nolvus-v6-ultimate-open-beta-start,,,,,,,
2444,Shelur - Orc Racemenu Preset,5.10.5 CHARACTER PRESETS,nolvus,harvest_nolvus,exact,Always Install,1.0,nolvus-awekening-redux;nolvus-awakening-v6;nolvus-v6-ultimate-open-beta-start,,,,,,,
2445,Orchy - Orc Racemenu Preset,5.10.5 CHARACTER PRESETS,nolvus,harvest_nolvus,exact,Always Install,1.0,nolvus-awekening-redux;nolvus-awakening-v6;nolvus-v6-ultimate-open-beta-start,,,,,,,
2446,VriTarl - Orc Racemenu Preset,5.10.5 CHARACTER PRESETS,nolvus,harvest_nolvus,exact,Always Install,1.0,nolvus-awekening-redux;nolvus-awakening-v6;nolvus-v6-ultimate-open-beta-start,,,,,,,
2447,Zhora - Orc Racemenu Preset,5.10.5 CHARACTER PRESETS,nolvus,harvest_nolvus,exact,Always Install,1.0,nolvus-awekening-redux;nolvus-awakening-v6;nolvus-v6-ultimate-open-beta-start,,,,,,,
2448,Bethiba - Orc Racemenu Preset,5.10.5 CHARACTER PRESETS,nolvus,harvest_nolvus,exact,Always Install,1.0,nolvus-awekening-redux;nolvus-awakening-v6;nolvus-v6-ultimate-open-beta-start,,,,,,,
2449,Miriel Goldsong - High Elf Racemenu Preset,5.10.5 CHARACTER PRESETS,nolvus,harvest_nolvus,exact,Always Install,1.0,nolvus-awekening-redux;nolvus-awakening-v6;nolvus-v6-ultimate-open-beta-start,,,,,,,
2450,Nara - High Elf Racemenu Preset,5.10.5 CHARACTER PRESETS,nolvus,harvest_nolvus,exact,Always Install,1.0,nolvus-awekening-redux;nolvus-awakening-v6;nolvus-v6-ultimate-open-beta-start,,,,,,,
2451,Galathea - High Elf Racemenu Preset,5.10.5 CHARACTER PRESETS,nolvus,harvest_nolvus,exact,Always Install,1.2,nolvus-awekening-redux;nolvus-awakening-v6;nolvus-v6-ultimate-open-beta-start,,,,,,,
2452,Elle - High Elf Racemenu Preset,5.10.5 CHARACTER PRESETS,nolvus,harvest_nolvus,exact,Always Install,1.0,nolvus-awekening-redux;nolvus-awakening-v6;nolvus-v6-ultimate-open-beta-start,,,,,,,
2453,Lorien - High Elf Racemenu Preset,5.10.5 CHARACTER PRESETS,nolvus,harvest_nolvus,exact,Always Install,1.0,nolvus-awekening-redux;nolvus-awakening-v6;nolvus-v6-ultimate-open-beta-start,,,,,,,
2454,Taelith - Wood Elf Racemenu Preset,5.10.5 CHARACTER PRESETS,nolvus,harvest_nolvus,exact,Always Install,1.0,nolvus-awekening-redux;nolvus-awakening-v6;nolvus-v6-ultimate-open-beta-start,,,,,,,
2455,Rilli - Wood Elf Racemenu Preset,5.10.5 CHARACTER PRESETS,nolvus,harvest_nolvus,exact,Always Install,1.0,nolvus-awekening-redux;nolvus-awakening-v6;nolvus-v6-ultimate-open-beta-start,,,,,,,
2456,Nala - Wood Elf Racemenu Preset,5.10.5 CHARACTER PRESETS,nolvus,harvest_nolvus,exact,Always Install,1.0,nolvus-awekening-redux;nolvus-awakening-v6;nolvus-v6-ultimate-open-beta-start,,,,,,,
2457,Elinor - Wood Elf Racemenu Preset,5.10.5 CHARACTER PRESETS,nolvus,harvest_nolvus,exact,Always Install,1.0,nolvus-awekening-redux;nolvus-awakening-v6;nolvus-v6-ultimate-open-beta-start,,,,,,,
2458,Peach - Wood Elf Racemenu Preset,5.10.5 CHARACTER PRESETS,nolvus,harvest_nolvus,exact,Always Install,2.0,nolvus-awekening-redux;nolvus-awakening-v6;nolvus-v6-ultimate-open-beta-start,,,,,,,
2459,Esme - Wood Elf Racemenu Preset,5.10.5 CHARACTER PRESETS,nolvus,harvest_nolvus,exact,Always Install,1.0,nolvus-awekening-redux;nolvus-awakening-v6;nolvus-v6-ultimate-open-beta-start,,,,,,,
2460,Lyra - Dark Elf Racemenu Preset,5.10.5 CHARACTER PRESETS,nolvus,harvest_nolvus,exact,Always Install,1.0,nolvus-awekening-redux;nolvus-awakening-v6;nolvus-v6-ultimate-open-beta-start,,,,,,,
2461,Vale - Dark Elf Racemenu Preset,5.10.5 CHARACTER PRESETS,nolvus,harvest_nolvus,exact,Always Install,1.1,nolvus-awekening-redux;nolvus-awakening-v6;nolvus-v6-ultimate-open-beta-start,,,,,,,
2462,Rolanna - Dark Elf Racemenu Preset,5.10.5 CHARACTER PRESETS,nolvus,harvest_nolvus,exact,Always Install,1.2,nolvus-awekening-redux;nolvus-awakening-v6;nolvus-v6-ultimate-open-beta-start,,,,,,,
2463,Pranoria - Dark Elf Racemenu Preset,5.10.5 CHARACTER PRESETS,nolvus,harvest_nolvus,exact,Always Install,1.3,nolvus-awekening-redux;nolvus-awakening-v6;nolvus-v6-ultimate-open-beta-start,,,,,,,
2464,Galyn - Dark Elf Racemenu Preset,5.10.5 CHARACTER PRESETS,nolvus,harvest_nolvus,exact,Always Install,1.0,nolvus-awekening-redux;nolvus-awakening-v6;nolvus-v6-ultimate-open-beta-start,,,,,,,
2465,Lilliva - Dark Elf Racemenu Preset,5.10.5 CHARACTER PRESETS,nolvus,harvest_nolvus,exact,Always Install,1.0,nolvus-awekening-redux;nolvus-awakening-v6;nolvus-v6-ultimate-open-beta-start,,,,,,,
2466,Xaza - Dark Elf Racemenu Preset,5.10.5 CHARACTER PRESETS,nolvus,harvest_nolvus,exact,Always Install,1.2,nolvus-awekening-redux;nolvus-awakening-v6;nolvus-v6-ultimate-open-beta-start,,,,,,,
2467,Ruby - Redguard Racemenu Preset,5.10.5 CHARACTER PRESETS,nolvus,harvest_nolvus,exact,Always Install,1.0,nolvus-awekening-redux;nolvus-awakening-v6;nolvus-v6-ultimate-open-beta-start,,,,,,,
2468,Dahne - Redguard Racemenu Preset,5.10.5 CHARACTER PRESETS,nolvus,harvest_nolvus,exact,Always Install,1.0,nolvus-awekening-redux;nolvus-awakening-v6;nolvus-v6-ultimate-open-beta-start,,,,,,,
2469,Agatha - Redguard Racemenu Preset,5.10.5 CHARACTER PRESETS,nolvus,harvest_nolvus,exact,Always Install,2.0,nolvus-awekening-redux;nolvus-awakening-v6;nolvus-v6-ultimate-open-beta-start,,,,,,,
2470,Hanna - Redguard Racemenu Preset,5.10.5 CHARACTER PRESETS,nolvus,harvest_nolvus,exact,Always Install,1.0,nolvus-awekening-redux;nolvus-awakening-v6;nolvus-v6-ultimate-open-beta-start,,,,,,,
2471,Claire - Redguard Racemenu Preset,5.10.5 CHARACTER PRESETS,nolvus,harvest_nolvus,exact,Always Install,1.0,nolvus-awekening-redux;nolvus-awakening-v6;nolvus-v6-ultimate-open-beta-start,,,,,,,
2472,Farah Ibn Shaihalud - Redguard Racemenu Preset,5.10.5 CHARACTER PRESETS,nolvus,harvest_nolvus,exact,Always Install,1.0,nolvus-awekening-redux;nolvus-awakening-v6;nolvus-v6-ultimate-open-beta-start,,,,,,,
2473,Khariy - Redguard Racemenu Preset,5.10.5 CHARACTER PRESETS,nolvus,harvest_nolvus,exact,Always Install,1.0,nolvus-awekening-redux;nolvus-awakening-v6;nolvus-v6-ultimate-open-beta-start,,,,,,,
2474,Lienne - Breton Racemenu Preset,5.10.5 CHARACTER PRESETS,nolvus,harvest_nolvus,exact,Always Install,1.0,nolvus-awekening-redux;nolvus-awakening-v6;nolvus-v6-ultimate-open-beta-start,,,,,,,
2475,Roses - Breton Racemenu Preset,5.10.5 CHARACTER PRESETS,nolvus,harvest_nolvus,exact,Always Install,1.0,nolvus-awekening-redux;nolvus-awakening-v6;nolvus-v6-ultimate-open-beta-start,,,,,,,
2476,Giselle - Breton Racemenu Preset,5.10.5 CHARACTER PRESETS,nolvus,harvest_nolvus,exact,Always Install,1.0,nolvus-awekening-redux;nolvus-awakening-v6;nolvus-v6-ultimate-open-beta-start,,,,,,,
2477,Morgyn - Breton Racemenu Preset,5.10.5 CHARACTER PRESETS,nolvus,harvest_nolvus,exact,Always Install,1.0,nolvus-awekening-redux;nolvus-awakening-v6;nolvus-v6-ultimate-open-beta-start,,,,,,,
2478,Luciia - Breton Racemenu Preset,5.10.5 CHARACTER PRESETS,nolvus,harvest_nolvus,exact,Always Install,1.0,nolvus-awekening-redux;nolvus-awakening-v6;nolvus-v6-ultimate-open-beta-start,,,,,,,
2479,Lana - Breton Racemenu Preset,5.10.5 CHARACTER PRESETS,nolvus,harvest_nolvus,exact,Always Install,1.0,nolvus-awekening-redux;nolvus-awakening-v6;nolvus-v6-ultimate-open-beta-start,,,,,,,
2480,Hayley - Breton Racemenu Preset,5.10.5 CHARACTER PRESETS,nolvus,harvest_nolvus,exact,Always Install,1.0,nolvus-awekening-redux;nolvus-awakening-v6;nolvus-v6-ultimate-open-beta-start,,,,,,,
2481,Rika - Breton Racemenu Preset,5.10.5 CHARACTER PRESETS,nolvus,harvest_nolvus,exact,Always Install,1.0,nolvus-awekening-redux;nolvus-awakening-v6;nolvus-v6-ultimate-open-beta-start,,,,,,,
2482,Elena - Breton Racemenu Preset,5.10.5 CHARACTER PRESETS,nolvus,harvest_nolvus,exact,Always Install,1.0,nolvus-awekening-redux;nolvus-awakening-v6;nolvus-v6-ultimate-open-beta-start,,,,,,,
2483,Juliana - Breton Racemenu Preset,5.10.5 CHARACTER PRESETS,nolvus,harvest_nolvus,exact,Always Install,1.0,nolvus-awekening-redux;nolvus-awakening-v6;nolvus-v6-ultimate-open-beta-start,,,,,,,
2484,Lina - Imperial RaceMenu Preset,5.10.5 CHARACTER PRESETS,nolvus,harvest_nolvus,exact,Always Install,1.0,nolvus-awekening-redux;nolvus-awakening-v6;nolvus-v6-ultimate-open-beta-start,,,,,,,
2485,Nefia - Imperial RaceMenu Preset,5.10.5 CHARACTER PRESETS,nolvus,harvest_nolvus,exact,Always Install,1.0,nolvus-awekening-redux;nolvus-awakening-v6;nolvus-v6-ultimate-open-beta-start,,,,,,,
2486,Tuliana - Imperial RaceMenu Preset,5.10.5 CHARACTER PRESETS,nolvus,harvest_nolvus,exact,Always Install,1.0,nolvus-awekening-redux;nolvus-awakening-v6;nolvus-v6-ultimate-open-beta-start,,,,,,,
2487,Kara - Imperial RaceMenu Preset,5.10.5 CHARACTER PRESETS,nolvus,harvest_nolvus,exact,Always Install,2.11,nolvus-awekening-redux;nolvus-awakening-v6;nolvus-v6-ultimate-open-beta-start,,,,,,,
2488,Skuh's - Imperial RaceMenu Preset,5.10.5 CHARACTER PRESETS,nolvus,harvest_nolvus,exact,Always Install,1.0,nolvus-awekening-redux;nolvus-awakening-v6;nolvus-v6-ultimate-open-beta-start,,,,,,,
2489,Audrey - Imperial RaceMenu Preset,5.10.5 CHARACTER PRESETS,nolvus,harvest_nolvus,exact,Always Install,1.0,nolvus-awekening-redux;nolvus-awakening-v6;nolvus-v6-ultimate-open-beta-start,,,,,,,
2490,Pris - Imperial RaceMenu Preset,5.10.5 CHARACTER PRESETS,nolvus,harvest_nolvus,exact,Always Install,1.1,nolvus-awekening-redux;nolvus-awakening-v6;nolvus-v6-ultimate-open-beta-start,,,,,,,
2491,Merina - Imperial RaceMenu Preset,5.10.5 CHARACTER PRESETS,nolvus,harvest_nolvus,exact,Always Install,1.0,nolvus-awekening-redux;nolvus-awakening-v6;nolvus-v6-ultimate-open-beta-start,,,,,,,
2492,Rexha - Imperial RaceMenu Preset,5.10.5 CHARACTER PRESETS,nolvus,harvest_nolvus,exact,Always Install,1.1,nolvus-awekening-redux;nolvus-awakening-v6;nolvus-v6-ultimate-open-beta-start,,,,,,,
2493,Kuro - Imperial Racemenu Preset,5.10.5 CHARACTER PRESETS,nolvus,harvest_nolvus,exact,Always Install,1.0,nolvus-awekening-redux;nolvus-awakening-v6;nolvus-v6-ultimate-open-beta-start,,,,,,,
2494,Vercella - Imperial Racemenu Preset,5.10.5 CHARACTER PRESETS,nolvus,harvest_nolvus,exact,Always Install,1.2,nolvus-awekening-redux;nolvus-awakening-v6;nolvus-v6-ultimate-open-beta-start,,,,,,,
2495,Hedda - Nord Racemenu Preset,5.10.5 CHARACTER PRESETS,nolvus,harvest_nolvus,exact,Always Install,1.0,nolvus-awekening-redux;nolvus-awakening-v6;nolvus-v6-ultimate-open-beta-start,,,,,,,
2496,Sonja - Nord Racemenu Preset,5.10.5 CHARACTER PRESETS,nolvus,harvest_nolvus,exact,Always Install,1.0,nolvus-awekening-redux;nolvus-awakening-v6;nolvus-v6-ultimate-open-beta-start,,,,,,,
2497,Signe - Nord Racemenu Preset,5.10.5 CHARACTER PRESETS,nolvus,harvest_nolvus,exact,Always Install,1.0,nolvus-awekening-redux;nolvus-awakening-v6;nolvus-v6-ultimate-open-beta-start,,,,,,,
2498,Lilly - Nord Racemenu Preset,5.10.5 CHARACTER PRESETS,nolvus,harvest_nolvus,exact,Always Install,1.0,nolvus-awekening-redux;nolvus-awakening-v6;nolvus-v6-ultimate-open-beta-start,,,,,,,
2499,Iliria - Nord Racemenu Preset,5.10.5 CHARACTER PRESETS,nolvus,harvest_nolvus,exact,Always Install,1.0,nolvus-awekening-redux;nolvus-awakening-v6;nolvus-v6-ultimate-open-beta-start,,,,,,,
2500,Miya - Nord Racemenu Preset,5.10.5 CHARACTER PRESETS,nolvus,harvest_nolvus,exact,Always Install,1.0,nolvus-awekening-redux;nolvus-awakening-v6;nolvus-v6-ultimate-open-beta-start,,,,,,,
2501,Minmin - Nord Racemenu Preset,5.10.5 CHARACTER PRESETS,nolvus,harvest_nolvus,exact,Always Install,1.0,nolvus-awekening-redux;nolvus-awakening-v6;nolvus-v6-ultimate-open-beta-start,,,,,,,
2502,Brenna - Nord Racemenu Preset,5.10.5 CHARACTER PRESETS,nolvus,harvest_nolvus,exact,Always Install,1.0,nolvus-awekening-redux;nolvus-awakening-v6;nolvus-v6-ultimate-open-beta-start,,,,,,,
2503,Ciara - Nord Racemenu Preset,5.10.5 CHARACTER PRESETS,nolvus,harvest_nolvus,exact,Always Install,1.0,nolvus-awekening-redux;nolvus-awakening-v6;nolvus-v6-ultimate-open-beta-start,,,,,,,
2504,Evelyn - Nord Racemenu Preset,5.10.5 CHARACTER PRESETS,nolvus,harvest_nolvus,exact,Always Install,1.3,nolvus-awekening-redux;nolvus-awakening-v6;nolvus-v6-ultimate-open-beta-start,,,,,,,
2505,Khinara Jade - Nord Racemenu Preset,5.10.5 CHARACTER PRESETS,nolvus,harvest_nolvus,exact,Always Install,1.0,nolvus-awekening-redux;nolvus-awakening-v6;nolvus-v6-ultimate-open-beta-start,,,,,,,
2506,Kimiko - Nord Racemenu Preset,5.10.5 CHARACTER PRESETS,nolvus,harvest_nolvus,exact,Always Install,1.1,nolvus-awekening-redux;nolvus-awakening-v6;nolvus-v6-ultimate-open-beta-start,,,,,,,
2508,Lydia DF Edit,5.10.4 NPC's VISUAL OVERHAULS,nolvus,harvest_nolvus,exact,Always Install,1.0,nolvus-awekening-redux,,,,,,,
2509,Nolvus Awakening NPC Patch,5.10.4 NPC's VISUAL OVERHAULS,nolvus,harvest_nolvus,exact,"Not Redux, Not Graphics Only",6.0.21,nolvus-awakening-v6;nolvus-v6-ultimate-open-beta-start,,,,,,,
2510,RSV Patch Collection,5.10.4 NPC's VISUAL OVERHAULS,nolvus_old,harvest_nolvus,exact,,,nolvus-awekening-redux;nolvus-awakening-v6;nolvus-v6-ultimate-open-beta-start,,,,,,,not on the current nolvus.net page (6.0.21 beta); present in 6.0.20 snapshots
2511,Additional Dremora faces - RSV Patch,5.10.4 NPC's VISUAL OVERHAULS,nolvus,harvest_nolvus,exact,Always Install,2.2,nolvus-awekening-redux;nolvus-awakening-v6;nolvus-v6-ultimate-open-beta-start,,,,,,,
2512,Additional Dremora Faces - Vigilant Patch,5.10.4 NPC's VISUAL OVERHAULS,nolvus,harvest_nolvus,exact,Not Graphics Only,1.3.2a,nolvus-awekening-redux;nolvus-awakening-v6;nolvus-v6-ultimate-open-beta-start,,,,,,,
2513,Additional Dremora Faces - The Cause Patch,5.10.4 NPC's VISUAL OVERHAULS,nolvus,harvest_nolvus,exact,Always Install,1.3.2,nolvus-awekening-redux;nolvus-awakening-v6;nolvus-v6-ultimate-open-beta-start,,,,,,,
2514,Additional Dremora faces,5.10.4 NPC's VISUAL OVERHAULS,nolvus,harvest_nolvus,exact,Always Install,1.3.7,nolvus-awekening-redux;nolvus-awakening-v6;nolvus-v6-ultimate-open-beta-start,,,,,,,
2515,RS Children Overhaul - Farming Patch,5.10.4 NPC's VISUAL OVERHAULS,nolvus,harvest_nolvus,exact,Always Install,1.0,nolvus-awekening-redux;nolvus-awakening-v6;nolvus-v6-ultimate-open-beta-start,,,,,,,
2516,RS Children Overhaul - CC Patch,5.10.4 NPC's VISUAL OVERHAULS,nolvus,harvest_nolvus,exact,Always Install,6.0,nolvus-awekening-redux;nolvus-awakening-v6;nolvus-v6-ultimate-open-beta-start,,,,,,,
2517,RS Children Overhaul - Citizens of Tamriel Patch,5.10.4 NPC's VISUAL OVERHAULS,nolvus,harvest_nolvus,exact,Not Graphics Only,1.0,nolvus-awekening-redux;nolvus-awakening-v6;nolvus-v6-ultimate-open-beta-start,,,,,,,
2518,RS Children Overhaul - Clothing Fix,5.10.4 NPC's VISUAL OVERHAULS,nolvus,harvest_nolvus,exact,Always Install,1.0,nolvus-awekening-redux;nolvus-awakening-v6;nolvus-v6-ultimate-open-beta-start,,,,,,,
2519,RS Children Overhaul - Interesting NPCs Patch,5.10.4 NPC's VISUAL OVERHAULS,nolvus,harvest_nolvus,exact,Not Graphics Only,1.0,nolvus-awekening-redux;nolvus-awakening-v6;nolvus-v6-ultimate-open-beta-start,,,,,,,
2520,RS Children Overhaul - Wyrmstooth Patch,5.10.4 NPC's VISUAL OVERHAULS,nolvus,harvest_nolvus,exact,Not Graphics Only,1.0,nolvus-awekening-redux;nolvus-awakening-v6;nolvus-v6-ultimate-open-beta-start,,,,,,,
2521,RS Children Overhaul - Moon and Star Patch,5.10.4 NPC's VISUAL OVERHAULS,nolvus,harvest_nolvus,exact,Not Graphics Only,2.0,nolvus-awekening-redux;nolvus-awakening-v6;nolvus-v6-ultimate-open-beta-start,,,,,,,
2522,RS Children Overhaul - Falskaar Patch AIO,5.10.4 NPC's VISUAL OVERHAULS,nolvus,harvest_nolvus,exact,Not Graphics Only,1.03,nolvus-awekening-redux,,,,,,,
2523,RS Children Overhaul - Forgotten City Patch,5.10.4 NPC's VISUAL OVERHAULS,nolvus,harvest_nolvus,exact,Not Graphics Only,1.0,nolvus-awekening-redux;nolvus-awakening-v6;nolvus-v6-ultimate-open-beta-start,,,,,,,
2524,RS Children Overhaul - The Heart of Dibella Patch,5.10.4 NPC's VISUAL OVERHAULS,nolvus,harvest_nolvus,exact,Not Graphics Only,1.0,nolvus-awekening-redux;nolvus-awakening-v6;nolvus-v6-ultimate-open-beta-start,,,,,,,
2525,RS Children Overhaul - Cutting Room Floor Patch,5.10.4 NPC's VISUAL OVERHAULS,nolvus,harvest_nolvus,exact,Not Graphics Only,1.0,nolvus-awekening-redux;nolvus-awakening-v6;nolvus-v6-ultimate-open-beta-start,,,,,,,
2526,Children of the North,5.10.4 NPC's VISUAL OVERHAULS,both,harvest_nolvus,exact,Always Install,1.0,nolvus-awekening-redux;nolvus-awakening-v6;nolvus-v6-ultimate-open-beta-start,yes,,78283,368667,final,Aymar and Friends - Overhaul.esp;Children of the North.esp,section suggests Nolvus copy
2527,RS Children Overhaul,5.10.4 NPC's VISUAL OVERHAULS,both,harvest_nolvus,exact,Not Graphics Only,1.1.3,nolvus-awekening-redux;nolvus-awakening-v6;nolvus-v6-ultimate-open-beta-start,yes,,2650,128013,1.1.3,RSChildren.esp;RSkyrimChildren.esm,section suggests Nolvus copy
2528,Project ja-Kha'jay- Interesting NPCs Khajiit Addon,5.10.4 NPC's VISUAL OVERHAULS,nolvus,harvest_nolvus,exact,Not Graphics Only,3.05,nolvus-awekening-redux;nolvus-awakening-v6;nolvus-v6-ultimate-open-beta-start,,,,,,,
2529,Project ja-Kha'jay - Patch Collection,5.10.4 NPC's VISUAL OVERHAULS,both,harvest_nolvus,exact,Not Graphics Only,1.0,nolvus-awekening-redux;nolvus-awakening-v6;nolvus-v6-ultimate-open-beta-start,yes,,110682,466953,1.0,Project ja-Kha'jay - Lawless - Patch.esp;Project ja-Kha'jay - USMP - Patch.esp,section suggests Nolvus copy
2530,Project ja-Kha'jay - Moonpath to Elsweyr Pattch - Eyeglow Patch,5.10.4 NPC's VISUAL OVERHAULS,nolvus,harvest_nolvus,exact,Not Graphics Only,3.04,nolvus-awekening-redux;nolvus-awakening-v6;nolvus-v6-ultimate-open-beta-start,,,,,,,
2531,Project ja-Kha'jay - Moonpath to Elsweyr Patch - Unofficial Patch,5.10.4 NPC's VISUAL OVERHAULS,nolvus,harvest_nolvus,exact,Not Graphics Only,3.04,nolvus-awekening-redux;nolvus-awakening-v6;nolvus-v6-ultimate-open-beta-start,,,,,,,
2532,Project ja-Kha'jay - Moonpath to Elsweyr Patch,5.10.4 NPC's VISUAL OVERHAULS,nolvus,harvest_nolvus,exact,Not Graphics Only,3.04,nolvus-awekening-redux;nolvus-awakening-v6;nolvus-v6-ultimate-open-beta-start,,,,,,,
2533,Project ja-Kha'jay,5.10.4 NPC's VISUAL OVERHAULS,both,harvest_nolvus,exact,Always Install,4.08.1,nolvus-awekening-redux;nolvus-awakening-v6;nolvus-v6-ultimate-open-beta-start,yes,,57610,520523,4.0.6,JKJ - AI Overhaul Patch.esp;JKJ - USSEP Patch.esp;JKJ- Ohmes Risaad Restored.esp;Project ja-Kha'jay- Khajiit Diversity.esp,section suggests Nolvus copy
2534,BeastHHBB - Patches and Addons,5.10.4 NPC's VISUAL OVERHAULS,both,harvest_nolvus,exact,Not Graphics Only,2.5.5,nolvus-awekening-redux;nolvus-awakening-v6;nolvus-v6-ultimate-open-beta-start,yes,,38480,467777,3.7.5,BeastHHBB - Ai Overhaul Patch.esp;BeastHHBB - Immersive College Npcs Replacer.esp,section suggests Nolvus copy
2535,BeastHHBB - Khajiit and Argonian Content,5.10.4 NPC's VISUAL OVERHAULS,nolvus,harvest_nolvus,exact,Always Install,3.7.5,nolvus-awekening-redux;nolvus-awakening-v6;nolvus-v6-ultimate-open-beta-start,,,,,,,
2536,Volkiharbor - Harkon and Valerica Replacer,5.10.4 NPC's VISUAL OVERHAULS,nolvus,harvest_nolvus,exact,Always Install,1.0,nolvus-awekening-redux;nolvus-awakening-v6;nolvus-v6-ultimate-open-beta-start,,,,,,,
2537,Miraakle - A Miraak Replacer,5.10.4 NPC's VISUAL OVERHAULS,nolvus,harvest_nolvus,exact,Always Install,2.0,nolvus-awekening-redux;nolvus-awakening-v6;nolvus-v6-ultimate-open-beta-start,,,,,,,
2538,The Huntress Reborn - Aela,5.10.4 NPC's VISUAL OVERHAULS,nolvus,harvest_nolvus,exact,Always Install,2.2.2,nolvus-awekening-redux;nolvus-awakening-v6;nolvus-v6-ultimate-open-beta-start,,,,,,,
2539,BB's Housecarls - Lydia,5.10.4 NPC's VISUAL OVERHAULS,nolvus,harvest_nolvus,exact,Always Install,1.1,nolvus-awekening-redux;nolvus-awakening-v6;nolvus-v6-ultimate-open-beta-start,,,,,,,
2540,Nithi NPC Enhancement - Dawnguard DLC,5.10.4 NPC's VISUAL OVERHAULS,nolvus,harvest_nolvus,exact,Always Install,1.0,nolvus-awekening-redux;nolvus-awakening-v6;nolvus-v6-ultimate-open-beta-start,,,,,,,
2541,Nithi NPC Enhancement - The Reach,5.10.4 NPC's VISUAL OVERHAULS,nolvus,harvest_nolvus,exact,Always Install,0.1,nolvus-awekening-redux;nolvus-awakening-v6;nolvus-v6-ultimate-open-beta-start,,,,,,,
2542,Nithi NPC Enhancement - Eastmarch,5.10.4 NPC's VISUAL OVERHAULS,nolvus,harvest_nolvus,exact,Always Install,1.1a,nolvus-awekening-redux;nolvus-awakening-v6;nolvus-v6-ultimate-open-beta-start,,,,,,,
2543,Nithi NPC Enhancement - Riften,5.10.4 NPC's VISUAL OVERHAULS,nolvus,harvest_nolvus,exact,Always Install,1.1a,nolvus-awekening-redux;nolvus-awakening-v6;nolvus-v6-ultimate-open-beta-start,,,,,,,
2544,Nithi NPC Enhancement - The Thieves Guild,5.10.4 NPC's VISUAL OVERHAULS,nolvus,harvest_nolvus,exact,Always Install,1.1,nolvus-awekening-redux;nolvus-awakening-v6;nolvus-v6-ultimate-open-beta-start,,,,,,,
2545,Nithi NPC Enhancement - Whiterun,5.10.4 NPC's VISUAL OVERHAULS,nolvus,harvest_nolvus,exact,Always Install,3.0a,nolvus-awekening-redux;nolvus-awakening-v6;nolvus-v6-ultimate-open-beta-start,,,,,,,
2546,True Sons of Skyrim Refined - Nolvus Patch,5.10.4 NPC's VISUAL OVERHAULS,nolvus,harvest_nolvus,exact,"Not Redux, Not Milk Drinker, Not Graphics Only",6.0.5,nolvus-awakening-v6;nolvus-v6-ultimate-open-beta-start,,,,,,,
2547,True Sons of Skyrim Refined,5.10.4 NPC's VISUAL OVERHAULS,both,harvest_nolvus,exact,Always Install,3.6,nolvus-awekening-redux;nolvus-awakening-v6;nolvus-v6-ultimate-open-beta-start,yes,,180034,769337,6.4.3,TSOSRefined.esp;TSOSRefinedCreationClub.esp,section suggests Nolvus copy
2548,Sons of Nirn - Whiterun,5.10.4 NPC's VISUAL OVERHAULS,nolvus,harvest_nolvus,exact,Always Install,1.0,nolvus-awekening-redux;nolvus-awakening-v6;nolvus-v6-ultimate-open-beta-start,,,,,,,
2549,Pride of Skyrim All In One - Merged,5.10.4 NPC's VISUAL OVERHAULS,nolvus,harvest_nolvus,exact,Always Install,1.0,nolvus-awekening-redux;nolvus-awakening-v6;nolvus-v6-ultimate-open-beta-start,,,,,,,
2550,Pride of Skyrim All In One,5.10.4 NPC's VISUAL OVERHAULS,nolvus,harvest_nolvus,exact,Always Install,1.0,nolvus-awekening-redux;nolvus-awakening-v6;nolvus-v6-ultimate-open-beta-start,,,,,,,
2551,Bijin Warmaidens - CBBE 3BA Bodyslides,5.10.4 NPC's VISUAL OVERHAULS,nolvus,harvest_nolvus,exact,Always Install,1.1,nolvus-awekening-redux;nolvus-awakening-v6;nolvus-v6-ultimate-open-beta-start,,,,,,,
2552,Bijin Warmaidens - Custom Selection,5.10.4 NPC's VISUAL OVERHAULS,nolvus,harvest_nolvus,exact,Always Install,6.0.15,nolvus-awekening-redux;nolvus-awakening-v6;nolvus-v6-ultimate-open-beta-start,,,,,,,
2553,Bijin Warmaidens - Custom Body,5.10.4 NPC's VISUAL OVERHAULS,nolvus,harvest_nolvus,exact,Always Install,1.3,nolvus-awekening-redux;nolvus-awakening-v6;nolvus-v6-ultimate-open-beta-start,,,,,,,
2554,Bijin Warmaidens,5.10.4 NPC's VISUAL OVERHAULS,nolvus,harvest_nolvus,exact,Always Install,3.1.3,nolvus-awekening-redux;nolvus-awakening-v6;nolvus-v6-ultimate-open-beta-start,,,,,,,
2555,Children of the Pariah - An Orc NPC Overhaul,5.10.4 NPC's VISUAL OVERHAULS,nolvus,harvest_nolvus,exact,Always Install,1.2.3,nolvus-awekening-redux;nolvus-awakening-v6;nolvus-v6-ultimate-open-beta-start,,,,,,,
2556,DIbella's Blessing - RSV Exclusion Patches,5.10.4 NPC's VISUAL OVERHAULS,nolvus,harvest_nolvus,exact,Always Install,6.0,nolvus-awekening-redux;nolvus-awakening-v6;nolvus-v6-ultimate-open-beta-start,,,,,,,
2557,DIbella's Blessing,5.10.4 NPC's VISUAL OVERHAULS,both,harvest_nolvus,exact,Always Install,1.0,nolvus-awekening-redux;nolvus-awakening-v6;nolvus-v6-ultimate-open-beta-start,yes,,82606,368656,final,DIbella's Blessing.esp,section suggests Nolvus copy
2558,Son Of Skyrim's Guard Armor Replace to Breton Field Knight,5.10.4 NPC's VISUAL OVERHAULS,unknown,review,exact,,,,,,,,,,not in any snapshot; identify on Nexus
2559,Sons of Skyrim - Combined Armors - Winterhold,5.10.4 NPC's VISUAL OVERHAULS,nolvus,harvest_nolvus,exact,Always Install,1.9,nolvus-awekening-redux;nolvus-awakening-v6;nolvus-v6-ultimate-open-beta-start,,,,,,,
2560,Sons of Skyrim - Combined Armors - Stormcloak Officer,5.10.4 NPC's VISUAL OVERHAULS,nolvus,harvest_nolvus,exact,Always Install,2.1,nolvus-awekening-redux;nolvus-awakening-v6;nolvus-v6-ultimate-open-beta-start,,,,,,,
2561,Sons of Skyrim - Combined Armors - Markarth,5.10.4 NPC's VISUAL OVERHAULS,nolvus,harvest_nolvus,exact,Always Install,1.9,nolvus-awekening-redux;nolvus-awakening-v6;nolvus-v6-ultimate-open-beta-start,,,,,,,
2562,Sons of Skyrim - Combined Armors - Falkreath,5.10.4 NPC's VISUAL OVERHAULS,nolvus,harvest_nolvus,exact,Always Install,1.9,nolvus-awekening-redux;nolvus-awakening-v6;nolvus-v6-ultimate-open-beta-start,,,,,,,
2563,Sons of Skyrim - LOTD Patch,5.10.4 NPC's VISUAL OVERHAULS,nolvus,harvest_nolvus,exact,Not Graphics Only,2.8,nolvus-awekening-redux;nolvus-awakening-v6;nolvus-v6-ultimate-open-beta-start,,,,,,,
2564,Sons of Skyrim - Shield on Back Patch,5.10.4 NPC's VISUAL OVERHAULS,nolvus,harvest_nolvus,exact,Always Install,1.1,nolvus-awekening-redux;nolvus-awakening-v6;nolvus-v6-ultimate-open-beta-start,,,,,,,
2565,Sons of Skyrim - Xtudo Patch,5.10.4 NPC's VISUAL OVERHAULS,nolvus,harvest_nolvus,exact,Always Install,2.0,nolvus-awekening-redux;nolvus-awakening-v6;nolvus-v6-ultimate-open-beta-start,,,,,,,
2566,Sons of Skyrim - Textures [4K],5.10.4 NPC's VISUAL OVERHAULS,nolvus,harvest_nolvus,exact,Always Install,1.0,nolvus-awekening-redux;nolvus-awakening-v6;nolvus-v6-ultimate-open-beta-start,,,,,,,
2567,Sons of Skyrim,5.10.4 NPC's VISUAL OVERHAULS,both,harvest_nolvus,exact,Always Install,2.0.2,nolvus-awekening-redux;nolvus-awakening-v6;nolvus-v6-ultimate-open-beta-start,yes,,68656,448133,1.5.0,NW_Sons_of_Skyrim.esp,section suggests Nolvus copy
2568,Katana and Megara - Chooey's Choice,5.10.4 NPC's VISUAL OVERHAULS,nolvus,harvest_nolvus,exact,Not Graphics Only,3.0.0,nolvus-awekening-redux,,,,,,,
2569,Dwemer Researcher Backpack - Standalone and Remiel replacer - SE by Xtudo - Lucien patch lantern,5.10.4 NPC's VISUAL OVERHAULS,unknown,review,exact,,,,,,,,,,not in any snapshot; identify on Nexus
2570,BiR's Remiel Replacer,5.10.4 NPC's VISUAL OVERHAULS,unknown,review,exact,,,,,,,,,,not in any snapshot; identify on Nexus
2571,Lucien Replacer - Ella's Version - ESL,5.10.4 NPC's VISUAL OVERHAULS,nolvus,harvest_nolvus,exact,Not Graphics Only,1.1,nolvus-awekening-redux;nolvus-awakening-v6;nolvus-v6-ultimate-open-beta-start,,,,,,,
2572,Lucien Replacer - Ella's Version,5.10.4 NPC's VISUAL OVERHAULS,nolvus,harvest_nolvus,exact,Not Graphics Only,1.1,nolvus-awekening-redux;nolvus-awakening-v6;nolvus-v6-ultimate-open-beta-start,,,,,,,
2573,Travellers of Skyrim - High Poly NPC Patch,5.10.4 NPC's VISUAL OVERHAULS,nolvus,harvest_nolvus,exact,Not Graphics Only,1.0,nolvus-awekening-redux;nolvus-awakening-v6;nolvus-v6-ultimate-open-beta-start,,,,,,,
2574,Interesting NPCs Refined,5.10.4 NPC's VISUAL OVERHAULS,nolvus,harvest_nolvus,exact,Not Graphics Only,1.1,nolvus-awekening-redux;nolvus-awakening-v6;nolvus-v6-ultimate-open-beta-start,,,,,,,
2575,Interesting NPCs Visual Overhaul,5.10.4 NPC's VISUAL OVERHAULS,nolvus,harvest_nolvus,exact,Not Graphics Only,1.0,nolvus-awekening-redux,,,,,,,
2576,Cuyima Interesting NPCs,5.10.4 NPC's VISUAL OVERHAULS,nolvus,harvest_nolvus,exact,Not Graphics Only,1.1.1,nolvus-awekening-redux;nolvus-awakening-v6;nolvus-v6-ultimate-open-beta-start,,,,,,,
2577,Vigilant - Gwyneth Replacer,5.10.4 NPC's VISUAL OVERHAULS,nolvus,harvest_nolvus,exact,Not Graphics Only,2.2,nolvus-awekening-redux;nolvus-awakening-v6;nolvus-v6-ultimate-open-beta-start,,,,,,,
2578,Vigilant - Character Overhaul,5.10.4 NPC's VISUAL OVERHAULS,nolvus,harvest_nolvus,exact,Not Graphics Only,2.8.1,nolvus-awekening-redux;nolvus-awakening-v6;nolvus-v6-ultimate-open-beta-start,,,,,,,
2579,Vigilant - Character Overhaul2,5.10.4 NPC's VISUAL OVERHAULS,nolvus,harvest_nolvus,dup_suffix,Not Graphics Only,2.8.1,nolvus-awekening-redux;nolvus-awakening-v6;nolvus-v6-ultimate-open-beta-start,,,,,,,
2580,Legacy of the Dragonborn - NPC Overhaul2,5.10.4 NPC's VISUAL OVERHAULS,nolvus,harvest_nolvus,dup_suffix,Not Graphics Only,1.2.2,nolvus-awekening-redux;nolvus-awakening-v6;nolvus-v6-ultimate-open-beta-start,,,,,,,
2581,Modpocalypse NPCs - Falskaar,5.10.4 NPC's VISUAL OVERHAULS,nolvus,harvest_nolvus,exact,Not Graphics Only,1.0,nolvus-awekening-redux;nolvus-awakening-v6;nolvus-v6-ultimate-open-beta-start,,,,,,,
2582,Modpocalypse NPCs - Added Quests Fixes,5.10.4 NPC's VISUAL OVERHAULS,nolvus,harvest_nolvus,exact,Not Graphics Only,6.0.15,nolvus-awekening-redux;nolvus-awakening-v6;nolvus-v6-ultimate-open-beta-start,,,,,,,
2583,Modpocalypse NPCs - Moon and Star,5.10.4 NPC's VISUAL OVERHAULS,nolvus,harvest_nolvus,exact,Not Graphics Only,1.0,nolvus-awekening-redux;nolvus-awakening-v6;nolvus-v6-ultimate-open-beta-start,,,,,,,
2584,Modpocalypse NPCs - Moonpath to Elsweyr,5.10.4 NPC's VISUAL OVERHAULS,nolvus,harvest_nolvus,exact,Not Graphics Only,1.0,nolvus-awekening-redux;nolvus-awakening-v6;nolvus-v6-ultimate-open-beta-start,,,,,,,
2585,Modpocalypse NPCs - The Gray Cowl of Nocturnal,5.10.4 NPC's VISUAL OVERHAULS,nolvus,harvest_nolvus,exact,Not Graphics Only,1.0,nolvus-awekening-redux;nolvus-awakening-v6;nolvus-v6-ultimate-open-beta-start,,,,,,,
2586,Modpocalypse NPCs - Carved Brink,5.10.4 NPC's VISUAL OVERHAULS,nolvus,harvest_nolvus,exact,Not Graphics Only,1.0,nolvus-awekening-redux;nolvus-awakening-v6;nolvus-v6-ultimate-open-beta-start,,,,,,,
2587,Modpocalypse NPCs - Citizens of Tamriel,5.10.4 NPC's VISUAL OVERHAULS,nolvus,harvest_nolvus,exact,Not Graphics Only,1.0,nolvus-awekening-redux;nolvus-awakening-v6;nolvus-v6-ultimate-open-beta-start,,,,,,,
2588,Modpocalypse NPCs - Project AHO,5.10.4 NPC's VISUAL OVERHAULS,nolvus,harvest_nolvus,exact,Not Graphics Only,1.0,nolvus-awekening-redux;nolvus-awakening-v6;nolvus-v6-ultimate-open-beta-start,,,,,,,
2589,Modpocalypse NPCs - Cutting Room Floor,5.10.4 NPC's VISUAL OVERHAULS,nolvus,harvest_nolvus,exact,Not Graphics Only,1.0,nolvus-awekening-redux;nolvus-awakening-v6;nolvus-v6-ultimate-open-beta-start,,,,,,,
2590,Modpocalypse NPCs - The Forgotten City,5.10.4 NPC's VISUAL OVERHAULS,nolvus,harvest_nolvus,exact,Not Graphics Only,1.0,nolvus-awekening-redux;nolvus-awakening-v6;nolvus-v6-ultimate-open-beta-start,,,,,,,
2591,Modpocalypse NPCs - Wyrmstooth,5.10.4 NPC's VISUAL OVERHAULS,nolvus,harvest_nolvus,exact,Not Graphics Only,1.01,nolvus-awekening-redux;nolvus-awakening-v6;nolvus-v6-ultimate-open-beta-start,,,,,,,
2592,Modpocalypse NPCs - Legacy of the Dragonborn,5.10.4 NPC's VISUAL OVERHAULS,nolvus,harvest_nolvus,exact,Not Graphics Only,1.0,nolvus-awekening-redux;nolvus-awakening-v6;nolvus-v6-ultimate-open-beta-start,,,,,,,
2593,Modpocalypse NPCs - Patch Collection,5.10.4 NPC's VISUAL OVERHAULS,nolvus,harvest_nolvus,exact,Not Graphics Only,1.2.3,nolvus-awekening-redux;nolvus-awakening-v6;nolvus-v6-ultimate-open-beta-start,,,,,,,
2594,Modpocalypse NPCs - All Vanilla NPCs,5.10.4 NPC's VISUAL OVERHAULS,nolvus,harvest_nolvus,exact,Always Install,1.0,nolvus-awekening-redux;nolvus-awakening-v6;nolvus-v6-ultimate-open-beta-start,,,,,,,
2596,Nolvus Awakening Follower Patch,5.10.3 FOLLOWERS,nolvus,harvest_nolvus,exact,Not Graphics Only,6.0.5,nolvus-awekening-redux;nolvus-awakening-v6;nolvus-v6-ultimate-open-beta-start,,,,,,,
2597,Katana And Megara - DBVO - Karat,5.10.3 FOLLOWERS,nolvus,harvest_nolvus,exact,Not Graphics Only,1.0,nolvus-awekening-redux;nolvus-awakening-v6;nolvus-v6-ultimate-open-beta-start,,,,,,,
2598,Katana And Megara,5.10.3 FOLLOWERS,nolvus,harvest_nolvus,exact,Not Graphics Only,3.0.5,nolvus-awekening-redux;nolvus-awakening-v6;nolvus-v6-ultimate-open-beta-start,,,,,,,
2599,Remiel - DBVO - Vampire,5.10.3 FOLLOWERS,nolvus,harvest_nolvus,exact,Not Graphics Only,1.0,nolvus-awekening-redux;nolvus-awakening-v6;nolvus-v6-ultimate-open-beta-start,,,,,,,
2600,Remiel - DBVO - Bella,5.10.3 FOLLOWERS,nolvus,harvest_nolvus,exact,Not Graphics Only,1.1,nolvus-awekening-redux;nolvus-awakening-v6;nolvus-v6-ultimate-open-beta-start,,,,,,,
2601,Remiel - DBVO - Iris,5.10.3 FOLLOWERS,nolvus,harvest_nolvus,exact,Not Graphics Only,1.0,nolvus-awekening-redux;nolvus-awakening-v6;nolvus-v6-ultimate-open-beta-start,,,,,,,
2602,Remiel - DBVO - Karath,5.10.3 FOLLOWERS,nolvus,harvest_nolvus,exact,Not Graphics Only,1.0,nolvus-awekening-redux;nolvus-awakening-v6;nolvus-v6-ultimate-open-beta-start,,,,,,,
2603,Remiel - Crossbow Replacer,5.10.3 FOLLOWERS,nolvus,harvest_nolvus,exact,Not Graphics Only,2.0,nolvus-awekening-redux;nolvus-awakening-v6;nolvus-v6-ultimate-open-beta-start,,,,,,,
2604,Remiel - 3BA Bodyslide,5.10.3 FOLLOWERS,nolvus,harvest_nolvus,exact,Not Graphics Only,1.0,nolvus-awekening-redux;nolvus-awakening-v6;nolvus-v6-ultimate-open-beta-start,,,,,,,
2605,Remiel,5.10.3 FOLLOWERS,nolvus,harvest_nolvus,exact,Not Graphics Only,1.7.5,nolvus-awekening-redux;nolvus-awakening-v6;nolvus-v6-ultimate-open-beta-start,,,,,,,
2606,Lucien - DBVO - Vampire,5.10.3 FOLLOWERS,nolvus,harvest_nolvus,exact,Not Graphics Only,1.0,nolvus-awekening-redux;nolvus-awakening-v6;nolvus-v6-ultimate-open-beta-start,,,,,,,
2607,Lucien - DBVO - Triss,5.10.3 FOLLOWERS,nolvus,harvest_nolvus,exact,Not Graphics Only,1.2,nolvus-awekening-redux;nolvus-awakening-v6;nolvus-v6-ultimate-open-beta-start,,,,,,,
2608,Lucien - DBVO - Master Chief,5.10.3 FOLLOWERS,nolvus,harvest_nolvus,exact,Not Graphics Only,1.2,nolvus-awekening-redux;nolvus-awakening-v6;nolvus-v6-ultimate-open-beta-start,,,,,,,
2609,Lucien - DBVO - Kratos,5.10.3 FOLLOWERS,nolvus,harvest_nolvus,exact,Not Graphics Only,1.2,nolvus-awekening-redux;nolvus-awakening-v6;nolvus-v6-ultimate-open-beta-start,,,,,,,
2610,Lucien - DBVO - Karat,5.10.3 FOLLOWERS,nolvus,harvest_nolvus,exact,Not Graphics Only,1.0,nolvus-awekening-redux;nolvus-awakening-v6;nolvus-v6-ultimate-open-beta-start,,,,,,,
2611,Lucien - DBVO - Geralt,5.10.3 FOLLOWERS,nolvus,harvest_nolvus,exact,Not Graphics Only,1.2,nolvus-awekening-redux;nolvus-awakening-v6;nolvus-v6-ultimate-open-beta-start,,,,,,,
2612,Lucien - DBVO - Dagoth,5.10.3 FOLLOWERS,nolvus,harvest_nolvus,exact,Not Graphics Only,1.2,nolvus-awekening-redux;nolvus-awakening-v6;nolvus-v6-ultimate-open-beta-start,,,,,,,
2613,Lucien - Dwemer Ruin Redux,5.10.3 FOLLOWERS,nolvus,harvest_nolvus,exact,Not Graphics Only,1.96,nolvus-awekening-redux,,,,,,,
2614,Lucien - Room Markers for Dumzbthar,5.10.3 FOLLOWERS,nolvus,harvest_nolvus,exact,Not Graphics Only,1.0,nolvus-awekening-redux,,,,,,,
2615,Lucien - Moonpath to Elsweyr Patch,5.10.3 FOLLOWERS,nolvus,harvest_nolvus,exact,Not Graphics Only,1.0,nolvus-awekening-redux;nolvus-awakening-v6;nolvus-v6-ultimate-open-beta-start,,,,,,,
2616,Lucien - Beyond Skyrim - Bruma Patch,5.10.3 FOLLOWERS,nolvus,harvest_nolvus,exact,Not Graphics Only,1.6.3a,nolvus-awekening-redux;nolvus-awakening-v6;nolvus-v6-ultimate-open-beta-start,,,,,,,
2617,Lucien - Creation Club Patch,5.10.3 FOLLOWERS,nolvus,harvest_nolvus,exact,Not Graphics Only,1.6.3a,nolvus-awekening-redux;nolvus-awakening-v6;nolvus-v6-ultimate-open-beta-start,,,,,,,
2618,Lucien,5.10.3 FOLLOWERS,nolvus,harvest_nolvus,exact,Not Graphics Only,1.6.3,nolvus-awekening-redux;nolvus-awakening-v6;nolvus-v6-ultimate-open-beta-start,,,,,,,
2619,Inigo - BloodChill Manor Patch - Navmesh Fix,5.10.3 FOLLOWERS,nolvus,harvest_nolvus,exact,Not Graphics Only,1.1,nolvus-awekening-redux;nolvus-awakening-v6,,,,,,,
2620,Inigo - Bloodchill Manor Patch,5.10.3 FOLLOWERS,both,harvest_nolvus,exact,Not Graphics Only,1.0.0,nolvus-awekening-redux;nolvus-awakening-v6,yes,,58317,240839,1.0.0,Eli_InigoBloodchillPatch.esp,section suggests Nolvus copy
2621,Inigo - DBVO - Bella,5.10.3 FOLLOWERS,nolvus,harvest_nolvus,exact,Not Graphics Only,1.0,nolvus-awekening-redux;nolvus-awakening-v6;nolvus-v6-ultimate-open-beta-start,,,,,,,
2622,Inigo - DBVO - Elas,5.10.3 FOLLOWERS,nolvus,harvest_nolvus,exact,Not Graphics Only,1.1,nolvus-awekening-redux;nolvus-awakening-v6;nolvus-v6-ultimate-open-beta-start,,,,,,,
2623,Inigo - DBVO - Dagoth,5.10.3 FOLLOWERS,nolvus,harvest_nolvus,exact,Not Graphics Only,1.2,nolvus-awekening-redux;nolvus-awakening-v6;nolvus-v6-ultimate-open-beta-start,,,,,,,
2624,Inigo - DBVO - Vampire,5.10.3 FOLLOWERS,nolvus,harvest_nolvus,exact,Not Graphics Only,1.0,nolvus-awekening-redux;nolvus-awakening-v6;nolvus-v6-ultimate-open-beta-start,,,,,,,
2625,Inigo - DBVO - Triss,5.10.3 FOLLOWERS,nolvus,harvest_nolvus,exact,Not Graphics Only,1.2,nolvus-awekening-redux;nolvus-awakening-v6;nolvus-v6-ultimate-open-beta-start,,,,,,,
2626,Inigo - DBVO - Master Chief,5.10.3 FOLLOWERS,nolvus,harvest_nolvus,exact,Not Graphics Only,1.2,nolvus-awekening-redux;nolvus-awakening-v6;nolvus-v6-ultimate-open-beta-start,,,,,,,
2627,Inigo - DBVO - Kratos,5.10.3 FOLLOWERS,nolvus,harvest_nolvus,exact,Not Graphics Only,1.2,nolvus-awekening-redux;nolvus-awakening-v6;nolvus-v6-ultimate-open-beta-start,,,,,,,
2628,Inigo - DBVO - Karat,5.10.3 FOLLOWERS,nolvus,harvest_nolvus,exact,Not Graphics Only,1.0,nolvus-awekening-redux;nolvus-awakening-v6;nolvus-v6-ultimate-open-beta-start,,,,,,,
2629,Inigo - DBVO - Geralt,5.10.3 FOLLOWERS,nolvus,harvest_nolvus,exact,Not Graphics Only,1.2,nolvus-awekening-redux;nolvus-awakening-v6;nolvus-v6-ultimate-open-beta-start,,,,,,,
2630,Inigo - At Your Own Pace Patch,5.10.3 FOLLOWERS,nolvus_old,harvest_nolvus,exact,,,nolvus-awekening-redux;nolvus-awakening-v6;nolvus-v6-ultimate-open-beta-start,,,,,,,not on the current nolvus.net page (6.0.21 beta); present in 6.0.20 snapshots
2631,Inigo - Artifact Immersion Patch,5.10.3 FOLLOWERS,nolvus,harvest_nolvus,exact,Not Graphics Only,1.0,nolvus-awekening-redux;nolvus-awakening-v6;nolvus-v6-ultimate-open-beta-start,,,,,,,
2632,Inigo - Immersive Start,5.10.3 FOLLOWERS,nolvus,harvest_nolvus,exact,Not Graphics Only,1.0,nolvus-awekening-redux;nolvus-awakening-v6;nolvus-v6-ultimate-open-beta-start,,,,,,,
2633,Inigo - Map Marker Quests,5.10.3 FOLLOWERS,nolvus,harvest_nolvus,exact,Not Graphics Only,1.0,nolvus-awekening-redux;nolvus-awakening-v6;nolvus-v6-ultimate-open-beta-start,,,,,,,
2634,Inigo - Cleaned Esp,5.10.3 FOLLOWERS,nolvus,harvest_nolvus,exact,Not Graphics Only,2.4C,nolvus-awekening-redux;nolvus-awakening-v6;nolvus-v6-ultimate-open-beta-start,,,,,,,
2635,Inigo,5.10.3 FOLLOWERS,both,harvest_nolvus,exact,Not Graphics Only,2.4C,nolvus-awekening-redux;nolvus-awakening-v6;nolvus-v6-ultimate-open-beta-start,yes,,1461,10496,2.4C,Inigo.esp,section suggests Nolvus copy
2637,Populated Skyrim Reborn - Dungeons,5.10.2 ADDED NPC's,nolvus,harvest_nolvus,exact,"Not Milk Drinker, Not Graphics Only",1.3a,nolvus-awakening-v6;nolvus-v6-ultimate-open-beta-start,,,,,,,
2638,Travellers of Skyrim,5.10.2 ADDED NPC's,nolvus,harvest_nolvus,exact,Not Graphics Only,1.42a,nolvus-awekening-redux;nolvus-awakening-v6;nolvus-v6-ultimate-open-beta-start,,,,,,,
2639,Citizens of Tamriel - DBVO - Bella,5.10.2 ADDED NPC's,nolvus,harvest_nolvus,exact,Not Graphics Only,1.0,nolvus-awekening-redux;nolvus-awakening-v6;nolvus-v6-ultimate-open-beta-start,,,,,,,
2640,Citizens of Tamriel - More Immersive Edit,5.10.2 ADDED NPC's,nolvus,harvest_nolvus,exact,Not Graphics Only,1.2.1,nolvus-awekening-redux;nolvus-awakening-v6;nolvus-v6-ultimate-open-beta-start,,,,,,,
2641,Citizens of Tamriel,5.10.2 ADDED NPC's,nolvus,harvest_nolvus,exact,Not Graphics Only,Redux,nolvus-awekening-redux;nolvus-awakening-v6;nolvus-v6-ultimate-open-beta-start,,,,,,,
2642,Interesting NPCs 3DNPC - DBVO - Bella,5.10.2 ADDED NPC's,nolvus,harvest_nolvus,exact,Not Graphics Only,1.0,nolvus-awekening-redux;nolvus-awakening-v6;nolvus-v6-ultimate-open-beta-start,,,,,,,
2643,Interesting NPCs 3DNPC - DBVO - Vampire,5.10.2 ADDED NPC's,nolvus,harvest_nolvus,exact,Not Graphics Only,1.0,nolvus-awekening-redux;nolvus-awakening-v6;nolvus-v6-ultimate-open-beta-start,,,,,,,
2644,Interesting NPCs 3DNPC - Artifact Immersion Patch,5.10.2 ADDED NPC's,nolvus,harvest_nolvus,exact,Not Graphics Only,1.1.1,nolvus-awekening-redux;nolvus-awakening-v6;nolvus-v6-ultimate-open-beta-start,,,,,,,
2645,Interesting NPCs 3DNPC - Moon and Star - Better Navmesh Patch,5.10.2 ADDED NPC's,nolvus,harvest_nolvus,exact,Not Graphics Only,1.0,nolvus-awekening-redux;nolvus-awakening-v6;nolvus-v6-ultimate-open-beta-start,,,,,,,
2646,Interesting NPCs 3DNPC - Moon and Star Patch,5.10.2 ADDED NPC's,nolvus,harvest_nolvus,exact,Not Graphics Only,1.0,nolvus-awekening-redux;nolvus-awakening-v6;nolvus-v6-ultimate-open-beta-start,,,,,,,
2647,Interesting NPCs 3DNPC - Project AHO Patch - Navmesh Patch,5.10.2 ADDED NPC's,nolvus,harvest_nolvus,exact,Not Graphics Only,1.0,nolvus-awekening-redux;nolvus-awakening-v6;nolvus-v6-ultimate-open-beta-start,,,,,,,
2648,Interesting NPCs 3DNPC - Vigilant Patch,5.10.2 ADDED NPC's,nolvus,harvest_nolvus,exact,Not Graphics Only,1.0,nolvus-awekening-redux;nolvus-awakening-v6;nolvus-v6-ultimate-open-beta-start,,,,,,,
2649,Interesting NPCs 3DNPC - Legacy of the Dragonborn Patch2,5.10.2 ADDED NPC's,nolvus,harvest_nolvus,dup_suffix,Not Graphics Only,1.3.1,nolvus-awekening-redux;nolvus-awakening-v6;nolvus-v6-ultimate-open-beta-start,,,,,,,
2650,Interesting NPCs 3DNPC - Cutting Room Floor Patch,5.10.2 ADDED NPC's,nolvus,harvest_nolvus,exact,Not Graphics Only,1.0,nolvus-awekening-redux;nolvus-awakening-v6;nolvus-v6-ultimate-open-beta-start,,,,,,,
2651,Interesting NPCs 3DNPC - Scrpts Optimization,5.10.2 ADDED NPC's,nolvus,harvest_nolvus,exact,Not Graphics Only,2.0,nolvus-awekening-redux;nolvus-awakening-v6;nolvus-v6-ultimate-open-beta-start,,,,,,,
2652,Interesting NPCs 3DNPC - Update,5.10.2 ADDED NPC's,nolvus,harvest_nolvus,exact,Not Graphics Only,4.54,nolvus-awekening-redux;nolvus-awakening-v6;nolvus-v6-ultimate-open-beta-start,,,,,,,
2653,Interesting NPCs 3DNPC,5.10.2 ADDED NPC's,nolvus,harvest_nolvus,exact,Not Graphics Only,4.5,nolvus-awekening-redux;nolvus-awakening-v6;nolvus-v6-ultimate-open-beta-start,,,,,,,
2655,RaceMenu Animated Overlays,5.10.1 NPC's RESSOURCES,nolvus,harvest_nolvus,exact,Always Install,1.2,nolvus-awekening-redux;nolvus-awakening-v6;nolvus-v6-ultimate-open-beta-start,,,,,,,
2656,Weathered Nordic Bodypaints,5.10.1 NPC's RESSOURCES,nolvus,harvest_nolvus,exact,Always Install,2.1,nolvus-awekening-redux;nolvus-awakening-v6;nolvus-v6-ultimate-open-beta-start,,,,,,,
2657,Vallaslin Face Tattoo's Warpaint,5.10.1 NPC's RESSOURCES,nolvus,harvest_nolvus,exact,Always Install,1.0,nolvus-awekening-redux;nolvus-awakening-v6;nolvus-v6-ultimate-open-beta-start,,,,,,,
2658,Sheps Male Tattoo Collection,5.10.1 NPC's RESSOURCES,nolvus,harvest_nolvus,exact,Always Install,2.0,nolvus-awekening-redux;nolvus-awakening-v6;nolvus-v6-ultimate-open-beta-start,,,,,,,
2659,Shep's Female Tattoo Collection,5.10.1 NPC's RESSOURCES,nolvus,harvest_nolvus,exact,Always Install,2.0,nolvus-awekening-redux;nolvus-awakening-v6;nolvus-v6-ultimate-open-beta-start,,,,,,,
2660,Lyru's Tattoo Pack Collection 2,5.10.1 NPC's RESSOURCES,both,harvest_nolvus,exact,Always Install,1.07,nolvus-awekening-redux;nolvus-awakening-v6;nolvus-v6-ultimate-open-beta-start,yes,,79741,400411,1.07,LyruTat2.esp,section suggests Nolvus copy
2661,Lyru's Tattoo Pack Collection,5.10.1 NPC's RESSOURCES,nolvus,harvest_nolvus,exact,Always Install,1.10,nolvus-awekening-redux;nolvus-awakening-v6;nolvus-v6-ultimate-open-beta-start,,,,,,,
2662,Bitchcraft Tattoos,5.10.1 NPC's RESSOURCES,nolvus,harvest_nolvus,exact,Always Install,1.0,nolvus-awekening-redux;nolvus-awakening-v6;nolvus-v6-ultimate-open-beta-start,,,,,,,
2663,Community Overlays 3 - Main - CBBE and Male,5.10.1 NPC's RESSOURCES,nolvus,harvest_nolvus,exact,Always Install,1.0,nolvus-awekening-redux;nolvus-awakening-v6;nolvus-v6-ultimate-open-beta-start,,,,,,,
2664,Community Overlays 2 - Main - CBBE and Male,5.10.1 NPC's RESSOURCES,nolvus,harvest_nolvus,exact,Always Install,1.0,nolvus-awekening-redux;nolvus-awakening-v6;nolvus-v6-ultimate-open-beta-start,,,,,,,
2665,Community Overlays 1 - Main - CBBE [2K],5.10.1 NPC's RESSOURCES,nolvus,harvest_nolvus,exact,Always Install,1.0.1,nolvus-awekening-redux;nolvus-awakening-v6;nolvus-v6-ultimate-open-beta-start,,,,,,,
2666,Female Hands Redone - 3BA,5.10.1 NPC's RESSOURCES,nolvus,harvest_nolvus,exact,Always Install,1.0,nolvus-awekening-redux;nolvus-awakening-v6;nolvus-v6-ultimate-open-beta-start,,,,,,,
2667,Female Hands Redone,5.10.1 NPC's RESSOURCES,both,harvest_nolvus,exact,Always Install,1.0,nolvus-awekening-redux;nolvus-awakening-v6;nolvus-v6-ultimate-open-beta-start,yes,,90713,390469,1.0.0,,section suggests Nolvus copy
2668,Complete Vanilla Eye Overhaul (CVEO) by LDD,5.10.1 NPC's RESSOURCES,unknown,review,exact,,,,,,,,,,not in any snapshot; identify on Nexus
2669,Vanilla hair - Salt and Wind,5.10.1 NPC's RESSOURCES,both,harvest_nolvus,exact,Always Install,1.0,nolvus-awekening-redux,yes,,45147,183349,1.0,,section suggests Nolvus copy
2670,Vanilla Hair Remake - High Poly Head - Expressive Facegen Morphs - Patches,5.10.1 NPC's RESSOURCES,mv,harvest_mv,exact,,,,yes,,117861,552400,1.2.3,,
2671,Vanilla hair remake SMP,5.10.1 NPC's RESSOURCES,mv,harvest_mv,exact,,,,yes,,63979,510409,0.7,,
2672,The Eyes of Beauty - Vampire Eyes Remastered - DVA Patch,5.10.1 NPC's RESSOURCES,nolvus,harvest_nolvus,exact,Always Install,1.0,nolvus-awekening-redux;nolvus-awakening-v6;nolvus-v6-ultimate-open-beta-start,,,,,,,
2673,The Eyes of Beauty - Vampire Eyes Remastered,5.10.1 NPC's RESSOURCES,both,harvest_nolvus,exact,Always Install,1.2,nolvus-awekening-redux;nolvus-awakening-v6;nolvus-v6-ultimate-open-beta-start,yes,,75010,314889,1.0,,section suggests Nolvus copy
2674,Dynamic Vampire Appearance - BnP Male Skin Patch,5.10.1 NPC's RESSOURCES,nolvus,harvest_nolvus,exact,Always Install,2.0,nolvus-awekening-redux;nolvus-awakening-v6;nolvus-v6-ultimate-open-beta-start,,,,,,,
2675,Dynamic Vampire Appearance - BnP Female Skin Patch,5.10.1 NPC's RESSOURCES,nolvus,harvest_nolvus,exact,Always Install,2.0,nolvus-awekening-redux;nolvus-awakening-v6;nolvus-v6-ultimate-open-beta-start,,,,,,,
2676,Dynamic Vampire Appearance,5.10.1 NPC's RESSOURCES,nolvus,harvest_nolvus,exact,Always Install,1.1,nolvus-awekening-redux;nolvus-awakening-v6;nolvus-v6-ultimate-open-beta-start,,,,,,,
2677,Aesthetic Elves,5.10.1 NPC's RESSOURCES,nolvus,harvest_nolvus,exact,Always Install,0.5,nolvus-awekening-redux;nolvus-awakening-v6;nolvus-v6-ultimate-open-beta-start,,,,,,,
2678,Azurite Eyes,5.10.1 NPC's RESSOURCES,nolvus,harvest_nolvus,exact,Always Install,1.2,nolvus-awekening-redux;nolvus-awakening-v6;nolvus-v6-ultimate-open-beta-start,,,,,,,
2679,Kala's Eyes - Improved,5.10.1 NPC's RESSOURCES,nolvus,harvest_nolvus,exact,Always Install,1.1,nolvus-awekening-redux;nolvus-awakening-v6;nolvus-v6-ultimate-open-beta-start,,,,,,,
2680,Improved Eyes Skyrim,5.10.1 NPC's RESSOURCES,nolvus,harvest_nolvus,exact,Always Install,1.5.1,nolvus-awekening-redux;nolvus-awakening-v6;nolvus-v6-ultimate-open-beta-start,,,,,,,
2681,The Eyes of Beauty - Ai Remastered,5.10.1 NPC's RESSOURCES,both,harvest_nolvus,exact,Always Install,1.0,nolvus-awekening-redux;nolvus-awakening-v6;nolvus-v6-ultimate-open-beta-start,yes,,70263,331126,v1.Final,TheEyesOfBeauty.esp,section suggests Nolvus copy
2682,Mikan Eyes,5.10.1 NPC's RESSOURCES,nolvus,harvest_nolvus,exact,Always Install,2.5,nolvus-awekening-redux;nolvus-awakening-v6;nolvus-v6-ultimate-open-beta-start,,,,,,,
2683,Cuyi's Bosmeri Antlers,5.10.1 NPC's RESSOURCES,nolvus,harvest_nolvus,exact,Always Install,1.2,nolvus-awekening-redux;nolvus-awakening-v6;nolvus-v6-ultimate-open-beta-start,,,,,,,
2684,Northborn Scars - High Poly Head,5.10.1 NPC's RESSOURCES,nolvus,harvest_nolvus,exact,Always Install,1.1,nolvus-awekening-redux;nolvus-awakening-v6;nolvus-v6-ultimate-open-beta-start,,,,,,,
2685,Northborn Scars,5.10.1 NPC's RESSOURCES,both,harvest_nolvus,exact,Always Install,1.3,nolvus-awekening-redux;nolvus-awakening-v6;nolvus-v6-ultimate-open-beta-start,yes,,720,2432,1.3,NB-Scars.esp,section suggests Nolvus copy
2686,Female Makeup Suite,5.10.1 NPC's RESSOURCES,nolvus,harvest_nolvus,exact,Always Install,1.2,nolvus-awekening-redux;nolvus-awakening-v6;nolvus-v6-ultimate-open-beta-start,,,,,,,
2687,Lamenthia's Marks of Beauty,5.10.1 NPC's RESSOURCES,both,harvest_nolvus,exact,Always Install,1.0,nolvus-awekening-redux;nolvus-awakening-v6;nolvus-v6-ultimate-open-beta-start,yes,,49845,203299,1.0,Lamenthia's Marks of Beauty.esp,section suggests Nolvus copy
2688,Lovely Makeup,5.10.1 NPC's RESSOURCES,nolvus,harvest_nolvus,exact,Always Install,1.0,nolvus-awekening-redux;nolvus-awakening-v6;nolvus-v6-ultimate-open-beta-start,,,,,,,
2689,Koralina's Even More Makeup,5.10.1 NPC's RESSOURCES,nolvus,harvest_nolvus,exact,Always Install,1.0,nolvus-awekening-redux;nolvus-awakening-v6;nolvus-v6-ultimate-open-beta-start,,,,,,,
2690,Koralina's Makeup Tweaks,5.10.1 NPC's RESSOURCES,nolvus,harvest_nolvus,exact,Always Install,1.12,nolvus-awekening-redux;nolvus-awakening-v6;nolvus-v6-ultimate-open-beta-start,,,,,,,
2691,Koralina's Freckles and Moles,5.10.1 NPC's RESSOURCES,nolvus,harvest_nolvus,exact,Always Install,1.1,nolvus-awekening-redux;nolvus-awakening-v6;nolvus-v6-ultimate-open-beta-start,,,,,,,
2692,Kala's Beast Eyes - Improved [2K],5.10.1 NPC's RESSOURCES,nolvus,harvest_nolvus,exact,Always Install,1.1,nolvus-awekening-redux;nolvus-awakening-v6;nolvus-v6-ultimate-open-beta-start,,,,,,,
2693,Kala's Eyes- Beast Race Edition - ESL,5.10.1 NPC's RESSOURCES,nolvus,harvest_nolvus,exact,Always Install,1.0,nolvus-awekening-redux;nolvus-awakening-v6;nolvus-v6-ultimate-open-beta-start,,,,,,,
2694,Kala's Eyes- Beast Race Edition,5.10.1 NPC's RESSOURCES,nolvus,harvest_nolvus,exact,Always Install,1.1,nolvus-awekening-redux;nolvus-awakening-v6;nolvus-v6-ultimate-open-beta-start,,,,,,,
2695,Aquatic Elegance - Argonian Koi Whisker Addons,5.10.1 NPC's RESSOURCES,both,harvest_nolvus,exact,Always Install,1.3,nolvus-awekening-redux;nolvus-awakening-v6;nolvus-v6-ultimate-open-beta-start,yes,,97363,430946,1.2,RVX Argonian Koi Whiskers.esp,section suggests Nolvus copy
2696,3D Khajiit Brows,5.10.1 NPC's RESSOURCES,nolvus,harvest_nolvus,exact,Always Install,1.1,nolvus-awekening-redux;nolvus-awakening-v6;nolvus-v6-ultimate-open-beta-start,,,,,,,
2697,Kalilies Brows -High Poly Head,5.10.1 NPC's RESSOURCES,nolvus,harvest_nolvus,exact,Always Install,1.0,nolvus-awekening-redux;nolvus-awakening-v6;nolvus-v6-ultimate-open-beta-start,,,,,,,
2698,Kalilies Brows,5.10.1 NPC's RESSOURCES,both,harvest_nolvus,exact,Always Install,1.1,nolvus-awekening-redux;nolvus-awakening-v6;nolvus-v6-ultimate-open-beta-start,yes,,40595,161884,1.1,KaliliesBrows.esp,section suggests Nolvus copy
2699,Loverboys Brows - HD Eyebrows for Men,5.10.1 NPC's RESSOURCES,nolvus,harvest_nolvus,exact,Always Install,1.0,nolvus-awekening-redux;nolvus-awakening-v6;nolvus-v6-ultimate-open-beta-start,,,,,,,
2700,Koralina's Eyebrows - High Poly Head,5.10.1 NPC's RESSOURCES,nolvus,harvest_nolvus,exact,Always Install,1.0,nolvus-awekening-redux;nolvus-awakening-v6;nolvus-v6-ultimate-open-beta-start,,,,,,,
2701,SG Female Eyebrows - High Poly Head,5.10.1 NPC's RESSOURCES,nolvus,harvest_nolvus,exact,Always Install,1.0,nolvus-awekening-redux;nolvus-awakening-v6;nolvus-v6-ultimate-open-beta-start,,,,,,,
2702,SG Female Eyebrows,5.10.1 NPC's RESSOURCES,nolvus,harvest_nolvus,exact,Always Install,2.0,nolvus-awekening-redux;nolvus-awakening-v6;nolvus-v6-ultimate-open-beta-start,,,,,,,
2703,Even More Brows,5.10.1 NPC's RESSOURCES,nolvus,harvest_nolvus,exact,Always Install,1.1,nolvus-awekening-redux;nolvus-awakening-v6;nolvus-v6-ultimate-open-beta-start,,,,,,,
2704,Hvergelmir's Aesthetics - Brows - High Poly Head,5.10.1 NPC's RESSOURCES,nolvus,harvest_nolvus,exact,Always Install,1.0,nolvus-awekening-redux;nolvus-awakening-v6;nolvus-v6-ultimate-open-beta-start,,,,,,,
2705,Hvergelmir's Aesthetics - Brows,5.10.1 NPC's RESSOURCES,both,harvest_nolvus,exact,Always Install,4.1,nolvus-awekening-redux;nolvus-awakening-v6;nolvus-v6-ultimate-open-beta-start,yes,,1062,85706,4.1,Brows.esp,section suggests Nolvus copy
2706,Beards of Power - 3D Real beards,5.10.1 NPC's RESSOURCES,nolvus,harvest_nolvus,exact,Always Install,1.1,nolvus-awekening-redux;nolvus-awakening-v6;nolvus-v6-ultimate-open-beta-start,,,,,,,
2707,Beards of Power,5.10.1 NPC's RESSOURCES,nolvus,harvest_nolvus,exact,Always Install,0.3b,nolvus-awekening-redux;nolvus-awakening-v6;nolvus-v6-ultimate-open-beta-start,,,,,,,
2708,SV Beards,5.10.1 NPC's RESSOURCES,nolvus,harvest_nolvus,exact,Always Install,2.1,nolvus-awekening-redux;nolvus-awakening-v6;nolvus-v6-ultimate-open-beta-start,,,,,,,
2709,Hvergelmir's Aesthetics - Beards [2K],5.10.1 NPC's RESSOURCES,nolvus,harvest_nolvus,exact,Always Install,5.0.1,nolvus-awekening-redux;nolvus-awakening-v6;nolvus-v6-ultimate-open-beta-start,,,,,,,
2710,Male Dragonic Argonian Textures - SOS [2K],5.10.1 NPC's RESSOURCES,nolvus,harvest_nolvus,exact,Always Install,1.0,nolvus-awekening-redux;nolvus-awakening-v6;nolvus-v6-ultimate-open-beta-start,,,,,,,
2711,Female Dragonic Argonian Textures [2K],5.10.1 NPC's RESSOURCES,nolvus,harvest_nolvus,exact,Always Install,1.0,nolvus-awekening-redux;nolvus-awakening-v6;nolvus-v6-ultimate-open-beta-start,,,,,,,
2712,Masculine Khajiit Textures - SOS [2K],5.10.1 NPC's RESSOURCES,nolvus,harvest_nolvus,exact,Always Install,2.1,nolvus-awekening-redux;nolvus-awakening-v6;nolvus-v6-ultimate-open-beta-start,,,,,,,
2713,Feminine Khajiit Textures [2K],5.10.1 NPC's RESSOURCES,nolvus,harvest_nolvus,exact,Always Install,3.2,nolvus-awekening-redux;nolvus-awakening-v6;nolvus-v6-ultimate-open-beta-start,,,,,,,
2714,Skin Feature Overlays,5.10.1 NPC's RESSOURCES,nolvus,harvest_nolvus,exact,Always Install,1.6,nolvus-awekening-redux;nolvus-awakening-v6;nolvus-v6-ultimate-open-beta-start,,,,,,,
2715,BnP Child Skin Remastered,5.10.1 NPC's RESSOURCES,nolvus,harvest_nolvus,exact,Always Install,1.1,nolvus-awekening-redux;nolvus-awakening-v6;nolvus-v6-ultimate-open-beta-start,,,,,,,
2716,Orcondontist - Orsimer Mouth and Teeth Fix,5.10.1 NPC's RESSOURCES,nolvus,harvest_nolvus,exact,Always Install,2.0,nolvus-awekening-redux;nolvus-awakening-v6;nolvus-v6-ultimate-open-beta-start,,,,,,,
2717,Racial Skin Variance - SPID (Player Vanilla),5.10.1 NPC's RESSOURCES,nolvus_old,harvest_nolvus,exact,,,nolvus-awekening-redux;nolvus-awakening-v6;nolvus-v6-ultimate-open-beta-start,,,,,,,not on the current nolvus.net page (6.0.21 beta); present in 6.0.20 snapshots
2718,BnP Teeth Overhaul - Racial Skin Variance Patch,5.10.1 NPC's RESSOURCES,nolvus,harvest_nolvus,exact,Always Install,2.0,nolvus-awekening-redux;nolvus-awakening-v6;nolvus-v6-ultimate-open-beta-start,,,,,,,
2719,BnP Teeth Overhaul,5.10.1 NPC's RESSOURCES,nolvus,harvest_nolvus,exact,Always Install,2.0,nolvus-awekening-redux;nolvus-awakening-v6;nolvus-v6-ultimate-open-beta-start,,,,,,,
2720,BnP - Racial Skin Variance - Update,5.10.1 NPC's RESSOURCES,nolvus,harvest_nolvus,exact,Always Install,2.0,nolvus-awekening-redux;nolvus-awakening-v6;nolvus-v6-ultimate-open-beta-start,,,,,,,
2721,BnP Male Skin - Racial Skin Variance Patch - Custom,5.10.1 NPC's RESSOURCES,nolvus,harvest_nolvus,exact,Always Install,2.0,nolvus-awekening-redux;nolvus-awakening-v6;nolvus-v6-ultimate-open-beta-start,,,,,,,
2722,BnP Male Skin,5.10.1 NPC's RESSOURCES,nolvus,harvest_nolvus,exact,Always Install,2.1,nolvus-awekening-redux;nolvus-awakening-v6;nolvus-v6-ultimate-open-beta-start,,,,,,,
2723,BnP Female Skin - Racial Skin Variance Patch - Custom,5.10.1 NPC's RESSOURCES,nolvus,harvest_nolvus,exact,Always Install,2.0,nolvus-awekening-redux;nolvus-awakening-v6;nolvus-v6-ultimate-open-beta-start,,,,,,,
2724,RYA Makeup,5.10.1 NPC's RESSOURCES,nolvus,harvest_nolvus,exact,Always Install,1.1,nolvus-awekening-redux;nolvus-awakening-v6;nolvus-v6-ultimate-open-beta-start,,,,,,,
2725,BnP female small update,5.10.1 NPC's RESSOURCES,unknown,review,exact,,,,,,,,,,not in any snapshot; identify on Nexus
2726,BnP Female Skin - Pubes [2K],5.10.1 NPC's RESSOURCES,nolvus,harvest_nolvus,exact,Always Install,2.0,nolvus-awekening-redux;nolvus-awakening-v6;nolvus-v6-ultimate-open-beta-start,,,,,,,
2727,BnP Female Skin,5.10.1 NPC's RESSOURCES,nolvus,harvest_nolvus,exact,Always Install,2.0,nolvus-awekening-redux;nolvus-awakening-v6;nolvus-v6-ultimate-open-beta-start,,,,,,,
2728,Expressive Facial Animation - Male Edition,5.10.1 NPC's RESSOURCES,nolvus,harvest_nolvus,exact,Always Install,1.21,nolvus-awekening-redux;nolvus-awakening-v6;nolvus-v6-ultimate-open-beta-start,,,,,,,
2729,Expressive Facial Animation - Female Edition,5.10.1 NPC's RESSOURCES,nolvus,harvest_nolvus,exact,Always Install,1.7,nolvus-awekening-redux;nolvus-awakening-v6;nolvus-v6-ultimate-open-beta-start,,,,,,,
2730,Expressive Facegen Morphs,5.10.1 NPC's RESSOURCES,nolvus,harvest_nolvus,exact,Always Install,1.0,nolvus-awekening-redux;nolvus-awakening-v6;nolvus-v6-ultimate-open-beta-start,,,,,,,
2731,Highly Improved Male Body Overhaul,5.10.1 NPC's RESSOURCES,nolvus,harvest_nolvus,exact,Always Install,5.3.1,nolvus-awekening-redux;nolvus-awakening-v6;nolvus-v6-ultimate-open-beta-start,,,,,,,
2732,Caliente's Beautiful Bodies Enhancer - 3BA - Wyrmstooth,5.10.1 NPC's RESSOURCES,nolvus,harvest_nolvus,exact,Not Graphics Only,1.0.1,nolvus-awekening-redux;nolvus-awakening-v6;nolvus-v6-ultimate-open-beta-start,,,,,,,
2733,Caliente's Beautiful Bodies Enhancer - 3BA - The Wheels of Lull Patch,5.10.1 NPC's RESSOURCES,nolvus,harvest_nolvus,exact,Not Graphics Only,1.0,nolvus-awekening-redux;nolvus-awakening-v6;nolvus-v6-ultimate-open-beta-start,,,,,,,
2734,Caliente's Beautiful Bodies Enhancer - 3BA - Vigilant Bodyslide,5.10.1 NPC's RESSOURCES,nolvus,harvest_nolvus,exact,Not Graphics Only,1.0,nolvus-awekening-redux;nolvus-awakening-v6;nolvus-v6-ultimate-open-beta-start,,,,,,,
2735,Caliente's Beautiful Bodies Enhancer - 3BA - Unslaad Bodyslide,5.10.1 NPC's RESSOURCES,nolvus,harvest_nolvus,exact,Not Graphics Only,1.0,nolvus-awekening-redux;nolvus-awakening-v6;nolvus-v6-ultimate-open-beta-start,,,,,,,
2736,Caliente's Beautiful Bodies Enhancer - 3BA - CC Outfits,5.10.1 NPC's RESSOURCES,nolvus,harvest_nolvus,exact,Always Install,1.2,nolvus-awekening-redux;nolvus-awakening-v6;nolvus-v6-ultimate-open-beta-start,,,,,,,
2737,Caliente's Beautiful Bodies Enhancer - 3BA - Vanilla Outfits - No Rim Lighting,5.10.1 NPC's RESSOURCES,nolvus,harvest_nolvus,exact,Always Install,1.3,nolvus-awekening-redux;nolvus-awakening-v6;nolvus-v6-ultimate-open-beta-start,,,,,,,
2738,Caliente's Beautiful Bodies Enhancer - 3BA - Vanilla Outfits,5.10.1 NPC's RESSOURCES,nolvus,harvest_nolvus,exact,Always Install,2.5,nolvus-awekening-redux;nolvus-awakening-v6;nolvus-v6-ultimate-open-beta-start,,,,,,,
2739,Petite to Plenty - A CBPC Config for Realistic Collisions and Physics v9.0,5.10.1 NPC's RESSOURCES,unknown,review,exact,,,,,,,,,,not in any snapshot; identify on Nexus
2740,Caliente's Beautiful Bodies Enhancer - 3BA,5.10.1 NPC's RESSOURCES,nolvus,harvest_nolvus,exact,Always Install,2.47,nolvus-awekening-redux;nolvus-awakening-v6;nolvus-v6-ultimate-open-beta-start,,,,,,,
2741,CBPC - Physics with Collisions,5.10.1 NPC's RESSOURCES,both,harvest_nolvus,exact,Always Install,1.5.9,nolvus-awekening-redux;nolvus-awakening-v6;nolvus-v6-ultimate-open-beta-start,yes,cbp.dll,21224,471527,1.5.9,,section suggests Nolvus copy
2742,Caliente's Beautiful Bodies Enhancer - CC Outfits - No Rim Lighting,5.10.1 NPC's RESSOURCES,nolvus,harvest_nolvus,exact,Always Install,2.0,nolvus-awekening-redux;nolvus-awakening-v6;nolvus-v6-ultimate-open-beta-start,,,,,,,
2743,Caliente's Beautiful Bodies Enhancer - CC Outfits,5.10.1 NPC's RESSOURCES,nolvus,harvest_nolvus,exact,Always Install,2.0,nolvus-awekening-redux;nolvus-awakening-v6;nolvus-v6-ultimate-open-beta-start,,,,,,,
2744,Caliente's Beautiful Bodies Enhancer - 3BA NORMALMAPS,5.10.1 NPC's RESSOURCES,unknown,review,exact,,,,,,,,,,not in any snapshot; identify on Nexus
2745,Caliente's Beautiful Bodies Enhancer,5.10.1 NPC's RESSOURCES,nolvus,harvest_nolvus,exact,Always Install,2.0.1,nolvus-awekening-redux;nolvus-awakening-v6;nolvus-v6-ultimate-open-beta-start,,,,,,,
2746,BodySlide and Outfit Studio,5.10.1 NPC's RESSOURCES,both,harvest_nolvus,exact,Always Install,5.6,nolvus-awekening-redux;nolvus-awakening-v6;nolvus-v6-ultimate-open-beta-start,yes,,201,767958,5.6.3,,section suggests Nolvus copy
2747,Chooey's Choice Requirements,5.10.1 NPC's RESSOURCES,nolvus,harvest_nolvus,exact,Always Install,6.6.6pre-1.1.2,nolvus-awekening-redux;nolvus-awakening-v6;nolvus-v6-ultimate-open-beta-start,,,,,,,
2748,KS Wigs SMP,5.10.1 NPC's RESSOURCES,unknown,review,exact,,,,,,,,,,not in any snapshot; identify on Nexus
2749,KS Hairdos - HDT SMP,5.10.1 NPC's RESSOURCES,nolvus,harvest_nolvus,exact,Always Install,1.4.3,nolvus-awekening-redux;nolvus-awakening-v6;nolvus-v6-ultimate-open-beta-start,,,,,,,
2750,KS Hairdos,5.10.1 NPC's RESSOURCES,nolvus,harvest_nolvus,exact,Always Install,1.9,nolvus-awekening-redux;nolvus-awakening-v6;nolvus-v6-ultimate-open-beta-start,,,,,,,
2751,High Poly Head,5.10.1 NPC's RESSOURCES,nolvus,harvest_nolvus,exact,Always Install,1.4,nolvus-awekening-redux;nolvus-awakening-v6;nolvus-v6-ultimate-open-beta-start,,,,,,,
2752,Modpocalypse NPCs - Resources,5.10.1 NPC's RESSOURCES,nolvus,harvest_nolvus,exact,Always Install,1.03,nolvus-awekening-redux;nolvus-awakening-v6;nolvus-v6-ultimate-open-beta-start,,,,,,,
2753,Valkyr HDT-SMP Hairstyles 2,5.10.1 NPC's RESSOURCES,nolvus,harvest_nolvus,exact,Always Install,1.0,nolvus-awekening-redux;nolvus-awakening-v6;nolvus-v6-ultimate-open-beta-start,,,63181,303289,1.1,_Fuse00HairPack01.esp,
2754,Valkyr HDT-SMP Hairstyles 1,5.10.1 NPC's RESSOURCES,nolvus,harvest_nolvus,exact,Always Install,1.1,nolvus-awekening-redux;nolvus-awakening-v6;nolvus-v6-ultimate-open-beta-start,,,,,,,
2755,Modular HDT-SMP Hairstyles,5.10.1 NPC's RESSOURCES,nolvus,harvest_nolvus,exact,Always Install,1.031,nolvus-awekening-redux;nolvus-awakening-v6;nolvus-v6-ultimate-open-beta-start,,,,,,,
2756,Apachii Sky Hair - Male,5.10.1 NPC's RESSOURCES,nolvus,harvest_nolvus,exact,Always Install,1.3,nolvus-awekening-redux;nolvus-awakening-v6;nolvus-v6-ultimate-open-beta-start,,,,,,,
2757,Apachii Sky Hair - Female,5.10.1 NPC's RESSOURCES,nolvus,harvest_nolvus,exact,Always Install,1.5.1,nolvus-awekening-redux;nolvus-awakening-v6;nolvus-v6-ultimate-open-beta-start,,,,,,,
2758,Apachii Sky Hair,5.10.1 NPC's RESSOURCES,nolvus,harvest_nolvus,exact,Always Install,1.6,nolvus-awekening-redux;nolvus-awakening-v6;nolvus-v6-ultimate-open-beta-start,,,,,,,
2759,XP32 Maximum Skeleton Special Extended - Undeath Skeleton Patch,5.10.1 NPC's RESSOURCES,nolvus,harvest_nolvus,exact,Not Graphics Only,1.1,nolvus-awekening-redux;nolvus-awakening-v6;nolvus-v6-ultimate-open-beta-start,,,,,,,
2760,XP32 Maximum Skeleton Special Extended - AHO Patch,5.10.1 NPC's RESSOURCES,nolvus,harvest_nolvus,exact,Not Graphics Only,1.0,nolvus-awekening-redux;nolvus-awakening-v6;nolvus-v6-ultimate-open-beta-start,,,,,,,
2761,XP32 Maximum Skeleton Special Extended,5.10.1 NPC's RESSOURCES,nolvus,harvest_nolvus,exact,Always Install,5.06,nolvus-awekening-redux;nolvus-awakening-v6;nolvus-v6-ultimate-open-beta-start,,,,,,,
2763,Nolvus Awakening Water Patch,5.9 WATER,nolvus,harvest_nolvus,exact,"Not Redux, Not Graphics Only",6.0.15,nolvus-awakening-v6;nolvus-v6-ultimate-open-beta-start,,,,,,,
2764,FYX - Water Mesh Optimization,5.9 WATER,both,harvest_nolvus,exact,Always Install,1.0.2,nolvus-awekening-redux;nolvus-awakening-v6;nolvus-v6-ultimate-open-beta-start,yes,,97713,416099,1.0.2,,section suggests Nolvus copy
2765,Rainbows over Waterfalls,5.9 WATER,nolvus,harvest_nolvus,exact,Not Graphics Only,1.5.1,nolvus-awekening-redux;nolvus-awakening-v6;nolvus-v6-ultimate-open-beta-start,,,,,,,
2766,TMD The Rift Leaves,5.9 WATER,nolvus,harvest_nolvus,exact,Always Install,1.01,nolvus-awekening-redux;nolvus-awakening-v6;nolvus-v6-ultimate-open-beta-start,,,,,,,
2767,Wavy Waterfalls Effect,5.9 WATER,both,harvest_nolvus,exact,Always Install,1.3,nolvus-awekening-redux;nolvus-awakening-v6;nolvus-v6-ultimate-open-beta-start,yes,,126073,534507,1.1.0,WAVY Waterfalls Effect.esp,section suggests Nolvus copy
2768,Natural Waterfalls,5.9 WATER,nolvus,harvest_nolvus,exact,Always Install,2.5,nolvus-awekening-redux;nolvus-awakening-v6;nolvus-v6-ultimate-open-beta-start,,,,,,,
2769,Splashes of Skyrim 1.5,5.9 WATER,unknown,review,exact,,,,,,,,,,not in any snapshot; identify on Nexus
2770,Water Effects Brightness and Reflection Fix,5.9 WATER,nolvus,harvest_nolvus,exact,Always Install,0.5,nolvus-awekening-redux;nolvus-awakening-v6;nolvus-v6-ultimate-open-beta-start,,,,,,,
2771,Wade In Water - Redone,5.9 WATER,nolvus,harvest_nolvus,exact,Always Install,1.1.2,nolvus-awekening-redux;nolvus-awakening-v6;nolvus-v6-ultimate-open-beta-start,,,,,,,
2772,Wade In Water,5.9 WATER,nolvus,harvest_nolvus,exact,Always Install,1.0,nolvus-awekening-redux;nolvus-awakening-v6;nolvus-v6-ultimate-open-beta-start,,,,,,,
2773,Water in Wells - FYX - Smooth Wells,5.9 WATER,nolvus,harvest_nolvus,exact,Always Install,1.0.5,nolvus-awekening-redux;nolvus-awakening-v6;nolvus-v6-ultimate-open-beta-start,,,,,,,
2774,Water in Wells,5.9 WATER,nolvus,harvest_nolvus,exact,Always Install,0.7,nolvus-awekening-redux;nolvus-awakening-v6;nolvus-v6-ultimate-open-beta-start,,,,,,,
2775,Water in Wash Basins,5.9 WATER,nolvus,harvest_nolvus,exact,Always Install,1.2,nolvus-awekening-redux;nolvus-awakening-v6;nolvus-v6-ultimate-open-beta-start,,,,,,,
2776,Water for ENB [cs]2,5.9 WATER,unknown,review,exact,,,,,,,,,,not in any snapshot; identify on Nexus
2777,GKB Waves Reborn - Midwood Isle Patch,5.9 WATER,nolvus,harvest_nolvus,exact,Not Graphics Only,1.0,nolvus-awekening-redux;nolvus-awakening-v6;nolvus-v6-ultimate-open-beta-start,,,,,,,
2778,GKB Waves Reborn,5.9 WATER,both,harvest_nolvus,exact,Always Install,3.1,nolvus-awekening-redux;nolvus-awakening-v6;nolvus-v6-ultimate-open-beta-start,yes,,71126,670792,3.1,GKBWavesReborn.esp,section suggests Nolvus copy
2780,Shadows Of Sunlight,5.8 SKY,nolvus,harvest_nolvus,exact,Always Install,0.5,nolvus-awekening-redux;nolvus-awakening-v6;nolvus-v6-ultimate-open-beta-start,,,,,,,
2781,Bigger Moons,5.8 SKY,nolvus,harvest_nolvus,exact,Always Install,2.0,nolvus-awekening-redux;nolvus-awakening-v6;nolvus-v6-ultimate-open-beta-start,,,,,,,
2782,Better Moons,5.8 SKY,nolvus,harvest_nolvus,exact,Always Install,1.1,nolvus-awekening-redux;nolvus-awakening-v6;nolvus-v6-ultimate-open-beta-start,,,,,,,
2783,Praedy's Sky AIO [2K],5.8 SKY,nolvus,harvest_nolvus,exact,Always Install,2.0,nolvus-awekening-redux;nolvus-awakening-v6;nolvus-v6-ultimate-open-beta-start,,,,,,,
2784,Rainbows,5.8 SKY,nolvus,harvest_nolvus,exact,Always Install,1.1,nolvus-awekening-redux;nolvus-awakening-v6;nolvus-v6-ultimate-open-beta-start,,,,,,,
2785,Shooting Stars,5.8 SKY,nolvus,harvest_nolvus,exact,Always Install,1.1,nolvus-awekening-redux;nolvus-awakening-v6;nolvus-v6-ultimate-open-beta-start,,,,,,,
2787,Splashes of Storms,5.7 WEATHERS,both,harvest_nolvus,exact,Always Install,1.3,nolvus-awekening-redux;nolvus-awakening-v6;nolvus-v6-ultimate-open-beta-start,yes,po3_SplashesOfStorms.dll,72115,557058,1.3.0,,section suggests Nolvus copy
2788,R.A.S.S. - Rain Ash And Snow Shaders - Nolvus Settings,5.7 WEATHERS,nolvus,harvest_nolvus,exact,Always Install,1.0,nolvus-awekening-redux;nolvus-awakening-v6;nolvus-v6-ultimate-open-beta-start,,,,,,,
2789,R.A.S.S. - Rain Ash And Snow Shaders - Settings Loader,5.7 WEATHERS,nolvus,harvest_nolvus,exact,Always Install,2.2,nolvus-awekening-redux;nolvus-awakening-v6;nolvus-v6-ultimate-open-beta-start,,,,,,,
2790,R.A.S.S. - Rain Ash And Snow Shaders,5.7 WEATHERS,nolvus,harvest_nolvus,exact,Always Install,3.5.1,nolvus-awekening-redux;nolvus-awakening-v6;nolvus-v6-ultimate-open-beta-start,,,,,,,
2791,Wet And Cold - Creation Club Patch,5.7 WEATHERS,nolvus_old,harvest_nolvus,exact,,,nolvus-awekening-redux;nolvus-awakening-v6;nolvus-v6-ultimate-open-beta-start,,,,,,,not on the current nolvus.net page (6.0.21 beta); present in 6.0.20 snapshots
2792,Wet and Cold - Nolvus Settings,5.7 WEATHERS,nolvus_old,harvest_nolvus,exact,,,nolvus-awekening-redux;nolvus-awakening-v6;nolvus-v6-ultimate-open-beta-start,,,,,,,not on the current nolvus.net page (6.0.21 beta); present in 6.0.20 snapshots
2793,Wet and Cold - Settings Loader,5.7 WEATHERS,nolvus_old,harvest_nolvus,exact,,,nolvus-awekening-redux;nolvus-awakening-v6;nolvus-v6-ultimate-open-beta-start,,,,,,,not on the current nolvus.net page (6.0.21 beta); present in 6.0.20 snapshots
2794,Wet and Cold - Gear,5.7 WEATHERS,nolvus_old,harvest_nolvus,exact,,,nolvus-awekening-redux;nolvus-awakening-v6;nolvus-v6-ultimate-open-beta-start,,,,,,,not on the current nolvus.net page (6.0.21 beta); present in 6.0.20 snapshots
2795,Wet and Cold,5.7 WEATHERS,nolvus_old,harvest_nolvus,exact,,,nolvus-awekening-redux;nolvus-awakening-v6;nolvus-v6-ultimate-open-beta-start,,,,,,,not on the current nolvus.net page (6.0.21 beta); present in 6.0.20 snapshots
2796,Natural Atmospheric Tamriel III - Wyrmstooth Patch,5.7 WEATHERS,nolvus,harvest_nolvus,exact,Not Graphics Only,1.4.3,nolvus-awekening-redux;nolvus-awakening-v6;nolvus-v6-ultimate-open-beta-start,,,,,,,
2798,A Nirnroot,5.6.3 PLANTS,nolvus,harvest_nolvus,exact,Always Install,1.0,nolvus-awekening-redux;nolvus-awakening-v6;nolvus-v6-ultimate-open-beta-start,,,,,,,
2799,Swamp fungal pod by Mari [2K],5.6.3 PLANTS,nolvus,harvest_nolvus,exact,Always Install,1.0,nolvus-awekening-redux;nolvus-awakening-v6;nolvus-v6-ultimate-open-beta-start,,,,,,,
2800,Unique Flowers and Plans - ESL,5.6.3 PLANTS,nolvus,harvest_nolvus,exact,Always Install,1.4,nolvus-awekening-redux;nolvus-awakening-v6;nolvus-v6-ultimate-open-beta-start,,,,,,,
2801,Unique Flowers and Plants,5.6.3 PLANTS,nolvus,harvest_nolvus,exact,Always Install,1.4,nolvus-awekening-redux;nolvus-awakening-v6;nolvus-v6-ultimate-open-beta-start,,,,,,,
2804,Immersive Fallen Trees Patch,5.6.1 TREES & BARK,nolvus,harvest_nolvus,exact,Always Install,1.2,nolvus-awekening-redux;nolvus-awakening-v6;nolvus-v6-ultimate-open-beta-start,,,,,,,
2805,Immersive Fallen Trees,5.6.1 TREES & BARK,nolvus,harvest_nolvus,exact,Always Install,2.0.2,nolvus-awekening-redux;nolvus-awakening-v6;nolvus-v6-ultimate-open-beta-start,,,,,,,
2806,Bent Pines II,5.6.1 TREES & BARK,nolvus,harvest_nolvus,exact,Always Install,2.02,nolvus-awekening-redux;nolvus-awakening-v6;nolvus-v6-ultimate-open-beta-start,,,,,,,
2808,Blubbos_Whiterun_2023V2esl_patch,MV - Vegatation,unknown,review,exact,,,,,,,,,,not in any snapshot; identify on Nexus
2809,Blubbos Whiterun 2023,MV - Vegatation,unknown,review,exact,,,,,,,,,,not in any snapshot; identify on Nexus
2810,Ulvenwald Series - Erdtrees of Skyrim,MV - Vegatation,unknown,review,exact,,,,,,,,,,not in any snapshot; identify on Nexus
2811,Dirt Cliffs Enhancement - High Quality Ivy,MV - Vegatation,nolvus,harvest_nolvus,exact,Always Install,1.3.0,,,,,,,,
2812,Dirt Cliffs Enhancement - Freaks Flora Fields,MV - Vegatation,unknown,review,exact,,,,,,,,,,not in any snapshot; identify on Nexus
2813,Cathedral - 3D Mountain Flowers - Northern Roads Patch,MV - Vegatation,nolvus,harvest_nolvus,exact,Always Install,6.0,nolvus-awekening-redux;nolvus-awakening-v6;nolvus-v6-ultimate-open-beta-start,,,,,,,
2814,Cathedral - 3D Mountain Flowers - Lotd Player Homes Patch,MV - Vegatation,nolvus,harvest_nolvus,exact,Not Graphics Only,1.0,nolvus-awekening-redux;nolvus-awakening-v6;nolvus-v6-ultimate-open-beta-start,,,,,,,
2815,Cathedral - 3D Mountain Flowers - Legacy of The Dragonborn Patch,MV - Vegatation,nolvus,harvest_nolvus,exact,Not Graphics Only,0.2,nolvus-awekening-redux;nolvus-awakening-v6;nolvus-v6-ultimate-open-beta-start,,,,,,,
2816,Cathedral - 3D Mountain Flowers - Landscape and Water Fix,MV - Vegatation,nolvus,harvest_nolvus,exact,Always Install,1.0,nolvus-awekening-redux;nolvus-awakening-v6;nolvus-v6-ultimate-open-beta-start,,,,,,,
2817,Cathedral - 3D Mountain Flowers - Hearthfire Patch,MV - Vegatation,nolvus,harvest_nolvus,exact,Always Install,2.1,nolvus-awekening-redux;nolvus-awakening-v6;nolvus-v6-ultimate-open-beta-start,,,,,,,
2818,Cathedral - 3D Mountain Flowers,MV - Vegatation,nolvus,harvest_nolvus,exact,Always Install,2.0,nolvus-awekening-redux;nolvus-awakening-v6;nolvus-v6-ultimate-open-beta-start,,,,,,,
2819,Beehive Replacer - Optimized textures SE,MV - Vegatation,mv,harvest_mv,exact,,,,yes,,79367,334318,1,,
2820,Beehive Replacer - Mihail's Shards of Immersion (SE-AE version),MV - Vegatation,mv,harvest_mv,exact,,,,yes,,79344,334183,1,,
2821,Subdivide and Smooth - Soul Cairn Trees - 3D LODs,MV - Vegatation,mv,harvest_mv,exact,,,,yes,,157054,697629,1.0,SaSTrees-SCTrees.esp,
2822,Subdivide and Smooth - Soul Cairn Trees,MV - Vegatation,mv,harvest_mv,exact,,,,yes,,157054,697628,1.0,,
2823,Subdivide and Smooth - Reach Trees - 3D LODs,MV - Vegatation,mv,harvest_mv,exact,,,,yes,,154033,731703,1.1,,
2824,Subdivide and Smooth - Reach Trees,MV - Vegatation,mv,harvest_mv,exact,,,,yes,,154033,731701,1.1,SaSTreesReachTrees.esp,
2825,Subdivide and Smooth - Canis Root,MV - Vegatation,mv,harvest_mv,exact,,,,yes,,155290,649227,1.0,,
2826,Noteworthy Trees Uniquefied - Dwemer Tree,MV - Vegatation,mv,harvest_mv,exact,,,,yes,,132712,557105,1.0,UniqueDwemerTree.esp,
2827,Noteworthy Trees Uniquefied - Mage College Tree,MV - Vegatation,mv,harvest_mv,exact,,,,yes,,132712,557106,1.0,UniqueCollegeTree.esp,
2828,Reimagined Mountain Flowers - BYOH Flowers Fix,MV - Vegatation,unknown,review,exact,,,,,,,,,,not in any snapshot; identify on Nexus
2829,Reimagined Mountain Flowers,MV - Vegatation,mv,harvest_mv,exact,,,,yes,,135460,761191,1.00,flower mod.esp,
2830,Colorful Giant Mushrooms,MV - Vegatation,mv,harvest_mv,exact,,,,yes,,137048,575824,2.0,Colorful Giant Mushrooms.esl,
2831,Pink Spiky Grass,MV - Vegatation,mv,harvest_mv,exact,,,,yes,,78711,331513,1.0.0,,
2832,TB's Better Ferns,MV - Vegatation,mv,harvest_mv,exact,,,,yes,,72888,305514,1.0.2,,
2833,High Poly Blackreach Mushrooms,MV - Vegatation,mv,harvest_mv,exact,,,,yes,,40418,196429,1.1,,
2834,Rudy HQ - Falling Leaves and Needles SE - Green Leaves Texture 1K,MV - Vegatation,mv,harvest_mv,exact,,,,yes,,25939,93168,1.0,,
2835,Rudy HQ - Falling Leaves and Needles,MV - Vegatation,nolvus,harvest_nolvus,exact,Always Install,1.0,nolvus-awekening-redux;nolvus-awakening-v6;nolvus-v6-ultimate-open-beta-start,,,,,,,
2836,Ash Yam 2K-8K by iimlenny,MV - Vegatation,mv,harvest_mv,exact,,,,yes,,113217,477509,1.0,,
2837,Improved Gourds,MV - Vegatation,both,harvest_mv,exact,Always Install,1.0,nolvus-awekening-redux;nolvus-awakening-v6;nolvus-v6-ultimate-open-beta-start,yes,,48160,198619,1.2,,section suggests MV copy
2838,Scallions of Skyrim - High Polygon Leeks,MV - Vegatation,unknown,review,exact,,,,,,,,,,not in any snapshot; identify on Nexus
2839,Patch for Sowables of Skyrim and Renthal's Potato Bushes,MV - Vegatation,mv,harvest_mv,exact,,,,yes,,158940,664673,1.0,,
2840,potato bushes realistic version SE,MV - Vegatation,mv,harvest_mv,exact,,,,yes,,157161,656978,1.0,,
2841,Sowables of Skyrim - Wheat,MV - Vegatation,mv,harvest_mv,exact,,,,yes,,103182,436273,1.0,,
2842,Sowables of Skyrim - Potatoes,MV - Vegatation,mv,harvest_mv,exact,,,,yes,,80377,594987,1.15.0,,
2843,Cathedral - 3D Pine Shrubs,MV - Vegatation,mv,harvest_mv,exact,,,,yes,,94791,405900,1.2,,
2844,Cathedral - 3D Clover Plant,MV - Vegatation,mv,harvest_mv,exact,,,,yes,,68793,466864,1,,
2845,Cathedral - 3D Tundra Cotton,MV - Vegatation,both,harvest_mv,exact,Always Install,2.0,nolvus-awekening-redux;nolvus-awakening-v6;nolvus-v6-ultimate-open-beta-start,yes,,68068,287564,2.0,,section suggests MV copy
2846,Cathedral - 3D Thistle,MV - Vegatation,both,harvest_mv,exact,Always Install,1.1,nolvus-awekening-redux;nolvus-awakening-v6;nolvus-v6-ultimate-open-beta-start,yes,,67619,351138,2.1,,section suggests MV copy
2847,Cathedral - 3D Stonecrop - 75 Percent Size,MV - Vegatation,mv,harvest_mv,exact,,,,yes,,112136,472917,1,,
2848,Cathedral - 3D Stonecrop,MV - Vegatation,mv,harvest_mv,exact,,,,yes,,110726,469404,1.1,,
2849,Cathedral - 3D Nightshade,MV - Vegatation,both,harvest_mv,exact,Always Install,2.3,nolvus-awekening-redux;nolvus-awakening-v6;nolvus-v6-ultimate-open-beta-start,yes,,81284,347159,2.4,,section suggests MV copy
2850,Cathedral - 3D Lavender,MV - Vegatation,both,harvest_mv,exact,Always Install,1.3,nolvus-awekening-redux;nolvus-awakening-v6;nolvus-v6-ultimate-open-beta-start,yes,,68310,285641,1.3,,section suggests MV copy
2851,Cathedral - 3D Snow Berries,MV - Vegatation,both,harvest_mv,exact,Always Install,1.0,nolvus-awekening-redux;nolvus-awakening-v6;nolvus-v6-ultimate-open-beta-start,yes,,69415,292319,1.0,,section suggests MV copy
2852,Cathedral - 3D Dragons Tongue,MV - Vegatation,mv,harvest_mv,exact,,,,yes,,85694,363180,1.1,,
2853,Cathedral - 3D Deathbell ENB-lights,MV - Vegatation,mv,harvest_mv,exact,,,,yes,,76460,322917,1,,
2854,Cathedral - 3D Deathbell,MV - Vegatation,mv,harvest_mv,exact,,,,yes,,76460,321269,1,,
2855,High Quality Ivy - Animated,MV - Vegatation,mv,harvest_mv,exact,,,,yes,,113578,606234,1.01,Ivy Replacer BOS.esp,
2856,Jazbay by Mari,MV - Vegatation,mv,harvest_mv,exact,,,,yes,,43480,175357,1.0,,
2857,Reach Bush to Rosemary,MV - Vegatation,mv,harvest_mv,exact,,,,yes,,84295,365765,1.01,,
2858,Another Reach Shrub,MV - Vegatation,mv,harvest_mv,exact,,,,yes,,87257,369521,1.0,,
2859,ICFur's Improved Reach Fern,MV - Vegatation,mv,harvest_mv,exact,,,,yes,,88869,757842,1.0.1,,
2860,Some Shrooms - High Poly Mushrooms - 2K Textures,MV - Vegatation,mv,harvest_mv,exact,,,,yes,,139045,584861,1.0.3,,
2861,Some Shrooms - High Poly Mushrooms,MV - Vegatation,mv,harvest_mv,exact,,,,yes,,139045,764973,1.0.3,,
2862,Serious Mushrooms,MV - Vegatation,mv,harvest_mv,exact,,,,yes,,52531,216754,1.1,,
2863,Flora Additions - Waterplants,MV - Vegatation,mv,harvest_mv,exact,,,,yes,,116324,509046,1.1,Flora Additions - Waterplants.esp,
2864,Blubbos Canticle Tree,MV - Vegatation,mv,harvest_mv,exact,,,,yes,,131858,553579,1.0,Blubbo_CanticleTree_Standalone.esp,
2865,Freak's Floral Veil - A Cathedral Grass Overhaul,MV - Vegatation,mv,harvest_mv,exact,,,,yes,,125349,788926,1.0.2,Freak's Floral Veil.esp,
2866,No Grass In Objects - Freak's Floral Fields - Patch,MV - Vegatation,unknown,review,exact,,,,,,,,,,not in any snapshot; identify on Nexus
2867,Freak's Floral Fields - A Cathedral Grass Overhaul2,MV - Vegatation,mv,harvest_mv,dup_suffix,,,,yes,,125349,788926,1.0.2,,
2868,DrJacopo's - 3D Landscapes and Grass Library,MV - Vegatation,mv,harvest_mv,exact,,,,yes,,80687,689307,10,,
2869,Mania Mushroom Retextured (Saints and Seducers CC),MV - Vegatation,mv,harvest_mv,exact,,,,yes,,98121,416167,1.0,,
2870,No More Ugly Branches,MV - Vegatation,mv,harvest_mv,exact,,,,yes,,96785,410933,1.00,,
2871,Remove Excess Plants,MV - Vegatation,mv,harvest_mv,exact,,,,yes,,76924,533636,v1,,
2873,HD Stone Quarry and Clay Deposit [2K],5.5 MOUNTAINS & ROCKS,nolvus,harvest_nolvus,exact,Always Install,1.1,nolvus-awekening-redux;nolvus-awakening-v6;nolvus-v6-ultimate-open-beta-start,,,,,,,
2874,Northfire's Dirtcliffs - Parallax,5.5 MOUNTAINS & ROCKS,nolvus,harvest_nolvus,exact,Always Install,1.2,nolvus-awekening-redux;nolvus-awakening-v6;nolvus-v6-ultimate-open-beta-start,,,,,,,
2875,Granite Mountains [4K],5.5 MOUNTAINS & ROCKS,nolvus,harvest_nolvus,exact,Not Redux,2.5,nolvus-awakening-v6;nolvus-v6-ultimate-open-beta-start,,,,,,,
2876,ERM - Enhanced Rocks and Mountains - DynDOLOD,5.5 MOUNTAINS & ROCKS,nolvus,harvest_nolvus,exact,Always Install,1.0.1,nolvus-awekening-redux;nolvus-awakening-v6;nolvus-v6-ultimate-open-beta-start,,,,,,,
2877,ERM - Enhanced Rocks and Mountains,5.5 MOUNTAINS & ROCKS,nolvus,harvest_nolvus,exact,Always Install,1.2,nolvus-awekening-redux;nolvus-awakening-v6;nolvus-v6-ultimate-open-beta-start,,,,,,,
2878,Wet Rocks,5.5 MOUNTAINS & ROCKS,nolvus,harvest_nolvus,exact,Always Install,1.0,nolvus-awekening-redux;nolvus-awakening-v6;nolvus-v6-ultimate-open-beta-start,,,,,,,
2880,Vivid Landscapes - Complex Parallax Occulsion Snow - ProjectedDiffuse [2K],5.4 ICE SNOW & ASHES,nolvus_old,harvest_nolvus,exact,,,nolvus-awakening-v6;nolvus-v6-ultimate-open-beta-start,,,,,,,not on the current nolvus.net page (6.0.21 beta); present in 6.0.20 snapshots
2881,Vivid Landscapes - Complex Parallax Occlusion Snow [2K],5.4 ICE SNOW & ASHES,nolvus,harvest_nolvus,exact,Not Redux,1.5,nolvus-awakening-v6;nolvus-v6-ultimate-open-beta-start,,,,,,,
2882,Footprints - Beyond Skyrim Bruma Patch,5.4 ICE SNOW & ASHES,nolvus_old,harvest_nolvus,exact,,,nolvus-awekening-redux;nolvus-awakening-v6;nolvus-v6-ultimate-open-beta-start,,,,,,,not on the current nolvus.net page (6.0.21 beta); present in 6.0.20 snapshots
2883,Footprints - Gray Cowl of Nocturnal Patch,5.4 ICE SNOW & ASHES,nolvus_old,harvest_nolvus,exact,,,nolvus-awekening-redux;nolvus-awakening-v6;nolvus-v6-ultimate-open-beta-start,,,,,,,not on the current nolvus.net page (6.0.21 beta); present in 6.0.20 snapshots
2884,Footprints - Soul Cairn Patch,5.4 ICE SNOW & ASHES,nolvus_old,harvest_nolvus,exact,,,nolvus-awekening-redux;nolvus-awakening-v6;nolvus-v6-ultimate-open-beta-start,,,,,,,not on the current nolvus.net page (6.0.21 beta); present in 6.0.20 snapshots
2885,Footprints - Vigilant Patch,5.4 ICE SNOW & ASHES,nolvus_old,harvest_nolvus,exact,,,nolvus-awekening-redux;nolvus-awakening-v6;nolvus-v6-ultimate-open-beta-start,,,,,,,not on the current nolvus.net page (6.0.21 beta); present in 6.0.20 snapshots
2886,Footprints - Alternative Design,5.4 ICE SNOW & ASHES,unknown,review,exact,,,,,,,,,,not in any snapshot; identify on Nexus
2887,Footprints - SPID - Player Footprints,5.4 ICE SNOW & ASHES,nolvus_old,harvest_nolvus,exact,,,nolvus-awekening-redux;nolvus-awakening-v6;nolvus-v6-ultimate-open-beta-start,,,,,,,not on the current nolvus.net page (6.0.21 beta); present in 6.0.20 snapshots
2888,Footprints - SPID - Fix,5.4 ICE SNOW & ASHES,nolvus_old,harvest_nolvus,exact,,,nolvus-awekening-redux;nolvus-awakening-v6;nolvus-v6-ultimate-open-beta-start,,,,,,,not on the current nolvus.net page (6.0.21 beta); present in 6.0.20 snapshots
2889,Footprints - SPID,5.4 ICE SNOW & ASHES,nolvus_old,harvest_nolvus,exact,,,nolvus-awekening-redux;nolvus-awakening-v6;nolvus-v6-ultimate-open-beta-start,,,,,,,not on the current nolvus.net page (6.0.21 beta); present in 6.0.20 snapshots
2890,Footprints,5.4 ICE SNOW & ASHES,nolvus_old,harvest_nolvus,exact,,,nolvus-awekening-redux;nolvus-awakening-v6;nolvus-v6-ultimate-open-beta-start,,,,,,,not on the current nolvus.net page (6.0.21 beta); present in 6.0.20 snapshots
2891,Better Dynamic Ash,5.4 ICE SNOW & ASHES,nolvus,harvest_nolvus,exact,Always Install,2.1.1,nolvus-awekening-redux;nolvus-awakening-v6;nolvus-v6-ultimate-open-beta-start,,,,,,,
2892,Animated Ice Floes - LOD textures Patch,5.4 ICE SNOW & ASHES,nolvus,harvest_nolvus,exact,Always Install,1.0,nolvus-awekening-redux,,,,,,,
2893,Animated Ice Floes,5.4 ICE SNOW & ASHES,nolvus,harvest_nolvus,exact,Not Graphics Only,2.8,nolvus-awekening-redux;nolvus-awakening-v6;nolvus-v6-ultimate-open-beta-start,,,,,,,
2894,CG4 Snow Effects,5.4 ICE SNOW & ASHES,nolvus,harvest_nolvus,exact,Always Install,2.0,nolvus-awekening-redux;nolvus-awakening-v6;nolvus-v6-ultimate-open-beta-start,,,,,,,
2895,Refracting Ice Form Debris,5.4 ICE SNOW & ASHES,nolvus,harvest_nolvus,exact,Always Install,2.0,nolvus-awekening-redux;nolvus-awakening-v6;nolvus-v6-ultimate-open-beta-start,,,,,,,
2896,Paraphernalia - Snow Colour Fixes,5.4 ICE SNOW & ASHES,nolvus,harvest_nolvus,exact,Always Install,1.0,nolvus-awekening-redux;nolvus-awakening-v6;nolvus-v6-ultimate-open-beta-start,,,,,,,
2897,Simplicity of Snow - Parallax Meshes,5.4 ICE SNOW & ASHES,both,harvest_nolvus,exact,Always Install,0.12.2,nolvus-awekening-redux;nolvus-awakening-v6;nolvus-v6-ultimate-open-beta-start,yes,,56235,683159,0.15,,section suggests Nolvus copy
2898,Simplicity of Snow,5.4 ICE SNOW & ASHES,both,harvest_nolvus,exact,Not Graphics Only,0.15,nolvus-awekening-redux;nolvus-awakening-v6;nolvus-v6-ultimate-open-beta-start,yes,,56235,683158,0.15,Simplicity of Snow - Dwemer Sanctuary Patch.esp;Simplicity of Snow.esp,section suggests Nolvus copy
2900,The Green Den - Exterior AddOn,MV - interio2,unknown,review,exact,,,,,,,,,,not in any snapshot; identify on Nexus
2901,The Green Den - 3DNPC Patch,MV - interio2,unknown,review,exact,,,,,,,,,,not in any snapshot; identify on Nexus
2902,The Green Den - AI Overhaul Patch,MV - interio2,unknown,review,exact,,,,,,,,,,not in any snapshot; identify on Nexus
2903,The Green Den - JKs Drunken Huntsman Patch,MV - interio2,unknown,review,exact,,,,,,,,,,not in any snapshot; identify on Nexus
2904,The Green Den - A Lush Drunken Huntsman Overhaul,MV - interio2,unknown,review,exact,,,,,,,,,,not in any snapshot; identify on Nexus
2905,Candlehearth - Unofficial Patches2,MV - interio2,mv,harvest_mv,dup_suffix,,,,yes,,98412,452726,1.14,Candlehearth - COTN Dawnstar Patch.esp;Candlehearth - COTN Falkreath Patch.esp;Candlehearth - COTN Winterhold Patch.esp;Candlehearth - JK's Silver-Blood Inn Patch.esp;Candlehearth - JK's The Winking Skeever Patch.esp;Candlehearth - The Great City of Winterhold v4 Patch.esp,
2906,Candlehearth - An Inn Overhaul,MV - interio2,mv,harvest_mv,exact,,,,yes,,97542,419795,1.1.1,Candlehearth.esp,
2907,HFs - Totem,MV - interio2,mv,harvest_mv,exact,,,,yes,,164197,686312,1,HFs - Totem.esp,
2908,Snazzy Interiors Patch Collection2,MV - interio2,mv,harvest_mv,dup_suffix,,,,yes,,91604,786655,1.12.2,Snazzy Black Briar Lodge - Daedric Shrines patch.esp;Snazzy Black Briar Lodge - LFfGM patch.esp;Snazzy Black Briar Lodge - Lux Orbis patch.esp;Snazzy Black Briar Lodge - Lux patch.esp;Snazzy Black Briar Lodge - Nature of the Wild Lands patch.esp;Snazzy Drelas Cottage - Lux patch.esp;Snazzy Drelas Cottage - Thieves Guild Requirements patch.esp;Snazzy Honningbrew Meadery - Eli Halla patch.esp;Snazzy Honningbrew Meadery - Lux patch.esp;Snazzy Interiors - Darkwater Crossing Verner and Annekke's House - TGC - Lux patch.esp;Snazzy Interiors - Darkwater Crossing Verner and Annekke's House - TGC patch.esp;Snazzy Interiors - Frostfruit Inn - AI Overhaul patch.esp;Snazzy Interiors - Frostfruit Inn - Candlehearth patch.esp;Snazzy Interiors - Frostfruit Inn - Embers XD patch.esp;Snazzy Interiors - Frostfruit Inn - Lux patch.esp;Snazzy Interiors - JKs Palace of the Kings - Embers XD patch.esp;Snazzy Interiors - JKs Palace of the Kings - Lux patch.esp;Snazzy Interiors - JKs Palace of the Kings - Nature of the Wild Lands patch.esp;Snazzy Interiors - JKs Palace of the Kings - USSEP patch.esp;Snazzy Interiors - JKs Palace of the Kings - Vigilant patch.esp;Snazzy Interiors - Karthwasten Hall - AI Overhaul patch.esp;Snazzy Interiors - Karthwasten Hall - Lux Orbis patch.esp;Snazzy Interiors - Karthwasten Hall - Lux patch.esp;Snazzy Interiors - Kynesgrove Braidwood Inn - AI Overhaul patch.esp;Snazzy Interiors - Kynesgrove Braidwood Inn - Candlehearth patch.esp;Snazzy Interiors - Kynesgrove Braidwood Inn - Embers XD patch.esp;Snazzy Interiors - Kynesgrove Braidwood Inn - Inigo patch.esp;Snazzy Interiors - Kynesgrove Braidwood Inn - Lux patch.esp;Snazzy Interiors - Markarth AIO - Embers XD patch.esp;Snazzy Interiors - Markarth AIO - Lux patch.esp;Snazzy Interiors - Markarth AIO - Sons of Skyrim patch.esp;Snazzy Interiors - Markarth AIO - TGR patch.esp;Snazzy Interiors - Morthal AIO - AI Overhaul patch.esp;Snazzy Interiors - Morthal AIO - Book Covers patch.esp;Snazzy Interiors - Morthal AIO - Lux patch.esp;Snazzy Interiors - Raven Rock AIO - AI Overhaul patch.esp;Snazzy Interiors - Raven Rock AIO - Candlehearth patch.esp;Snazzy Interiors - Raven Rock AIO - CC Fishing patch.esp;Snazzy Interiors - Raven Rock AIO - Daedric Shrines patch.esp;Snazzy Interiors - Raven Rock AIO - Lux patch.esp;Snazzy Interiors - Raven Rock AIO - USSEP patch.esp;Snazzy Interiors - Riften AIO - CC Fishing patch.esp;Snazzy Interiors - Riften AIO - CC Gray Cowl Returns patch.esp;Snazzy Interiors - Riften AIO - Embers XD patch.esp;Snazzy Interiors - Riften AIO - Innocence Lost Quest Expansion patch.esp;Snazzy Interiors - Riften AIO - JKs Thieves Guild patch.esp;Snazzy Interiors - Riften AIO - Lux Orbis patch.esp;Snazzy Interiors - Riften AIO - Lux patch.esp;Snazzy Interiors - Riften AIO - RYFTEN BBM Epic Balcony patch.esp;Snazzy Interiors - Riften AIO - TGR patch.esp;Snazzy Interiors - Riften AIO - Vanilla Table Replacers patch.esp;Snazzy Interiors - Riften AIO - Xelzaz patch.esp;Snazzy Interiors - Rorik's Manor - Lux patch.esp;Snazzy Interiors - Sarethi Farm - Lux Orbis patch.esp;Snazzy Interiors - Sarethi Farm - Lux patch.esp;Snazzy Interiors - Solitude AIO - AI Overhaul patch.esp;Snazzy Interiors - Solitude AIO - Book Covers patch.esp;Snazzy Interiors - Solitude AIO - CC Fishing patch.esp;Snazzy Interiors - Solitude AIO - CC Gray Cowl Returns patch.esp;Snazzy Interiors - Solitude AIO - Embers XD patch.esp;Snazzy Interiors - Solitude AIO - LAWF patch.esp;Snazzy Interiors - Solitude AIO - Lux patch.esp;Snazzy Interiors - Solitude AIO - TGR patch.esp;Snazzy Interiors - Solitude AIO - USSEP patch.esp;Snazzy Interiors - Whiterun AIO - AI Overhaul patch.esp;Snazzy Interiors - Whiterun AIO - Embers XD patch.esp;Snazzy Interiors - Whiterun AIO - Lux patch.esp;Snazzy Interiors - Whiterun AIO - TGR patch.esp;Snazzy Interiors - Windhelm AIO - Book Covers patch.esp;Snazzy Interiors - Windhelm AIO - Embers XD patch.esp;Snazzy Interiors - Windhelm AIO - Lux patch.esp;Snazzy Interiors - Windhelm AIO - Nature of the Wild Lands patch.esp;Snazzy Interiors - Windhelm AIO - Skyrim's Got Talent patch.esp;Snazzy Interiors - Windhelm AIO - TGR patch.esp;Snazzy Interiors - Windhelm AIO - USSEP patch.esp;Snazzy Interiors - Windhelm AIO - Xelzaz patch.esp,
2909,Snazzy Misc Locations AIO,MV - interio2,unknown,review,exact,,,,,,,,,,not in any snapshot; identify on Nexus
2910,Snazzy Towns and Settlements,MV - interio2,mv,harvest_mv,exact,,,,yes,,147761,669337,2.0,Snazzy Interiors - Darkwater Crossing Verner and Annekke's House.esp;Snazzy Interiors - Frostfruit Inn.esp;Snazzy Interiors - Karthwasten Hall.esp;Snazzy Interiors - Kynesgrove Braidwood Inn.esp;Snazzy Interiors - Rorik's Manor.esp,
2911,Snazzy Morthal AIO,MV - interio2,mv,harvest_mv,exact,,,,yes,,147759,642911,2.0,Snazzy Interiors - Morthal AIO.esp,
2912,Snazzy Falkreath AIO,MV - interio2,mv,harvest_mv,exact,,,,yes,,147671,634499,2.0,Snazzy Interiors - Falkreath AIO.esp,
2913,Snazzy Dawnstar AIO,MV - interio2,mv,harvest_mv,exact,,,,yes,,147758,642908,2.1,Snazzy Interiors - Dawnstar AIO.esp,
2914,Snazzy Raven Rock AIO,MV - interio2,mv,harvest_mv,exact,,,,yes,,147623,764233,2.0,Snazzy Interiors - Raven Rock AIO.esp,
2915,Snazzy Whiterun AIO,MV - interio2,mv,harvest_mv,exact,,,,yes,,147621,634493,2.0,Snazzy Interiors - Whiterun AIO.esp,
2916,Snazzy Windhelm AIO,MV - interio2,mv,harvest_mv,exact,,,,yes,,147620,634492,2.0,Snazzy Interiors - Windhelm AIO.esp,
2917,Snazzy Solitude AIO,MV - interio2,mv,harvest_mv,exact,,,,yes,,147618,760311,2.0,Snazzy Interiors - Solitude AIO.esp,
2918,Snazzy Riften AIO,MV - interio2,mv,harvest_mv,exact,,,,yes,,147594,786874,1.0,Snazzy Interiors - Riften AIO 2.esp;Snazzy Interiors - Riften AIO.esp,
2919,Snazzy Markarth AIO,MV - interio2,mv,harvest_mv,exact,,,,yes,,147624,634494,2.0,Snazzy Interiors - Markarth AIO.esp,
2920,Snazzy Location Resources,MV - interio2,mv,harvest_mv,exact,,,,yes,,147670,785915,2.0,Snazzy Location Resources.esp,
2921,WiZkiD Lund's Hut,MV - interio2,mv,harvest_mv,exact,,,,yes,,77013,328491,1.2,WiZkiD Lund's Hut.esp,
2922,HD Textures for Solitude and Temple Frescoes,MV - interio2,mv,harvest_mv,exact,,,,yes,,56341,238567,1.3,,
2923,Solitude Temple Frescoes 2019 - eye cubemap patch,MV - interio2,mv,harvest_mv,exact,,,,yes,,33514,128271,1.1,,
2924,Solitude and Temple Frescoes 2019,MV - interio2,mv,harvest_mv,exact,,,,yes,,29695,110909,1.3,SolitudeTempleFrescoes.esp,
2925,Classic Paintings Compilation for Skyrim interiors,MV - interio2,mv,harvest_mv,exact,,,,yes,,63325,693133,1.0,Paintings for Dragonsreach.esp;Paintings for Jorrvaskr.esp;Paintings for Mistveil Keep.esp;Paintings for the Bards College.esp;Paintings for the College of Winterhold.esp;Paintings for the Dawnstar Sanctuary.esp;Paintings for the Palace of Kings.esp;Paintings for the Thieves Guild.esp,
2926,Nightgate Inn Revived - Patches and Addons,MV - interio2,mv,harvest_mv,exact,,,,yes,,121244,637645,1.2,Lux - Nightgate Inn Revived patch.esp;Nightgate Inn Revived - Candlehearth.esp;Nightgate Inn Revived - CC Alternative Armors Iron.esp;Nightgate Inn Revived - Embers XD.esp;Nightgate Inn Revived - Lux Orbis.esp;Nightgate Inn Revived - Skyrim Unbound.esp;Nightgate Inn Revived - Xelzaz.esp,
2927,Nightgate Inn Revived - Main File,MV - interio2,mv,harvest_mv,exact,,,,yes,,121244,516261,1.2,Nightgate Inn Revived.esp,
2928,HSPlayerHomes - Breezehome - LUX,MV - interio2,mv,harvest_mv,exact,,,,yes,,74184,486831,1.2.0,HSPlayerHomes - Breezehome - LUX.esp,
2929,HSPlayerHomes - Breezehome - EXD,MV - interio2,mv,harvest_mv,exact,,,,yes,,74184,486830,1.2.0,HSPlayerHomes - Breezehome - EXD.esp,
2930,Breezehome Exterior Overgrown,MV - interio2,unknown,review,exact,,,,,,,,,,not in any snapshot; identify on Nexus
2931,HS Player Homes - Breezehome,MV - interio2,mv,harvest_mv,exact,,,,yes,,74184,487002,1.2.0,HSPlayerHomes - Breezehome.esp,
2932,HS Resources,MV - interio2,mv,harvest_mv,exact,,,,yes,,72307,518324,3.4.0,HSResources.esl,
2933,JK's Interiors Patch Collection,MV - interio2,both,harvest_mv,exact,Ultimate,5.18.1,nolvus-awakening-v6;nolvus-v6-ultimate-open-beta-start,yes,,35910,706051,5.18.1,JK's Sinderion's Field Laboratory - USMP Patch.esp;JKs Angelines Aromatics - AI Overhaul Patch.esp;JKs Angelines Aromatics - USSEP Patch.esp;JKs Arcadias Cauldron - AI Overhaul Patch.esp;JKs Arcadias Cauldron - Bow of Shadows Patch.esp;JKs Arcadias Cauldron - USSEP Patch.esp;JKs Arnleif and Sons - AI Overhaul Patch.esp;JKs Arnleif and Sons - Rugnarok patch.esp;JKs Bannered Mare - AI Overhaul patch.esp;JKs Bannered Mare - Immersion Patch.esp;JKs Bee and Barb - AI Overhaul Patch.esp;JKs Bee and Barb - Embers XD Patch.esp;JKs Bee and Barb - Vigilant patch.esp;JKs Belethors General Goods - AI Overhaul Patch.esp;JKs Belethors General Goods - Rugnarok patch.esp;JKs Bits and Pieces - AI Overhaul Patch.esp;JKs Bits and Pieces - Rugnarok patch.esp;JKs Bits and Pieces - USSEP Patch.esp;JKs Blue Palace - AI Overhaul Patch.esp;JKs Blue Palace - Immersion Patch.esp;JKs Blue Palace - Nature of the Wildlands patch.esp;JKs Candlehearth Hall - AI Overhaul Patch.esp;JKs Candlehearth Hall - Embers XD Patch.esp;JKs Candlehearth Hall - Rugnarok patch.esp;JKs Drunken Huntsman - Civil War Champions Patch.esp;JKs Drunken Huntsman - USSEP Patch.esp;JKs Elgrims Elixirs - Bee and Barb Patch.esp;JKs Elgrims Elixirs - Embers XD Patch.esp;JKs Elgrims Elixirs - Rugnarok patch.esp;JKs Haelgas Bunkhouse - AI Overhaul patch.esp;JKs Haelgas Bunkhouse - Rugnarok patch.esp;JKs Hags Cure - AI Overhaul Patch.esp;JKs Hags Cure - Embers XD Patch.esp;JKs Mistveil Keep - AI Overhaul Patch.esp;JKs Mistveil Keep - Embers XD Patch.esp;JKs New Gnisis Cornerclub - Gourmet Patch.esp;JKs New Gnisis Cornerclub - Rugnarok patch.esp;JKs Palace of the Kings - AI Overhaul patch.esp;JKs Palace of the Kings - Civil War Champions patch.esp;JKs Palace of the Kings - Embers XD Patch.esp;JKs Palace of the Kings - LAWF patch.esp;JKs Palace of the Kings - Sons of Skyrim patch.esp;JKs Palace of the Kings - USSEP Patch.esp;JKs Pawned Prawn - Embers XD Patch.esp;JKs Pawned Prawn - Rugnarok patch.esp;JKs Radiant Raiment - Immersion Patch.esp;JKs Ragged Flagon - AI Overhaul Patch.esp;JKs Ragged Flagon - Embers XD Patch.esp;JKs Ragged Flagon - USSEP Patch.esp;JKs Riverwood Trader - Rugnarok patch.esp;JKs Sadris Used Wares - Rugnarok patch.esp;JKs Silver-Blood Inn - AI Overhaul Patch.esp;JKs Silver-Blood Inn - Alt Dwarven Plate Patch.esp;JKs Silver-Blood Inn - Embers XD Patch.esp;JKs Silver-Blood Inn - Immersion patch.esp;JKs Silver-Blood Inn - Spell Knight Armor Patch.esp;JKs Sinderions Field Laboratory - CC - Fishing patch.esp;JKs Sleeping Giant Inn - AI Overhaul SSE Patch.esp;JKs Sleeping Giant Inn - Embers XD Patch.esp;JKs Temple of Dibella - AI Overhaul patch.esp;JKs Temple of Mara - AI Overhaul Patch.esp;JKs Temple of Mara - Nature of the Wild Landspatch.esp;JKs Temple of Mara - Rugnarok patch.esp;JKs Temple of Mara - TGR Patch.esp;JKs Temple of Talos - AI Overhaul patch.esp;JKs Temple of Talos - USSEP patch.esp;JKs Temple of the Divines - Alt Leather Armor Patch.esp;JKs Temple of the Divines - Nature of the Wild Landspatch.esp;JKs Temple of the Divines - Pilgrim patch.esp;JKs Temple of the Divines - Rugnarok patch.esp;JKs Temple of the Divines - USSEP Patch.esp;JKs Understone Keep - AI Overhaul patch.esp;JKs Understone Keep - Embers XD Patch.esp;JKs Understone Keep - USSEP patch.esp;JKs White Phial - Embers XD Patch.esp;JKs White Phial - Rugnarok patch.esp;JKs Winking Skeever - AI Overhaul Patch.esp;JKs Winking Skeever - Fishing Patch.esp;JKs Winking Skeever - Immersion Patch.esp;JKs Winking Skeever - Nature of the Wild Landspatch.esp;JKs Winking Skeever - Thieves Guild Requirements Patch.esp;JKs Winking Skeever - USSEP Patch.esp;JKs Winking Skeever - Xelzaz patch.esp,section suggests MV copy
2934,Dunmeri Furniture in Gray Quarter,MV - interio2,both,harvest_mv,exact,Not Graphics Only,1.1,nolvus-awekening-redux;nolvus-awakening-v6;nolvus-v6-ultimate-open-beta-start,yes,,60077,597837,1.2,Dunmeri Furniture - JKs New Gnisis Cornerclub patch.esp;Dunmeri Furniture - man_DaedricShrines patch.esp;Dunmeri Furniture.esp,section suggests MV copy
2935,JK's Sinderion's Field Laboratory,MV - interio2,both,harvest_mv,exact,Always Install,1.1.3,nolvus-awekening-redux;nolvus-awakening-v6;nolvus-v6-ultimate-open-beta-start,yes,,68154,647257,1.1.2,JK's Sinderion's Field Laboratory.esp,section suggests MV copy
2936,JK's Septimus Signus's Outpost,MV - interio2,both,harvest_mv,exact,Always Install,1.0.1,nolvus-awekening-redux;nolvus-awakening-v6;nolvus-v6-ultimate-open-beta-start,yes,,66915,648587,1.0.1,JK's Septimus Signus's Outpost.esp,section suggests MV copy
2937,JK's Temple of Talos,MV - interio2,both,harvest_mv,exact,Always Install,1.1,nolvus-awekening-redux;nolvus-awakening-v6;nolvus-v6-ultimate-open-beta-start,yes,,56971,244452,1.1,JK's Temple of Talos.esp,section suggests MV copy
2938,JK's The Temple of Mara,MV - interio2,both,harvest_mv,exact,Always Install,1.1,nolvus-awekening-redux;nolvus-awakening-v6;nolvus-v6-ultimate-open-beta-start,yes,,52724,326432,1.1,JK's Temple of Mara.esp,section suggests MV copy
2939,JK's Sadris Used Wares,MV - interio2,nolvus,harvest_nolvus,exact,Always Install,1.0.1,nolvus-awekening-redux;nolvus-awakening-v6;nolvus-v6-ultimate-open-beta-start,,,,,,,
2940,JK's White Phial,MV - interio2,both,harvest_mv,exact,Always Install,1.1.1,nolvus-awekening-redux;nolvus-awakening-v6;nolvus-v6-ultimate-open-beta-start,yes,,47713,196745,1.1.1,JK's White Phial.esp,section suggests MV copy
2941,JK's Temple of the Divines,MV - interio2,both,harvest_mv,exact,Always Install,1.2,nolvus-awekening-redux;nolvus-awakening-v6;nolvus-v6-ultimate-open-beta-start,yes,,57304,298247,1.2.0,JK's Temple of the Divines.esp,section suggests MV copy
2942,JK's Haelga's Bunkhouse,MV - interio2,both,harvest_mv,exact,Always Install,1.1.1,nolvus-awekening-redux;nolvus-awakening-v6;nolvus-v6-ultimate-open-beta-start,yes,,60085,265790,1.1.1,JK's Haelga's Bunkhouse.esp,section suggests MV copy
2943,Statue Of Kynareth - Alternate Placement,MV - interio2,mv,harvest_mv,exact,,,,yes,,134207,563359,1.0,Statue Of Kynareth _ Alternate Placement _ BOS.esp,
2944,JK's Temple of Kynareth,MV - interio2,both,harvest_mv,exact,Always Install,1.0,nolvus-awekening-redux;nolvus-awakening-v6;nolvus-v6-ultimate-open-beta-start,yes,,56737,236465,1.0.0,JK's Temple of Kynareth.esp,section suggests MV copy
2945,JK's Temple of Dibella,MV - interio2,both,harvest_mv,exact,Always Install,1.0,nolvus-awekening-redux;nolvus-awakening-v6;nolvus-v6-ultimate-open-beta-start,yes,,56371,232671,1.0.0,JK's Temple of Dibella.esp,section suggests MV copy
2946,JK's Candlehearth Hall,MV - interio2,both,harvest_mv,exact,Always Install,1.0,nolvus-awekening-redux;nolvus-awakening-v6;nolvus-v6-ultimate-open-beta-start,yes,,45617,185575,1.0.0,JK's Candlehearth Hall.esp,section suggests MV copy
2947,JK's The Hag's Cure,MV - interio2,both,harvest_mv,exact,Always Install,1.0,nolvus-awekening-redux;nolvus-awakening-v6;nolvus-v6-ultimate-open-beta-start,yes,,54587,224041,1.0.0,JK's The Hag's Cure.esp,section suggests MV copy
2948,JK's Arnleif and Sons Trading Company,MV - interio2,both,harvest_mv,exact,Always Install,1.0.1,nolvus-awekening-redux;nolvus-awakening-v6;nolvus-v6-ultimate-open-beta-start,yes,,54166,294543,1.0.1,JK's Arnleif and Sons Trading Company.esp,section suggests MV copy
2949,JK's Silver-Blood Inn,MV - interio2,both,harvest_mv,exact,Always Install,1.0,nolvus-awekening-redux;nolvus-awakening-v6;nolvus-v6-ultimate-open-beta-start,yes,,53554,578303,1.0.0,JK's Silver-Blood Inn.esp,section suggests MV copy
2950,JK's The Ragged Flagon,MV - interio2,both,harvest_mv,exact,Always Install,1.0,nolvus-awekening-redux;nolvus-awakening-v6;nolvus-v6-ultimate-open-beta-start,yes,,50765,207199,1.0.0,JK's The Ragged Flagon.esp,section suggests MV copy
2951,JK's The Pawned Prawn,MV - interio2,both,harvest_mv,exact,Always Install,1.0.1,nolvus-awekening-redux;nolvus-awakening-v6;nolvus-v6-ultimate-open-beta-start,yes,,50135,207546,1.0.1,JK's The Pawned Prawn.esp,section suggests MV copy
2952,JK's The Bee and Barb,MV - interio2,both,harvest_mv,exact,Always Install,1.1.1,nolvus-awekening-redux;nolvus-awakening-v6;nolvus-v6-ultimate-open-beta-start,yes,,49516,286254,1.1.1,JK's Bee and Barb.esp,section suggests MV copy
2953,JK's New Gnisis Cornerclub,MV - interio2,both,harvest_mv,exact,Always Install,1.1,nolvus-awekening-redux;nolvus-awakening-v6;nolvus-v6-ultimate-open-beta-start,yes,,48293,246358,1.1.0,JK's New Gnisis Cornerclub.esp,section suggests MV copy
2954,JK's Radiant Raiment,MV - interio2,both,harvest_mv,exact,Always Install,1.0.1,nolvus-awekening-redux;nolvus-awakening-v6;nolvus-v6-ultimate-open-beta-start,yes,,44858,622548,1.0.1,JK's Radiant Raiment.esp,section suggests MV copy
2955,JK's Bits and Pieces,MV - interio2,both,harvest_mv,exact,Always Install,1.0,nolvus-awekening-redux;nolvus-awakening-v6;nolvus-v6-ultimate-open-beta-start,yes,,44642,181168,1.0.0,JK's Bits and Pieces.esp,section suggests MV copy
2956,JK's Angeline's Aromatics,MV - interio2,both,harvest_mv,exact,Always Install,1.0,nolvus-awekening-redux;nolvus-awakening-v6;nolvus-v6-ultimate-open-beta-start,yes,,44482,180173,1.0.0,JK's Angelines Aromatics.esp,section suggests MV copy
2957,JK's The Winking Skeever,MV - interio2,both,harvest_mv,exact,Always Install,1.6.0,nolvus-awekening-redux;nolvus-awakening-v6;nolvus-v6-ultimate-open-beta-start,yes,,43991,648588,1.5.0,JK's The Winking Skeever.esp,section suggests MV copy
2958,JK's Warmaiden's,MV - interio2,both,harvest_mv,exact,Always Install,1.2,nolvus-awekening-redux;nolvus-awakening-v6;nolvus-v6-ultimate-open-beta-start,yes,,33685,386090,1.3.0,JK's Warmaiden's.esp,section suggests MV copy
2959,JK's The Drunken Huntsman,MV - interio2,both,harvest_mv,exact,Always Install,1.0,nolvus-awekening-redux;nolvus-awakening-v6;nolvus-v6-ultimate-open-beta-start,yes,,33783,580937,1.0.0,JKs The Drunken Huntsman.esp,section suggests MV copy
2960,JK's Arcadia's Cauldron,MV - interio2,both,harvest_mv,exact,Always Install,1.01,nolvus-awekening-redux;nolvus-awakening-v6;nolvus-v6-ultimate-open-beta-start,yes,,33565,288019,1.01,JK's Arcadia's Cauldron.esp,section suggests MV copy
2961,JK's Belethor's General Goods,MV - interio2,both,harvest_mv,exact,Always Install,1.1,nolvus-awekening-redux;nolvus-awakening-v6;nolvus-v6-ultimate-open-beta-start,yes,,33636,129163,1.1.0,JK's Belethor's General Goods.esp,section suggests MV copy
2962,JK's Sadri's Used Wares,MV - interio2,mv,harvest_mv,exact,,,,yes,,47942,236673,1.0.1,JK's Sadris Used Wares.esp,
2963,Lightened JK's The Bannered Mare,MV - interio2,mv,harvest_mv,exact,,,,yes,,152198,635938,1.0,,
2964,JK's The Bannered Mare,MV - interio2,both,harvest_mv,exact,Always Install,1.1,nolvus-awekening-redux;nolvus-awakening-v6;nolvus-v6-ultimate-open-beta-start,yes,,33845,479869,1.1.0,JK's The Bannered Mare.esp,section suggests MV copy
2965,JK's Sleeping Giant Inn,MV - interio2,mv,harvest_mv,exact,,,,yes,,35806,626615,1.1.0,JK's Sleeping Giant Inn.esp,
2966,JK's Riverwood Trader,MV - interio2,both,harvest_mv,exact,Always Install,1.1.1,nolvus-awekening-redux;nolvus-awakening-v6;nolvus-v6-ultimate-open-beta-start,yes,,55959,286256,1.1.1,JK's Riverwood Trader.esp,section suggests MV copy
2967,JK's Elgrim's Elixirs,MV - interio2,mv,harvest_mv,exact,,,,yes,,49934,335196,1.1,JK's Elgrims Elixirs.esp,
2969,JKs Guild HQ Interiors Patch Collection,MV - Interiors1,both,harvest_mv,exact,Ultimate,1.19.2,nolvus-awakening-v6;nolvus-v6-ultimate-open-beta-start,yes,,61416,745001,1.14.3,JKs Bards College - AI Overhaul patch.esp;JKs Bards College - Book Covers Skyrim Patch.esp;JKs Bards College - Pilgrim Patch.esp;JKs Bards College - USSEP patch.esp;JKs Castle Dour - Book Covers Skyrim patch.esp;JKs Castle Dour - Nature of the Wild Lands patch.esp;JKs Castle Dour - New Legion patch.esp;JKs Castle Volkihar - Book Covers Skyrim patch.esp;JKs Castle Volkihar - CC Fishing patch.esp;JKs Castle Volkihar - Embers XD patch.esp;JKs Castle Volkihar - LAWF patch.esp;JKs Castle Volkihar - Nature of the Wild Lands patch.esp;JKs Castle Volkihar - Xelzaz patch.esp;JKs College of Winterhold - 4thUnknowns Scamps patch.esp;JKs College of Winterhold - AI Overhaul Patch.esp;JKs College of Winterhold - Book Covers Skyrim patch.esp;JKs College of Winterhold - CC - Goldbrand Patch.esp;JKs College of Winterhold - ICNs Patch.esp;JKs College of Winterhold - Nature of the Wild Lands patch.esp;JKs College of Winterhold - USSEP patch.esp;JKs Dark Brotherhood Sanctuary - AI Overhaul patch.esp;JKs Dark Brotherhood Sanctuary - Destroy the Dark Brotherhood Quest Expasnion patch.esp;JKs Dark Brotherhood Sanctuary - USSEP patch.esp;JKs Fort Dawnguard - LAWF patch.esp;JKs Fort Dawnguard - LFFGM patch.esp;JKs High Hrothgar - Embers XD patch.esp;JKs Nightingale Hall - Daedric Shrines patch.esp;JKs Sky Haven Temple - Book Covers Skyrim patch.esp;JKs Sky Haven Temple - Nature of the Wild Lands patch.esp;JKs Sky Haven Temple - USSEP Patch.esp;JKs Thieves Guild - Daedric Shrines patch.esp;JKs Thieves Guild - Nature of the Wild Lands patch.esp;JKs Thieves Guild - USSEP patch.esp,section suggests MV copy
2970,JK's Jorrvaskr,MV - Interiors1,nolvus,harvest_nolvus,exact,Always Install,1.1.4,nolvus-awekening-redux;nolvus-awakening-v6;nolvus-v6-ultimate-open-beta-start,,,,,,,
2971,JK's Thieves Guild HQ,MV - Interiors1,mv,harvest_mv,exact,,,,yes,,133787,648590,1.0.0,JK's Thieves Guild.esp,
2972,JK's Nightingale Hall,MV - Interiors1,both,harvest_mv,exact,Always Install,1.0.0,nolvus-awekening-redux,yes,,128116,548767,1.0.0,JK's Nightingale Hall.esp,section suggests MV copy
2973,JK's Dark Brotherhood Sanctuaries,MV - Interiors1,both,harvest_mv,exact,Always Install,1.1.0,nolvus-awekening-redux,yes,,121950,761858,1.0.0,JK's Dark Brotherhood Sanctuary.esp,section suggests MV copy
2974,JK's Castle Volkihar,MV - Interiors1,both,harvest_mv,exact,Always Install,1.1.2,nolvus-awekening-redux;nolvus-awakening-v6;nolvus-v6-ultimate-open-beta-start,yes,,116314,500285,1.0.0,JK's Castle Volkihar.esp,section suggests MV copy
2975,JK's Fort Dawnguard,MV - Interiors1,both,harvest_mv,exact,Always Install,1.0.3,nolvus-awekening-redux;nolvus-awakening-v6;nolvus-v6-ultimate-open-beta-start,yes,,110645,650940,1.0.0,JK's Fort Dawnguard.esp,section suggests MV copy
2976,Spaghetti's Faction Halls - Hall of the Vigilant,MV - Interiors1,mv,harvest_mv,exact,,,,yes,,102587,433891,1.0,Spaghetti's Faction Halls - Hall of the Vigilant.esp,
2977,Spaghetti's Faction Halls - Companions,MV - Interiors1,mv,harvest_mv,exact,,,,yes,,96419,448843,1.0,Spaghetti's Faction Halls - Companions.esp,
2978,Dwemer Light Animation for Dragonsreach,MV - Interiors1,mv,harvest_mv,exact,,,,yes,,63413,263960,1.3,Dragonsreach dwemer light animation.esp,
2979,Kynareth - My patches SE by Xtudo - JK's High Hrothgar,MV - Interiors1,mv,harvest_mv,exact,,,,yes,,91379,536562,1.9,man_kynarethStatue - JK's High Hrothgar patch by Xtudo.esp,
2980,Spaghetti's Palaces - Dragonsreach - Lux Patch,MV - Interiors1,mv,harvest_mv,exact,,,,yes,,91781,390257,1.0,Spaghetti's Palaces - Dragonsreach - Lux Patch.esp,
2981,Spaghetti's Palaces - Dragonsreach,MV - Interiors1,mv,harvest_mv,exact,,,,yes,,91781,390217,1.0,Spaghetti's Palaces - Dragonsreach.esp,
2982,JK's College of Winterhold,MV - Interiors1,both,harvest_mv,exact,Always Install,1.0.2,nolvus-awekening-redux;nolvus-awakening-v6;nolvus-v6-ultimate-open-beta-start,yes,,65676,391698,1.1,JK's College of Winterhold.esp,section suggests MV copy
2983,JK's The Bards College,MV - Interiors1,both,harvest_mv,exact,Always Install,1.0.3,nolvus-awekening-redux;nolvus-awakening-v6;nolvus-v6-ultimate-open-beta-start,yes,,71054,303904,1.0.3,JK's The Bards College.esp,section suggests MV copy
2984,JK's Castle Dour,MV - Interiors1,both,harvest_mv,exact,Always Install,1.1,nolvus-awekening-redux;nolvus-awakening-v6;nolvus-v6-ultimate-open-beta-start,yes,,74309,622122,1.1.0,JK's Castle Dour.esp,section suggests MV copy
2985,JK's Sky Haven Temple,MV - Interiors1,both,harvest_mv,exact,Always Install,1.0.1,nolvus-awekening-redux;nolvus-awakening-v6;nolvus-v6-ultimate-open-beta-start,yes,,63039,532831,1.0.0,JK's Sky Haven Temple.esp,section suggests MV copy
2986,JK's High Hrothgar,MV - Interiors1,both,harvest_mv,exact,Always Install,1.0.2,nolvus-awekening-redux;nolvus-awakening-v6;nolvus-v6-ultimate-open-beta-start,yes,,62219,766995,1.0.1,JK's High Hrothgar.esp,section suggests MV copy
2987,JK's Mistveil Keep,MV - Interiors1,both,harvest_mv,exact,Always Install,1.0.2,nolvus-awekening-redux;nolvus-awakening-v6;nolvus-v6-ultimate-open-beta-start,yes,,52462,229295,1.0.2,JK's Mistveil Keep.esp,section suggests MV copy
2988,JK's Blue Palace2,MV - Interiors1,both,harvest_mv,dup_suffix,Always Install,1.4.1,nolvus-awekening-redux;nolvus-awakening-v6;nolvus-v6-ultimate-open-beta-start,yes,,45324,622815,1.4.1,JK's Blue Palace.esp,section suggests MV copy
2989,JK's Palace of the Kings,MV - Interiors1,both,harvest_mv,exact,Always Install,1.2,nolvus-awekening-redux;nolvus-awakening-v6;nolvus-v6-ultimate-open-beta-start,yes,,48902,244454,1.2.0,JK's Palace of the Kings.esp,section suggests MV copy
2990,JK's Understone Keep,MV - Interiors1,both,harvest_mv,exact,Always Install,1.1.2,nolvus-awekening-redux;nolvus-awakening-v6;nolvus-v6-ultimate-open-beta-start,yes,,55571,787062,1.1.2,JK's Understone Keep.esp,section suggests MV copy
2992,High Poly Orcs for JJerems Strongholds,MV - Strongholds,mv,harvest_mv,exact,,,,yes,,137492,788634,1.0.1,KR2_Orc Strongholds AIO_NPC.esp,
2993,Lux Orbis - Orc Exiles - The Cracked Tusk Keep,MV - Strongholds,mv,harvest_mv,exact,,,,yes,,133489,594145,1.1,Lux Orbis - Orc Exiles - The Cracked Tusk Keep Patch.esp,
2994,Lux Orbis - Orc Exiles - Rift Watchtower Patch,MV - Strongholds,mv,harvest_mv,exact,,,,yes,,136668,587266,1.0,Lux Orbis - Orc Exiles - Rift Watchtower Patch.esp,
2995,Orc Exiles - Rift Watchtower - Patches Collection,MV - Strongholds,mv,harvest_mv,exact,,,,yes,,161297,785372,1.0.1,Orc Exiles - Rift Watchtower.esp,
2996,Orc Exiles - Rift Watchtower,MV - Strongholds,mv,harvest_mv,exact,,,,yes,,136668,640905,1.0,Orc Exiles - Rift Watchtower.esp,
2997,Orc Exiles - Cracked Tusk - Lawless patch,MV - Strongholds,mv,harvest_mv,exact,,,,yes,,139030,583086,1.0.0,Orc Exiles - Cracked Tusk - Bandit War patch.esp,
2998,Orc Exiles - The Cracked Tusk Keep - USSEP Patch,MV - Strongholds,mv,harvest_mv,exact,,,,yes,,133489,560555,1.1,Orc Exiles - The Cracked Tusk Keep USSEP.esp,
2999,Orc Exiles - The Cracked Tusk Keep - EVG Animated Traversal Patch,MV - Strongholds,mv,harvest_mv,exact,,,,yes,,133489,560170,1.1,Orc Exiles - The Cracked Tusk Keep - EVG Animated Traversal Patch.esp,
3000,Orc Exiles - The Cracked Tusk Keep,MV - Strongholds,mv,harvest_mv,exact,,,,yes,,133489,594141,1.1,Orc Exiles - The Cracked Tusk Keep.esp,
3001,Orc Exiles - Bilegulch - Patch Collection,MV - Strongholds,mv,harvest_mv,exact,,,,yes,,130316,761387,1.0.0,Orc Exiles - Bilegulch - Embers XD patch.esp;Orc Exiles - Bilegulch - LFFGM patch.esp;Orc Exiles - Bilegulch - Ryn's Lost Valley Redoubt patch.esp;Orc Exiles - Bilegulch - USSEP patch.esp;Orc Exiles - Bilegulch Fixes.esp,
3002,Orc Exiles - Bilegulch Stronghold - Nature of The Wild Lands Patch,MV - Strongholds,mv,harvest_mv,exact,,,,yes,,130169,657479,1.1,Nature of The Wild Lands - Orc Exiles Bilegulch Patch.esp,
3003,Orc Exiles - Bilegulch Stronghold - Lux Patch,MV - Strongholds,mv,harvest_mv,exact,,,,yes,,130169,753877,1.1,Lux - Orc Exiles - Bilegulch Patch.esp,
3004,Orc Exiles - Bilegulch Stronghold - Lux Orbis Patch,MV - Strongholds,mv,harvest_mv,exact,,,,yes,,130169,753876,1.1,Lux Orbis - Orc Exiles - Bilegulch Patch.esp,
3005,Orc Exiles - Bilegulch Stronghold,MV - Strongholds,mv,harvest_mv,exact,,,,yes,,130169,754715,1.1,Orc Exiles - Bilegulch.esp,
3006,Lux Orbis - Orc Strongholds AIO Patch,MV - Strongholds,mv,harvest_mv,exact,,,,yes,,150246,636167,1.1,Lux Orbis - Orc Strongholds AIO Patch.esp,
3007,Orc Stronghold AIO - SkyShards Patch,MV - Strongholds,unknown,review,exact,,,,,,,,,,not in any snapshot; identify on Nexus
3008,Orc Strongholds - AIO - EFPS Patch,MV - Strongholds,unknown,review,exact,,,,,,,,,,not in any snapshot; identify on Nexus
3009,Orc Strogholds - AIO - Lux Via Patch,MV - Strongholds,mv,harvest_mv,exact,,,,yes,,150246,627975,1.1,Orc Strongholds - All In One - Lux Via Patch.esp,
3010,Orc Strongholds - AIO - Patches Collection,MV - Strongholds,mv,harvest_mv,exact,,,,yes,,160944,785364,1.2.0,Lux Orbis - Orc Strongholds AIO Patch.esp;Orc Strongholds - AIO - 4thUnknown Ogrims Patch.esp;Orc Strongholds - AIO - Landscape Fixes For Grass Mods Patch.esp;Orc Strongholds - AIO - Nature of the Wild Lands Patch.esp;Orc Strongholds - AIO - USSEP Patch.esp;Orc Strongholds - All In One.esp,
3011,Orc Strongholds - All In One,MV - Strongholds,mv,harvest_mv,exact,,,,yes,,150246,636197,1.1,Orc Strongholds - All In One.esp,
3012,Orcish Lanterns for Orc Strongholds by Jjerem - Base Object Swapper,MV - Strongholds,mv,harvest_mv,exact,,,,yes,,124201,522444,1.0,Orcish Lanterns for Largashbur BOS.esp,
3014,The Ancient Ways,MV - TOWNS AND VILLAGES,unknown,review,exact,,,,,,,,,,not in any snapshot; identify on Nexus
3015,Landscape Fixes For Grass Mods - Great Cities patch,MV - TOWNS AND VILLAGES,unknown,review,exact,,,,,,,,,,not in any snapshot; identify on Nexus
3016,Half-Moon Mill - Cities of the North Addon Patch Collection,MV - TOWNS AND VILLAGES,both,harvest_mv,exact,Not Graphics Only,1.3,nolvus-awekening-redux;nolvus-awakening-v6;nolvus-v6-ultimate-open-beta-start,yes,,64522,646077,1.3,Half-Moon Mill COTNed - Embers XD patch.esp;Half-Moon Mill COTNed - Lux Orbis patch.esp,section suggests MV copy
3017,Half-Moon Mill - Cities of the North Addon,MV - TOWNS AND VILLAGES,both,harvest_mv,exact,Always Install,1.5,nolvus-awekening-redux;nolvus-awakening-v6;nolvus-v6-ultimate-open-beta-start,yes,,64360,268774,1.4,Half-Moon Mill - COTNed.esp,section suggests MV copy
3018,Anga's Mill - Cities of the North Addon Patch Collection,MV - TOWNS AND VILLAGES,both,harvest_mv,exact,Not Graphics Only,1.2,nolvus-awekening-redux;nolvus-awakening-v6;nolvus-v6-ultimate-open-beta-start,yes,,64685,681316,1.2,COTN Angas Mill Addon - Embers XD patch.esp;COTN Angas Mill Addon - Lux Orbis patch.esp;COTN Angas Mill Addon - Nature of the Wild Lands patch.esp,section suggests MV copy
3019,Anga's Mill - Cities of the North Addon,MV - TOWNS AND VILLAGES,both,harvest_mv,exact,Always Install,1.0.4,nolvus-awekening-redux;nolvus-awakening-v6;nolvus-v6-ultimate-open-beta-start,yes,,64398,282393,1.0.4,COTN Addon - Anga's Mill.esp,section suggests MV copy
3020,Nolvus Awakening Darkwater Crossing Grass Fix,MV - TOWNS AND VILLAGES,nolvus,harvest_nolvus,exact,Always Install,6.0,nolvus-awekening-redux;nolvus-awakening-v6;nolvus-v6-ultimate-open-beta-start,,,,,,,
3021,Nolvus Awakening Darkwater Crossing Patch,MV - TOWNS AND VILLAGES,nolvus,harvest_nolvus,exact,Always Install,6.0,nolvus-awekening-redux;nolvus-awakening-v6;nolvus-v6-ultimate-open-beta-start,,,,,,,
3022,The Great Settlement of Darkwater Crossing Patch Collection,MV - TOWNS AND VILLAGES,nolvus,harvest_nolvus,exact,Not Graphics Only,1.3,nolvus-awekening-redux;nolvus-awakening-v6;nolvus-v6-ultimate-open-beta-start,,,,,,,
3023,The Great Settlement of Darkwater Crossing,MV - TOWNS AND VILLAGES,nolvus,harvest_nolvus,exact,Always Install,1.0,nolvus-awekening-redux;nolvus-awakening-v6;nolvus-v6-ultimate-open-beta-start,,,,,,,
3024,The Great Town and Village - SMIM Patch,MV - TOWNS AND VILLAGES,mv,harvest_mv,exact,,,,yes,,35406,576820,1.0,,
3025,Nolvus Awakening Mixwater Mill Grass Fix,MV - TOWNS AND VILLAGES,nolvus,harvest_nolvus,exact,Always Install,6.0,nolvus-awekening-redux;nolvus-awakening-v6;nolvus-v6-ultimate-open-beta-start,,,,,,,
3026,Nolvus Awakening Mixwater Mill Patch,MV - TOWNS AND VILLAGES,nolvus,harvest_nolvus,exact,Always Install,6.0,nolvus-awekening-redux;nolvus-awakening-v6;nolvus-v6-ultimate-open-beta-start,,,,,,,
3027,The Great Village of Mixwater Mill Patch Collection,MV - TOWNS AND VILLAGES,both,harvest_mv,exact,Not Graphics Only,2.5,nolvus-awekening-redux;nolvus-awakening-v6;nolvus-v6-ultimate-open-beta-start,yes,,37414,285159,2.5,Great Village of Mixwater Mill - Immersion Patch.esp;Great Village of Mixwater Mill - Landscape and Water Fixes Patch.esp;Great Village of Mixwater Mill - RS Children Patch.esp;Great Village of Mixwater Mill - USSEP Patch.esp,section suggests MV copy
3028,The Great Village of Mixwater Mill - 3DNPC Patch,MV - TOWNS AND VILLAGES,nolvus,harvest_nolvus,exact,Not Graphics Only,1.0,nolvus-awekening-redux;nolvus-awakening-v6;nolvus-v6-ultimate-open-beta-start,,,,,,,
3029,The Great Village of Mixwater Mill - Modpocalypse NPCs,MV - TOWNS AND VILLAGES,nolvus,harvest_nolvus,exact,Always Install,1.0,nolvus-awekening-redux;nolvus-awakening-v6;nolvus-v6-ultimate-open-beta-start,,,,,,,
3030,The Great Village of Mixwater Mill,MV - TOWNS AND VILLAGES,nolvus,harvest_nolvus,exact,Always Install,1.1,nolvus-awekening-redux;nolvus-awakening-v6;nolvus-v6-ultimate-open-beta-start,,,,,,,
3031,Nolvus Awakening Shor's Stone Grass Fix,MV - TOWNS AND VILLAGES,nolvus,harvest_nolvus,exact,Not Graphics Only,6.0,nolvus-awekening-redux;nolvus-awakening-v6;nolvus-v6-ultimate-open-beta-start,,,,,,,
3032,Nolvus Awakening Shor's Stone Patch,MV - TOWNS AND VILLAGES,nolvus,harvest_nolvus,exact,Always Install,6.0.5,nolvus-awekening-redux;nolvus-awakening-v6;nolvus-v6-ultimate-open-beta-start,,,,,,,
3033,The Great Town of Shor's Stone Patch Collection,MV - TOWNS AND VILLAGES,nolvus,harvest_nolvus,exact,Not Graphics Only,2.4,nolvus-awekening-redux;nolvus-awakening-v6;nolvus-v6-ultimate-open-beta-start,,,,,,,
3034,The Great Town of Shor's Stone - Modpocalypse NPCs,MV - TOWNS AND VILLAGES,nolvus,harvest_nolvus,exact,Always Install,1.0,nolvus-awekening-redux;nolvus-awakening-v6;nolvus-v6-ultimate-open-beta-start,,,,,,,
3035,The Great Town of Shor's Stone - Rob's Bug Fixes,MV - TOWNS AND VILLAGES,nolvus,harvest_nolvus,exact,Always Install,1.0,nolvus-awekening-redux;nolvus-awakening-v6;nolvus-v6-ultimate-open-beta-start,,,,,,,
3036,The Great Town of Shor's Stone,MV - TOWNS AND VILLAGES,nolvus,harvest_nolvus,exact,Always Install,1.04,nolvus-awekening-redux;nolvus-awakening-v6;nolvus-v6-ultimate-open-beta-start,,,,,,,
3037,Spaghetti's Mods - NavCut Addon,MV - TOWNS AND VILLAGES,mv,harvest_mv,exact,,,,yes,,120793,507350,1.0,Spaghetti's Cities - Markarth - NavCuts.esp;Spaghetti's Cities - Solitude - NavCuts.esp;Spaghetti's Cities - Windhelm - NavCuts.esp;Spaghetti's Faction Halls - Companions - NavCuts.esp;Spaghetti's Faction Halls - Hall of the Vigilant - NavCuts.esp;Spaghetti's Palaces - Dragonsreach - NavCuts.esp;Spaghetti's Towns - Dragon Bridge - NavCuts.esp;Spaghetti's Towns - Karthwasten - NavCuts.esp;Spaghetti's Towns - Kynesgrove - NavCuts.esp;Spaghetti's Towns - Old Hroldan - NavCuts.esp;Spaghetti's Towns - Rorikstead - NavCuts.esp;Spaghetti's Towns - Stonehills - NavCuts.esp,
3038,Spaghetti's Towns - Stonehills,MV - TOWNS AND VILLAGES,mv,harvest_mv,exact,,,,yes,,89291,378517,1.0,Spaghetti's Towns - Stonehills.esp,
3039,Nolvus Awakening Old Hroldan Grass Fix,MV - TOWNS AND VILLAGES,nolvus,harvest_nolvus,exact,Always Install,6.0,nolvus-awekening-redux;nolvus-awakening-v6;nolvus-v6-ultimate-open-beta-start,,,,,,,
3040,The Great Village of Old Hroldan Patch Collection,MV - TOWNS AND VILLAGES,nolvus,harvest_nolvus,exact,Not Graphics Only,2.4,nolvus-awekening-redux;nolvus-awakening-v6;nolvus-v6-ultimate-open-beta-start,,,,,,,
3041,The Great Village of Old Hroldan - Modpocalypse NPCs,MV - TOWNS AND VILLAGES,nolvus,harvest_nolvus,exact,Always Install,1.0,nolvus-awekening-redux;nolvus-awakening-v6;nolvus-v6-ultimate-open-beta-start,,,,,,,
3042,The Great Village of Old Hroldan - Rob's Bug Fixes,MV - TOWNS AND VILLAGES,nolvus,harvest_nolvus,exact,Always Install,1.0,nolvus-awekening-redux;nolvus-awakening-v6;nolvus-v6-ultimate-open-beta-start,,,,,,,
3043,The Great Village of Old Hroldan,MV - TOWNS AND VILLAGES,nolvus,harvest_nolvus,exact,Always Install,1.03,nolvus-awekening-redux;nolvus-awakening-v6;nolvus-v6-ultimate-open-beta-start,,,,,,,
3044,Nolvus Awakening Kynesgrove Patch,MV - TOWNS AND VILLAGES,nolvus,harvest_nolvus,exact,Always Install,6.0.14,nolvus-awekening-redux;nolvus-awakening-v6;nolvus-v6-ultimate-open-beta-start,,,,,,,
3045,The Great Village of Kynesgrove - Modpocalypse NPCs,MV - TOWNS AND VILLAGES,nolvus,harvest_nolvus,exact,Always Install,1.0,nolvus-awekening-redux;nolvus-awakening-v6;nolvus-v6-ultimate-open-beta-start,,,,,,,
3046,The Great Village of Kynesgrove Patch Collection2,MV - TOWNS AND VILLAGES,nolvus,harvest_nolvus,dup_suffix,Not Graphics Only,1.8,nolvus-awekening-redux;nolvus-awakening-v6;nolvus-v6-ultimate-open-beta-start,,,,,,,
3047,The Great Village of Kynesgrove,MV - TOWNS AND VILLAGES,nolvus,harvest_nolvus,exact,Always Install,1.1,nolvus-awekening-redux;nolvus-awakening-v6;nolvus-v6-ultimate-open-beta-start,,,,,,,
3048,Nolvus Awakening Karthwasten Grass Fix,MV - TOWNS AND VILLAGES,nolvus,harvest_nolvus,exact,Always Install,6.0.4,nolvus-awekening-redux;nolvus-awakening-v6;nolvus-v6-ultimate-open-beta-start,,,,,,,
3049,Nolvus Awakening Karthwasten Patch,MV - TOWNS AND VILLAGES,nolvus,harvest_nolvus,exact,Always Install,6.0.15,nolvus-awekening-redux;nolvus-awakening-v6;nolvus-v6-ultimate-open-beta-start,,,,,,,
3050,The Great Town of Karthwasten Patch Collection2,MV - TOWNS AND VILLAGES,nolvus,harvest_nolvus,dup_suffix,Not Graphics Only,2.5.1,nolvus-awekening-redux;nolvus-awakening-v6;nolvus-v6-ultimate-open-beta-start,,,,,,,
3051,The Great Town of Karthwasten - Modpocalypse NPCs,MV - TOWNS AND VILLAGES,nolvus,harvest_nolvus,exact,Always Install,1.0,nolvus-awekening-redux;nolvus-awakening-v6;nolvus-v6-ultimate-open-beta-start,,,,,,,
3052,The Great Town of Karthwasten - Rob's Bug Fixes,MV - TOWNS AND VILLAGES,nolvus,harvest_nolvus,exact,Always Install,1.0,nolvus-awekening-redux;nolvus-awakening-v6;nolvus-v6-ultimate-open-beta-start,,,,,,,
3053,The Great Town of Karthwasten2,MV - TOWNS AND VILLAGES,nolvus,harvest_nolvus,dup_suffix,Always Install,1.2,nolvus-awekening-redux;nolvus-awakening-v6;nolvus-v6-ultimate-open-beta-start,,,,,,,
3054,Thuldor's Ivarstead - Farmhouse Roofs,MV - TOWNS AND VILLAGES,mv,harvest_mv,exact,,,,yes,,99624,422152,1.0,Thuldor's Ivarstead - Farmhouse Roofs.esp,
3055,Thuldor's Ivarstead - Lux Orbis Patch,MV - TOWNS AND VILLAGES,mv,harvest_mv,exact,,,,yes,,113706,482641,1.00,Lux Orbis - Thuldor's Ivarstead Patch.esp,
3056,Thuldor's Ivarstead - Tweaks and Addons,MV - TOWNS AND VILLAGES,both,harvest_mv,exact,Not Graphics Only,1.01.1,nolvus-awekening-redux;nolvus-awakening-v6;nolvus-v6-ultimate-open-beta-start,yes,,113706,566154,1.00,Lux - Thuldor's Ivarstead - Tweaks and Fixes.esp;Thuldor's Ivarstead - Tweaks and Fixes - AI Overhaul.esp;Thuldor's Ivarstead - Tweaks and Fixes - Candlehearth.esp;Thuldor's Ivarstead - Tweaks and Fixes - EmbersXD.esp;Thuldor's Ivarstead - Tweaks and Fixes.esp,section suggests MV copy
3057,Thuldor's Ivarstead - Patch Collection2,MV - TOWNS AND VILLAGES,both,harvest_mv,dup_suffix,Not Graphics Only,1.1,nolvus-awekening-redux;nolvus-awakening-v6;nolvus-v6-ultimate-open-beta-start,yes,,99494,458921,1.1.0,Lux - Thuldor's Ivarstead.esp;Northern Roads - Lux Via Clutter - Thuldor's Ivarstead.esp;Northern Roads - Thuldor's Ivarstead.esp;Thuldor's Ivarstead - AI Overhaul.esp;Thuldor's Ivarstead - CC Redguard Patch.esp;Thuldor's Ivarstead - EmbersXD.esp;Thuldor's Ivarstead - Landscape and Water Fixes.esp;Thuldor's Ivarstead - Landscape Fixes for Grass Mods.esp;Thuldor's Ivarstead - Occlusion Fix.esp,section suggests MV copy
3058,Thuldor's Ivarstead - Tweaks and Fixes Navmesh Fix,MV - TOWNS AND VILLAGES,nolvus,harvest_nolvus,exact,Always Install,1.0,nolvus-awekening-redux,,,,,,,
3059,Thuldor's Ivarstead,MV - TOWNS AND VILLAGES,both,harvest_mv,exact,Always Install,1.1,nolvus-awekening-redux;nolvus-awakening-v6;nolvus-v6-ultimate-open-beta-start,yes,,99494,422196,1.1.0,Thuldor's Ivarstead.esp,section suggests MV copy
3060,Simplicity of Settlements - Dragon Bridge,MV - TOWNS AND VILLAGES,mv,harvest_mv,exact,,,,yes,,77942,563200,0.6,Simplicity of Settlements - Dragon Bridge.esp,
3061,Dragon Bridge Tree Overhaul,MV - TOWNS AND VILLAGES,mv,harvest_mv,exact,,,,yes,,24984,88241,v1,Dragon Bridge Tree Overhaul.esp,
3062,Spaghetti's Towns - Dragon Bridge,MV - TOWNS AND VILLAGES,both,harvest_mv,exact,Redux,1.0,nolvus-awekening-redux,yes,,86302,365455,1.0,Spaghetti's Towns - Dragon Bridge.esp,section suggests MV copy
3063,Ivy - Cozy Corner Patch Hub3,MV - TOWNS AND VILLAGES,mv,harvest_mv,dup_suffix,,,,yes,,138863,723691,1.1.2,Gates of Riverwood - Lux Orbis Patch.esp;Gates of Riverwood - Northern Road Patch.esp;Ivy - Riverwood Well - Lux Orbis Patch.esp;Ivy - Riverwood Windmill Garden - AI Overhaul Patch.esp;Ivy - Riverwood Windmill Garden - Lux Orbis Patch.esp;Ivy - Riverwood Windmill Garden - Lux Patch.esp;Ivy - Riverwood Windmill Garden - Mihail's Chickens and Chicks.esp;Ivy - Riverwood Windmill Garden - Nature of the Wild Lands.esp;Ivy - Riverwood Windmill Garden - USSEP Patch.esp;Missile Riverwood Dock Addon - Ivy Windmill Apothecary Patch.esp;Missile Riverwood Docks Addon - Ivy Apothecary - Nature of the Wild Lands Patch.esp;Northern Roads - Missile Riverwood Docks - Riverwood Windmill Apothecary.esp;Riverwood Bridge Replacer - Lux Orbis Patch.esp,
3064,Ivy Whiterun Roofing - By BigHead,MV - TOWNS AND VILLAGES,unknown,review,exact,,,,,,,,,,not in any snapshot; identify on Nexus
3065,Ivy Riverwood Roofing - By BigHead,MV - TOWNS AND VILLAGES,unknown,review,exact,,,,,,,,,,not in any snapshot; identify on Nexus
3066,Ivy - Faendal Home Overhaul,MV - TOWNS AND VILLAGES,unknown,review,exact,,,,,,,,,,not in any snapshot; identify on Nexus
3067,Ivy - Riverwood Timber Rest - Player Home,MV - TOWNS AND VILLAGES,unknown,review,exact,,,,,,,,,,not in any snapshot; identify on Nexus
3068,Ivy - Riverwood Small Addon,MV - TOWNS AND VILLAGES,unknown,review,exact,,,,,,,,,,not in any snapshot; identify on Nexus
3069,Docks of Riverwood,MV - TOWNS AND VILLAGES,mv,harvest_mv,exact,,,,yes,,141169,708390,1.0.0,Lux Orbis - Missile Riverwood Docks Patch.esp;Missile Riverwood Dock - CC Fishing Patch.esp;Missile Riverwood Dock Addon - Nature of the Wild Lands Patch.esp;Missile Riverwood Dock Addon.esp;Northern Roads - Missile Riverwood Docks Patch.esp,
3070,Ivy - Gates of Riverwood,MV - TOWNS AND VILLAGES,mv,harvest_mv,exact,,,,yes,,138864,594864,1.0,Gates of Riverwood.esp,
3071,Ivy - Riverwood Windmill Apothecary - Retexture By BigHead,MV - TOWNS AND VILLAGES,mv,harvest_mv,exact,,,,yes,,131590,552375,1.0,Replace Texture Riverwood Windmill Garden By BigHead.esp,
3072,Ivy - Riverwood Windmill Apothecary,MV - TOWNS AND VILLAGES,mv,harvest_mv,exact,,,,yes,,127691,723689,1.5,Ivy - Riverwood Windmill Garden.esp,
3073,Ivy - Riverwood Well Addon,MV - TOWNS AND VILLAGES,mv,harvest_mv,exact,,,,yes,,121039,589445,1.0,Ivy - Riverwood Well.esp,
3074,Ivy - Riverwood Smelter Addon,MV - TOWNS AND VILLAGES,mv,harvest_mv,exact,,,,yes,,120929,526094,1.0,Ivy - Riverwood Smelter Addon - Lux Orbis Patch.esp;Ivy - Riverwood Smelter Addon - USSEP Patch.esp;Ivy - Riverwood Smelter Addon.esp,
3075,Ivy - Riverwood Small Bridge Replacer,MV - TOWNS AND VILLAGES,mv,harvest_mv,exact,,,,yes,,141342,592829,1.0,Riverwood Bridge Replacer.esp,
3076,Lux Orbis - Riverwood Street Lights addon,MV - TOWNS AND VILLAGES,mv,harvest_mv,exact,,,,yes,,89167,674678,1,Lux Orbis - Riverwood street lights.esp,
3077,Riverwood Falls - Waterfall Additions for Riverwood2,MV - TOWNS AND VILLAGES,unknown,review,exact,,,,,,,,,,not in any snapshot; identify on Nexus
3079,COTN Winterhold - Stonecold Fortress Map Marker,MV - MINOR CITIES,mv,harvest_mv,exact,,,,yes,,57069,239483,3,Cities of the North - Winterhold Map Marker Addon.esp,
3080,The Great City of Winterhold Patch Collection2,MV - MINOR CITIES,both,harvest_mv,dup_suffix,Not Graphics Only,2.4.1,nolvus-awekening-redux;nolvus-awakening-v6;nolvus-v6-ultimate-open-beta-start,yes,,74560,679604,1.9,TGC Winterhold - CC Nchuanthumz patch.esp;TGC Winterhold - COW Quest Expansion Patch.esp;TGC Winterhold - JKs CoW Patch.esp;TGC Winterhold - LAWF Patch.esp;TGC Winterhold - Mihail House Cats patch.esp;TGC Winterhold - Missives patch.esp;TGC Winterhold - RS Children patch.esp;TGC Winterhold - TGR patch.esp;TGCotN Winterhold - AI Overhaul patch.esp;TGCotN Winterhold - Embers XD patch.esp;TGCotN Winterhold - Sons of Skyrim patch.esp;TGCotN Winterhold.esp,section suggests MV copy
3081,The Great City Of Winterhold SSE Edition,MV - MINOR CITIES,mv,harvest_mv,exact,,,,yes,,17127,579610,4.0.3,The Great City of Winterhold v4.esp,
3082,The Great Cities- Resources,MV - MINOR CITIES,mv,harvest_mv,exact,,,,yes,,104373,571931,1.0,Resources - The Great Cities.esp,
3083,COTN Winterhold Patch Collection2,MV - MINOR CITIES,mv,harvest_mv,dup_suffix,,,,yes,,40181,629416,2.15,COTN Winterhold - CC - Nchuanthumz Patch.esp;COTN Winterhold - Embers XD [XD ESP] Patch.esp;COTN Winterhold - TGR Patch.esp,
3084,Cities of the North - Winterhold,MV - MINOR CITIES,mv,harvest_mv,exact,,,,yes,,40088,165114,1.1,COTN - Winterhold.esp,
3085,Fortified Morthal - No Northern Roads Bridge,MV - MINOR CITIES,mv,harvest_mv,exact,,,,yes,,143001,599543,1,Fortified Morthal - Yes Northern Roads Bridge.esp,
3086,Fortified Morthal - Patches Collection2,MV - MINOR CITIES,mv,harvest_mv,dup_suffix,,,,yes,,126697,731660,1.2.0,Fortified Morthal - DK's Nord Ships Patch.esp;Fortified Morthal - Fishing Patch.esp;Fortified Morthal - Morthal Tree Overhaul Patch.esp;Fortified Morthal - Nature of the Wild Lands Patch.esp;Fortified Morthal.esp,
3087,Skyfall's Fortified Morthal,MV - MINOR CITIES,mv,harvest_mv,exact,,,,yes,,126871,535504,1.0,Fortified Morthal.esp,
3088,Morthal Tree Overhaul,MV - MINOR CITIES,mv,harvest_mv,exact,,,,yes,,23866,83568,v1,Morthal Tree Overhaul.esp,
3089,An Abstract Skyrim - Falkreath,MV - MINOR CITIES,mv,harvest_mv,exact,,,,yes,,107946,455881,1.0,An Abstract Falkreath - The Ruined Kingdom.esp,
3090,COTN Falkreath Center Tree Replacer - Lux Orbis,MV - MINOR CITIES,mv,harvest_mv,exact,,,,yes,,128956,541101,2,COTN Falkreath Center Tree Replacer - Lux Orbis Patch.esp,
3091,COTN Falkreath Center Tree Replacer,MV - MINOR CITIES,mv,harvest_mv,exact,,,,yes,,128956,541678,2,COTN Falkreath Center Tree Replacer.esp,
3092,Cities of the North - Falkreath Patch Collection2,MV - MINOR CITIES,mv,harvest_mv,dup_suffix,,,,yes,,56734,708837,1.20,COTN Falkreath - Abstract Falkreath - Ruined Kingdom patch.esp;COTN Falkreath - AI Overhaul patch.esp;COTN Falkreath - Book Covers Skyrim patch.esp;COTN Falkreath - Bring Meeko to Lod Patch.esp;COTN Falkreath - CC - Bittercup Patch.esp;COTN Falkreath - CC - Elven Hunter Armor patch.esp;COTN Falkreath - CC - Fishing Patch.esp;COTN Falkreath - Embers XD Patch.esp;COTN Falkreath - Landscape and Water Fixes Patch.esp;COTN Falkreath - Lucien Patch.esp;COTN Falkreath - Mihail Haystacks patch.esp;COTN Falkreath - Missives patch.esp;COTN Falkreath - Nature of the Wildlands patch.esp;COTN Falkreath - NotWL + Lux Orbis patch.esp;COTN Falkreath - SK Unique Signs Patch.esp;COTN Falkreath - Snazzy Interiors Falkreath AIO + Embers XD patch.esp;COTN Falkreath - Snazzy Interiors Falkreath AIO patch.esp;COTN Falkreath - Sons of Skyrim Fixes patch.esp;COTN Falkreath - Sons of Skyrim patch.esp;COTN Falkreath - TGR Patch.esp;Lux - COTN Falkreath - Snazzy Interiors Falkreath AIO patch.esp,
3093,Cities of the North - Falkreath - Ladder Animations Add-On,MV - MINOR CITIES,mv,harvest_mv,exact,,,,yes,,56731,296124,1.3,COTN Falkreath - Ladder Animation Add-On.esp,
3094,Meshes Optimization Project - COTN - Falkreath,MV - MINOR CITIES,unknown,review,exact,,,,,,,,,,not in any snapshot; identify on Nexus
3095,Cities of the North - Falkreath - HOTFIX 1.3.1,MV - MINOR CITIES,mv,harvest_mv,exact,,,,yes,,56731,493650,1.3,COTN - Falkreath.esp,
3096,Cities of the North - Falkreath,MV - MINOR CITIES,mv,harvest_mv,exact,,,,yes,,56731,377972,1.3,COTN - Falkreath.esp,
3097,Dawnstar is Snowy - City Trees Patch - Plants and Fences BOS,MV - MINOR CITIES,mv,harvest_mv,exact,,,,yes,,105421,527128,1.0,Dawnstar is Snowy - City Trees with CotN Patch.esp,
3098,Fortified Dawnstar - No Watchtowers,MV - MINOR CITIES,mv,harvest_mv,exact,,,,yes,,142296,596679,1,Fortified Dawnstar - No Watchtowers.esp,
3099,Fortified Dawnstar - Palisade wall and watch towers for vanilla and COTN,MV - MINOR CITIES,mv,harvest_mv,exact,,,,yes,,96642,410522,1.0,Fortified Dawnstar.esp,
3100,Minor Cities Dawnstar,MV - MINOR CITIES,mv,harvest_mv,exact,,,,yes,,72742,304799,0.8,,
3101,Simplicity of Snow - Cities of The North,MV - MINOR CITIES,mv,harvest_mv,exact,,,,yes,,58559,241931,0.1.2,,
3102,Meshes Optimization Project - COTN - Dawnstar,MV - MINOR CITIES,unknown,review,exact,,,,,,,,,,not in any snapshot; identify on Nexus
3103,COTN Dawnstar Patch Collection2,MV - MINOR CITIES,mv,harvest_mv,dup_suffix,,,,yes,,30885,725411,4.6.1,COTN Dawnstar - AI Overhaul Patch.esp;COTN Dawnstar - CC - Staff of Sheogorath Patch.esp;COTN Dawnstar - CC - Vigil Enforcer Patch.esp;COTN Dawnstar - Embers XD Patch.esp;COTN Dawnstar - Gore patch.esp;COTN Dawnstar - Nature of the Wild Lands patch.esp;COTN Dawnstar - SK Unique Signs Patch.esp;COTN Dawnstar - Snazzy Interiors - Dawnstar AIO + AI Overhaul patch.esp;COTN Dawnstar - Snazzy Interiors - Dawnstar AIO + Embers XD patch.esp;COTN Dawnstar - Snazzy Interiors - Dawnstar AIO + Lux patch.esp;COTN Dawnstar - Snazzy Interiors - Dawnstar AIO patch.esp,
3104,COTN Dawnstar - The White Hall Map Marker,MV - MINOR CITIES,mv,harvest_mv,exact,,,,yes,,57069,239484,3,Cities of the North - Dawnstar Map Marker Addon.esp,
3105,Cities of the North - Dawnstar - UPDATE 1.4,MV - MINOR CITIES,mv,harvest_mv,exact,,,,yes,,28952,444243,1.3,COTN - Dawnstar.esp,
3106,Cities of the North - Dawnstar,MV - MINOR CITIES,mv,harvest_mv,exact,,,,yes,,28952,444243,1.3,COTN - Dawnstar.esp,
3108,Solitude Door Replacer - Trifle from Hiro the Gate Solityyud - Base Object Swapper,MV - Major cities,unknown,review,exact,,,,,,,,,,not in any snapshot; identify on Nexus
3109,Blubbos Riften Trees 2022,MV - Major cities,unknown,review,exact,,,,,,,,,,not in any snapshot; identify on Nexus
3110,The Windhelm Well,MV - Major cities,mv,harvest_mv,exact,,,,yes,,128370,539491,1.20,The Windhelm Well.esp,
3111,Windhelm Mighty Statues Reforged,MV - Major cities,unknown,review,exact,,,,,,,,,,not in any snapshot; identify on Nexus
3112,Lively's Patch for Icy Windhelm and City Entrances Overhaul - Windhelm,MV - Major cities,mv,harvest_mv,exact,,,,yes,,96759,410862,1.0,Liv_IcyWindhelm_Bridge_Patch.esp,
3113,Icy Windhelm2,MV - Major cities,both,harvest_mv,dup_suffix,Always Install,2.1,nolvus-awekening-redux;nolvus-awakening-v6;nolvus-v6-ultimate-open-beta-start,yes,,55329,437391,2.3,Icy Windhelm.esp,section suggests MV copy
3114,Spaghetti's Cities - Windhelm,MV - Major cities,mv,harvest_mv,exact,,,,yes,,82820,367627,1.2,Spaghetti's Cities - Windhelm.esp,
3115,Rob's Bug Fixes - City Entrances Overhaul - Windhelm,MV - Major cities,mv,harvest_mv,exact,,,,yes,,65092,338658,3.1,WindhelmEntranceOverhaul - USMP Patch.esp;WindhelmEntranceOverhaul.esp,
3116,JK's Windhelm Outskirts Patch Collection2,MV - Major cities,both,harvest_mv,dup_suffix,Ultimate,1.4.1,nolvus-awakening-v6;nolvus-v6-ultimate-open-beta-start,yes,,87964,741872,1.2,JKs Windhelm Outskirts - CC Ebony Plate Armor patch.esp;JKs Windhelm Outskirts - CEO Windhelm patch.esp;JKs Windhelm Outskirts - LAWF patch.esp;JKs Windhelm Outskirts - Lux Via patch.esp;JKs Windhelm Outskirts - Scarecrows of Skyrim patch.esp;JKs Windhelm Outskirts - USSEP patch.esp,section suggests MV copy
3117,JK's Windhelm Outskirts,MV - Major cities,both,harvest_mv,exact,Ultimate,1.1.2,nolvus-awakening-v6;nolvus-v6-ultimate-open-beta-start,yes,,86975,621416,1.1.1,JK's Windhelm's Outskirts.esp,section suggests MV copy
3118,City Entrances Overhaul - Windhelm - Navmesh Patch,MV - Major cities,mv,harvest_mv,exact,,,,yes,,19400,121835,1.3,CEOWindhelm Navmesh Patch.esp,
3119,City Entrances Overhaul - Windhelm,MV - Major cities,mv,harvest_mv,exact,,,,yes,,19400,192322,1.3,WindhelmEntranceOverhaul.esp,
3120,SKYKLFS MODULAR WR - MEDIEVAL MARKETS,MV - Major cities,unknown,review,exact,,,,,,,,,,not in any snapshot; identify on Nexus
3121,SKYKLFS MODULAR WR PT 6,MV - Major cities,unknown,review,exact,,,,,,,,,,not in any snapshot; identify on Nexus
3122,SKYKLFS MODULAR WR PT 3,MV - Major cities,unknown,review,exact,,,,,,,,,,not in any snapshot; identify on Nexus
3123,SKYKLFS MODULAR WR PT 2,MV - Major cities,unknown,review,exact,,,,,,,,,,not in any snapshot; identify on Nexus
3124,SKYKLFS MODULAR WR PT 1,MV - Major cities,unknown,review,exact,,,,,,,,,,not in any snapshot; identify on Nexus
3125,XX SKYKLFS MODULAR WR RESOURCES XX,MV - Major cities,unknown,review,exact,,,,,,,,,,not in any snapshot; identify on Nexus
3126,Mahrlek1´s trees compilation - Whiterun Trees module,MV - Major cities,unknown,review,exact,,,,,,,,,,not in any snapshot; identify on Nexus
3127,Lush Dragonsreach Pools - Lower Pools Addon,MV - Major cities,mv,harvest_mv,exact,,,,yes,,138250,580638,1.0.0,Lush Dragonsreach Pools - Lower Pools Addon.esp,
3128,Lush Dragonsreach Pools,MV - Major cities,mv,harvest_mv,exact,,,,yes,,138250,579876,1.0.0,Lush Dragonsreach Pools.esp,
3129,Turquaz Floor - Whiterun Mosaic,MV - Major cities,mv,harvest_mv,exact,,,,yes,,131673,553107,0.1,turquazFloor.esp,
3130,Lux Via Kynareth Addon,MV - Major cities,mv,harvest_mv,exact,,,,yes,,93217,396562,1.01,Lux Via - Mandragora's Kynareth patch.esp,
3131,Kynareth - My patches SE by Xtudo - Ext Rotated,MV - Major cities,mv,harvest_mv,exact,,,,yes,,91379,404702,1.9,man_kynarethStatue - Exterior Statue - Vanilla version by Xtudo.esp,
3132,Kynareth - My patches SE by Xtudo - LUX JKs Temple,MV - Major cities,mv,harvest_mv,exact,,,,yes,,91379,388949,1.9,man_kynarethStatue.esp,
3133,Statue of Kynareth,MV - Major cities,both,harvest_mv,exact,Always Install,1.0,nolvus-awekening-redux;nolvus-awakening-v6;nolvus-v6-ultimate-open-beta-start,yes,,91358,388132,1.0,man_kynarethStatue.esp,section suggests MV copy
3134,Whiterun Horse Statue - SKyrim Sewers 4 Version,MV - Major cities,mv,harvest_mv,exact,,,,yes,,23527,82776,1.0,WRHorseStatue.esl,
3135,Whiterun Horse Statue - Missives,MV - Major cities,mv,harvest_mv,exact,,,,yes,,23527,125450,1.0,WRHorseStatue - Missives.esp,
3136,An Abstract Whiterun - All-In-One,MV - Major cities,mv,harvest_mv,exact,,,,yes,,70267,455564,1.0,An Abstract Whiterun - City Entrance - Interior Guard Tower.esp;An Abstract Whiterun - City Entrance - Warmaiden's Workshop.esp;An Abstract Whiterun - Jorrvaskr Reinforcements.esl;An Abstract Whiterun - Palisades For Dragonsreach Entryway.esp;An Abstract Whiterun - Shop Banners.esp;An Abstract Whiterun - Shop Lanterns.esp;An Abstract Whiterun - The Gates Of Whiterun.esp,
3137,Whiterun Exterior Small Addon - Lux Orbis Patch - Dark Elf Lanterns,MV - Major cities,mv,harvest_mv,exact,,,,yes,,120737,507779,1.1,Ivy - Whiterun Exterior Addon - Dark Elf - Lux Orbis Patch.esp,
3138,Whiterun Exterior Small Addon,MV - Major cities,mv,harvest_mv,exact,,,,yes,,120737,506916,1.1,Ivy - Whiterun Exterior Addon.esp,
3139,Ryn's Whiterun City Limits - Patch Collection,MV - Major cities,unknown,review,exact,,,,,,,,,,not in any snapshot; identify on Nexus
3140,Ryn's Whiterun CIty Limits,MV - Major cities,unknown,review,exact,,,,,,,,,,not in any snapshot; identify on Nexus
3141,Whiterun Has Walls Redone - Patch Hub2,MV - Major cities,mv,harvest_mv,dup_suffix,,,,yes,,119229,728048,2.0.2,Whiterun Has Walls - An Abstract Whiterun - The Gates of Whiterun Patch.esp;Whiterun Has Walls - Lux Orbis Patch.esp,
3142,Whiterun Has Walls Redone,MV - Major cities,mv,harvest_mv,exact,,,,yes,,119229,728002,2.0.2,Whiterun Has Walls - Exterior City Entrance.esp;Whiterun Has Walls - No Brazier.esp;Whiterun Has Walls - Occlusion.esp;Whiterun Has Walls.esm,
3143,Whiterun City Limits_Bleakwind Basin PATCH,MV - Major cities,unknown,review,exact,,,,,,,,,,not in any snapshot; identify on Nexus
3144,Whiterun Exterior Horse Statue - Northern Roads Synergy,MV - Major cities,mv,harvest_mv,exact,,,,yes,,107108,452271,1.0.0,Whiterun Exterior Horse Statue - Northern Roads Patch.esp,
3145,Whiterun Exterior Horse Statue,MV - Major cities,mv,harvest_mv,exact,,,,yes,,56095,567228,3.3,Whiterun Exterior Horse Statue.esp,
3146,Whiterun Stables Farm,MV - Major cities,mv,harvest_mv,exact,,,,yes,,41889,168110,02,whiterun_stable_farm_hayonly.esp,
3147,JK's Tel Mithryn Patch Collection2,MV - Major cities,mv,harvest_mv,dup_suffix,,,,yes,,154109,741874,1.0,JKs Tel Mithryn - AI Overhaul patch.esp;JKs Tel Mithryn - Striding Silt Strider patch.esp;JKs Tel Mithryn - USSEP patch.esp,
3148,JK's Tel Mithryn,MV - Major cities,mv,harvest_mv,exact,,,,yes,,151512,648594,1.0.0,JK's Tel Mithryn.esp,
3149,JK's Raven Rock Patch Collection2,MV - Major cities,mv,harvest_mv,dup_suffix,,,,yes,,143840,741894,1.0,JKs Raven Rock - AI Overhaul patch.esp;JKs Raven Rock - CC Fishing patch.esp;JKs Raven Rock - CC Nordic Jewelry patch.esp;JKs Raven Rock - Daedric Shrines patch.esp;JKs Raven Rock - Missives patch.esp;JKs Raven Rock - Nature of the Wild Lands patch.esp;JKs Raven Rock - Snazzy Raven Rock AIO + Lux patch.esp;JKs Raven Rock - Snazzy Raven Rock AIO patch.esp;JKs Raven Rock - Striding Silt Strider patch.esp;JKs Raven Rock - USMP patch.esp;JKs Raven Rock - USSEP patch.esp,
3150,JK's Raven Rock,MV - Major cities,mv,harvest_mv,exact,,,,yes,,141070,765333,1.0.0,JK's Raven Rock.esp,
3151,The Raven of Raven Rock SE,MV - Major cities,mv,harvest_mv,exact,,,,yes,,15713,47710,1.0,Undriel_Raven_of_RavenRock.esp,
3152,HFs - Solitude Well - Ivy Addon,MV - Major cities,mv,harvest_mv,exact,,,,yes,,146418,612417,1.1,HFs_SolitudeWell_Ivy_Addon.esp,
3153,HFs - Solitude Well,MV - Major cities,mv,harvest_mv,exact,,,,yes,,146418,612326,1.1,,
3154,HFs - Proudspire Manor small addon,MV - Major cities,mv,harvest_mv,exact,,,,yes,,146079,610940,1,HFs_Proudspire_Manor_Sign.esp,
3155,Skyfall's Blue Palace Courtyard - Lux Orbis Patch,MV - Major cities,mv,harvest_mv,exact,,,,yes,,130890,562113,1.1,Skyfalls BP Courtyard - Lux Orbis patch.esp,
3156,Skyfall's Blue Palace Courtyard - applicable Complex Materials Meshes,MV - Major cities,mv,harvest_mv,exact,,,,yes,,130890,562422,1.1,,
3157,Skyfall's Blue Palace Courtyard,MV - Major cities,mv,harvest_mv,exact,,,,yes,,130890,562112,1.1,Skyfalls BP Courtyard.esp,
3158,Solitude Statues AIO,MV - Major cities,both,harvest_mv,exact,Not Redux,1.0,nolvus-awakening-v6;nolvus-v6-ultimate-open-beta-start,yes,,94526,401947,1.0,Solitude StatueEuterpe - CityTrees patch.esp;Solitude StatueEuterpe .esp;Solitude StatueMarsAndMinerva - Bound Until Death quest patch by Xtudo.esp;Solitude StatueMarsAndMinerva.esp,section suggests MV copy
3159,Solitude Clock Tower - Ominous Sound,MV - Major cities,nolvus,harvest_nolvus,exact,Always Install,1.0,nolvus-awekening-redux;nolvus-awakening-v6;nolvus-v6-ultimate-open-beta-start,,,,,,,
3160,Solitude Clock Tower - Glow Addon,MV - Major cities,mv,harvest_mv,exact,,,,yes,,104679,442413,0.8.1,SCT_Glow_Addon.esp,
3161,Solitude Clock Tower,MV - Major cities,both,harvest_mv,exact,Always Install,1.3,nolvus-awekening-redux;nolvus-awakening-v6;nolvus-v6-ultimate-open-beta-start,yes,,96479,441269,1.2,Solitude Clock Tower.esp,section suggests MV copy
3162,Spaghetti's Cities - Solitude No ivy garden,MV - Major cities,unknown,review,exact,,,,,,,,,,not in any snapshot; identify on Nexus
3163,Spaghetti's Cities - Solitude,MV - Major cities,mv,harvest_mv,exact,,,,yes,,80986,367624,1.2,Spaghetti's Cities - Solitude.esp,
3164,JK's Solitude Outskirts Patch Collection3,MV - Major cities,mv,harvest_mv,dup_suffix,,,,yes,,103927,741878,1.0.2,JKs Solitude Outskirts - AI Overhaul patch.esp;JKs Solitude Outskirts - CC Fishing patch.esp;JKs Solitude Outskirts - LAWF patch.esp;JKs Solitude Outskirts - LFFGM patch.esp;JKs Solitude Outskirts - Lux Orbis patch.esp;JKs Solitude Outskirts - Lux patch.esp;JKs Solitude Outskirts - Lux Via patch.esp;JKs Solitude Outskirts - Mihail Haystacks patch.esp;JKs Solitude Outskirts - Nature of the Wild Lands patch.esp;JKs Solitude Outskirts - SMIM patch.esp;JKs Solitude Outskirts - USSEP patch.esp,
3165,Blubbo_trees_in_solitude_Skyfall_BPCourtyard.zip,MV - Major cities,unknown,review,exact,,,,,,,,,,not in any snapshot; identify on Nexus
3166,Blubbo_Solitude_2023.zip,MV - Major cities,unknown,review,exact,,,,,,,,,,not in any snapshot; identify on Nexus
3167,JK's Solitude Outskirts,MV - Major cities,both,harvest_mv,exact,Not Redux,1.1,nolvus-awakening-v6;nolvus-v6-ultimate-open-beta-start,yes,,103209,648597,1.0.1,JK's Solitude Outskirts.esp,section suggests MV copy
3168,Grand Solitude - Landscape override,MV - Major cities,unknown,review,exact,,,,,,,,,,not in any snapshot; identify on Nexus
3169,Grand Solitude Patch Collection,MV - Major cities,unknown,review,exact,,,,,,,,,,not in any snapshot; identify on Nexus
3170,Grand Solitude x Saviik's Solitude Mash-up,MV - Major cities,unknown,review,exact,,,,,,,,,,not in any snapshot; identify on Nexus
3171,Saviik's Solitude Overhaul,MV - Major cities,unknown,review,exact,,,,,,,,,,not in any snapshot; identify on Nexus
3172,Grand Solitude - The Walls of High King Erling,MV - Major cities,unknown,review,exact,,,,,,,,,,not in any snapshot; identify on Nexus
3173,RYFTEN DOWN - A little addition to the Riften canal,MV - Major cities,mv,harvest_mv,exact,,,,yes,,60670,717202,1.1.3,RYFTEN DOWN.esp,
3174,RYFTEN - Make Your Riften - Inner,MV - Major cities,mv,harvest_mv,exact,,,,yes,,63340,282801,1.0.4,RYFTEN - Back Door Canal N x JKs The Pawned P PATCH.esp;RYFTEN - Back Door Canal North.esp;RYFTEN - Back Door Canal South.esp;RYFTEN - Back Door East.esp;RYFTEN - Back Door South East.esp;RYFTEN - Back Keep Hole Fix.esp;RYFTEN - BBM Epic Balcony.esp;RYFTEN - Bee and Barb Ship.esp;RYFTEN - Birdhouse.esp;RYFTEN - Canal Water Pipe.esp;RYFTEN - Defenses Canal West Side North.esp;RYFTEN - Defenses Canal West Side South.esp;RYFTEN - Defenses East Side.esp;RYFTEN - Defenses North East Corner.esp;RYFTEN - Defenses North West Corner.esp;RYFTEN - Defenses South East Keep.esp;RYFTEN - Defenses South West Keep.esp;RYFTEN - Defenses West Side.esp;RYFTEN - Exposed Beam.esp;RYFTEN - Pathway x JK's The Bee and Barb PATCH.esp;RYFTEN - Pathway.esp;RYFTEN - Roof Tile.esp,
3175,Ivy Riften Docks Overhaul,MV - Major cities,mv,harvest_mv,exact,,,,yes,,162735,700486,1.0,Ivy Riften Docks Overhaul - CC Fishing Patch.esp;Ivy Riften Docks Overhaul - Fishermen Fish Patch.esp;Ivy Riften Docks Overhaul - JK's Riften Outskirts.esp;Ivy Riften Docks Overhaul - JK's The Pawned Prawn Patch.esp;Ivy Riften Docks Overhaul - Lux Orbis Patch.esp;Ivy Riften Docks Overhaul.esp,
3176,JK's Riften Outskirts Patch Collection2,MV - Major cities,both,harvest_mv,dup_suffix,Ultimate,1.2,nolvus-awakening-v6;nolvus-v6-ultimate-open-beta-start,yes,,91642,566340,1.2,JKs Riften Outskirts - AI Overhaul patch.esp;JKs Riften Outskirts - CC Wild Horses patch.esp;JKs Riften Outskirts - LAWF patch.esp;JKs Riften Outskirts - Lux Orbis + Lux Via consistency patch.esp;JKs Riften Outskirts - Lux Via patch.esp;JKs Riften Outskirts - Mihail Haystacks patch.esp;JKs Riften Outskirts - Scarecrows of Skyrim patch.esp,section suggests MV copy
3177,JK's Riften Outskirts,MV - Major cities,both,harvest_mv,exact,Ultimate,1.0.1,nolvus-awakening-v6;nolvus-v6-ultimate-open-beta-start,yes,,90864,464233,1.0.1,JK's Riften Outskirts.esp,section suggests MV copy
3178,Ultimate Markarth - Lamps Addon,MV - Major cities,mv,harvest_mv,exact,,,,yes,,134454,564329,1,Ultimate Markarth - Lamps Addon.esp,
3179,Markarth - City of Stone - Natural Waterfalls Patch,MV - Major cities,nolvus,harvest_nolvus,exact,Always Install,1.0,nolvus-awekening-redux;nolvus-awakening-v6;nolvus-v6-ultimate-open-beta-start,,,,,,,
3180,Markarth Side - Markarth Mossy AF Patch,MV - Major cities,mv,harvest_mv,exact,,,,yes,,54705,353736,1.6,Markarth Side - Markarth Mossy AF Patch.esp,
3181,Markarth Side - Flora and Performance City Overhaul,MV - Major cities,mv,harvest_mv,exact,,,,yes,,54705,507243,1.6,Markarth Side - Resort City.esp,
3182,Markarth Moss AF - Custom moss shader,MV - Major cities,mv,harvest_mv,exact,,,,yes,,83199,352257,1.1.4,Markarth Mossy AF - Custom Moss adjustements.esp,
3183,Markarth Mossy AF,MV - Major cities,mv,harvest_mv,exact,,,,yes,,83199,360958,1.1.4,Markarth Mossy AF.esp,
3184,Markarth - City of Stone,MV - Major cities,both,harvest_mv,exact,Always Install,1.2,nolvus-awekening-redux;nolvus-awakening-v6;nolvus-v6-ultimate-open-beta-start,yes,,92028,503624,1.0,Markarth - City of Stone.esp,section suggests MV copy
3185,NotSoFestive Spaghetti's Cities - Markarth,MV - Major cities,mv,harvest_mv,exact,,,,yes,,92580,398494,1.1,NotSoFestive Spaghetti's Cities - Markarth.esp,
3186,Spaghetti's Cities - Markarth,MV - Major cities,mv,harvest_mv,exact,,,,yes,,81200,367625,1.2,Spaghetti's Cities - Markarth.esp,
3187,Left-Hand Mine Overhaul,MV - Major cities,unknown,review,exact,,,,,,,,,,not in any snapshot; identify on Nexus
3188,GG's Markarth Farm,MV - Major cities,mv,harvest_mv,exact,,,,yes,,65816,274964,1.1.4,Lux Via - Markarth Farm overhaul.esp;Lux Via - Markarth Farm patch.esp,
3189,Lux Orbis - Markarth Entrance Overhaul,MV - Major cities,mv,harvest_mv,exact,,,,yes,,153635,641817,1.00,Lux Orbis - Markarth Entrance Overhaul.esp,
3190,Markarth Entrance Overhaul Fixed,MV - Major cities,mv,harvest_mv,exact,,,,yes,,37375,146668,2.2,Markarth Entrance Overhaul.esp,
3192,Medieval Markets - Vergis Winery Patch,MV GENERAL STRUCTURES,mv,harvest_mv,exact,,,,yes,,163660,684405,0.9,,
3193,Meshes Optimization Project - Medieval Markets - Optimized Meshes,MV GENERAL STRUCTURES,unknown,review,exact,,,,,,,,,,not in any snapshot; identify on Nexus
3194,Medieval Markets - Patches Collection3,MV GENERAL STRUCTURES,mv,harvest_mv,dup_suffix,,,,yes,,161664,757805,1.2.3,Medieval Markets - AI Overhaul Patch.esp;Medieval Markets - City Trees - Solitude Patch.esp;Medieval Markets - Green Thumb Whiterun Patch.esp;Medieval Markets - Navcuts Addon.esp;Medieval Markets - Spaghetti's Cities - Markarth Patch.esp;Medieval Markets - Spaghetti's Cities - Solitude Patch.esp;Medieval Markets - Spaghetti's Cities - Windhelm Patch.esp;Medieval Markets - USSEP Patch.esp;Medieval Markets - Xelzaz Patch.esp;Medieval Markets.esp,
3195,Medieval Markets - Whiterun Fixes - USSEP Patch,MV GENERAL STRUCTURES,mv,harvest_mv,exact,,,,yes,,161506,682302,V2.2,Medieval Markets - Whiterun Fixes - USSEP Patch.esp,
3196,Medieval Markets - Whiterun Fixes,MV GENERAL STRUCTURES,mv,harvest_mv,exact,,,,yes,,161506,682283,V2.2,Medieval Markets - Whiterun Fixes.esp,
3197,Medieval Markets - Less Bright Fruit Fix,MV GENERAL STRUCTURES,mv,harvest_mv,exact,,,,yes,,163362,682765,1.0,,
3198,Medieval Markets Animated,MV GENERAL STRUCTURES,unknown,review,exact,,,,,,,,,,not in any snapshot; identify on Nexus
3199,Medieval Markets - Lux Orbis - Medieval Markets ESL Patch,MV GENERAL STRUCTURES,mv,harvest_mv,exact,,,,yes,,161479,675821,1.05,Lux Orbis - Medieval Markets ESL.esp,
3200,Medieval Markets,MV GENERAL STRUCTURES,mv,harvest_mv,exact,,,,yes,,161479,681843,1.05,Medieval Markets.esp,
3201,Green Thumb - Lush Cities of Skyrim2,MV GENERAL STRUCTURES,mv,harvest_mv,dup_suffix,,,,yes,,149515,723730,1.0,GreenThumbDarkwaterCrossing.esp;GreenThumbWhiterun - Jks Bannered Mane Patch.esp;GreenThumbWhiterun - Jks Drunken Huntsman Patch.esp;GreenThumbWhiterun.esp,
3202,IKC Mare and Mule - Immersive Khajiit Caravan with Fluff,MV GENERAL STRUCTURES,mv,harvest_mv,exact,,,,yes,,57986,462939,1.36,Khajiit Caravan Mules.esp,
3203,Khajiit Has Tents Animated,MV GENERAL STRUCTURES,unknown,review,exact,,,,,,,,,,not in any snapshot; identify on Nexus
3204,Khajiit Has Tents - Patches,MV GENERAL STRUCTURES,both,harvest_mv,exact,Ultimate,1.2,,yes,,119847,510984,1.0,Khajiit Has Tents - JK's Windhelm Outskirts - Patch.esp,section suggests MV copy
3205,Khajiit Has Tents,MV GENERAL STRUCTURES,both,harvest_mv,exact,Always Install,1.3,,yes,,119847,757734,1.0,Khajiit Has Tents.esp,section suggests MV copy
3207,Ivy Stendarr Beacon Overhaul,MV REMOTE SETTLEMENTS,unknown,review,exact,,,,,,,,,,not in any snapshot; identify on Nexus
3208,Unfortunate End - A Riverside Shack Overhaul - Lux Orbis Patch,MV REMOTE SETTLEMENTS,mv,harvest_mv,exact,,,,yes,,160761,672614,2.1,Unfortunate End - Lux Orbis Patch.esp,
3209,Unfortunate End - A Riverside Shack Overhaul,MV REMOTE SETTLEMENTS,mv,harvest_mv,exact,,,,yes,,160761,676987,2.1,Unfortunate End.esp,
3210,A Meeko's Shack Overhaul Fixes - Northern Roads Patch,MV REMOTE SETTLEMENTS,mv,harvest_mv,exact,,,,yes,,167114,698095,1.0,A Meeko's Shack Overhaul Fixes - Northern Roads Patch.esp,
3211,A Meeko's Shack Overhaul Fixes - NOTWL Patch,MV REMOTE SETTLEMENTS,mv,harvest_mv,exact,,,,yes,,167114,698098,1.0,A Meeko's Shack Overhaul Fixes - NOTWL Patch.esp,
3212,Man's Best Friend - A Meeko's Shack Overhaul - Fix,MV REMOTE SETTLEMENTS,mv,harvest_mv,exact,,,,yes,,167114,698093,1.0,Man's Best Friend - A Meeko's Shack Overhaul - Fixes.esp,
3213,Man's Best Friend - A Meeko's Shack Overhaul,MV REMOTE SETTLEMENTS,mv,harvest_mv,exact,,,,yes,,160130,675099,1.0,Mans Best Friend.esp,
3214,Nature's Respite Fixes - Northern Roads Patch,MV REMOTE SETTLEMENTS,mv,harvest_mv,exact,,,,yes,,167065,697874,1.1,Nature's Respite Fixes - Northern Roads Patch.esp,
3215,Nature's Respite Fixes - Lux Orbis Patch,MV REMOTE SETTLEMENTS,mv,harvest_mv,exact,,,,yes,,167065,746457,1.1,Nature's Respite Fixes - Lux Orbis Patch.esp,
3216,Nature's Respite Fixes - NOTWL Patch,MV REMOTE SETTLEMENTS,mv,harvest_mv,exact,,,,yes,,167065,698019,1.1,Nature's Respite Fixes - NOTWL Patch.esp,
3217,Nature's Respite - Hunters Rest Overhaul - Fixes and Patches,MV REMOTE SETTLEMENTS,mv,harvest_mv,exact,,,,yes,,167065,697878,1.1,Nature's Respite - Hunters Rest Overhaul - Fixes.esp,
3218,Nature's Respite - Hunters Rest Overhaul,MV REMOTE SETTLEMENTS,mv,harvest_mv,exact,,,,yes,,159851,675105,1.0,Natures Respite.esp,
3219,Double Life - Anises Cabin Overhaul - Nature of the Wild Lands Patch,MV REMOTE SETTLEMENTS,mv,harvest_mv,exact,,,,yes,,159696,669767,1.1,Double Life - NOTWL Patch.esp,
3220,Double Life - Anises Cabin Overhaul - Lux Patch,MV REMOTE SETTLEMENTS,mv,harvest_mv,exact,,,,yes,,166302,695396,1.2,Double Life - Anises Cabin Overhaul - Lux Patch.esp,
3221,Double Life - Anises Cabin - Lux Orbis Patch,MV REMOTE SETTLEMENTS,mv,harvest_mv,exact,,,,yes,,166302,694791,1.2,Double Life - Anises Cabin Overhaul - Lux Orbis Patch.esp,
3222,Double Life - Anises Cabin - USSEP Patch,MV REMOTE SETTLEMENTS,mv,harvest_mv,exact,,,,yes,,166302,695390,1.2,Double Life - Anises Cabin Overhaul - USSEP.esp,
3223,Double Life - Anises Cabin Overhaul - Fixes,MV REMOTE SETTLEMENTS,mv,harvest_mv,exact,,,,yes,,166302,695395,1.2,Double Life - Anises Cabin Overhaul - Fixes.esp,
3224,Double Life - Anises Cabin Overhaul,MV REMOTE SETTLEMENTS,mv,harvest_mv,exact,,,,yes,,159696,675102,1.1,Double Life - Anises Cabin Overhaul.esp,
3225,Across the Border - Diverse Border Gates,MV REMOTE SETTLEMENTS,mv,harvest_mv,exact,,,,yes,,159570,667664,1.0,Beyond the Border - Diverse Border Gates.esp,
3226,Pride of Cuhlecain - A Weynon Stones Overhaul - Nature of the Wild Lands Patch,MV REMOTE SETTLEMENTS,mv,harvest_mv,exact,,,,yes,,158986,665427,1.0,Weynon Stones - Nature of the Wildlands Patch.esp,
3227,Pride of Cuhlecain - A Weynon Stones Overhaul,MV REMOTE SETTLEMENTS,mv,harvest_mv,exact,,,,yes,,158986,675327,1.0,Weynon Stones Overhaul.esp,
3228,FuzzBeed's Creepy Caverns - Cave Locations Overhaul - Frostmere Crypt,MV REMOTE SETTLEMENTS,mv,harvest_mv,exact,,,,yes,,153669,642006,1.0,Frigid Frostmere Crypt.esp,
3229,FuzzBeed's Creepy Caverns - Cave Locations Overhaul - Eldergleam Sanctuary,MV REMOTE SETTLEMENTS,mv,harvest_mv,exact,,,,yes,,153669,642001,1.0,Enigmatic Eldergleam Sanctuary.esp,
3230,FuzzBeed's Creepy Caverns - Cave Locations Overhaul - Cronvangr Cave,MV REMOTE SETTLEMENTS,mv,harvest_mv,exact,,,,yes,,153669,641972,1.0,Creepy Crawly Cronvangr Cave.esp,
3231,FuzzBeed's Creepy Caverns - Cave Locations Overhaul - Boulderfall Cave,MV REMOTE SETTLEMENTS,mv,harvest_mv,exact,,,,yes,,153669,641970,1.0,Brutuish Boulderfall Cave.esp,
3232,Embershard,MV REMOTE SETTLEMENTS,mv,harvest_mv,exact,,,,yes,,74824,788269,1.1,Embershard.esp,
3233,Redwater Brewery - An Overhaul,MV REMOTE SETTLEMENTS,mv,harvest_mv,exact,,,,yes,,159104,696616,1.0,Redwater Den - Embers XD Patch.esp;Redwater Den - Exterior Overhaul.esp;Redwater Den - Gore Patch.esp;Redwater Den - Lux Orbis Patch.esp,
3234,Reinforced Civil War Camps - Nature of the Wild Lands Patch,MV REMOTE SETTLEMENTS,mv,harvest_mv,exact,,,,yes,,153645,673310,1.0,Nature of The Wild Lands - Reinforced Civil War Camps Patch.esp,
3235,Reinforced Camps - USSEP Patch,MV REMOTE SETTLEMENTS,mv,harvest_mv,exact,,,,yes,,153687,642085,1.0,Reinforced Civil War Camps - USSEP Patch.esp,
3236,Reinforced Civil War Camps,MV REMOTE SETTLEMENTS,mv,harvest_mv,exact,,,,yes,,68656,448133,1.5.0,Reinforced Civil War Camps.esp,
3237,Northern Roads - Ryn's Lost Valley - OCST Patch,MV REMOTE SETTLEMENTS,mv,harvest_mv,exact,,,,yes,,148556,620891,1.0,Northern Roads - Ryn's Lost Valley - HAG Cradle Stone Tower Patch.esp,
3238,HAG - Occult Witchmist Grove - Ryn's Dragon Mounds,MV REMOTE SETTLEMENTS,mv,harvest_mv,exact,,,,yes,,143731,602335,1.2,HAG - Occult Witchmist Grove - Ryn's Dragon Mounds AIO Patch.esp,
3239,HAG - Occult Witchmist Grove - Deadly Dragon Lair,MV REMOTE SETTLEMENTS,mv,harvest_mv,exact,,,,yes,,143731,602336,1.2,HAG - Occult Witchmist Grove - Deadly Dragon Lair Patch.esp,
3240,HAG - Occult Witchmist Grove,MV REMOTE SETTLEMENTS,mv,harvest_mv,exact,,,,yes,,143685,602218,1.0,HAG - Occult Witchmist Grove.esp,
3241,HAG Cradle Stone Tower - CC Puzzle Dungeon Patch,MV REMOTE SETTLEMENTS,mv,harvest_mv,exact,,,,yes,,148556,620889,1.0,HAG Cradle Stone Tower - CC Puzzle Dungeon Patch.esp,
3242,Lux Orbis - HAG - Cradle Stone Tower Patch,MV REMOTE SETTLEMENTS,mv,harvest_mv,exact,,,,yes,,148542,620954,1.0,Lux Orbis - HAG - Occult Cradle Stone Tower Patch.esp,
3243,HAG - Occult Cradle Stone Tower,MV REMOTE SETTLEMENTS,mv,harvest_mv,exact,,,,yes,,148542,620835,1.0,HAG - Occult Cradle Stone Tower.esp,
3244,Dreadful Dead Men's Respite - FuzzBeed's Dungeons - Lux Orbis Patch,MV REMOTE SETTLEMENTS,mv,harvest_mv,exact,,,,yes,,124869,549524,1.1,Dreadful Dead Men's Respite - Lux Orbis Patch.esp,
3245,Dreadful Dead Men's Respite - FuzzBeed's Dungeons,MV REMOTE SETTLEMENTS,mv,harvest_mv,exact,,,,yes,,124869,549523,1.1,Dreadful Dead Men's Respite.esp,
3246,Wicked Wayward Pass - FuzzBeeds Minor Locations,MV REMOTE SETTLEMENTS,mv,harvest_mv,exact,,,,yes,,139760,586212,1.0,Wicked Wayward Pass.esp,
3247,Lux Orbis - HAG - Occult Orphan Rock,MV REMOTE SETTLEMENTS,mv,harvest_mv,exact,,,,yes,,137996,594083,1.2,Lux Orbis - HAG - Occult Orphan Rock.esp,
3248,Lux - HAG - Occult Orphan Rock Patch,MV REMOTE SETTLEMENTS,mv,harvest_mv,exact,,,,yes,,137996,751544,1.2,Lux - HAG - Occult Orphan Rock Patch.esp,
3249,HAG - Occult Orphan Rock,MV REMOTE SETTLEMENTS,mv,harvest_mv,exact,,,,yes,,137996,751543,1.2,HAG - Occult Orphan Rock.esp,
3250,Mehrunes Dagon Unique Shrine - Heads Replacer SE by Xtudo - Daedric Shrines,MV REMOTE SETTLEMENTS,mv,harvest_mv,exact,,,,yes,,133386,559774,1,,
3251,Mehrunes Dagon Unique Shrine,MV REMOTE SETTLEMENTS,mv,harvest_mv,exact,,,,yes,,133264,559364,0.1.2,MehrunesDagonShrine.esp,
3252,Better Atronach Forge Offering Box - No More Dwemer Dresser - High Polygon Summoning Circle,MV REMOTE SETTLEMENTS,mv,harvest_mv,exact,,,,yes,,132887,559352,0.1,AtronachForgeImproved.esp,
3253,Immersive Hunters Pale Camp,MV REMOTE SETTLEMENTS,mv,harvest_mv,exact,,,,yes,,131336,551161,1.0,Immersive Pale Camp.esp,
3254,Lore Friendly Peaks Shade Tower,MV REMOTE SETTLEMENTS,mv,harvest_mv,exact,,,,yes,,130241,546525,1.0,Lore Friendly Peak's Shade Tower.esp,
3255,Lore Friendly Shrouded Grove,MV REMOTE SETTLEMENTS,mv,harvest_mv,exact,,,,yes,,130118,546008,1.0,Lore Friendly Shrouded Grove.esp,
3256,Lore Friendly Evergreen Grove,MV REMOTE SETTLEMENTS,mv,harvest_mv,exact,,,,yes,,129821,544743,1.0,Lore Friendly Evergreen Grove.esp,
3257,Lore Friendly Clearpine Pond,MV REMOTE SETTLEMENTS,mv,harvest_mv,exact,,,,yes,,129997,545642,1.0,Lore Friendly Clearpine Pond.esp,
3258,Lore Friendly Bleakfalls North,MV REMOTE SETTLEMENTS,mv,harvest_mv,exact,,,,yes,,129133,541746,1.0,BleakFallsNorth.esp,
3259,Lore Friendly Autumnshade Clearing,MV REMOTE SETTLEMENTS,mv,harvest_mv,exact,,,,yes,,130029,546497,1.1,Lore Friendly Autumnshade Clearing.esp,
3260,Icy Winterhold Spire - Revised,MV REMOTE SETTLEMENTS,mv,harvest_mv,exact,,,,yes,,132911,591465,1.0,Icy Winterhold Spire.esp,
3261,Distinguished Dragon Bridge Overlook - FuzzBeed's Forsworn Camps - Lux Orbis Patch,MV REMOTE SETTLEMENTS,mv,harvest_mv,exact,,,,yes,,130229,548475,1.1,Distinguished Dragon Bridge Overlook - LFFGM patch.esp;Distinguished Dragon Bridge Overlook - Lux Orbis patch.esp,
3262,Distinguished Dragon Bridge Overlook - FuzzBeed's Forsworn Camps,MV REMOTE SETTLEMENTS,mv,harvest_mv,exact,,,,yes,,130229,547498,1.1,Distinguished Dragon Bridge Overlook.esp,
3263,Deadly Dragon Lairs - Run for your Lives patch,MV REMOTE SETTLEMENTS,mv,harvest_mv,exact,,,,yes,,130816,548873,1.0.0,Deadly Dragon Lairs - Run for your Lives patch.esp,
3264,Deadly Dragon Lairs - Defeat the Dragon Cult patch,MV REMOTE SETTLEMENTS,mv,harvest_mv,exact,,,,yes,,130816,548868,1.0.0,Deadly Dragon Lairs - Defeat the Dragon Cult patch.esp,
3265,Deadly Dragon Lairs - Aloe and Agave patch,MV REMOTE SETTLEMENTS,mv,harvest_mv,exact,,,,yes,,130816,615944,1.0.0,Deadly Dragon Lairs - Flora Additions - Aloe and Agave patch.esp,
3266,Deadly Dragon Lair Locations - FuzzBeed's Dragon Lairs AIO - Lux Patch,MV REMOTE SETTLEMENTS,mv,harvest_mv,exact,,,,yes,,129681,548828,1.0,Deadly Dragon Lair Locations - Lux Patch.esp,
3267,Deadly Dragon Lair Locations - FuzzBeed's Dragon Lairs AIO - Lux Orbis Patch,MV REMOTE SETTLEMENTS,mv,harvest_mv,exact,,,,yes,,129681,548857,1.0,Deadly Dragon Lair Locations - Lux Orbis Patch.esp,
3268,Deadly Dragon Lair Locations - FuzzBeed's Dragon Lairs AIO,MV REMOTE SETTLEMENTS,mv,harvest_mv,exact,,,,yes,,129681,675771,1.0,Deadly Dragon Lair Locations.esp,
3269,FuzzBeed's Giant Camps AIO - USSEP patch,MV REMOTE SETTLEMENTS,unknown,review,exact,,,,,,,,,,not in any snapshot; identify on Nexus
3270,FuzzBeed's Giant Camps AIO - Mihail Giant Club Variety,MV REMOTE SETTLEMENTS,unknown,review,exact,,,,,,,,,,not in any snapshot; identify on Nexus
3271,FuzzBeed's Giant Camps AIO - LFFGM patch,MV REMOTE SETTLEMENTS,unknown,review,exact,,,,,,,,,,not in any snapshot; identify on Nexus
3272,FuzzBeed's Giant Camps - Flora Aloe and Agave,MV REMOTE SETTLEMENTS,unknown,review,exact,,,,,,,,,,not in any snapshot; identify on Nexus
3273,Gorgeous Giant Camps Compilation - Northern Roads Patch,MV REMOTE SETTLEMENTS,unknown,review,exact,,,,,,,,,,not in any snapshot; identify on Nexus
3274,Gorgeous Giant Camps Compilation - Lux Patch,MV REMOTE SETTLEMENTS,mv,harvest_mv,exact,,,,yes,,125327,533019,1.0,Lux - Gorgeous Giant Camp Compilation Patch.esp,
3275,Gorgeous Giant Camps Compilation - Lux Orbis - Embers XD - Three Way Patch,MV REMOTE SETTLEMENTS,mv,harvest_mv,exact,,,,yes,,125327,556186,1.0,Gorgeous Giant Camps Compilation - Lux Orbis Embers XD 3 way.esp,
3276,Gorgeous Giant Camps Compilation - FuzzBeed's Giant Camps AIO,MV REMOTE SETTLEMENTS,mv,harvest_mv,exact,,,,yes,,125327,618864,1.0,Gorgeous Giant Camp Compilation - FuzzBeed's Giant Camps.esp,
3277,FuzzBeed's Fabulous Resource Repository,MV REMOTE SETTLEMENTS,mv,harvest_mv,exact,,,,yes,,134092,783733,1.0,FuzzBeed Resources.esp,
3278,Skybound Underhang Camp - Lux Via Patch,MV REMOTE SETTLEMENTS,unknown,review,exact,,,,,,,,,,not in any snapshot; identify on Nexus
3279,Skybound Underhang Camp - Creation Club - Iron Plate Addon,MV REMOTE SETTLEMENTS,unknown,review,exact,,,,,,,,,,not in any snapshot; identify on Nexus
3280,Skybound Underhang Camp,MV REMOTE SETTLEMENTS,unknown,review,exact,,,,,,,,,,not in any snapshot; identify on Nexus
3281,Skyfall's Sleeping Hist Tree Overhaul - Xelzaz - Argonian Follower - Patch,MV REMOTE SETTLEMENTS,mv,harvest_mv,exact,,,,yes,,116792,533901,1.0,XelzazSleepingTree.esp,
3282,Skyfall's Sleeping Hist Tree Overhaul - Embers XD Patch,MV REMOTE SETTLEMENTS,mv,harvest_mv,exact,,,,yes,,116792,490905,1.0,Skyfall Sleeping Tree Overhaul - Embers XD Patch.esp,
3283,Yet another patch hub for Ryn's Skyrim2,MV REMOTE SETTLEMENTS,unknown,review,exact,,,,,,,,,,not in any snapshot; identify on Nexus
3284,Skyfall's Sleeping Hist Tree Overhaul,MV REMOTE SETTLEMENTS,mv,harvest_mv,exact,,,,yes,,116792,498345,1.0,Skyfall Sleeping Tree Overhaul.esp,
3285,Ryn's Karthspire - USSEP Patch,MV REMOTE SETTLEMENTS,mv,harvest_mv,exact,,,,yes,,74233,323876,1.01,Ryn's Karthspire - USSEP.esp,
3286,Ryn's Karthspire,MV REMOTE SETTLEMENTS,both,harvest_mv,exact,Always Install,1.6,nolvus-awekening-redux;nolvus-awakening-v6;nolvus-v6-ultimate-open-beta-start,yes,,98989,715546,1.4,Ryn's Karthspire.esp,section suggests MV copy
3287,Ryn's Dragon Mounds - USSEP,MV REMOTE SETTLEMENTS,mv,harvest_mv,exact,,,,yes,,74233,386845,1.01,Ryn's Dragon Mounds - USSEP.esp,
3288,Ryn's Dragon Mounds - Ogres,MV REMOTE SETTLEMENTS,mv,harvest_mv,exact,,,,yes,,74233,386846,1.01,Ryn's Dragon Mounds - Ogres.esp,
3289,Ryn's Dragon Mounds Collection,MV REMOTE SETTLEMENTS,both,harvest_mv,exact,,,nolvus-awakening-v6;nolvus-v6-ultimate-open-beta-start,yes,,85647,377148,1.1.1,Ryn's Dragon Mounds AIO.esp,section suggests MV copy
3290,Ryn's Ustengrav,MV REMOTE SETTLEMENTS,both,harvest_mv,exact,Always Install,1.0,nolvus-awekening-redux;nolvus-awakening-v6;nolvus-v6-ultimate-open-beta-start,yes,,86149,364988,1.0,Ryn's Ustengrav.esp,section suggests MV copy
3291,Ryn's Goldenglow Estate,MV REMOTE SETTLEMENTS,both,harvest_mv,exact,Always Install,1.6,nolvus-awekening-redux;nolvus-awakening-v6;nolvus-v6-ultimate-open-beta-start,yes,,72926,485584,1.6,Ryn's GoldenGlow Estate.esp,section suggests MV copy
3292,Ryn's Saarthal,MV REMOTE SETTLEMENTS,both,harvest_mv,exact,Always Install,1.1,nolvus-awekening-redux;nolvus-awakening-v6;nolvus-v6-ultimate-open-beta-start,yes,,74785,315495,1.1,Ryn's Saarthal.esp,section suggests MV copy
3293,Ryn's Bleakwind Basin - Unofficial Skyrim Special Edition Patch,MV REMOTE SETTLEMENTS,mv,harvest_mv,exact,,,,yes,,73141,306627,1.1,Ryn's Bleakwind Basin _USSEP_Patch.esp,
3294,Ryn's Bleakwind Basin,MV REMOTE SETTLEMENTS,both,harvest_mv,exact,Not Redux,1.1,nolvus-awakening-v6;nolvus-v6-ultimate-open-beta-start,yes,,73141,309172,1.1,Ryn's Bleakwind Basin.esp,section suggests MV copy
3295,Ryn's Mehrunes Dagon's Shrine,MV REMOTE SETTLEMENTS,mv,harvest_mv,exact,,,,yes,,88451,374979,1.0,Ryn's Mehrunes Dagon Shrine.esp,
3296,A Shrine of Azura at The Shrine of Azura,MV REMOTE SETTLEMENTS,mv,harvest_mv,exact,,,,yes,,130094,730100,0.2.1,ShrineOfAzuraAtShrineOfAzura.esp,
3297,Ryn's Azura's Shrine,MV REMOTE SETTLEMENTS,mv,harvest_mv,exact,,,,yes,,86592,515707,1.2,Ryn's Azura's Shrine.esp,
3298,Ryn's Lost Valley Redoubt - Wall Fix,MV REMOTE SETTLEMENTS,mv,harvest_mv,exact,,,,yes,,105883,447403,1.00,Ryn's Lost Valley Redoubt - Wall Fix.esp,
3299,Ryn's Lost Valley Redoubt - SLaWF,MV REMOTE SETTLEMENTS,mv,harvest_mv,exact,,,,yes,,74233,436152,1.01,Ryn's Lost Valley Redoubt - SLAWF.esp,
3300,Ryn's Lost Valley Redoubt,MV REMOTE SETTLEMENTS,mv,harvest_mv,exact,,,,yes,,102676,485594,1.5,Ryn's Lost Valley Redoubt.esp,
3301,Ryn's Western Watchtower,MV REMOTE SETTLEMENTS,both,harvest_mv,exact,Not Redux,1.3,nolvus-awakening-v6;nolvus-v6-ultimate-open-beta-start,yes,,91969,448633,3.0,Ryn's Western Watchtower.esp,section suggests MV copy
3302,Ryn's Halted Stream Camp,MV REMOTE SETTLEMENTS,both,harvest_mv,exact,Always Install,1.5,nolvus-awekening-redux;nolvus-awakening-v6;nolvus-v6-ultimate-open-beta-start,yes,,73907,383337,1.5,Ryn's Halted Stream Camp.esp,section suggests MV copy
3303,Ryn's Bleak Falls Barrow,MV REMOTE SETTLEMENTS,both,harvest_mv,exact,Always Install,1.0,nolvus-awekening-redux;nolvus-awakening-v6;nolvus-v6-ultimate-open-beta-start,yes,,70984,297254,1.0,BleakFallsReCovered.esp,section suggests MV copy
3304,Ryn's Broken Tower Redoubt,MV REMOTE SETTLEMENTS,mv,harvest_mv,exact,,,,yes,,102141,433008,1.1,Ryn's Broken Tower Redoubt.esp,
3305,Ryn's Bleak Falls Tower,MV REMOTE SETTLEMENTS,both,harvest_mv,exact,Always Install,1.5,nolvus-awekening-redux;nolvus-awakening-v6;nolvus-v6-ultimate-open-beta-start,yes,,72659,383262,1.5,Ryn's Bleakfalls Tower.esp,section suggests MV copy
3306,Ryn's White River Watch,MV REMOTE SETTLEMENTS,both,harvest_mv,exact,Always Install,1.6,nolvus-awekening-redux;nolvus-awakening-v6;nolvus-v6-ultimate-open-beta-start,yes,,74311,383600,1.6,Ryn's White River Watch.esp,section suggests MV copy
3307,Northern Scenery - Ysgramor's Tomb,MV REMOTE SETTLEMENTS,mv,harvest_mv,exact,,,,yes,,97584,438887,1.0.0,NorScenery_YsgramorTomb.esp,
3308,Northern Scenery - Whiterun's Tundra,MV REMOTE SETTLEMENTS,mv,harvest_mv,exact,,,,yes,,94476,558882,1.3.7,Northern Scenery _Tundra.esp,
3309,Northern Scenery - IronBind Barrow,MV REMOTE SETTLEMENTS,mv,harvest_mv,exact,,,,yes,,95788,438912,1.0.3,NorthernScenery_IronBindBarrow.esp,
3310,Northern Scenery - Bleak Falls Barrow,MV REMOTE SETTLEMENTS,mv,harvest_mv,exact,,,,yes,,94647,426979,1.0.3,Northern Scenery - BleakFallBarrow.esp,
3311,Northern Scenery - Ansilvund,MV REMOTE SETTLEMENTS,mv,harvest_mv,exact,,,,yes,,94720,405963,1.1.4,Northern Scenery_Ansilvund.esp,
3312,Northern Scenery - Angarvunde,MV REMOTE SETTLEMENTS,mv,harvest_mv,exact,,,,yes,,94650,406879,1.1.6,Northern Scenery_Angarvunde.esp,
3314,Home in a Hat - Unequip Fuckery Circumvention,MV - settlements,unknown,review,exact,,,,,,,,,,not in any snapshot; identify on Nexus
3315,Home in a Hat - Haven Bag inspired house,MV - settlements,mv,harvest_mv,exact,,,,yes,,81722,607264,1.0.7,Eli_HomeinaHat.esp,
3316,Falkreath Burned Shack,MV - settlements,mv,harvest_mv,exact,,,,yes,,126812,531738,1.0.0,Falkreath Burned Shack.esp,
3317,Eclipse Cottage - A COTN Falkreath Addon - Lux Patch,MV - settlements,mv,harvest_mv,exact,,,,yes,,131467,551890,1.0,Lux - Eclipse Cottage patch.esp,
3318,Eclipse Cottage - A COTN Falkreath Addon,MV - settlements,mv,harvest_mv,exact,,,,yes,,131467,551889,1.0,photnfalkreath.esp,
3319,Breaking Dawn Cottage - A COTN Dawnstar Addon - Lux Patch,MV - settlements,mv,harvest_mv,exact,,,,yes,,130643,548092,1.0,Lux - Breaking Dawn Cottage patch.esp,
3320,Breaking Dawn Cottage - A COTN Dawnstar Addon,MV - settlements,mv,harvest_mv,exact,,,,yes,,130643,548091,1.0,photndawnstar.esp,
3321,Old Gate Mill - Rustic Morthal Home,MV - settlements,mv,harvest_mv,exact,,,,yes,,127440,782449,1.4,akd_MorthalOldGateMill.esp,
3322,Skogarfjell SE,MV - settlements,mv,harvest_mv,exact,,,,yes,,85265,361083,1.1-FamSE,skogarfjell.esp,
3323,Autumngate - A Believable Player Home,MV - settlements,mv,harvest_mv,exact,,,,yes,,60951,253540,1.1,BPH Autumngate - Addon - PH.esp;BPH Autumngate.esp,
3324,Halla - A Whiterun Player Home,MV - settlements,mv,harvest_mv,exact,,,,yes,,1940,14536,2.3,Eli_Halla.esp,
3325,Viking's Longhouse,MV - settlements,mv,harvest_mv,exact,,,,yes,,10860,29163,1.0,Viking's Longhouse.esp,
3326,Aki's Tower,MV - settlements,mv,harvest_mv,exact,,,,yes,,66557,277344,1.0.1,AkisTowerTundra.esp,
3327,Mirele Bismath Reborn Addon - Extended Bath and EVGAT,MV - settlements,mv,harvest_mv,exact,,,,yes,,100116,423913,1.1,Sonders_Mirele_Bismath_BathxEVG_Addon.esp,
3328,Mirele Bismath Reborn,MV - settlements,mv,harvest_mv,exact,,,,yes,,93817,400302,0.4,Mirele Bismath Reborn.esp,
3329,Lux - Myrwatch Mesh - Tweaks and Enhancements,MV - settlements,unknown,review,exact,,,,,,,,,,not in any snapshot; identify on Nexus
3330,Lux - Myrwatch Mesh Patch,MV - settlements,mv,harvest_mv,exact,,,,yes,,85207,360911,1.0,Lux - Myrwatch Texture Patch.esp,
3331,Myrwatch - TnE - MyrwatchVaultFix - USCCCP Patch,MV - settlements,unknown,review,exact,,,,,,,,,,not in any snapshot; identify on Nexus
3332,Myrwatch - TnE - CC Fishing Patch,MV - settlements,unknown,review,exact,,,,,,,,,,not in any snapshot; identify on Nexus
3333,CC Myrwatch - Tweaks and Enhancements (MyrTE),MV - settlements,unknown,review,exact,,,,,,,,,,not in any snapshot; identify on Nexus
3334,Myrwatch - House Fix - USCCCP Patch,MV - settlements,mv,harvest_mv,exact,,,,yes,,64108,266257,1.1.1,MyrwatchVaultFix - USCCCP Patch.esp,
3335,Myrwatch - Editable Home Cells (Cell Bug Workaround),MV - settlements,unknown,review,exact,,,,,,,,,,not in any snapshot; identify on Nexus
3336,Hendraheim - Creation Club Patches - Static Mesh Improvement Mod - SMIM Patch,MV - settlements,mv,harvest_mv,exact,,,,yes,,30517,114091,1.0.0,Eli_SMIM-Hendraheim-Patch.esp,
3337,Hendraheim - Creation Club Patches - Landscape Fixes For Grass Mods Patch,MV - settlements,mv,harvest_mv,exact,,,,yes,,30517,115173,1.0.0,Eli_Landscape Fixes Hendraheim Patch.esp,
3339,Mostly Treeless Tundra - Nature of the Wild Lands,MV,unknown,review,exact,,,,,,,,,,not in any snapshot; identify on Nexus
3340,Mostly Treeless Tundra - Northern Scenery Tundra,MV,unknown,review,exact,,,,,,,,,,not in any snapshot; identify on Nexus
3341,Mostly Treeless Tundra - Vanilla Plus,MV,unknown,review,exact,,,,,,,,,,not in any snapshot; identify on Nexus
3342,Mostly Treeless Tundra - Ryn's Halted Stream,MV,unknown,review,exact,,,,,,,,,,not in any snapshot; identify on Nexus
3343,Mostly Treeless Tundra - Ryn's Bleakwind Basin,MV,unknown,review,exact,,,,,,,,,,not in any snapshot; identify on Nexus
3344,Mostly Treeless Tundra - Bent Pines,MV,unknown,review,exact,,,,,,,,,,not in any snapshot; identify on Nexus
3345,Mostly Treeless Tundra,MV,unknown,review,exact,,,,,,,,,,not in any snapshot; identify on Nexus
3346,Titan of Solitude Fixed and Improved,MV,unknown,review,exact,,,,,,,,,,not in any snapshot; identify on Nexus
3347,Titan of Solitude,MV,unknown,review,exact,,,,,,,,,,not in any snapshot; identify on Nexus
3348,Yggdrasil - Floating Tree Redux,MV,unknown,review,exact,,,,,,,,,,not in any snapshot; identify on Nexus
3349,Skyrim Tranquil ponds,MV,unknown,review,exact,,,,,,,,,,not in any snapshot; identify on Nexus
3350,Ancient Land - JK's Windhelm Outskirts patch,MV,unknown,review,exact,,,,,,,,,,not in any snapshot; identify on Nexus
3351,Ancient Land Patches,MV,unknown,review,exact,,,,,,,,,,not in any snapshot; identify on Nexus
3352,Ancient Land,MV,unknown,review,exact,,,,,,,,,,not in any snapshot; identify on Nexus
3353,Children of the North Wind - Ruins of the Ancient Nords,MV,mv,harvest_mv,exact,,,,yes,,147701,680446,1.5.2,Children of the North Wind LITE.esp,
3354,Ruins Across Skyrim,MV,unknown,review,exact,,,,,,,,,,not in any snapshot; identify on Nexus
3355,M.O.I.S.T. - Massive Outstandingly Insane Swamp Tree,MV,unknown,review,exact,,,,,,,,,,not in any snapshot; identify on Nexus
3356,Fancy Morthal Swamp Overhaul,MV,unknown,review,exact,,,,,,,,,,not in any snapshot; identify on Nexus
3357,Ivarstead Source,MV,mv,harvest_mv,exact,,,,yes,,118825,498658,1.0,IvarsteadSource.esp,
3358,HFs - Wooden Horse - Interiors - 1K,MV,mv,harvest_mv,exact,,,,yes,,159633,667583,1,HFs_WoodenHorse_Interiors.esp,
3359,HFs - Wooden Horse - Exteriors - 1K,MV,mv,harvest_mv,exact,,,,yes,,159633,667583,1,HFs_WoodenHorse_Exteriors.esp,
3360,HFs - Silent Sentinels,MV,mv,harvest_mv,exact,,,,yes,,155088,678533,1,HFs_Silent_Sentinels.esp,
3361,Petroglyphs of Skyrim,MV,unknown,review,exact,,,,,,,,,,not in any snapshot; identify on Nexus
3362,SilentStorm's Patches for DK's Realistic Nord Ships,MV,unknown,review,exact,,,,,,,,,,not in any snapshot; identify on Nexus
3363,DK's Realistic Nord Ships SSE,MV,unknown,review,exact,,,,,,,,,,not in any snapshot; identify on Nexus
3364,Detailed Landscapes - Solstheim (BOS),MV,mv,harvest_mv,exact,,,,yes,,142568,597831,1.0,,
3365,Detailed Landscapes - Root Weeds in Morthal Swamp (BOS),MV,mv,harvest_mv,exact,,,,yes,,93192,406276,1.1,,
3366,Detailed Landscapes - Poison Blooms in Morthal Swamp (BOS),MV,mv,harvest_mv,exact,,,,yes,,93179,406277,1.1,,
3367,Detailed Landscapes - Mushroom Trees in Morthal Swamp (BOS),MV,mv,harvest_mv,exact,,,,yes,,93193,406275,1.1,,
3368,Detailed Landscapes - Karth River Rock Spires,MV,mv,harvest_mv,exact,,,,yes,,132392,558343,1.0,Karth River Rock Spires.esm,
3369,Karth River Rock Spires - free roads patch,MV,mv,harvest_mv,exact,,,,yes,,134113,564537,1.0,Karth River Rock Spires - free_roads_patch.esp,
3370,Detailed Landscapes - Gleamblossoms and Caveworms in Falmer Hives (BOS),MV,mv,harvest_mv,exact,,,,yes,,99866,587734,1.2,,
3371,Nix's Floating Islands of Whiterun,MV,mv,harvest_mv,exact,,,,yes,,142711,757701,1.0,Nix Whiterun Floating Islands.esp,
3372,[TalesOfStar] Air Balloons,MV,non_nexus,drop,exact,,,,,,,,,,Patreon/site
3373,Shores of Skyrim - Base Object Swapper - b) Shores of Skyrim Part Two CC Attribution Files,MV,mv,harvest_mv,exact,,,,yes,,140081,602219,1.1,,
3374,Shores of Skyrim - Base Object Swapper - a) Shores of Skyrim Part One,MV,mv,harvest_mv,exact,,,,yes,,140081,790599,1.1,ShoresofSkyrim.esp,
3375,Aloe and Agave - Alternative Textures,MV,mv,harvest_mv,exact,,,,yes,,119618,501837,1.0,,
3376,Flora Additions - Aloe and Agave,MV,mv,harvest_mv,exact,,,,yes,,119606,501813,1.0,Flora Additions - Aloe and Agave.esp,
3377,Ysmir's Tear II - FuzzBeed's Dungeons - Lux Patch,MV,mv,harvest_mv,exact,,,,yes,,133627,560813,1.0,Ysmirs Tear - Lux Patch.esp,
3378,Ysmir's Tear II - FuzzBeed's Dungeons - Lux Orbis Patch,MV,mv,harvest_mv,exact,,,,yes,,133627,560826,1.0,Ysmir's Tear - Lux Orbis Patch.esp,
3379,Ysmir's Tear II - FuzzBeed's Dungeons,MV,mv,harvest_mv,exact,,,,yes,,133627,676492,1.0,Ysmir's Tear.esp,
3380,ULPBR - Jk's Sinderion's Field Laboratory Patch,MV,mv,harvest_mv,exact,,,,yes,,127468,535115,1.0,,
3381,ULPSC - Praedy's Soul Cairn - Soul Husks Patch,MV,mv,harvest_mv,exact,,,,yes,,103028,436954,1.1,ULPSC - Praedy's Soul Cairn - Soul Husks Patch.esp,
3382,Unmarked Locations Pack - Wyrmstooth Addon,MV,unknown,review,exact,,,,,,,,,,not in any snapshot; identify on Nexus
3383,Unmarked Locations Pack - Sovngarde,MV,mv,harvest_mv,exact,,,,yes,,87899,374128,1.0.0,Unmarked Locations Pack - Sovngarde.esp,
3384,Unmarked Locations Pack - Blackreach,MV,mv,harvest_mv,exact,,,,yes,,127468,534852,1.0,Unmarked Locations Pack - Blackreach.esp,
3385,Unmarked Locations Pack - Apocrypha,MV,mv,harvest_mv,exact,,,,yes,,144408,605483,1.1,Unmarked Locations Pack - Apocrypha.esp,
3386,Unmarked Locations Pack - Soul Cairn,MV,mv,harvest_mv,exact,,,,yes,,103028,465309,1.1,Unmarked Locations Pack - Soul Cairn.esp,
3387,Unmarked Locations Pack - Forgotten Vale,MV,mv,harvest_mv,exact,,,,yes,,95278,407657,1.1,Unmarked Locations Pack - Forgotten Vale.esp,
3388,ChickenMike's Mod Tweaks and Fixes - Mihail Crab Shells Navcut Addon,MV,mv,harvest_mv,exact,,,,yes,,118983,542757,1.0,Mihail Crab Shells Navcut Addon.esp,
3389,Giant Crab Shells- Mihail's Shards of Immersion (SE-AE version),MV,mv,harvest_mv,exact,,,,yes,,124681,522657,1,mihailcrabshell.esp,
3390,Ancient Atmoran Remains - My optimized textures SE by Xtudo,MV,mv,harvest_mv,exact,,,,yes,,106182,448738,1,,
3391,Ancient Atmoran Remains- Mihail's Shards of Immersion (SE-AE version),MV,mv,harvest_mv,exact,,,,yes,,106153,448581,1,mihailatmoranremains.esp,
3392,Whale Bones on Coasts- Mihail's Shards of Immersion (SE-AE version),MV,mv,harvest_mv,exact,,,,yes,,91958,391068,1,mihailwhalebones.esp,
3393,Whale Bones on Coasts - My optimized textures SE by Xtudo,MV,mv,harvest_mv,exact,,,,yes,,91989,391169,1,,
3394,Blubbos Deity Water Trees of Dibella,MV,both,harvest_mv,exact,Always Install,1.0,nolvus-awekening-redux;nolvus-awakening-v6;nolvus-v6-ultimate-open-beta-start,yes,,98193,416454,1.0,Blubbos_Deity_Water_Trees_of_Dibella.esp,section suggests MV copy
3395,Wigfrid's Tundra Oaks,MV,mv,harvest_mv,exact,,,,yes,,91450,388507,1.0,WigfridBentOaks.esp,
3396,Nature of the Wildlands - Stormcrown,MV,mv,harvest_mv,exact,,,,yes,,127939,608792,1.01,Nature of the Wildlands - Stormcrown.esp,
3397,Nature of the Wildlands - Ryn's White River Watch,MV,mv,harvest_mv,exact,,,,yes,,127939,536586,1.01,Nature of the Wildlands - Ryn's White River Watch.esp,
3398,Nature of the Wildlands - Ryn's Ustengrav,MV,mv,harvest_mv,exact,,,,yes,,127939,536589,1.01,Nature of the Wildlands - Ryn's Ustengrav.esp,
3399,Nature of the Wildlands - Ryn's Dragon Mounds AIO,MV,mv,harvest_mv,exact,,,,yes,,127939,536584,1.01,Nature of the Wildlands - Ryn's Dragon Mounds AIO.esp,
3400,Nature of the Wildlands - Ryn's Bleakwind Basin,MV,mv,harvest_mv,exact,,,,yes,,127939,536847,1.01,Nature of the Wildlands - Ryn's Bleakwind Basin.esp,
3401,Nature of the Wildlands - Pilgrim,MV,mv,harvest_mv,exact,,,,yes,,127939,606767,1.01,Nature of the Wildlands - Pilgrim.esp,
3402,Nature Of The Wildlands - Orc Exiles Cracked Tusk,MV,mv,harvest_mv,exact,,,,yes,,133489,673195,1.1,Nature of the Wild Lands - Orc Exiles - Cracked Tusk Keep Patch.esp,
3403,Nature of the Wildlands - Mirele Bismath Reborn,MV,mv,harvest_mv,exact,,,,yes,,127939,538902,1.01,Nature of the Wildlands - Bismath Reborn.esp,
3404,Nature of the Wildlands - JK's Winking Skeever,MV,mv,harvest_mv,exact,,,,yes,,127939,607006,1.01,Nature of the Wild Lands - JK's Winking Skeever.esp,
3405,Nature of the Wildlands - JK's College Winterhold,MV,mv,harvest_mv,exact,,,,yes,,127939,540373,1.01,Nature of the Wildlands - JK's College.esp,
3406,Nature of the Wildlands - Ivy Windmill Patch,MV,mv,harvest_mv,exact,,,,yes,,127939,539422,1.01,Nature of the Wildlands - Ivy Windmill Patch.esp,
3407,Nature of the Wildlands - Fortified Morthal,MV,mv,harvest_mv,exact,,,,yes,,127939,536490,1.01,Nature of the Wildlands - Fortified Morthal.esp,
3408,Nature of the Wild Lands - Stump Fix,MV,mv,harvest_mv,exact,,,,yes,,145141,607259,1,VanillaStump.esp,
3409,Nature of the Wild Lands - Skyrim Landscape and Water Fixes Patch,MV,mv,harvest_mv,exact,,,,yes,,148218,672102,1,Nature of the Wild Lands - SLaWF Patch.esp,
3410,Nature of the Wild Lands - Patch Collection2,MV,mv,harvest_mv,dup_suffix,,,,yes,,63604,613478,2.4,Nature of the Wild Lands - CC Tundra Homestead.esp;Nature of the Wild Lands - Daedric Shrines.esp;Nature of the Wild Lands - Lux Via.esp;Nature of the Wild Lands - Northern Roads Patch.esp;Nature of the Wild Lands - Pilgrim.esp;Nature of the Wild Lands - Wizkid Hunters Camp Overhaul.esp,
3411,Nature of the Wild Lands - Floating Beehive Fixes,MV,mv,harvest_mv,exact,,,,yes,,144553,631299,1.0.0,,
3412,Blubbo Trees Variations,MV,unknown,review,exact,,,,,,,,,,not in any snapshot; identify on Nexus
3413,Nature of the Wild Lands 3.14 - 3D hybrid LODs and regions addon,MV,unknown,review,exact,,,,,,,,,,not in any snapshot; identify on Nexus
3414,Nature of the Wild Lands - forest and trees improvement mod2,MV,mv,harvest_mv,dup_suffix,,,,yes,,63604,661793,2.4,Nature of the Wild Lands.esp,
3415,The Archwood Forest - 3D LOD Resources,MV,unknown,review,exact,,,,,,,,,,not in any snapshot; identify on Nexus
3416,Maerchenwald - The Archwood Lite - Giant Fantasy Trees,MV,unknown,review,exact,,,,,,,,,,not in any snapshot; identify on Nexus
3417,Maerchenwald - Archwood Lite - Giant Fantasy Trees,MV,unknown,review,exact,,,,,,,,,,not in any snapshot; identify on Nexus
3418,Climb Watertowers of Skyrim,MV,mv,harvest_mv,exact,,,,yes,,118021,495617,1.0,Climb Watertowers of Skyrim.esp,
3419,Watertowers of Skyrim - Patch Collection and Add-ons2,MV,mv,harvest_mv,dup_suffix,,,,yes,,109736,767948,1.31,Green Thumb Dark Water Crossing - Watertowers patch.esp;Ivy - Gates of Riverwood - Watertowers Patch.esp,
3420,Watertowers of Skyrim,MV,mv,harvest_mv,exact,,,,yes,,108751,461333,1.0,Watertowers of Skyrim.esp,
3421,Whiterun Runic Stone 2K - brightless,MV,mv,harvest_mv,exact,,,,yes,,97397,416217,1.0,,
3422,Whiterun Nordic Runic Stone,MV,mv,harvest_mv,exact,,,,yes,,97397,413182,1.0,Whiterun Runic Stone.esp,
3424,Rocky Mossy Complex Parallax for Northern Roads [4K],5.3 LANDSCAPE,nolvus,harvest_nolvus,exact,Ultimate,1.0,nolvus-awakening-v6;nolvus-v6-ultimate-open-beta-start,,,,,,,
3425,Skyrim 202X Complex Terrain Parallax - Volcanic,5.3 LANDSCAPE,nolvus,harvest_nolvus,exact,Always Install,1.5,nolvus-awekening-redux;nolvus-awakening-v6;nolvus-v6-ultimate-open-beta-start,,,,,,,
3426,Tomato's Complex Landscapes Parallax AIO - Rocks 01 [2K],5.3 LANDSCAPE,nolvus,harvest_nolvus,exact,Not Redux,1.1,nolvus-awakening-v6;nolvus-v6-ultimate-open-beta-start,,,,,,,
3427,HD Remastered Landscapes [2K],5.3 LANDSCAPE,nolvus,harvest_nolvus,exact,Not Redux,1.0,nolvus-awakening-v6;nolvus-v6-ultimate-open-beta-start,,,,,,,
3428,The Omnibus - Terrain Complex Parallax AiO [2K],5.3 LANDSCAPE,nolvus,harvest_nolvus,exact,Not Redux,1.0,nolvus-awakening-v6;nolvus-v6-ultimate-open-beta-start,,,,,,,
3429,Skyrim 2020 - Wet Mud texture alternatives [2K],5.3 LANDSCAPE,nolvus,harvest_nolvus,exact,Not Redux,1.0,nolvus-awakening-v6;nolvus-v6-ultimate-open-beta-start,,,,,,,
3430,Rally's Solstheim Landscapes - Complex Terrain Parallax [2K],5.3 LANDSCAPE,nolvus,harvest_nolvus,exact,Always Install,1.1,nolvus-awekening-redux;nolvus-awakening-v6;nolvus-v6-ultimate-open-beta-start,,,,,,,
3431,Rally's Solstheim Landscapes [2K],5.3 LANDSCAPE,nolvus,harvest_nolvus,exact,Always Install,1.1,nolvus-awekening-redux;nolvus-awakening-v6;nolvus-v6-ultimate-open-beta-start,,,,,,,
3432,Rudy - More dramatic Red Mountain Plume,5.3 LANDSCAPE,both,harvest_nolvus,exact,Always Install,1.2,nolvus-awekening-redux;nolvus-awakening-v6;nolvus-v6-ultimate-open-beta-start,yes,,89103,393165,1.2,,section suggests Nolvus copy
3433,Complementary Grass Fixes,5.3 LANDSCAPE,nolvus,harvest_nolvus,exact,Ultimate,1.1,nolvus-awakening-v6;nolvus-v6-ultimate-open-beta-start,,,,,,,
3434,Landscape Fixes For Grass Mods - Moon and Star Patch,5.3 LANDSCAPE,nolvus,harvest_nolvus,exact,Not Graphics Only,1.0,nolvus-awekening-redux;nolvus-awakening-v6;nolvus-v6-ultimate-open-beta-start,,,,,,,
3435,Landscape Fixes For Grass Mods - Falskaar,5.3 LANDSCAPE,nolvus,harvest_nolvus,exact,Not Graphics Only,1.0,nolvus-awekening-redux;nolvus-awakening-v6;nolvus-v6-ultimate-open-beta-start,,,,,,,
3436,Landscape Fixes For Grass Mods - CRF Patch,5.3 LANDSCAPE,nolvus,harvest_nolvus,exact,Not Graphics Only,1.0.8,nolvus-awekening-redux;nolvus-awakening-v6;nolvus-v6-ultimate-open-beta-start,,,,,,,
3437,Landscape Fixes For Grass Mods,5.3 LANDSCAPE,both,harvest_nolvus,exact,Always Install,5.1,nolvus-awekening-redux;nolvus-awakening-v6;nolvus-v6-ultimate-open-beta-start,yes,,9005,632401,5.1,Landscape Fixes For Grass Mods.esp,section suggests Nolvus copy
3438,Lightened Skyrim,5.3 LANDSCAPE,nolvus,harvest_nolvus,exact,Always Install,1.06,nolvus-awekening-redux;nolvus-awakening-v6;nolvus-v6-ultimate-open-beta-start,,,,,,,
3439,Vivid Landscapes - Complex Parallax Occlusion Tundra Region [2K],5.3 LANDSCAPE,nolvus,harvest_nolvus,exact,Not Redux,1.1,nolvus-awakening-v6;nolvus-v6-ultimate-open-beta-start,,,,,,,
3440,SRP Landscapes [2K],5.3 LANDSCAPE,nolvus,harvest_nolvus,exact,Not Redux,4.0,nolvus-awakening-v6;nolvus-v6-ultimate-open-beta-start,,,,,,,
3442,Lod Model Library for DynDOLOD,5.2 LODS,unknown,review,exact,,,,,,,,,,not in any snapshot; identify on Nexus
3443,Far Object LOD Improvement Project SSE,5.2 LODS,unknown,review,exact,,,,,,,,,,not in any snapshot; identify on Nexus
3444,HD Lods Textures - Dlizzio's Mesh Fixes Patch,5.2 LODS,nolvus,harvest_nolvus,exact,Always Install,1.0,nolvus-awekening-redux;nolvus-awakening-v6;nolvus-v6-ultimate-open-beta-start,,,,,,,
3445,HD Lods Textures,5.2 LODS,nolvus,harvest_nolvus,exact,Always Install,9.3,nolvus-awekening-redux;nolvus-awakening-v6;nolvus-v6-ultimate-open-beta-start,,,,,,,
3446,DynDOLOD DLL NG,5.2 LODS,mv,harvest_mv,exact,,,,yes,DynDOLOD.DLL,97720,793857,Alpha-12,,has SKSE DLL from MV (1.6.1170 build) - replace with 1.5.97/NG build
3447,DynDOLOD Resources SE2,5.2 LODS,mv,harvest_mv,dup_suffix,,,,yes,,52897,747879,Alpha-45,,
3449,SRP Architecture [2K],5.1 BASE TEXTURES & MODELS,nolvus,harvest_nolvus,exact,Not Redux,4.0,nolvus-awakening-v6;nolvus-v6-ultimate-open-beta-start,,,,,,,
3450,Skyrim 202X [2K],5.1 BASE TEXTURES & MODELS,nolvus,harvest_nolvus,exact,Not Redux,10.0.1,nolvus-awakening-v6;nolvus-v6-ultimate-open-beta-start,,,,,,,
3451,Noble Skyrim - Material Fix,5.1 BASE TEXTURES & MODELS,nolvus,harvest_nolvus,exact,Not Redux,1.0,nolvus-awakening-v6;nolvus-v6-ultimate-open-beta-start,,,,,,,
3452,Noble Skyrim - SMIM Patch,5.1 BASE TEXTURES & MODELS,nolvus,harvest_nolvus,exact,Not Redux,5.5,nolvus-awakening-v6;nolvus-v6-ultimate-open-beta-start,,,,,,,
3453,Noble Skyrim,5.1 BASE TEXTURES & MODELS,nolvus,harvest_nolvus,exact,Not Redux,5.5,nolvus-awakening-v6;nolvus-v6-ultimate-open-beta-start,,,,,,,
3454,Ruins Clutter Improved - Fixes,5.1 BASE TEXTURES & MODELS,nolvus,harvest_nolvus,exact,Always Install,1.2,nolvus-awekening-redux;nolvus-awakening-v6;nolvus-v6-ultimate-open-beta-start,,,,,,,
3455,Ruins Clutter Improved,5.1 BASE TEXTURES & MODELS,nolvus,harvest_nolvus,exact,Always Install,3.2,nolvus-awekening-redux;nolvus-awakening-v6;nolvus-v6-ultimate-open-beta-start,,,,,,,
3456,Yuril's Additional Resources,5.1 BASE TEXTURES & MODELS,nolvus,harvest_nolvus,exact,Always Install,1.0.5,nolvus-awekening-redux,,,,,,,
3457,SMIM - Quality Addon - Unofficial Material Fix Patch,5.1 BASE TEXTURES & MODELS,nolvus,harvest_nolvus,exact,Always Install,1.12a,nolvus-awekening-redux;nolvus-awakening-v6;nolvus-v6-ultimate-open-beta-start,,,,,,,
3458,Assorted Mesh Fixes - Unofficial Material Fix Patch,5.1 BASE TEXTURES & MODELS,nolvus,harvest_nolvus,exact,Always Install,1.12a,nolvus-awekening-redux;nolvus-awakening-v6;nolvus-v6-ultimate-open-beta-start,,,,,,,
3459,Dlizzio's Mesh Fixes - Parallax Mesh Patch,5.1 BASE TEXTURES & MODELS,nolvus,harvest_nolvus,exact,Always Install,1.0,nolvus-awekening-redux;nolvus-awakening-v6;nolvus-v6-ultimate-open-beta-start,,,,,,,
3460,Dlizzio's Mesh Fixes,5.1 BASE TEXTURES & MODELS,nolvus,harvest_nolvus,exact,Always Install,2.3,nolvus-awekening-redux;nolvus-awakening-v6;nolvus-v6-ultimate-open-beta-start,,,,,,,
3461,Assorted Bruma Mesh Fixes,5.1 BASE TEXTURES & MODELS,nolvus,harvest_nolvus,exact,Always Install,0.1,nolvus-awekening-redux;nolvus-awakening-v6;nolvus-v6-ultimate-open-beta-start,,,,,,,
3462,Assorted Mesh Fixes Parallax,5.1 BASE TEXTURES & MODELS,nolvus,harvest_nolvus,exact,Always Install,0.120,nolvus-awekening-redux;nolvus-awakening-v6;nolvus-v6-ultimate-open-beta-start,,,,,,,
3463,Assorted Mesh Fixes,5.1 BASE TEXTURES & MODELS,both,harvest_nolvus,exact,Always Install,0.120,nolvus-awekening-redux;nolvus-awakening-v6;nolvus-v6-ultimate-open-beta-start,yes,,32117,768960,0.90,,section suggests Nolvus copy
3464,Unofficial Material Fix,5.1 BASE TEXTURES & MODELS,both,harvest_nolvus,exact,Always Install,1.17,nolvus-awekening-redux;nolvus-awakening-v6;nolvus-v6-ultimate-open-beta-start,yes,,21027,610851,1.17.0,,section suggests Nolvus copy
3465,Skyrim Landscape and Water Fixes - Moon and Star,5.1 BASE TEXTURES & MODELS,nolvus,harvest_nolvus,exact,Not Graphics Only,1.01,nolvus-awekening-redux;nolvus-awakening-v6;nolvus-v6-ultimate-open-beta-start,,,,,,,
3466,Skyrim Landscape and Water Fixes,5.1 BASE TEXTURES & MODELS,both,harvest_nolvus,exact,Always Install,8.1.1,nolvus-awekening-redux;nolvus-awakening-v6;nolvus-v6-ultimate-open-beta-start,yes,,26138,790624,v8.2,Landscape and Water Fixes - CC Fishing patch.esp;Landscape and Water Fixes - Patch - Alternative Armors - Elven Hunter.esp;Landscape and Water Fixes - Patch - Farming.esp;Landscape and Water Fixes - Patch - Hendraheim.esp;Landscape and Water Fixes - Patch - LFfGM - GotT.esp;Landscape and Water Fixes - Patch - LFfGM - Water for ENB.esp;Landscape and Water Fixes - Patch - LFfGM.esp;Landscape and Water Fixes - Patch - Myrwatch - LFfGM.esp;Landscape and Water Fixes - Patch - Myrwatch.esp;Landscape and Water Fixes - Patch - Navigator ESP.esp;Landscape and Water Fixes - Patch - Tundra Homestead.esp;Landscape and Water Fixes - Patch - USMP.esp;Landscape and Water Fixes - Patch - Vigil Enforcer Armor Set.esp;Landscape and Water Fixes.esp,section suggests Nolvus copy
3467,Static Mesh Improvement Mod - Quality Addon,5.1 BASE TEXTURES & MODELS,nolvus,harvest_nolvus,exact,Always Install,1.4,nolvus-awekening-redux;nolvus-awakening-v6;nolvus-v6-ultimate-open-beta-start,,,,,,,
3468,Static Mesh Improvement Mod,5.1 BASE TEXTURES & MODELS,both,harvest_nolvus,exact,Always Install,2.08,nolvus-awekening-redux;nolvus-awakening-v6;nolvus-v6-ultimate-open-beta-start,yes,,659,59069,2.08,SMIM-SE-Merged-All.esp,section suggests Nolvus copy
3470,Nolvus Awakening DLC Patch,4.3 NEW QUESTS WORLDS & ADDONS,nolvus,harvest_nolvus,exact,Not Graphics Only,6.0.21,nolvus-awekening-redux;nolvus-awakening-v6;nolvus-v6-ultimate-open-beta-start,,,,,,,
3471,Quests Award Perk Points - Quest Patches,4.3 NEW QUESTS WORLDS & ADDONS,nolvus,harvest_nolvus,exact,Not Graphics Only,1.4.1,nolvus-awekening-redux;nolvus-awakening-v6;nolvus-v6-ultimate-open-beta-start,,,,,,,
3472,Curse of the Hound Amulet - BodySlide,4.3 NEW QUESTS WORLDS & ADDONS,nolvus_old,harvest_nolvus,exact,,,nolvus-awekening-redux;nolvus-awakening-v6;nolvus-v6-ultimate-open-beta-start,,,,,,,not on the current nolvus.net page (6.0.21 beta); present in 6.0.20 snapshots
3473,Curse of the Hound Amulet - True HUD Patch,4.3 NEW QUESTS WORLDS & ADDONS,nolvus_old,harvest_nolvus,exact,,,nolvus-awekening-redux,,,,,,,not on the current nolvus.net page (6.0.21 beta); present in 6.0.20 snapshots
3474,Curse of the Hound Amulet - Fixes,4.3 NEW QUESTS WORLDS & ADDONS,nolvus_old,harvest_nolvus,exact,,,nolvus-awekening-redux,,,,,,,not on the current nolvus.net page (6.0.21 beta); present in 6.0.20 snapshots
3475,Curse of the Hound Amulet,4.3 NEW QUESTS WORLDS & ADDONS,nolvus_old,harvest_nolvus,exact,,,nolvus-awekening-redux;nolvus-awakening-v6;nolvus-v6-ultimate-open-beta-start,,,,,,,not on the current nolvus.net page (6.0.21 beta); present in 6.0.20 snapshots
3476,Baba Yaga and the Labyrinth,4.3 NEW QUESTS WORLDS & ADDONS,nolvus,harvest_nolvus,exact,Not Graphics Only,0.4.1,nolvus-awekening-redux;nolvus-awakening-v6;nolvus-v6-ultimate-open-beta-start,,,,,,,
3477,Leaps of Faith - LOTD Patch,4.3 NEW QUESTS WORLDS & ADDONS,nolvus,harvest_nolvus,exact,"Not SREX, Not Graphics Only",1.0,nolvus-awekening-redux,,,,,,,
3478,Leaps of Faith - A Misc Quest,4.3 NEW QUESTS WORLDS & ADDONS,both,harvest_nolvus,exact,Not Graphics Only,1.05,nolvus-awekening-redux;nolvus-awakening-v6;nolvus-v6-ultimate-open-beta-start,yes,,53074,448275,1.03,LeapsOfFaith.esp,section suggests Nolvus copy
3479,The Tools of Kagrenac - Forgotten City Patch,4.3 NEW QUESTS WORLDS & ADDONS,nolvus,harvest_nolvus,exact,Not Graphics Only,1.0,nolvus-awekening-redux;nolvus-awakening-v6;nolvus-v6-ultimate-open-beta-start,,,,,,,
3480,The Tools of Kagrenac - Ayleid Consistency Suite - Blue Marble with Golden Details,4.3 NEW QUESTS WORLDS & ADDONS,nolvus,harvest_nolvus,exact,Not Graphics Only,1.3,nolvus-awekening-redux;nolvus-awakening-v6;nolvus-v6-ultimate-open-beta-start,,,,,,,
3481,The Tools of Kagrenac,4.3 NEW QUESTS WORLDS & ADDONS,nolvus,harvest_nolvus,exact,Not Graphics Only,1.62,nolvus-awekening-redux;nolvus-awakening-v6;nolvus-v6-ultimate-open-beta-start,,,,,,,
3482,Cheesemod for Everyone - Clean Patch,4.3 NEW QUESTS WORLDS & ADDONS,nolvus,harvest_nolvus,exact,Not Graphics Only,1.0,nolvus-awekening-redux;nolvus-awakening-v6;nolvus-v6-ultimate-open-beta-start,,,,,,,
3483,Cheesemod for Everyone,4.3 NEW QUESTS WORLDS & ADDONS,nolvus,harvest_nolvus,exact,Not Graphics Only,1.01,nolvus-awekening-redux;nolvus-awakening-v6;nolvus-v6-ultimate-open-beta-start,,,,,,,
3484,Missives Notes Retexture - Bruma Patch,4.3 NEW QUESTS WORLDS & ADDONS,nolvus,harvest_nolvus,exact,Not Graphics Only,1.0,nolvus-awekening-redux;nolvus-awakening-v6;nolvus-v6-ultimate-open-beta-start,,,,,,,
3485,Missives Notes Retexture - Solstheim Patch,4.3 NEW QUESTS WORLDS & ADDONS,nolvus,harvest_nolvus,exact,Not Graphics Only,1.0,nolvus-awekening-redux;nolvus-awakening-v6;nolvus-v6-ultimate-open-beta-start,,,,,,,
3486,Missives Notes Retexture,4.3 NEW QUESTS WORLDS & ADDONS,nolvus,harvest_nolvus,exact,Not Graphics Only,1.0,nolvus-awekening-redux;nolvus-awakening-v6;nolvus-v6-ultimate-open-beta-start,,,,,,,
3487,Missives - Midwood Isle Patch,4.3 NEW QUESTS WORLDS & ADDONS,nolvus,harvest_nolvus,exact,Not Graphics Only,2.04a,nolvus-awekening-redux;nolvus-awakening-v6;nolvus-v6-ultimate-open-beta-start,,,,,,,
3488,Missives - Gray Cown Patch - Additional Maps,4.3 NEW QUESTS WORLDS & ADDONS,nolvus,harvest_nolvus,exact,Not Graphics Only,1.0,nolvus-awekening-redux;nolvus-awakening-v6;nolvus-v6-ultimate-open-beta-start,,,,,,,
3489,Missives - Gray Cowl Patch - We Don't Need Two Boards,4.3 NEW QUESTS WORLDS & ADDONS,nolvus,harvest_nolvus,exact,Not Graphics Only,1.0,nolvus-awekening-redux;nolvus-awakening-v6;nolvus-v6-ultimate-open-beta-start,,,,,,,
3490,Missives - Gray Cowl Patch,4.3 NEW QUESTS WORLDS & ADDONS,nolvus,harvest_nolvus,exact,Not Graphics Only,2.06a,nolvus-awekening-redux;nolvus-awakening-v6;nolvus-v6-ultimate-open-beta-start,,,,,,,
3491,Missives - Falskaar Patch,4.3 NEW QUESTS WORLDS & ADDONS,nolvus,harvest_nolvus,exact,Not Graphics Only,2.04b,nolvus-awekening-redux;nolvus-awakening-v6;nolvus-v6-ultimate-open-beta-start,,,,,,,
3492,Missives - Dawn of Skyrim Patch,4.3 NEW QUESTS WORLDS & ADDONS,nolvus,harvest_nolvus,exact,Ultimate,1.0,nolvus-awakening-v6;nolvus-v6-ultimate-open-beta-start,,,,,,,
3493,Missives - Bruma Patch,4.3 NEW QUESTS WORLDS & ADDONS,nolvus,harvest_nolvus,exact,Not Graphics Only,2.04c,nolvus-awekening-redux;nolvus-awakening-v6;nolvus-v6-ultimate-open-beta-start,,,,,,,
3494,Missives - Wyrmstooth Patch,4.3 NEW QUESTS WORLDS & ADDONS,nolvus,harvest_nolvus,exact,Not Graphics Only,2.05,nolvus-awekening-redux;nolvus-awakening-v6;nolvus-v6-ultimate-open-beta-start,,,,,,,
3495,Missives - Solstheim Patch,4.3 NEW QUESTS WORLDS & ADDONS,nolvus,harvest_nolvus,exact,Not Graphics Only,2.03,nolvus-awekening-redux;nolvus-awakening-v6;nolvus-v6-ultimate-open-beta-start,,,,,,,
3496,Missives,4.3 NEW QUESTS WORLDS & ADDONS,both,harvest_nolvus,exact,Not Graphics Only,2.03,nolvus-awekening-redux;nolvus-awakening-v6;nolvus-v6-ultimate-open-beta-start,yes,,17576,98093,2.03,Missives.esp,section suggests Nolvus copy
3497,Undeath - Moon and Star Patch,4.3 NEW QUESTS WORLDS & ADDONS,nolvus,harvest_nolvus,exact,Not Graphics Only,1.1,nolvus-awekening-redux;nolvus-awakening-v6;nolvus-v6-ultimate-open-beta-start,,,,,,,
3498,Undeath - The Cause Ayleid Lich Model Patch,4.3 NEW QUESTS WORLDS & ADDONS,nolvus,harvest_nolvus,exact,Not Graphics Only,3.58,nolvus-awekening-redux;nolvus-awakening-v6;nolvus-v6-ultimate-open-beta-start,,,,,,,
3499,Undeath - Staff of the Wormlord Alternative,4.3 NEW QUESTS WORLDS & ADDONS,nolvus,harvest_nolvus,exact,Not Graphics Only,1.1.1,nolvus-awekening-redux;nolvus-awakening-v6;nolvus-v6-ultimate-open-beta-start,,,,,,,
3500,Undeath - Immersive Mountain Pass,4.3 NEW QUESTS WORLDS & ADDONS,nolvus,harvest_nolvus,exact,Not Graphics Only,1.00,nolvus-awekening-redux;nolvus-awakening-v6;nolvus-v6-ultimate-open-beta-start,,,,,,,
3501,Undeath - Conjuration Absorb Fix,4.3 NEW QUESTS WORLDS & ADDONS,nolvus,harvest_nolvus,exact,Not Graphics Only,1.1,nolvus-awekening-redux;nolvus-awakening-v6;nolvus-v6-ultimate-open-beta-start,,,,,,,
3502,Undeath - Classical Lichdom - The Ascension Lite,4.3 NEW QUESTS WORLDS & ADDONS,nolvus,harvest_nolvus,exact,Not Graphics Only,1.50,nolvus-awekening-redux;nolvus-awakening-v6;nolvus-v6-ultimate-open-beta-start,,,,,,,
3503,Undeath - Classical Lichdom - Dynamic Collision Adjustment Patch,4.3 NEW QUESTS WORLDS & ADDONS,nolvus,harvest_nolvus,exact,Not Graphics Only,3.60,nolvus-awekening-redux;nolvus-awakening-v6;nolvus-v6-ultimate-open-beta-start,,,,,,,
3504,Undeath - Classical Lichdom - Cleaned and Enhanced Textures [2K],4.3 NEW QUESTS WORLDS & ADDONS,nolvus,harvest_nolvus,exact,Not Graphics Only,1.0,nolvus-awekening-redux;nolvus-awakening-v6;nolvus-v6-ultimate-open-beta-start,,,,,,,
3505,Undeath - Classical Lichdom,4.3 NEW QUESTS WORLDS & ADDONS,nolvus,harvest_nolvus,exact,Not Graphics Only,3.60,nolvus-awekening-redux;nolvus-awakening-v6;nolvus-v6-ultimate-open-beta-start,,,,,,,
3506,Undeath Remastered - Facegen Data Patch,4.3 NEW QUESTS WORLDS & ADDONS,nolvus,harvest_nolvus,exact,Not Graphics Only,2.0,nolvus-awekening-redux;nolvus-awakening-v6;nolvus-v6-ultimate-open-beta-start,,,,,,,
3507,Undeath Remastered,4.3 NEW QUESTS WORLDS & ADDONS,nolvus,harvest_nolvus,exact,Not Graphics Only,1.7,nolvus-awekening-redux;nolvus-awakening-v6;nolvus-v6-ultimate-open-beta-start,,,,,,,
3508,Moon and Star - LOTD - Creation Club Integration,4.3 NEW QUESTS WORLDS & ADDONS,nolvus,harvest_nolvus,exact,Not Graphics Only,2.0,nolvus-awekening-redux;nolvus-awakening-v6;nolvus-v6-ultimate-open-beta-start,,,,,,,
3509,Moon and Star - Clockwork Synergy Patch,4.3 NEW QUESTS WORLDS & ADDONS,nolvus,harvest_nolvus,exact,Not Graphics Only,1.0,nolvus-awekening-redux;nolvus-awakening-v6;nolvus-v6-ultimate-open-beta-start,,,,,,,
3510,Moon and Star - Moss Creek Camp,4.3 NEW QUESTS WORLDS & ADDONS,nolvus,harvest_nolvus,exact,Not Graphics Only,1.0.3,nolvus-awekening-redux;nolvus-awakening-v6;nolvus-v6-ultimate-open-beta-start,,,,,,,
3511,Moon and Star - Landscapes Fixes,4.3 NEW QUESTS WORLDS & ADDONS,nolvus,harvest_nolvus,exact,Not Graphics Only,1.1,nolvus-awekening-redux;nolvus-awakening-v6;nolvus-v6-ultimate-open-beta-start,,,,,,,
3512,Moon and Star - Book Fixes,4.3 NEW QUESTS WORLDS & ADDONS,nolvus,harvest_nolvus,exact,Not Graphics Only,1.1,nolvus-awekening-redux;nolvus-awakening-v6;nolvus-v6-ultimate-open-beta-start,,,,,,,
3513,Moon and Star - Immersion Patch,4.3 NEW QUESTS WORLDS & ADDONS,nolvus,harvest_nolvus,exact,Not Graphics Only,2.0,nolvus-awekening-redux,,,,,,,
3514,Moon and Star - Cleaned Plugin Replacer,4.3 NEW QUESTS WORLDS & ADDONS,nolvus,harvest_nolvus,exact,Not Graphics Only,2.0,nolvus-awekening-redux;nolvus-awakening-v6;nolvus-v6-ultimate-open-beta-start,,,,,,,
3515,Moon and Star,4.3 NEW QUESTS WORLDS & ADDONS,nolvus,harvest_nolvus,exact,Not Graphics Only,3.2,nolvus-awekening-redux;nolvus-awakening-v6;nolvus-v6-ultimate-open-beta-start,,,,,,,
3516,Falskaar - Fixes,4.3 NEW QUESTS WORLDS & ADDONS,nolvus,harvest_nolvus,exact,Not Graphics Only,6.0.21,nolvus-awekening-redux,,,,,,,
3517,Falskaar - DBVO - Bella,4.3 NEW QUESTS WORLDS & ADDONS,nolvus,harvest_nolvus,exact,Not Graphics Only,1.0,nolvus-awekening-redux;nolvus-awakening-v6;nolvus-v6-ultimate-open-beta-start,,,,,,,
3518,Falskaar - DBVO - Karat,4.3 NEW QUESTS WORLDS & ADDONS,nolvus,harvest_nolvus,exact,Not Graphics Only,1.0,nolvus-awekening-redux;nolvus-awakening-v6;nolvus-v6-ultimate-open-beta-start,,,,,,,
3519,Falskaar - Guard Restored,4.3 NEW QUESTS WORLDS & ADDONS,nolvus,harvest_nolvus,exact,Not Graphics Only,1.0,nolvus-awekening-redux;nolvus-awakening-v6;nolvus-v6-ultimate-open-beta-start,,,,,,,
3520,Falskaar - Fishing Spot,4.3 NEW QUESTS WORLDS & ADDONS,nolvus,harvest_nolvus,exact,Not Graphics Only,1.0,nolvus-awekening-redux;nolvus-awakening-v6;nolvus-v6-ultimate-open-beta-start,,,,,,,
3521,Falskaar - Tree Lod Fix,4.3 NEW QUESTS WORLDS & ADDONS,nolvus,harvest_nolvus,exact,Not Graphics Only,1.0,nolvus-awekening-redux;nolvus-awakening-v6;nolvus-v6-ultimate-open-beta-start,,,,,,,
3522,Falskaar - Boat Travel Script Fix,4.3 NEW QUESTS WORLDS & ADDONS,nolvus,harvest_nolvus,exact,Not Graphics Only,1.0,nolvus-awekening-redux;nolvus-awakening-v6;nolvus-v6-ultimate-open-beta-start,,,,,,,
3523,Falskaar - Addons and Patches,4.3 NEW QUESTS WORLDS & ADDONS,nolvus,harvest_nolvus,exact,Not Graphics Only,1.6,nolvus-awekening-redux;nolvus-awakening-v6;nolvus-v6-ultimate-open-beta-start,,,,,,,
3524,Falskaar - Comprehensive Fixes,4.3 NEW QUESTS WORLDS & ADDONS,nolvus_old,harvest_nolvus,exact,,,nolvus-awekening-redux;nolvus-awakening-v6;nolvus-v6-ultimate-open-beta-start,,,,,,,not on the current nolvus.net page (6.0.21 beta); present in 6.0.20 snapshots
3525,Falskaar,4.3 NEW QUESTS WORLDS & ADDONS,nolvus,harvest_nolvus,exact,Not Graphics Only,2.2,nolvus-awekening-redux;nolvus-awakening-v6;nolvus-v6-ultimate-open-beta-start,,,,,,,
3526,Midwood Isle - DBVO - Vampire,4.3 NEW QUESTS WORLDS & ADDONS,nolvus,harvest_nolvus,exact,Not Graphics Only,1.0,nolvus-awekening-redux;nolvus-awakening-v6;nolvus-v6-ultimate-open-beta-start,,,,,,,
3527,Midwood Isle - True HUD Patch,4.3 NEW QUESTS WORLDS & ADDONS,nolvus,harvest_nolvus,exact,Not Graphics Only,1.0,nolvus-awekening-redux,,,,,,,
3528,Midwood Isle - Nolvus Trees Fix,4.3 NEW QUESTS WORLDS & ADDONS,nolvus,harvest_nolvus,exact,Not Graphics Only,6.0.15,nolvus-awekening-redux,,,,,,,
3529,Midwood Isle - Black Book Fix,4.3 NEW QUESTS WORLDS & ADDONS,nolvus,harvest_nolvus,exact,Not Graphics Only,0.1,nolvus-awekening-redux;nolvus-awakening-v6;nolvus-v6-ultimate-open-beta-start,,,,,,,
3530,Midwood Isle - Xtudo - Tree LODs with shadows,4.3 NEW QUESTS WORLDS & ADDONS,nolvus,harvest_nolvus,exact,Not Graphics Only,1.01,nolvus-awekening-redux;nolvus-awakening-v6;nolvus-v6-ultimate-open-beta-start,,,,,,,
3531,Midwood Isle - Xtudo - Summon Arvak,4.3 NEW QUESTS WORLDS & ADDONS,nolvus,harvest_nolvus,exact,Not Graphics Only,1.0,nolvus-awekening-redux;nolvus-awakening-v6;nolvus-v6-ultimate-open-beta-start,,,,,,,
3532,Midwood Isle - Xtudo - Strange Crystal fix,4.3 NEW QUESTS WORLDS & ADDONS,nolvus,harvest_nolvus,exact,Not Graphics Only,1.07,nolvus-awekening-redux;nolvus-awakening-v6;nolvus-v6-ultimate-open-beta-start,,,,,,,
3533,Midwood Isle - Xtudo - Dangerous NPCs fixes,4.3 NEW QUESTS WORLDS & ADDONS,nolvus,harvest_nolvus,exact,Not Graphics Only,1.06,nolvus-awekening-redux;nolvus-awakening-v6;nolvus-v6-ultimate-open-beta-start,,,,,,,
3534,Midwood Isle - Xtudo - Cats,4.3 NEW QUESTS WORLDS & ADDONS,nolvus,harvest_nolvus,exact,Not Graphics Only,1.0,nolvus-awekening-redux;nolvus-awakening-v6;nolvus-v6-ultimate-open-beta-start,,,,,,,
3535,Midwood Isle - Xtudo - Bathing Rooms,4.3 NEW QUESTS WORLDS & ADDONS,nolvus,harvest_nolvus,exact,Not Graphics Only,1.04,nolvus-awekening-redux;nolvus-awakening-v6;nolvus-v6-ultimate-open-beta-start,,,,,,,
3536,Midwood Isle - Beyond Skyrim Bruma patch fix,4.3 NEW QUESTS WORLDS & ADDONS,nolvus,harvest_nolvus,exact,Not Graphics Only,1.0,nolvus-awekening-redux;nolvus-awakening-v6;nolvus-v6-ultimate-open-beta-start,,,,,,,
3537,Midwood Isle - Patches,4.3 NEW QUESTS WORLDS & ADDONS,nolvus,harvest_nolvus,exact,Not Graphics Only,3.06,nolvus-awekening-redux;nolvus-awakening-v6;nolvus-v6-ultimate-open-beta-start,,,,,,,
3538,Midwood Isle - CTD and Main Quest Fixes,4.3 NEW QUESTS WORLDS & ADDONS,nolvus,harvest_nolvus,exact,Not Graphics Only,1.0,nolvus-awekening-redux,,,,,,,
3539,Midwood Isle,4.3 NEW QUESTS WORLDS & ADDONS,nolvus,harvest_nolvus,exact,Not Graphics Only,3.10,nolvus-awekening-redux;nolvus-awakening-v6;nolvus-v6-ultimate-open-beta-start,,,,,,,
3540,Moonpath to Elsweyr - DBVO - Bella,4.3 NEW QUESTS WORLDS & ADDONS,nolvus,harvest_nolvus,exact,Not Graphics Only,1.0,nolvus-awekening-redux;nolvus-awakening-v6;nolvus-v6-ultimate-open-beta-start,,,,,,,
3541,Moonpath to Elsweyr - DBVO - Vampire,4.3 NEW QUESTS WORLDS & ADDONS,nolvus,harvest_nolvus,exact,Not Graphics Only,1.0,nolvus-awekening-redux;nolvus-awakening-v6;nolvus-v6-ultimate-open-beta-start,,,,,,,
3542,Moonpath to Elsweyr - Artifact Immersion Patch,4.3 NEW QUESTS WORLDS & ADDONS,nolvus,harvest_nolvus,exact,Not Graphics Only,1.1.2,nolvus-awekening-redux;nolvus-awakening-v6;nolvus-v6-ultimate-open-beta-start,,,,,,,
3543,Moonpath to Elsweyr - Caravan Map Marker for Bruma,4.3 NEW QUESTS WORLDS & ADDONS,nolvus,harvest_nolvus,exact,Not Graphics Only,1.1,nolvus-awekening-redux,,,,,,,
3544,Moonpath to Elsweyr - Moonpatch Full,4.3 NEW QUESTS WORLDS & ADDONS,nolvus,harvest_nolvus,exact,Not Graphics Only,1.1,nolvus-awekening-redux;nolvus-awakening-v6;nolvus-v6-ultimate-open-beta-start,,,,,,,
3545,Moonpath to Elsweyr - Music - Weather and Other Fixes,4.3 NEW QUESTS WORLDS & ADDONS,nolvus,harvest_nolvus,exact,Not Graphics Only,3.1,nolvus-awekening-redux;nolvus-awakening-v6;nolvus-v6-ultimate-open-beta-start,,,,,,,
3546,Moonpath to Elsweyr - Bruma Synergy Patch,4.3 NEW QUESTS WORLDS & ADDONS,nolvus,harvest_nolvus,exact,Not Graphics Only,2.4,nolvus-awekening-redux;nolvus-awakening-v6;nolvus-v6-ultimate-open-beta-start,,,,,,,
3547,Moonpath to Elsweyr - Unofficial Patch,4.3 NEW QUESTS WORLDS & ADDONS,nolvus,harvest_nolvus,exact,Not Graphics Only,1.5,nolvus-awekening-redux;nolvus-awakening-v6;nolvus-v6-ultimate-open-beta-start,,,,,,,
3548,Moonpath to Elsweyr - Hyena Replacer,4.3 NEW QUESTS WORLDS & ADDONS,nolvus,harvest_nolvus,exact,Not Graphics Only,1.0,nolvus-awekening-redux;nolvus-awakening-v6;nolvus-v6-ultimate-open-beta-start,,,,,,,
3549,Moonpath to Elsweyr - Zahilisk Replacer,4.3 NEW QUESTS WORLDS & ADDONS,nolvus,harvest_nolvus,exact,Not Graphics Only,1.0,nolvus-awekening-redux;nolvus-awakening-v6;nolvus-v6-ultimate-open-beta-start,,,,,,,
3550,Moonpath To Elsweyr - Retexture - Sigil on Shoulder,4.3 NEW QUESTS WORLDS & ADDONS,nolvus,harvest_nolvus,exact,Not Graphics Only,1.1,nolvus-awekening-redux;nolvus-awakening-v6;nolvus-v6-ultimate-open-beta-start,,,,,,,
3551,Moonpath To Elsweyr - Retexture,4.3 NEW QUESTS WORLDS & ADDONS,nolvus,harvest_nolvus,exact,Not Graphics Only,1.0,nolvus-awekening-redux;nolvus-awakening-v6;nolvus-v6-ultimate-open-beta-start,,,,,,,
3552,Moonpath to Elsweyr,4.3 NEW QUESTS WORLDS & ADDONS,nolvus,harvest_nolvus,exact,Not Graphics Only,1.16.1,nolvus-awekening-redux;nolvus-awakening-v6;nolvus-v6-ultimate-open-beta-start,,,,,,,
3553,Teldryn Serious - DBVO - Bella,4.3 NEW QUESTS WORLDS & ADDONS,nolvus,harvest_nolvus,exact,Not Graphics Only,1.0,nolvus-awekening-redux;nolvus-awakening-v6;nolvus-v6-ultimate-open-beta-start,,,,,,,
3554,Teldryn Serious - Artifact Immersion Patch,4.3 NEW QUESTS WORLDS & ADDONS,nolvus,harvest_nolvus,exact,Not Graphics Only,1.1,nolvus-awekening-redux;nolvus-awakening-v6;nolvus-v6-ultimate-open-beta-start,,,,,,,
3555,Teldryn Serious - Patch,4.3 NEW QUESTS WORLDS & ADDONS,nolvus,harvest_nolvus,exact,Not Graphics Only,1.1.5,nolvus-awekening-redux;nolvus-awakening-v6;nolvus-v6-ultimate-open-beta-start,,,,,,,
3556,Teldryn Serious - A Teldryn Sero Backstory Quest,4.3 NEW QUESTS WORLDS & ADDONS,nolvus,harvest_nolvus,exact,Not Graphics Only,7.0,nolvus-awekening-redux;nolvus-awakening-v6;nolvus-v6-ultimate-open-beta-start,,,,,,,
3557,Identity Crisis - DBVO - Karat,4.3 NEW QUESTS WORLDS & ADDONS,nolvus,harvest_nolvus,exact,Not Graphics Only,1.0,nolvus-awekening-redux;nolvus-awakening-v6;nolvus-v6-ultimate-open-beta-start,,,,,,,
3558,Identity Crisis - Beyond Skyrim Brum Patch,4.3 NEW QUESTS WORLDS & ADDONS,nolvus,harvest_nolvus,exact,Not Graphics Only,1.02,nolvus-awekening-redux;nolvus-awakening-v6;nolvus-v6-ultimate-open-beta-start,,,,,,,
3559,Identity Crisis,4.3 NEW QUESTS WORLDS & ADDONS,nolvus,harvest_nolvus,exact,Not Graphics Only,1.04,nolvus-awekening-redux;nolvus-awakening-v6;nolvus-v6-ultimate-open-beta-start,,,,,,,
3560,Clockwork - DBVO - Bella,4.3 NEW QUESTS WORLDS & ADDONS,nolvus,harvest_nolvus,exact,Not Graphics Only,1.0,nolvus-awekening-redux;nolvus-awakening-v6;nolvus-v6-ultimate-open-beta-start,,,,,,,
3561,Clockwork - DBVO - Vampire,4.3 NEW QUESTS WORLDS & ADDONS,nolvus,harvest_nolvus,exact,Not Graphics Only,1.0,nolvus-awekening-redux;nolvus-awakening-v6;nolvus-v6-ultimate-open-beta-start,,,,,,,
3562,Clockwork - LOTD Castle Replica Display Patch,4.3 NEW QUESTS WORLDS & ADDONS,nolvus,harvest_nolvus,exact,Not Graphics Only,1.01,nolvus-awekening-redux;nolvus-awakening-v6;nolvus-v6-ultimate-open-beta-start,,,,,,,
3563,Clockwork - Plantable Addon,4.3 NEW QUESTS WORLDS & ADDONS,nolvus,harvest_nolvus,exact,Not Graphics Only,1.0,nolvus-awekening-redux;nolvus-awakening-v6;nolvus-v6-ultimate-open-beta-start,,,,,,,
3564,Clockwork - Shrine Swapper,4.3 NEW QUESTS WORLDS & ADDONS,nolvus,harvest_nolvus,exact,Not Graphics Only,1.0,nolvus-awekening-redux;nolvus-awakening-v6;nolvus-v6-ultimate-open-beta-start,,,,,,,
3565,Clockwork - Shadow Redone,4.3 NEW QUESTS WORLDS & ADDONS,nolvus,harvest_nolvus,exact,Not Graphics Only,1.0,nolvus-awekening-redux;nolvus-awakening-v6;nolvus-v6-ultimate-open-beta-start,,,,,,,
3566,Clockwork - Textures [2K],4.3 NEW QUESTS WORLDS & ADDONS,nolvus,harvest_nolvus,exact,Not Graphics Only,1.0,nolvus-awekening-redux;nolvus-awakening-v6;nolvus-v6-ultimate-open-beta-start,,,,,,,
3567,Clockwork - Cleaned Textures,4.3 NEW QUESTS WORLDS & ADDONS,nolvus,harvest_nolvus,exact,Not Graphics Only,1.0,nolvus-awekening-redux;nolvus-awakening-v6;nolvus-v6-ultimate-open-beta-start,,,,,,,
3568,Additional Clockwork,4.3 NEW QUESTS WORLDS & ADDONS,nolvus,harvest_nolvus,exact,Not Graphics Only,3.0.2,nolvus-awekening-redux;nolvus-awakening-v6;nolvus-v6-ultimate-open-beta-start,,,,,,,
3569,Clockwork - Nolvus Settings,4.3 NEW QUESTS WORLDS & ADDONS,nolvus,harvest_nolvus,exact,Not Graphics Only,6.0.7,nolvus-awekening-redux,,,,,,,
3570,Clockwork - Settings Loader,4.3 NEW QUESTS WORLDS & ADDONS,nolvus,harvest_nolvus,exact,Not Graphics Only,1.0.0,nolvus-awekening-redux,,,,,,,
3571,Clockwork,4.3 NEW QUESTS WORLDS & ADDONS,nolvus,harvest_nolvus,exact,Not Graphics Only,1.0,nolvus-awekening-redux;nolvus-awakening-v6;nolvus-v6-ultimate-open-beta-start,,,,,,,
3572,The Gray Cowl of Nocturnal - DBVO - Bella,4.3 NEW QUESTS WORLDS & ADDONS,nolvus,harvest_nolvus,exact,Not Graphics Only,1.0,nolvus-awekening-redux;nolvus-awakening-v6;nolvus-v6-ultimate-open-beta-start,,,,,,,
3573,The Gray Cowl of Nocturnal - DBVO - Vampire,4.3 NEW QUESTS WORLDS & ADDONS,nolvus,harvest_nolvus,exact,Not Graphics Only,1.0,nolvus-awekening-redux;nolvus-awakening-v6;nolvus-v6-ultimate-open-beta-start,,,,,,,
3574,The Gray Cowl of Nocturnal - Moveable Lanterns and Signs,4.3 NEW QUESTS WORLDS & ADDONS,nolvus,harvest_nolvus,exact,Not Graphics Only,1.0,nolvus-awekening-redux;nolvus-awakening-v6;nolvus-v6-ultimate-open-beta-start,,,,,,,
3575,The Gray Cowl of Nocturnal - Music Overhaul,4.3 NEW QUESTS WORLDS & ADDONS,nolvus,harvest_nolvus,exact,Not Graphics Only,1.1,nolvus-awekening-redux;nolvus-awakening-v6;nolvus-v6-ultimate-open-beta-start,,,,,,,
3576,The Gray Cowl of Nocturnal - The Remnants of Hammerfell,4.3 NEW QUESTS WORLDS & ADDONS,nolvus,harvest_nolvus,exact,Not Graphics Only,1.1,nolvus-awekening-redux;nolvus-awakening-v6;nolvus-v6-ultimate-open-beta-start,,,,,,,
3577,The Gray Cowl of Nocturnal - Retexture - Parallax - Palace Towers,4.3 NEW QUESTS WORLDS & ADDONS,nolvus,harvest_nolvus,exact,Not Graphics Only,1.0,nolvus-awekening-redux;nolvus-awakening-v6;nolvus-v6-ultimate-open-beta-start,,,,,,,
3578,The Gray Cowl of Nocturnal - Retexture - Parallax - Alikr Towers,4.3 NEW QUESTS WORLDS & ADDONS,nolvus,harvest_nolvus,exact,Not Graphics Only,1.0,nolvus-awekening-redux;nolvus-awakening-v6;nolvus-v6-ultimate-open-beta-start,,,,,,,
3579,The Gray Cowl of Nocturnal - Retexture - Parallax,4.3 NEW QUESTS WORLDS & ADDONS,nolvus,harvest_nolvus,exact,Not Graphics Only,1.11,nolvus-awekening-redux;nolvus-awakening-v6;nolvus-v6-ultimate-open-beta-start,,,,,,,
3580,The Gray Cowl of Nocturnal - Retexture,4.3 NEW QUESTS WORLDS & ADDONS,nolvus,harvest_nolvus,exact,Not Graphics Only,1.0,nolvus-awekening-redux;nolvus-awakening-v6;nolvus-v6-ultimate-open-beta-start,,,,,,,
3581,The Gray Cowl of Nocturnal - Revoice and Expansion,4.3 NEW QUESTS WORLDS & ADDONS,nolvus,harvest_nolvus,exact,Not Graphics Only,0.2,nolvus-awekening-redux;nolvus-awakening-v6;nolvus-v6-ultimate-open-beta-start,,,,,,,
3582,The Gray Cowl of Nocturnal - AI Revoice,4.3 NEW QUESTS WORLDS & ADDONS,nolvus,harvest_nolvus,exact,Not Graphics Only,1.0,nolvus-awekening-redux;nolvus-awakening-v6;nolvus-v6-ultimate-open-beta-start,,,,,,,
3583,The Gray Cowl of Nocturnal - Duneripper Fix,4.3 NEW QUESTS WORLDS & ADDONS,nolvus,harvest_nolvus,exact,Not Graphics Only,1.3,nolvus-awekening-redux;nolvus-awakening-v6;nolvus-v6-ultimate-open-beta-start,,,,,,,
3584,The Gray Cowl of Nocturnal - Addons and Patches,4.3 NEW QUESTS WORLDS & ADDONS,nolvus,harvest_nolvus,exact,Not Graphics Only,1.3,nolvus-awekening-redux;nolvus-awakening-v6;nolvus-v6-ultimate-open-beta-start,,,,,,,
3585,The Gray Cowl of Nocturnal,4.3 NEW QUESTS WORLDS & ADDONS,nolvus,harvest_nolvus,exact,Not Graphics Only,1.3,nolvus-awekening-redux;nolvus-awakening-v6;nolvus-v6-ultimate-open-beta-start,,,,,,,
3586,SirenRoot - Deluge of Deceit - DBVO - Bella,4.3 NEW QUESTS WORLDS & ADDONS,nolvus,harvest_nolvus,exact,Not Graphics Only,1.0,nolvus-awekening-redux;nolvus-awakening-v6;nolvus-v6-ultimate-open-beta-start,,,,,,,
3587,SirenRoot - Deluge of Deceit - DBVO - Vampire,4.3 NEW QUESTS WORLDS & ADDONS,nolvus,harvest_nolvus,exact,Not Graphics Only,1.0,nolvus-awekening-redux;nolvus-awakening-v6;nolvus-v6-ultimate-open-beta-start,,,,,,,
3588,SirenRoot - Deluge of Deceit - DBVO - Karat,4.3 NEW QUESTS WORLDS & ADDONS,nolvus,harvest_nolvus,exact,Not Graphics Only,1.0,nolvus-awekening-redux;nolvus-awakening-v6;nolvus-v6-ultimate-open-beta-start,,,,,,,
3589,SirenRoot - Deluge of Deceit,4.3 NEW QUESTS WORLDS & ADDONS,both,harvest_nolvus,exact,Not Graphics Only,1.21,nolvus-awekening-redux;nolvus-awakening-v6;nolvus-v6-ultimate-open-beta-start,yes,,70917,747488,1.10,evgSIRENROOT.esm;evgSIRENROOTtraversalpatch.esp,section suggests Nolvus copy
3590,Belethor's Sister - Quest - DBVO - Vampire,4.3 NEW QUESTS WORLDS & ADDONS,nolvus,harvest_nolvus,exact,Not Graphics Only,1.0,nolvus-awekening-redux;nolvus-awakening-v6;nolvus-v6-ultimate-open-beta-start,,,,,,,
3591,Belethor's Sister - Quest - DBVO - Karat,4.3 NEW QUESTS WORLDS & ADDONS,nolvus,harvest_nolvus,exact,Not Graphics Only,1.0,nolvus-awekening-redux;nolvus-awakening-v6;nolvus-v6-ultimate-open-beta-start,,,,,,,
3592,Belethor's Sister - Quest,4.3 NEW QUESTS WORLDS & ADDONS,nolvus,harvest_nolvus,exact,Not Graphics Only,0.3,nolvus-awekening-redux;nolvus-awakening-v6;nolvus-v6-ultimate-open-beta-start,,,,,,,
3593,Darkend - DBVO - Bella,4.3 NEW QUESTS WORLDS & ADDONS,nolvus,harvest_nolvus,exact,Not Graphics Only,1.0,nolvus-awekening-redux;nolvus-awakening-v6;nolvus-v6-ultimate-open-beta-start,,,,,,,
3594,Darkend - Missing Walls Hotfix,4.3 NEW QUESTS WORLDS & ADDONS,nolvus,harvest_nolvus,exact,Not Graphics Only,1.4,nolvus-awekening-redux;nolvus-awakening-v6;nolvus-v6-ultimate-open-beta-start,,,,,,,
3595,Darkend - FaceGen Meshes and Textures,4.3 NEW QUESTS WORLDS & ADDONS,nolvus,harvest_nolvus,exact,Not Graphics Only,1.4,nolvus-awekening-redux;nolvus-awakening-v6;nolvus-v6-ultimate-open-beta-start,,,,,,,
3596,Darkend,4.3 NEW QUESTS WORLDS & ADDONS,nolvus,harvest_nolvus,exact,Not Graphics Only,1.4,nolvus-awekening-redux;nolvus-awakening-v6;nolvus-v6-ultimate-open-beta-start,,,,,,,
3597,Carved Brink - DBVO - Bella,4.3 NEW QUESTS WORLDS & ADDONS,nolvus,harvest_nolvus,exact,Not Graphics Only,1.0,nolvus-awekening-redux;nolvus-awakening-v6;nolvus-v6-ultimate-open-beta-start,,,,,,,
3598,Carved Brink - DBVO - Vampire,4.3 NEW QUESTS WORLDS & ADDONS,nolvus,harvest_nolvus,exact,Not Graphics Only,1.0,nolvus-awekening-redux;nolvus-awakening-v6;nolvus-v6-ultimate-open-beta-start,,,,,,,
3599,Carved Brink - Unofficial Patch,4.3 NEW QUESTS WORLDS & ADDONS,nolvus,harvest_nolvus,exact,Not Graphics Only,1.3,nolvus-awekening-redux;nolvus-awakening-v6;nolvus-v6-ultimate-open-beta-start,,,,,,,
3600,Carved Brink,4.3 NEW QUESTS WORLDS & ADDONS,nolvus,harvest_nolvus,exact,Not Graphics Only,1.1,nolvus-awekening-redux;nolvus-awakening-v6;nolvus-v6-ultimate-open-beta-start,,,,,,,
3601,Konahrik's Accoutrements - Recipe Fix,4.3 NEW QUESTS WORLDS & ADDONS,nolvus,harvest_nolvus,exact,Not Graphics Only,1.1,nolvus-awekening-redux;nolvus-awakening-v6;nolvus-v6-ultimate-open-beta-start,,,,,,,
3602,Konahrik's Accoutrements - Abjuration Steal Fix,4.3 NEW QUESTS WORLDS & ADDONS,nolvus,harvest_nolvus,exact,Not Graphics Only,1.0,nolvus-awekening-redux;nolvus-awakening-v6;nolvus-v6-ultimate-open-beta-start,,,,,,,
3603,Konahrik's Accoutrements - Upscaled Textures,4.3 NEW QUESTS WORLDS & ADDONS,nolvus,harvest_nolvus,exact,Not Graphics Only,1.0,nolvus-awekening-redux;nolvus-awakening-v6;nolvus-v6-ultimate-open-beta-start,,,,,,,
3604,Konahrik's Accoutrements - Fixed Esp,4.3 NEW QUESTS WORLDS & ADDONS,nolvus,harvest_nolvus,exact,Not Graphics Only,1.0.1,nolvus-awekening-redux;nolvus-awakening-v6;nolvus-v6-ultimate-open-beta-start,,,,,,,
3605,Konahrik's Accoutrements,4.3 NEW QUESTS WORLDS & ADDONS,nolvus,harvest_nolvus,exact,Not Graphics Only,5.5.3,nolvus-awekening-redux;nolvus-awakening-v6;nolvus-v6-ultimate-open-beta-start,,,,,,,
3606,Project AHO - DBVO - Bella,4.3 NEW QUESTS WORLDS & ADDONS,nolvus,harvest_nolvus,exact,Not Graphics Only,1.0,nolvus-awekening-redux;nolvus-awakening-v6;nolvus-v6-ultimate-open-beta-start,,,,,,,
3607,Project AHO - DBVO - Vampire,4.3 NEW QUESTS WORLDS & ADDONS,nolvus,harvest_nolvus,exact,Not Graphics Only,1.0,nolvus-awekening-redux;nolvus-awakening-v6;nolvus-v6-ultimate-open-beta-start,,,,,,,
3608,Project AHO - DBVO - Karat,4.3 NEW QUESTS WORLDS & ADDONS,nolvus,harvest_nolvus,exact,Not Graphics Only,1.0,nolvus-awekening-redux;nolvus-awakening-v6;nolvus-v6-ultimate-open-beta-start,,,,,,,
3609,Project AHO - Immersion Patch,4.3 NEW QUESTS WORLDS & ADDONS,nolvus,harvest_nolvus,exact,Not Graphics Only,1.0,nolvus-awekening-redux;nolvus-awakening-v6;nolvus-v6-ultimate-open-beta-start,,,,,,,
3610,Project AHO - Telvanni Hybrid Temper Patch,4.3 NEW QUESTS WORLDS & ADDONS,nolvus,harvest_nolvus,exact,Not Graphics Only,1.02,nolvus-awekening-redux;nolvus-awakening-v6;nolvus-v6-ultimate-open-beta-start,,,,,,,
3611,Project AHO - CRF Spell Crafting Patch,4.3 NEW QUESTS WORLDS & ADDONS,nolvus,harvest_nolvus,exact,Not Graphics Only,2.0,nolvus-awekening-redux;nolvus-awakening-v6;nolvus-v6-ultimate-open-beta-start,,,,,,,
3612,Project AHO - Unofficial Patch,4.3 NEW QUESTS WORLDS & ADDONS,nolvus,harvest_nolvus,exact,Not Graphics Only,1.3,nolvus-awekening-redux;nolvus-awakening-v6;nolvus-v6-ultimate-open-beta-start,,,,,,,
3613,Project AHO - CC Ghost of the tribunal Consistency Patch,4.3 NEW QUESTS WORLDS & ADDONS,nolvus,harvest_nolvus,exact,Not Graphics Only,1.0,nolvus-awekening-redux;nolvus-awakening-v6;nolvus-v6-ultimate-open-beta-start,,,,,,,
3614,Project AHO - Start when you want,4.3 NEW QUESTS WORLDS & ADDONS,nolvus,harvest_nolvus,exact,Not Graphics Only,2.00,nolvus-awekening-redux;nolvus-awakening-v6;nolvus-v6-ultimate-open-beta-start,,,,,,,
3615,Project AHO - HD Textures - Outfits,4.3 NEW QUESTS WORLDS & ADDONS,nolvus,harvest_nolvus,exact,Not Graphics Only,1.0,nolvus-awekening-redux;nolvus-awakening-v6;nolvus-v6-ultimate-open-beta-start,,,,,,,
3616,Project AHO - HD Textures,4.3 NEW QUESTS WORLDS & ADDONS,nolvus,harvest_nolvus,exact,Not Graphics Only,1.0,nolvus-awekening-redux;nolvus-awakening-v6;nolvus-v6-ultimate-open-beta-start,,,,,,,
3617,Project AHO - Chains Replacer,4.3 NEW QUESTS WORLDS & ADDONS,nolvus,harvest_nolvus,exact,Not Graphics Only,1.0,nolvus-awekening-redux;nolvus-awakening-v6;nolvus-v6-ultimate-open-beta-start,,,,,,,
3618,Project AHO - Inspired Weapon,4.3 NEW QUESTS WORLDS & ADDONS,nolvus,harvest_nolvus,exact,Not Graphics Only,1.0,nolvus-awekening-redux;nolvus-awakening-v6;nolvus-v6-ultimate-open-beta-start,,,,,,,
3619,Project AHO - Tweaks,4.3 NEW QUESTS WORLDS & ADDONS,nolvus,harvest_nolvus,exact,Not Graphics Only,1.0,nolvus-awekening-redux;nolvus-awakening-v6;nolvus-v6-ultimate-open-beta-start,,,,,,,
3620,Project AHO - Vampirism Fix,4.3 NEW QUESTS WORLDS & ADDONS,nolvus,harvest_nolvus,exact,Not Graphics Only,1.0.1,nolvus-awekening-redux;nolvus-awakening-v6;nolvus-v6-ultimate-open-beta-start,,,,,,,
3621,Project AHO - Bugfix and Improvement - Table Mesh Fix,4.3 NEW QUESTS WORLDS & ADDONS,nolvus,harvest_nolvus,exact,Not Graphics Only,1.7.1,nolvus-awekening-redux;nolvus-awakening-v6;nolvus-v6-ultimate-open-beta-start,,,,,,,
3622,Project AHO - Bugfix and Improvement,4.3 NEW QUESTS WORLDS & ADDONS,nolvus,harvest_nolvus,exact,Not Graphics Only,1.7.1,nolvus-awekening-redux;nolvus-awakening-v6;nolvus-v6-ultimate-open-beta-start,,,,,,,
3623,Project AHO - Parallax Patch,4.3 NEW QUESTS WORLDS & ADDONS,nolvus,harvest_nolvus,exact,Not Graphics Only,1.03,nolvus-awekening-redux;nolvus-awakening-v6;nolvus-v6-ultimate-open-beta-start,,,,,,,
3624,Project AHO - ESM Flag Edition - Clean Patch,4.3 NEW QUESTS WORLDS & ADDONS,nolvus,harvest_nolvus,exact,Not Graphics Only,1.0,nolvus-awekening-redux;nolvus-awakening-v6;nolvus-v6-ultimate-open-beta-start,,,,,,,
3625,Project AHO,4.3 NEW QUESTS WORLDS & ADDONS,nolvus,harvest_nolvus,exact,Not Graphics Only,2.0,nolvus-awekening-redux;nolvus-awakening-v6;nolvus-v6-ultimate-open-beta-start,,,,,,,
3626,The Forgotten City - DBVO - Bella,4.3 NEW QUESTS WORLDS & ADDONS,nolvus,harvest_nolvus,exact,Not Graphics Only,1.0,nolvus-awekening-redux;nolvus-awakening-v6;nolvus-v6-ultimate-open-beta-start,,,,,,,
3627,The Forgotten City - DBVO - Karat,4.3 NEW QUESTS WORLDS & ADDONS,nolvus,harvest_nolvus,exact,Not Graphics Only,1.0,nolvus-awekening-redux;nolvus-awakening-v6;nolvus-v6-ultimate-open-beta-start,,,,,,,
3628,The Forgotten City - DBVO - Vampire,4.3 NEW QUESTS WORLDS & ADDONS,nolvus,harvest_nolvus,exact,Not Graphics Only,1.0,nolvus-awekening-redux;nolvus-awakening-v6;nolvus-v6-ultimate-open-beta-start,,,,,,,
3629,The Forgotten City - Decree of the Arbiter Spell Music Fix,4.3 NEW QUESTS WORLDS & ADDONS,nolvus,harvest_nolvus,exact,Not Graphics Only,1.0,nolvus-awekening-redux;nolvus-awakening-v6;nolvus-v6-ultimate-open-beta-start,,,,,,,
3630,The Forgotten City - Cassia's Plea Remover Addon,4.3 NEW QUESTS WORLDS & ADDONS,nolvus,harvest_nolvus,exact,Not Graphics Only,2.2,nolvus-awekening-redux;nolvus-awakening-v6;nolvus-v6-ultimate-open-beta-start,,,,,,,
3631,The Forgotten City - Immersion Patch,4.3 NEW QUESTS WORLDS & ADDONS,nolvus,harvest_nolvus,exact,Not Graphics Only,1.0,nolvus-awekening-redux;nolvus-awakening-v6;nolvus-v6-ultimate-open-beta-start,,,,,,,
3632,The Forgotten City - Delayed Start,4.3 NEW QUESTS WORLDS & ADDONS,nolvus,harvest_nolvus,exact,Not Graphics Only,1.0,nolvus-awekening-redux;nolvus-awakening-v6;nolvus-v6-ultimate-open-beta-start,,,,,,,
3633,The Forgotten City - Music Patch,4.3 NEW QUESTS WORLDS & ADDONS,nolvus,harvest_nolvus,exact,Not Graphics Only,2.2,nolvus-awekening-redux;nolvus-awakening-v6;nolvus-v6-ultimate-open-beta-start,,,,,,,
3634,The Forgotten City,4.3 NEW QUESTS WORLDS & ADDONS,nolvus,harvest_nolvus,exact,Not Graphics Only,1.8,nolvus-awekening-redux;nolvus-awakening-v6;nolvus-v6-ultimate-open-beta-start,,,,,,,
3635,Unslaad - Armors and Weapons Retexture,4.3 NEW QUESTS WORLDS & ADDONS,nolvus,harvest_nolvus,exact,Not Graphics Only,2.0,nolvus-awekening-redux;nolvus-awakening-v6;nolvus-v6-ultimate-open-beta-start,,,,,,,
3636,LOTD Unofficial Unslaad TCC Patch,4.3 NEW QUESTS WORLDS & ADDONS,unknown,review,exact,,,,,,,,,,not in any snapshot; identify on Nexus
3637,Unslaad - Unofficial Legacy of the Dragonborn Patch,4.3 NEW QUESTS WORLDS & ADDONS,nolvus,harvest_nolvus,exact,Not Graphics Only,1.2,nolvus-awekening-redux;nolvus-awakening-v6;nolvus-v6-ultimate-open-beta-start,,,,,,,
3638,Unslaad - World Space Patch,4.3 NEW QUESTS WORLDS & ADDONS,nolvus,harvest_nolvus,exact,Not Graphics Only,3.0,nolvus-awekening-redux;nolvus-awakening-v6;nolvus-v6-ultimate-open-beta-start,,,,,,,
3639,Unslaad - Starting Requirements,4.3 NEW QUESTS WORLDS & ADDONS,nolvus,harvest_nolvus,exact,Not Graphics Only,1.01,nolvus-awekening-redux;nolvus-awakening-v6;nolvus-v6-ultimate-open-beta-start,,,,,,,
3640,Unslaad - English Voices Addon2,4.3 NEW QUESTS WORLDS & ADDONS,nolvus,harvest_nolvus,dup_suffix,Not Graphics Only,3.0.2,nolvus-awekening-redux;nolvus-awakening-v6;nolvus-v6-ultimate-open-beta-start,,,,,,,
3641,Unslaad SE2,4.3 NEW QUESTS WORLDS & ADDONS,unknown,review,exact,,,,,,,,,,not in any snapshot; identify on Nexus
3642,Vigilant - Settings Loader,4.3 NEW QUESTS WORLDS & ADDONS,nolvus,harvest_nolvus,exact,Not Graphics Only,1.1.1,nolvus-awekening-redux;nolvus-awakening-v6;nolvus-v6-ultimate-open-beta-start,,,,,,,
3643,Vigilant - Artifact Immersion Patch,4.3 NEW QUESTS WORLDS & ADDONS,nolvus,harvest_nolvus,exact,Not Graphics Only,1.1.2,nolvus-awekening-redux;nolvus-awakening-v6;nolvus-v6-ultimate-open-beta-start,,,,,,,
3644,Vigilant - No Boss Summons,4.3 NEW QUESTS WORLDS & ADDONS,nolvus,harvest_nolvus,exact,Not Graphics Only,1.0,nolvus-awekening-redux;nolvus-awakening-v6;nolvus-v6-ultimate-open-beta-start,,,,,,,
3645,Vigilant - Nerfed Rewards,4.3 NEW QUESTS WORLDS & ADDONS,nolvus,harvest_nolvus,exact,Not Graphics Only,1.1,nolvus-awekening-redux;nolvus-awakening-v6;nolvus-v6-ultimate-open-beta-start,,,,,,,
3646,Vigilant - World Space Patch,4.3 NEW QUESTS WORLDS & ADDONS,nolvus,harvest_nolvus,exact,Not Graphics Only,1.7,nolvus-awekening-redux;nolvus-awakening-v6;nolvus-v6-ultimate-open-beta-start,,,,,,,
3647,Vigilant - Molag Bal Dragon,4.3 NEW QUESTS WORLDS & ADDONS,nolvus,harvest_nolvus,exact,Not Graphics Only,1.0,nolvus-awekening-redux;nolvus-awakening-v6;nolvus-v6-ultimate-open-beta-start,,,,,,,
3648,Vigilant - Gun Replacer,4.3 NEW QUESTS WORLDS & ADDONS,nolvus,harvest_nolvus,exact,Not Graphics Only,1.0,nolvus-awekening-redux;nolvus-awakening-v6;nolvus-v6-ultimate-open-beta-start,,,,,,,
3649,Vigilant - DeadPile Flesh,4.3 NEW QUESTS WORLDS & ADDONS,nolvus,harvest_nolvus,exact,Not Graphics Only,1.0,nolvus-awekening-redux;nolvus-awakening-v6;nolvus-v6-ultimate-open-beta-start,,,,,,,
3650,Vigilant - Book Covers,4.3 NEW QUESTS WORLDS & ADDONS,both,harvest_nolvus,exact,Not Graphics Only,1.5,nolvus-awekening-redux;nolvus-awakening-v6;nolvus-v6-ultimate-open-beta-start,yes,,32940,328428,1.5,Vigilant - Book Covers.esp,section suggests Nolvus copy
3651,Vigilant - HD Project - Umaril,4.3 NEW QUESTS WORLDS & ADDONS,nolvus,harvest_nolvus,exact,Not Graphics Only,1.0,nolvus-awekening-redux;nolvus-awakening-v6;nolvus-v6-ultimate-open-beta-start,,,,,,,
3652,Vigilant - HD Project - Pelinal,4.3 NEW QUESTS WORLDS & ADDONS,nolvus,harvest_nolvus,exact,Not Graphics Only,1.0,nolvus-awekening-redux;nolvus-awakening-v6;nolvus-v6-ultimate-open-beta-start,,,,,,,
3653,Vigilant - HD Project - Jyggalag,4.3 NEW QUESTS WORLDS & ADDONS,nolvus,harvest_nolvus,exact,Not Graphics Only,1.0,nolvus-awekening-redux;nolvus-awakening-v6;nolvus-v6-ultimate-open-beta-start,,,,,,,
3654,Vigilant - HD Project - Arkay,4.3 NEW QUESTS WORLDS & ADDONS,nolvus,harvest_nolvus,exact,Not Graphics Only,1.0,nolvus-awekening-redux;nolvus-awakening-v6;nolvus-v6-ultimate-open-beta-start,,,,,,,
3655,Vigilant - HD Project - Amulet of Kings,4.3 NEW QUESTS WORLDS & ADDONS,nolvus,harvest_nolvus,exact,Not Graphics Only,1.0,nolvus-awekening-redux;nolvus-awakening-v6;nolvus-v6-ultimate-open-beta-start,,,,,,,
3656,Vigilant - Armors and Weapons Retexture,4.3 NEW QUESTS WORLDS & ADDONS,nolvus,harvest_nolvus,exact,Not Graphics Only,4.0,nolvus-awekening-redux;nolvus-awakening-v6;nolvus-v6-ultimate-open-beta-start,,,,,,,
3657,Vigilant - Xtudo - Bard's Dagger,4.3 NEW QUESTS WORLDS & ADDONS,nolvus,harvest_nolvus,exact,Not Graphics Only,2.3,nolvus-awekening-redux;nolvus-awakening-v6;nolvus-v6-ultimate-open-beta-start,,,,,,,
3658,Vigilant - Xtudo - Sand Runner Eggs,4.3 NEW QUESTS WORLDS & ADDONS,nolvus,harvest_nolvus,exact,Not Graphics Only,1.8,nolvus-awekening-redux;nolvus-awakening-v6;nolvus-v6-ultimate-open-beta-start,,,,,,,
3659,Vigilant - Xtudo - Anvil of Zenithar,4.3 NEW QUESTS WORLDS & ADDONS,nolvus,harvest_nolvus,exact,Not Graphics Only,1.7,nolvus-awekening-redux;nolvus-awakening-v6;nolvus-v6-ultimate-open-beta-start,,,,,,,
3660,Vigilant - Xtudo - Stendarr Statue,4.3 NEW QUESTS WORLDS & ADDONS,nolvus,harvest_nolvus,exact,Not Graphics Only,1.2.1,nolvus-awekening-redux;nolvus-awakening-v6;nolvus-v6-ultimate-open-beta-start,,,,,,,
3661,Vigilant - Xtudo - HD Stendarr Banner,4.3 NEW QUESTS WORLDS & ADDONS,nolvus,harvest_nolvus,exact,Not Graphics Only,1.0,nolvus-awekening-redux;nolvus-awakening-v6;nolvus-v6-ultimate-open-beta-start,,,,,,,
3662,Vigilant - Xtudo - Meridia Patch,4.3 NEW QUESTS WORLDS & ADDONS,nolvus,harvest_nolvus,exact,Not Graphics Only,2.1,nolvus-awekening-redux;nolvus-awakening-v6;nolvus-v6-ultimate-open-beta-start,,,,,,,
3663,Vigilant - Xtudo - Molag Bag Statue,4.3 NEW QUESTS WORLDS & ADDONS,nolvus,harvest_nolvus,exact,Not Graphics Only,2.1,nolvus-awekening-redux;nolvus-awakening-v6;nolvus-v6-ultimate-open-beta-start,,,,,,,
3664,Vigilant - Xtudo - M'que Robes Fix,4.3 NEW QUESTS WORLDS & ADDONS,nolvus,harvest_nolvus,exact,Not Graphics Only,1.6,nolvus-awekening-redux;nolvus-awakening-v6;nolvus-v6-ultimate-open-beta-start,,,,,,,
3665,Vigilant - Xtudo - LOD fix,4.3 NEW QUESTS WORLDS & ADDONS,nolvus,harvest_nolvus,exact,Not Graphics Only,1.0,nolvus-awekening-redux;nolvus-awakening-v6;nolvus-v6-ultimate-open-beta-start,,,,,,,
3666,Vigilant - Xtudo - Heart of Order Fix,4.3 NEW QUESTS WORLDS & ADDONS,nolvus,harvest_nolvus,exact,Not Graphics Only,1.8,nolvus-awekening-redux;nolvus-awakening-v6;nolvus-v6-ultimate-open-beta-start,,,,,,,
3667,Vigilant - Xtudo - Immersive Text Edit,4.3 NEW QUESTS WORLDS & ADDONS,nolvus,harvest_nolvus,exact,Not Graphics Only,1.3,nolvus-awekening-redux;nolvus-awakening-v6;nolvus-v6-ultimate-open-beta-start,,,,,,,
3668,Vigilant - Xtudo - Elite Vigilant Hood Fix,4.3 NEW QUESTS WORLDS & ADDONS,nolvus,harvest_nolvus,exact,Not Graphics Only,1.0,nolvus-awekening-redux;nolvus-awakening-v6;nolvus-v6-ultimate-open-beta-start,,,,,,,
3669,Vigilant - Xtudo - Giant Fix,4.3 NEW QUESTS WORLDS & ADDONS,nolvus,harvest_nolvus,exact,Not Graphics Only,2.1,nolvus-awekening-redux;nolvus-awakening-v6;nolvus-v6-ultimate-open-beta-start,,,,,,,
3670,Vigilant - Wasteland Tree,4.3 NEW QUESTS WORLDS & ADDONS,nolvus,harvest_nolvus,exact,Not Graphics Only,1.0,nolvus-awekening-redux;nolvus-awakening-v6;nolvus-v6-ultimate-open-beta-start,,,,,,,
3671,Vigilant - Coldharbour Landscape and Architecture Retexture,4.3 NEW QUESTS WORLDS & ADDONS,both,harvest_nolvus,exact,Not Graphics Only,1.0,nolvus-awekening-redux;nolvus-awakening-v6;nolvus-v6-ultimate-open-beta-start,yes,,81411,343820,1.0.0,,section suggests Nolvus copy
3672,Vigilant - Music Extended,4.3 NEW QUESTS WORLDS & ADDONS,nolvus,harvest_nolvus,exact,Not Graphics Only,1.0,nolvus-awekening-redux;nolvus-awakening-v6;nolvus-v6-ultimate-open-beta-start,,,,,,,
3673,VIGILANT SE HiRes Pack 180,4.3 NEW QUESTS WORLDS & ADDONS,unknown,review,exact,,,,,,,,,,not in any snapshot; identify on Nexus
3674,Vigilant - English Addon Subtitle Patch2,4.3 NEW QUESTS WORLDS & ADDONS,nolvus,harvest_nolvus,dup_suffix,Not Graphics Only,1.4,nolvus-awekening-redux;nolvus-awakening-v6;nolvus-v6-ultimate-open-beta-start,,,,,,,
3675,Vigilant - English Voices Addon 1.8 esp,4.3 NEW QUESTS WORLDS & ADDONS,unknown,review,exact,,,,,,,,,,not in any snapshot; identify on Nexus
3676,VIGILANT - English Translation (Silent),4.3 NEW QUESTS WORLDS & ADDONS,unknown,review,exact,,,,,,,,,,not in any snapshot; identify on Nexus
3677,VIGILANT SE 1.8,4.3 NEW QUESTS WORLDS & ADDONS,unknown,review,exact,,,,,,,,,,not in any snapshot; identify on Nexus
3678,The Wheels of Lull - Settings Loader,4.3 NEW QUESTS WORLDS & ADDONS,nolvus,harvest_nolvus,exact,Not Graphics Only,1.1,nolvus-awekening-redux;nolvus-awakening-v6;nolvus-v6-ultimate-open-beta-start,,,,,,,
3679,The Wheels of Lull - Fishing Addon,4.3 NEW QUESTS WORLDS & ADDONS,nolvus,harvest_nolvus,exact,Not Graphics Only,1.2.1,nolvus-awekening-redux;nolvus-awakening-v6;nolvus-v6-ultimate-open-beta-start,,,,,,,
3680,The Wheels of Lull - Retexture,4.3 NEW QUESTS WORLDS & ADDONS,nolvus,harvest_nolvus,exact,Not Graphics Only,1.02,nolvus-awekening-redux;nolvus-awakening-v6;nolvus-v6-ultimate-open-beta-start,,,,,,,
3681,The Wheels of Lull2,4.3 NEW QUESTS WORLDS & ADDONS,nolvus,harvest_nolvus,dup_suffix,Not Graphics Only,5.1.13.3,nolvus-awekening-redux;nolvus-awakening-v6;nolvus-v6-ultimate-open-beta-start,,,,,,,
3682,Wyrmstooth - Settings Loader,4.3 NEW QUESTS WORLDS & ADDONS,nolvus,harvest_nolvus,exact,Not Graphics Only,2.0.1,nolvus-awekening-redux;nolvus-awakening-v6;nolvus-v6-ultimate-open-beta-start,,,,,,,
3683,Wyrmstooth - DBVO - Bella,4.3 NEW QUESTS WORLDS & ADDONS,nolvus,harvest_nolvus,exact,Not Graphics Only,1.0,nolvus-awekening-redux;nolvus-awakening-v6;nolvus-v6-ultimate-open-beta-start,,,,,,,
3684,Wyrmstooth - DBVO - Vampire,4.3 NEW QUESTS WORLDS & ADDONS,nolvus,harvest_nolvus,exact,Not Graphics Only,1.0,nolvus-awekening-redux;nolvus-awakening-v6;nolvus-v6-ultimate-open-beta-start,,,,,,,
3685,Wyrmstooth - DBVO - Karat,4.3 NEW QUESTS WORLDS & ADDONS,nolvus,harvest_nolvus,exact,Not Graphics Only,1.0,nolvus-awekening-redux;nolvus-awakening-v6;nolvus-v6-ultimate-open-beta-start,,,,,,,
3686,Wyrmstooth - Artifact Immersion Patch,4.3 NEW QUESTS WORLDS & ADDONS,nolvus,harvest_nolvus,exact,Not Graphics Only,1.1,nolvus-awekening-redux;nolvus-awakening-v6;nolvus-v6-ultimate-open-beta-start,,,,,,,
3687,Wyrmstooth - The Cause Ingredients Patch,4.3 NEW QUESTS WORLDS & ADDONS,nolvus,harvest_nolvus,exact,Not Graphics Only,1.0,nolvus-awekening-redux;nolvus-awakening-v6;nolvus-v6-ultimate-open-beta-start,,,,,,,
3688,Wyrmstooth - Rare Curios Ingredients Patch,4.3 NEW QUESTS WORLDS & ADDONS,nolvus,harvest_nolvus,exact,Not Graphics Only,1.0,nolvus-awekening-redux;nolvus-awakening-v6;nolvus-v6-ultimate-open-beta-start,,,,,,,
3689,Wyrmstooth - Skyrim Integration,4.3 NEW QUESTS WORLDS & ADDONS,nolvus,harvest_nolvus,exact,Not Graphics Only,.1,nolvus-awekening-redux;nolvus-awakening-v6;nolvus-v6-ultimate-open-beta-start,,,,,,,
3690,Wyrmstooth - Brimstone and Wyrmstone Armory - LOTD Patch,4.3 NEW QUESTS WORLDS & ADDONS,nolvus,harvest_nolvus,exact,Not Graphics Only,1.0,nolvus-awekening-redux;nolvus-awakening-v6;nolvus-v6-ultimate-open-beta-start,,,,,,,
3691,Wyrmstooth - Brimstone and Wyrmstone Armory,4.3 NEW QUESTS WORLDS & ADDONS,nolvus,harvest_nolvus,exact,Not Graphics Only,1.4,nolvus-awekening-redux;nolvus-awakening-v6;nolvus-v6-ultimate-open-beta-start,,,,,,,
3692,Wyrmstooth - Unique Weapons Reforged - LOTD Patch,4.3 NEW QUESTS WORLDS & ADDONS,nolvus,harvest_nolvus,exact,Not Graphics Only,1.0,nolvus-awekening-redux;nolvus-awakening-v6;nolvus-v6-ultimate-open-beta-start,,,,,,,
3693,Wyrmstooth - Unique Weapons Reforged,4.3 NEW QUESTS WORLDS & ADDONS,nolvus,harvest_nolvus,exact,Not Graphics Only,1.0,nolvus-awekening-redux;nolvus-awakening-v6;nolvus-v6-ultimate-open-beta-start,,,,,,,
3694,Wyrmstooth - Ice Mesh - Tweak,4.3 NEW QUESTS WORLDS & ADDONS,nolvus,harvest_nolvus,exact,Not Graphics Only,1.0,nolvus-awekening-redux;nolvus-awakening-v6;nolvus-v6-ultimate-open-beta-start,,,,,,,
3695,Wyrmstooth - Suleyk Retexture,4.3 NEW QUESTS WORLDS & ADDONS,nolvus,harvest_nolvus,exact,Not Graphics Only,2.0,nolvus-awekening-redux;nolvus-awakening-v6;nolvus-v6-ultimate-open-beta-start,,,,,,,
3696,Wyrmstooth - Optimized Textures,4.3 NEW QUESTS WORLDS & ADDONS,nolvus,harvest_nolvus,exact,Not Graphics Only,1.0,nolvus-awekening-redux;nolvus-awakening-v6;nolvus-v6-ultimate-open-beta-start,,,,,,,
3697,Wyrmstooth - Water Edge Fixes,4.3 NEW QUESTS WORLDS & ADDONS,nolvus,harvest_nolvus,exact,Not Graphics Only,1.0,nolvus-awekening-redux;nolvus-awakening-v6;nolvus-v6-ultimate-open-beta-start,,,,,,,
3698,Wyrmstooth - WoW Dragon Mounds CTD Fix Patch,4.3 NEW QUESTS WORLDS & ADDONS,nolvus,harvest_nolvus,exact,Not Graphics Only,1.1,nolvus-awekening-redux;nolvus-awakening-v6;nolvus-v6-ultimate-open-beta-start,,,,,,,
3699,Wyrmstooth2,4.3 NEW QUESTS WORLDS & ADDONS,nolvus,harvest_nolvus,dup_suffix,Not Graphics Only,1.20.2,nolvus-awekening-redux;nolvus-awakening-v6;nolvus-v6-ultimate-open-beta-start,,,,,,,
3700,Beyond Skyrim - Legacy of the Dragonborn Synergy Patch2,4.3 NEW QUESTS WORLDS & ADDONS,nolvus,harvest_nolvus,dup_suffix,Not Graphics Only,1.12,nolvus-awekening-redux;nolvus-awakening-v6;nolvus-v6-ultimate-open-beta-start,,,,,,,
3701,Beyond Skyrim - Ayleid Ruins HD Parallax,4.3 NEW QUESTS WORLDS & ADDONS,nolvus,harvest_nolvus,exact,Not Graphics Only,2.11,nolvus-awekening-redux;nolvus-awakening-v6;nolvus-v6-ultimate-open-beta-start,,,,,,,
3702,Beyond Skyrim - DBVO - Bella,4.3 NEW QUESTS WORLDS & ADDONS,nolvus,harvest_nolvus,exact,Not Graphics Only,1.1,nolvus-awekening-redux;nolvus-awakening-v6;nolvus-v6-ultimate-open-beta-start,,,,,,,
3703,Beyond Skyrim - DBVO - Vampire,4.3 NEW QUESTS WORLDS & ADDONS,nolvus,harvest_nolvus,exact,Not Graphics Only,1.0,nolvus-awekening-redux;nolvus-awakening-v6;nolvus-v6-ultimate-open-beta-start,,,,,,,
3704,Beyond Skyrim - DBVO - Geralt,4.3 NEW QUESTS WORLDS & ADDONS,nolvus,harvest_nolvus,exact,Not Graphics Only,1.2,nolvus-awekening-redux;nolvus-awakening-v6;nolvus-v6-ultimate-open-beta-start,,,,,,,
3705,Beyond Skyrim - DBVO - Elas,4.3 NEW QUESTS WORLDS & ADDONS,nolvus,harvest_nolvus,exact,Not Graphics Only,1.1,nolvus-awekening-redux;nolvus-awakening-v6;nolvus-v6-ultimate-open-beta-start,,,,,,,
3706,Beyond Skyrim - Cyrodiil Patch,4.3 NEW QUESTS WORLDS & ADDONS,nolvus,harvest_nolvus,exact,Not Graphics Only,1.1,nolvus-awekening-redux;nolvus-awakening-v6;nolvus-v6-ultimate-open-beta-start,,,,,,,
3707,Beyond Skyrim - Misc Fixes,4.3 NEW QUESTS WORLDS & ADDONS,nolvus,harvest_nolvus,exact,Not Graphics Only,1.00,nolvus-awekening-redux;nolvus-awakening-v6;nolvus-v6-ultimate-open-beta-start,,,,,,,
3708,Beyond Skyrim - DLC Integration,4.3 NEW QUESTS WORLDS & ADDONS,nolvus,harvest_nolvus,exact,Not Graphics Only,1.6.2,nolvus-awekening-redux;nolvus-awakening-v6;nolvus-v6-ultimate-open-beta-start,,,,,,,
3709,Beyond Skyrim - Bruma,4.3 NEW QUESTS WORLDS & ADDONS,nolvus,harvest_nolvus,exact,Not Graphics Only,1.6.3,nolvus-awekening-redux;nolvus-awakening-v6;nolvus-v6-ultimate-open-beta-start,,,,,,,
3710,Beyond Skyrim - Assets,4.3 NEW QUESTS WORLDS & ADDONS,nolvus,harvest_nolvus,exact,Not Graphics Only,1.6.3,nolvus-awekening-redux;nolvus-awakening-v6;nolvus-v6-ultimate-open-beta-start,,,,,,,
3712,Legacy of the Dragonborn - Follower Room Patches2,4.2 LEGACY OF THE DRAGONBORN,nolvus,harvest_nolvus,dup_suffix,Not Graphics Only,3.0.1,nolvus-awekening-redux;nolvus-awakening-v6;nolvus-v6-ultimate-open-beta-start,,,,,,,
3713,Legacy of the Dragonborn - Hall of Forgotten - TCC,4.2 LEGACY OF THE DRAGONBORN,nolvus,harvest_nolvus,exact,Not Graphics Only,4.3,nolvus-awekening-redux;nolvus-awakening-v6;nolvus-v6-ultimate-open-beta-start,,,,,,,
3714,Legacy of the Dragonborn - Hall of Forgotten2,4.2 LEGACY OF THE DRAGONBORN,nolvus,harvest_nolvus,dup_suffix,Not Graphics Only,2.3.9,nolvus-awekening-redux;nolvus-awakening-v6;nolvus-v6-ultimate-open-beta-start,,,,,,,
3715,Legacy of the Dragonborn - The Curators Companion2,4.2 LEGACY OF THE DRAGONBORN,nolvus,harvest_nolvus,dup_suffix,Not Graphics Only,6.2.5,nolvus-awekening-redux;nolvus-awakening-v6;nolvus-v6-ultimate-open-beta-start,,,,,,,
3716,Legacy of the Dragonborn - Collectors,4.2 LEGACY OF THE DRAGONBORN,nolvus,harvest_nolvus,exact,Not Graphics Only,0.10,nolvus-awekening-redux;nolvus-awakening-v6;nolvus-v6-ultimate-open-beta-start,,,,,,,
3717,Legacy of the Dragonborn - Player Homes2,4.2 LEGACY OF THE DRAGONBORN,nolvus,harvest_nolvus,dup_suffix,Not Graphics Only,1.01,nolvus-awekening-redux;nolvus-awakening-v6;nolvus-v6-ultimate-open-beta-start,,,,,,,
3718,Legacy of the Dragonborn - Creation Club Patch2,4.2 LEGACY OF THE DRAGONBORN,nolvus,harvest_nolvus,dup_suffix,Not Graphics Only,5.2,nolvus-awekening-redux;nolvus-awakening-v6;nolvus-v6-ultimate-open-beta-start,,,,,,,
3719,Legacy of the Dragonborn - Sunder and Wraithguard,4.2 LEGACY OF THE DRAGONBORN,nolvus,harvest_nolvus,exact,Not Graphics Only,1.0,nolvus-awekening-redux;nolvus-awakening-v6;nolvus-v6-ultimate-open-beta-start,,,,,,,
3720,Legacy of the Dragonborn V6,4.2 LEGACY OF THE DRAGONBORN,unknown,review,exact,,,,,,,,,,not in any snapshot; identify on Nexus
3722,Nolvus Awakening Vanilla Quests Expansion Patch,4.1 VANILLA QUESTS EXPANSION,nolvus,harvest_nolvus,exact,Not Graphics Only,6.0.21,nolvus-awekening-redux;nolvus-awakening-v6;nolvus-v6-ultimate-open-beta-start,,,,,,,
3723,Quests Award Perk Points - Saints and Seducers,4.1 VANILLA QUESTS EXPANSION,nolvus,harvest_nolvus,exact,Not Graphics Only,1.4.3,nolvus-awekening-redux;nolvus-awakening-v6;nolvus-v6-ultimate-open-beta-start,,,,,,,
3724,Quests Award Perk Points - Fishing,4.1 VANILLA QUESTS EXPANSION,nolvus,harvest_nolvus,exact,Not Graphics Only,1.4.3,nolvus-awekening-redux;nolvus-awakening-v6;nolvus-v6-ultimate-open-beta-start,,,,,,,
3725,Quests Award Perk Points,4.1 VANILLA QUESTS EXPANSION,nolvus,harvest_nolvus,exact,Not Graphics Only,1.3,nolvus-awekening-redux;nolvus-awakening-v6;nolvus-v6-ultimate-open-beta-start,,,,,,,
3726,Rebalancing Anniversary Edition - Quest Requirements,4.1 VANILLA QUESTS EXPANSION,both,harvest_nolvus,exact,Always Install,2.4,nolvus-awekening-redux;nolvus-awakening-v6;nolvus-v6-ultimate-open-beta-start,yes,,61004,541360,2.4,RAEQuestRequirements.esp,section suggests Nolvus copy
3727,Ultra Enemy - Good Death,4.1 VANILLA QUESTS EXPANSION,nolvus,harvest_nolvus,exact,Not Graphics Only,1.0,nolvus-awekening-redux;nolvus-awakening-v6;nolvus-v6-ultimate-open-beta-start,,,,,,,
3728,Face Sculptor Expanded,4.1 VANILLA QUESTS EXPANSION,both,harvest_nolvus,exact,Not Graphics Only,1.0,nolvus-awekening-redux;nolvus-awakening-v6;nolvus-v6-ultimate-open-beta-start,yes,,110116,541706,1.0,FaceSculptorExpanded.esp,section suggests Nolvus copy
3729,The Choice is Yours - Cutting Room Floor Patch,4.1 VANILLA QUESTS EXPANSION,nolvus,harvest_nolvus,exact,Not Graphics Only,1.1,nolvus-awekening-redux;nolvus-awakening-v6;nolvus-v6-ultimate-open-beta-start,,,,,,,
3730,The Choice is Yours - DBVO - Vampire,4.1 VANILLA QUESTS EXPANSION,nolvus,harvest_nolvus,exact,Not Graphics Only,1.0,nolvus-awekening-redux;nolvus-awakening-v6;nolvus-v6-ultimate-open-beta-start,,,,,,,
3731,The Choice is Yours - DBVO - Karat,4.1 VANILLA QUESTS EXPANSION,nolvus,harvest_nolvus,exact,Not Graphics Only,1.0,nolvus-awekening-redux;nolvus-awakening-v6;nolvus-v6-ultimate-open-beta-start,,,,,,,
3732,The Choice is Yours - The Contest,4.1 VANILLA QUESTS EXPANSION,nolvus,harvest_nolvus,exact,Not Graphics Only,1.0,nolvus-awekening-redux;nolvus-awakening-v6;nolvus-v6-ultimate-open-beta-start,,,,,,,
3733,The Choice is Yours - Lord's Mail,4.1 VANILLA QUESTS EXPANSION,nolvus,harvest_nolvus,exact,Not Graphics Only,1.0,nolvus-awekening-redux;nolvus-awakening-v6;nolvus-v6-ultimate-open-beta-start,,,,,,,
3734,The Choice is Yours - Bone Wolf,4.1 VANILLA QUESTS EXPANSION,nolvus,harvest_nolvus,exact,Not Graphics Only,1.0,nolvus-awekening-redux;nolvus-awakening-v6;nolvus-v6-ultimate-open-beta-start,,,,,,,
3735,The Choice is Yours - Vigil Enforcer Armor Set,4.1 VANILLA QUESTS EXPANSION,nolvus,harvest_nolvus,exact,Not Graphics Only,1.0,nolvus-awekening-redux;nolvus-awakening-v6;nolvus-v6-ultimate-open-beta-start,,,,,,,
3736,The Choice is Yours - Sunder and Wraithguard,4.1 VANILLA QUESTS EXPANSION,nolvus,harvest_nolvus,exact,Not Graphics Only,1.0,nolvus-awekening-redux;nolvus-awakening-v6;nolvus-v6-ultimate-open-beta-start,,,,,,,
3737,The Choice is Yours - Staff of Sheogorath,4.1 VANILLA QUESTS EXPANSION,nolvus,harvest_nolvus,exact,Not Graphics Only,1.0,nolvus-awekening-redux;nolvus-awakening-v6;nolvus-v6-ultimate-open-beta-start,,,,,,,
3738,The Choice is Yours - Saints and Seducers,4.1 VANILLA QUESTS EXPANSION,nolvus,harvest_nolvus,exact,Not Graphics Only,1.2,nolvus-awekening-redux;nolvus-awakening-v6;nolvus-v6-ultimate-open-beta-start,,,,,,,
3739,The Choice is Yours - Plague of the Dead,4.1 VANILLA QUESTS EXPANSION,nolvus,harvest_nolvus,exact,Not Graphics Only,1.0,nolvus-awekening-redux;nolvus-awakening-v6;nolvus-v6-ultimate-open-beta-start,,,,,,,
3740,The Choice is Yours - Hendraheim,4.1 VANILLA QUESTS EXPANSION,nolvus,harvest_nolvus,exact,Not Graphics Only,1.0,nolvus-awekening-redux;nolvus-awakening-v6;nolvus-v6-ultimate-open-beta-start,,,,,,,
3741,The Choice is Yours - Headman's Cleaver,4.1 VANILLA QUESTS EXPANSION,nolvus,harvest_nolvus,exact,Not Graphics Only,1.0,nolvus-awekening-redux;nolvus-awakening-v6;nolvus-v6-ultimate-open-beta-start,,,,,,,
3742,The Choice is Yours - Bloodchill Manor,4.1 VANILLA QUESTS EXPANSION,nolvus,harvest_nolvus,exact,Not Graphics Only,1.0,nolvus-awekening-redux;nolvus-awakening-v6;nolvus-v6-ultimate-open-beta-start,,,,,,,
3743,The Choice is Yours - Bittercup,4.1 VANILLA QUESTS EXPANSION,nolvus,harvest_nolvus,exact,Not Graphics Only,1.0,nolvus-awekening-redux;nolvus-awakening-v6;nolvus-v6-ultimate-open-beta-start,,,,,,,
3744,The Choice is Yours,4.1 VANILLA QUESTS EXPANSION,both,harvest_nolvus,exact,Not Graphics Only,2.7,nolvus-awekening-redux;nolvus-awakening-v6;nolvus-v6-ultimate-open-beta-start,yes,,3850,397674,2.7,TheChoiceIsYours.esp,section suggests Nolvus copy
3745,Timing is Everything - Nolvus Settings,4.1 VANILLA QUESTS EXPANSION,nolvus,harvest_nolvus,exact,Not Graphics Only,6.0.15,nolvus-awekening-redux,,,,,,,
3746,Timing is Everything - Settings Loader,4.1 VANILLA QUESTS EXPANSION,nolvus,harvest_nolvus,exact,Not Graphics Only,1.0.1,nolvus-awekening-redux;nolvus-awakening-v6;nolvus-v6-ultimate-open-beta-start,,,,,,,
3747,Timing is Everything,4.1 VANILLA QUESTS EXPANSION,nolvus,harvest_nolvus,exact,Not Graphics Only,2.2,nolvus-awekening-redux;nolvus-awakening-v6;nolvus-v6-ultimate-open-beta-start,,,,,,,
3748,The Heart of Dibella - Quest Expansion - DBVO - Vampire,4.1 VANILLA QUESTS EXPANSION,nolvus,harvest_nolvus,exact,Not Graphics Only,1.0,nolvus-awekening-redux;nolvus-awakening-v6;nolvus-v6-ultimate-open-beta-start,,,,,,,
3749,The Heart of Dibella - Quest Expansion - DBVO - Karat,4.1 VANILLA QUESTS EXPANSION,nolvus,harvest_nolvus,exact,Not Graphics Only,1.0,nolvus-awekening-redux;nolvus-awakening-v6;nolvus-v6-ultimate-open-beta-start,,,,,,,
3750,The Heart of Dibella - Quest Expansion - DBVO - Bella,4.1 VANILLA QUESTS EXPANSION,nolvus,harvest_nolvus,exact,Not Graphics Only,1.0,nolvus-awekening-redux;nolvus-awakening-v6;nolvus-v6-ultimate-open-beta-start,,,,,,,
3751,The Heart of Dibella - Quest Expansion,4.1 VANILLA QUESTS EXPANSION,both,harvest_nolvus,exact,Not Graphics Only,1.0,nolvus-awekening-redux;nolvus-awakening-v6;nolvus-v6-ultimate-open-beta-start,yes,,94863,619527,1.0,The Heart Of Dibella - Quest Expansion.esp,section suggests Nolvus copy
3752,The Innocence Lost - Quest Expansion - DBVO - Vampire,4.1 VANILLA QUESTS EXPANSION,nolvus,harvest_nolvus,exact,Not Graphics Only,1.0,nolvus-awekening-redux;nolvus-awakening-v6;nolvus-v6-ultimate-open-beta-start,,,,,,,
3753,The Innocence Lost - Quest Expansion - DBVO - Karat,4.1 VANILLA QUESTS EXPANSION,nolvus,harvest_nolvus,exact,Not Graphics Only,1.0,nolvus-awekening-redux;nolvus-awakening-v6;nolvus-v6-ultimate-open-beta-start,,,,,,,
3754,The Innocence Lost - Quest Expansion - DBVO - Bella,4.1 VANILLA QUESTS EXPANSION,nolvus,harvest_nolvus,exact,Not Graphics Only,1.0,nolvus-awekening-redux;nolvus-awakening-v6;nolvus-v6-ultimate-open-beta-start,,,,,,,
3755,The Innocence Lost - Quest Expansion,4.1 VANILLA QUESTS EXPANSION,both,harvest_nolvus,exact,Not Graphics Only,1.12,nolvus-awekening-redux;nolvus-awakening-v6;nolvus-v6-ultimate-open-beta-start,yes,,80974,628376,1.01,Innocence Lost - Quest Expansion.esp;Innocence Lost QE - USSEP Patch.esp,section suggests Nolvus copy
3756,The Whispering Door - Quest Expansion - DBVO - Vampire,4.1 VANILLA QUESTS EXPANSION,nolvus,harvest_nolvus,exact,Not Graphics Only,1.0,nolvus-awekening-redux;nolvus-awakening-v6;nolvus-v6-ultimate-open-beta-start,,,,,,,
3757,The Whispering Door - Quest Expansion - DBVO - Karat,4.1 VANILLA QUESTS EXPANSION,nolvus,harvest_nolvus,exact,Not Graphics Only,1.0,nolvus-awekening-redux;nolvus-awakening-v6;nolvus-v6-ultimate-open-beta-start,,,,,,,
3758,The Whispering Door - Quest Expansion - DBVO - Bella,4.1 VANILLA QUESTS EXPANSION,nolvus,harvest_nolvus,exact,Not Graphics Only,1.0,nolvus-awekening-redux;nolvus-awakening-v6;nolvus-v6-ultimate-open-beta-start,,,,,,,
3759,The Whispering Door - Quest Expansion,4.1 VANILLA QUESTS EXPANSION,nolvus,harvest_nolvus,exact,Not Graphics Only,1.10,nolvus-awekening-redux;nolvus-awakening-v6;nolvus-v6-ultimate-open-beta-start,,,,,,,
3760,The Only Cure - Quest Expansion - DBVO - Vampire,4.1 VANILLA QUESTS EXPANSION,nolvus,harvest_nolvus,exact,Not Graphics Only,1.0,nolvus-awekening-redux;nolvus-awakening-v6;nolvus-v6-ultimate-open-beta-start,,,,,,,
3761,The Only Cure - Quest Expansion - DBVO - Karat,4.1 VANILLA QUESTS EXPANSION,nolvus,harvest_nolvus,exact,Not Graphics Only,1.0,nolvus-awekening-redux;nolvus-awakening-v6;nolvus-v6-ultimate-open-beta-start,,,,,,,
3762,The Only Cure - Quest Expansion,4.1 VANILLA QUESTS EXPANSION,both,harvest_nolvus,exact,Not Graphics Only,1.02,nolvus-awekening-redux;nolvus-awakening-v6;nolvus-v6-ultimate-open-beta-start,yes,,57683,559119,1.02,TheOnlyCureQuestExpansion.esp,section suggests Nolvus copy
3763,Nilheim and Caught Red Handed - DBVO - Bella,4.1 VANILLA QUESTS EXPANSION,nolvus,harvest_nolvus,exact,Not Graphics Only,1.0,nolvus-awekening-redux;nolvus-awakening-v6;nolvus-v6-ultimate-open-beta-start,,,,,,,
3764,Nilheim - Misc Quest Expansion - DBVO - Vampire,4.1 VANILLA QUESTS EXPANSION,nolvus,harvest_nolvus,exact,Not Graphics Only,1.0,nolvus-awekening-redux;nolvus-awakening-v6;nolvus-v6-ultimate-open-beta-start,,,,,,,
3765,Nilheim - Misc Quest Expansion - DBVO - Karat,4.1 VANILLA QUESTS EXPANSION,nolvus,harvest_nolvus,exact,Not Graphics Only,1.0,nolvus-awekening-redux;nolvus-awakening-v6;nolvus-v6-ultimate-open-beta-start,,,,,,,
3766,Nilheim - Misc Quest Expansion,4.1 VANILLA QUESTS EXPANSION,both,harvest_nolvus,exact,Not Graphics Only,1.12,nolvus-awekening-redux;nolvus-awakening-v6;nolvus-v6-ultimate-open-beta-start,yes,,53792,655965,1.12,Nilheim_MiscQuestExpansion.esp,section suggests Nolvus copy
3767,Caught Red Handed - Quest Expansion - DBVO - Vampire,4.1 VANILLA QUESTS EXPANSION,nolvus,harvest_nolvus,exact,Not Graphics Only,1.0,nolvus-awekening-redux;nolvus-awakening-v6;nolvus-v6-ultimate-open-beta-start,,,,,,,
3768,Caught Red Handed - Quest Expansion - DBVO - Karat,4.1 VANILLA QUESTS EXPANSION,nolvus,harvest_nolvus,exact,Not Graphics Only,1.0,nolvus-awekening-redux;nolvus-awakening-v6;nolvus-v6-ultimate-open-beta-start,,,,,,,
3769,Caught Red Handed - Quest Expansion,4.1 VANILLA QUESTS EXPANSION,both,harvest_nolvus,exact,Not Graphics Only,1.04,nolvus-awekening-redux;nolvus-awakening-v6;nolvus-v6-ultimate-open-beta-start,yes,,65708,713588,1.04,Caught Red Handed - Quest Expansion.esp,section suggests Nolvus copy
3770,House of Horrors - Quest Expansion - DBVO - Vampire,4.1 VANILLA QUESTS EXPANSION,nolvus,harvest_nolvus,exact,Not Graphics Only,1.0,nolvus-awekening-redux;nolvus-awakening-v6;nolvus-v6-ultimate-open-beta-start,,,,,,,
3771,House of Horrors - Quest Expansion - DBVO - Karat,4.1 VANILLA QUESTS EXPANSION,nolvus,harvest_nolvus,exact,Not Graphics Only,1.0,nolvus-awekening-redux;nolvus-awakening-v6;nolvus-v6-ultimate-open-beta-start,,,,,,,
3772,House of Horrors - Quest Expansion - DBVO - Bella,4.1 VANILLA QUESTS EXPANSION,nolvus,harvest_nolvus,exact,Not Graphics Only,1.0,nolvus-awekening-redux;nolvus-awakening-v6;nolvus-v6-ultimate-open-beta-start,,,,,,,
3773,House of Horrors - Quest Expansion - Enigma Series Patch,4.1 VANILLA QUESTS EXPANSION,nolvus,harvest_nolvus,exact,Not Graphics Only,1.12,nolvus-awekening-redux;nolvus-awakening-v6;nolvus-v6-ultimate-open-beta-start,,,,,,,
3774,House of Horrors - Quest Expansion,4.1 VANILLA QUESTS EXPANSION,both,harvest_nolvus,exact,Not Graphics Only,1.12,nolvus-awekening-redux;nolvus-awakening-v6;nolvus-v6-ultimate-open-beta-start,yes,,57285,788389,1.12,HouseOfHorrorsQuestExpansion.esp,section suggests Nolvus copy
3775,Listen - Dark Brotherhood Radiant Quests,4.1 VANILLA QUESTS EXPANSION,nolvus,harvest_nolvus,exact,Not Graphics Only,1.0.1,nolvus-awekening-redux;nolvus-awakening-v6;nolvus-v6-ultimate-open-beta-start,,,,,,,
3776,Paarthurnax - Quest Expansion - Enigma Series Patch,4.1 VANILLA QUESTS EXPANSION,nolvus,harvest_nolvus,exact,Not Graphics Only,1.12,nolvus-awekening-redux;nolvus-awakening-v6;nolvus-v6-ultimate-open-beta-start,,,,,,,
3777,Paarthurnax - Quest Expansion - DBVO - Vampire,4.1 VANILLA QUESTS EXPANSION,nolvus,harvest_nolvus,exact,Not Graphics Only,1.0,nolvus-awekening-redux;nolvus-awakening-v6;nolvus-v6-ultimate-open-beta-start,,,,,,,
3778,Paarthurnax - Quest Expansion - DBVO - Karat,4.1 VANILLA QUESTS EXPANSION,nolvus,harvest_nolvus,exact,Not Graphics Only,1.0,nolvus-awekening-redux;nolvus-awakening-v6;nolvus-v6-ultimate-open-beta-start,,,,,,,
3779,Paarthurnax - Quest Expansion - DBVO - Iris,4.1 VANILLA QUESTS EXPANSION,nolvus,harvest_nolvus,exact,Not Graphics Only,1.0,nolvus-awekening-redux;nolvus-awakening-v6;nolvus-v6-ultimate-open-beta-start,,,,,,,
3780,Paarthurnax - Quest Expansion - DBVO - Bella,4.1 VANILLA QUESTS EXPANSION,nolvus,harvest_nolvus,exact,Not Graphics Only,1.0,nolvus-awekening-redux;nolvus-awakening-v6;nolvus-v6-ultimate-open-beta-start,,,,,,,
3781,Paarthurnax - Quest Expansion,4.1 VANILLA QUESTS EXPANSION,nolvus,harvest_nolvus,exact,Not Graphics Only,1.12,nolvus-awekening-redux;nolvus-awakening-v6;nolvus-v6-ultimate-open-beta-start,,,,,,,
3782,Cutting Room Floor - DBVO - Vampire,4.1 VANILLA QUESTS EXPANSION,nolvus,harvest_nolvus,exact,Not Graphics Only,1.0,nolvus-awekening-redux;nolvus-awakening-v6;nolvus-v6-ultimate-open-beta-start,,,,,,,
3783,Cutting Room Floor - DBVO - Karat,4.1 VANILLA QUESTS EXPANSION,nolvus,harvest_nolvus,exact,Not Graphics Only,1.0,nolvus-awekening-redux;nolvus-awakening-v6;nolvus-v6-ultimate-open-beta-start,,,,,,,
3784,Cutting Room Floor - At your Own Pace,4.1 VANILLA QUESTS EXPANSION,nolvus_old,harvest_nolvus,exact,,,nolvus-awekening-redux;nolvus-awakening-v6;nolvus-v6-ultimate-open-beta-start,,,,,,,not on the current nolvus.net page (6.0.21 beta); present in 6.0.20 snapshots
3785,Cutting Room Floor - College of Winterhold Quest Start Fixes,4.1 VANILLA QUESTS EXPANSION,nolvus,harvest_nolvus,exact,Not Graphics Only,0.4,nolvus-awekening-redux;nolvus-awakening-v6;nolvus-v6-ultimate-open-beta-start,,,,,,,
3786,Cutting Room Floor,4.1 VANILLA QUESTS EXPANSION,nolvus,harvest_nolvus,exact,Not Graphics Only,3.1.11,nolvus-awekening-redux;nolvus-awakening-v6;nolvus-v6-ultimate-open-beta-start,,,,,,,
3787,Companions - Dialogue Bundle - At Your Own Pace Patch,4.1 VANILLA QUESTS EXPANSION,nolvus_old,harvest_nolvus,exact,,,nolvus-awekening-redux,,,,,,,not on the current nolvus.net page (6.0.21 beta); present in 6.0.20 snapshots
3788,Companions - Dialogue Bundle,4.1 VANILLA QUESTS EXPANSION,nolvus,harvest_nolvus,exact,Not Graphics Only,1.6,nolvus-awekening-redux,,,,,,,
3789,Companions - Vilkas Spar Skip,4.1 VANILLA QUESTS EXPANSION,nolvus,harvest_nolvus,exact,Not Graphics Only,1.0.0,nolvus-awekening-redux,,,,,,,
3790,At Your Own Pace - DBVO - Bella,4.1 VANILLA QUESTS EXPANSION,nolvus_old,harvest_nolvus,exact,,,nolvus-awekening-redux;nolvus-awakening-v6;nolvus-v6-ultimate-open-beta-start,,,,,,,not on the current nolvus.net page (6.0.21 beta); present in 6.0.20 snapshots
3791,At Your Own Pace - DBVO - Karat,4.1 VANILLA QUESTS EXPANSION,nolvus_old,harvest_nolvus,exact,,,nolvus-awekening-redux;nolvus-awakening-v6;nolvus-v6-ultimate-open-beta-start,,,,,,,not on the current nolvus.net page (6.0.21 beta); present in 6.0.20 snapshots
3792,At Your Own Pace - Dragonborn,4.1 VANILLA QUESTS EXPANSION,nolvus,harvest_nolvus,exact,Not Graphics Only,1.0.1,nolvus-awekening-redux;nolvus-awakening-v6;nolvus-v6-ultimate-open-beta-start,,,,,,,
3793,At Your Own Pace - Dawnguard,4.1 VANILLA QUESTS EXPANSION,nolvus_old,harvest_nolvus,exact,,,nolvus-awekening-redux;nolvus-awakening-v6;nolvus-v6-ultimate-open-beta-start,,,,,,,not on the current nolvus.net page (6.0.21 beta); present in 6.0.20 snapshots
3794,At Your Own Pace - Misc,4.1 VANILLA QUESTS EXPANSION,nolvus,harvest_nolvus,exact,Not Graphics Only,1.1,nolvus-awekening-redux;nolvus-awakening-v6;nolvus-v6-ultimate-open-beta-start,,,,,,,
3795,At Your Own Pace - Thane Overhaul,4.1 VANILLA QUESTS EXPANSION,nolvus,harvest_nolvus,exact,Not Graphics Only,1.0.3,nolvus-awekening-redux;nolvus-awakening-v6;nolvus-v6-ultimate-open-beta-start,,,,,,,
3796,At Your Own Pace - Thieves Guild,4.1 VANILLA QUESTS EXPANSION,nolvus_old,harvest_nolvus,exact,,,nolvus-awekening-redux;nolvus-awakening-v6;nolvus-v6-ultimate-open-beta-start,,,,,,,not on the current nolvus.net page (6.0.21 beta); present in 6.0.20 snapshots
3797,At Your Own Pace - Dark Brotherhood,4.1 VANILLA QUESTS EXPANSION,nolvus_old,harvest_nolvus,exact,,,nolvus-awekening-redux;nolvus-awakening-v6;nolvus-v6-ultimate-open-beta-start,,,,,,,not on the current nolvus.net page (6.0.21 beta); present in 6.0.20 snapshots
3798,At Your Own Pace - Companions,4.1 VANILLA QUESTS EXPANSION,nolvus_old,harvest_nolvus,exact,,,nolvus-awekening-redux;nolvus-awakening-v6;nolvus-v6-ultimate-open-beta-start,,,,,,,not on the current nolvus.net page (6.0.21 beta); present in 6.0.20 snapshots
3799,At Your Own Pace - College of Winterhold,4.1 VANILLA QUESTS EXPANSION,nolvus_old,harvest_nolvus,exact,,,nolvus-awekening-redux;nolvus-awakening-v6;nolvus-v6-ultimate-open-beta-start,,,,,,,not on the current nolvus.net page (6.0.21 beta); present in 6.0.20 snapshots
3800,At Your Own Pace - Main Quest,4.1 VANILLA QUESTS EXPANSION,nolvus_old,harvest_nolvus,exact,,,nolvus-awekening-redux,,,,,,,not on the current nolvus.net page (6.0.21 beta); present in 6.0.20 snapshots
3801,Quests Are In Skyrim,4.1 VANILLA QUESTS EXPANSION,both,harvest_nolvus,exact,Not Graphics Only,1.3,nolvus-awekening-redux,yes,,18416,269931,1.3,QuestsAreInSkyrimUSSEP.esp,section suggests Nolvus copy
3803,Wheezing Draugr - ISC Patch,3. MUSIC & SOUNDS,unknown,review,exact,,,,,,,,,,not in any snapshot; identify on Nexus
3804,Wheezing Draugr,3. MUSIC & SOUNDS,mv,harvest_mv,exact,,,,yes,,177568,742989,1.0,Wheezing Draugr.esp,
3805,Nolvus Awakening Sounds Patch,3. MUSIC & SOUNDS,nolvus,harvest_nolvus,exact,Not Graphics Only,6.0.15,nolvus-awekening-redux;nolvus-awakening-v6;nolvus-v6-ultimate-open-beta-start,,,,,,,
3806,GoT HotD - Dragon Sounds Replacer,3. MUSIC & SOUNDS,nolvus,harvest_nolvus,exact,Not Graphics Only,1.1,nolvus-awekening-redux;nolvus-awakening-v6;nolvus-v6-ultimate-open-beta-start,,,,,,,
3807,Whales Off The Coast,3. MUSIC & SOUNDS,both,harvest_nolvus,exact,Not Graphics Only,1.12,nolvus-awekening-redux;nolvus-awakening-v6;nolvus-v6-ultimate-open-beta-start,yes,,111681,506003,1.12,WhalesOffTheCoast.esp,section suggests Nolvus copy
3808,Heels Sound Blank,3. MUSIC & SOUNDS,nolvus,harvest_nolvus,exact,Not Graphics Only,1.0,nolvus-awekening-redux;nolvus-awakening-v6;nolvus-v6-ultimate-open-beta-start,,,,,,,
3809,Memospore - UI Sound Effects,3. MUSIC & SOUNDS,nolvus,harvest_nolvus,exact,Not Graphics Only,1.0,nolvus-awekening-redux;nolvus-awakening-v6;nolvus-v6-ultimate-open-beta-start,,,,,,,
3810,Dragonborn Voice Over - Bella Voice Pack,3. MUSIC & SOUNDS,nolvus,harvest_nolvus,exact,Not Graphics Only,1.0,nolvus-awekening-redux;nolvus-awakening-v6;nolvus-v6-ultimate-open-beta-start,,,,,,,
3811,Dragonborn Voice Over - Vampire - Creation Club Patch,3. MUSIC & SOUNDS,nolvus,harvest_nolvus,exact,Not Graphics Only,1.0,nolvus-awekening-redux;nolvus-awakening-v6;nolvus-v6-ultimate-open-beta-start,,,,,,,
3812,Dragonborn Voice Over - Vampire - Voice Pack,3. MUSIC & SOUNDS,nolvus,harvest_nolvus,exact,Not Graphics Only,1.0,nolvus-awekening-redux;nolvus-awakening-v6;nolvus-v6-ultimate-open-beta-start,,,,,,,
3813,Dragonborn Voice Over - Triss Voice Pack,3. MUSIC & SOUNDS,nolvus,harvest_nolvus,exact,Not Graphics Only,1.2,nolvus-awekening-redux;nolvus-awakening-v6;nolvus-v6-ultimate-open-beta-start,,,,,,,
3814,Dragonborn Voice Over - Master Chief Voice Pack,3. MUSIC & SOUNDS,nolvus,harvest_nolvus,exact,Not Graphics Only,1.2,nolvus-awekening-redux;nolvus-awakening-v6;nolvus-v6-ultimate-open-beta-start,,,,,,,
3815,Dragonborn Voice Over - Kratos Voice Pack,3. MUSIC & SOUNDS,nolvus,harvest_nolvus,exact,Not Graphics Only,1.2,nolvus-awekening-redux;nolvus-awakening-v6;nolvus-v6-ultimate-open-beta-start,,,,,,,
3816,Dragonborn Voice Over - Karat - USSEP,3. MUSIC & SOUNDS,nolvus,harvest_nolvus,exact,Not Graphics Only,1.0,nolvus-awekening-redux;nolvus-awakening-v6;nolvus-v6-ultimate-open-beta-start,,,,,,,
3817,Dragonborn Voice Over - Karat - Voice Pack,3. MUSIC & SOUNDS,nolvus,harvest_nolvus,exact,Not Graphics Only,1.1,nolvus-awekening-redux;nolvus-awakening-v6;nolvus-v6-ultimate-open-beta-start,,,,,,,
3818,Dragonborn Voice Over - Iris - USSEP,3. MUSIC & SOUNDS,nolvus,harvest_nolvus,exact,Not Graphics Only,1.0,nolvus-awekening-redux;nolvus-awakening-v6;nolvus-v6-ultimate-open-beta-start,,,,,,,
3819,Dragonborn Voice Over - Iris - Voice Pack,3. MUSIC & SOUNDS,nolvus,harvest_nolvus,exact,Not Graphics Only,1.0,nolvus-awekening-redux;nolvus-awakening-v6;nolvus-v6-ultimate-open-beta-start,,,,,,,
3820,Dragonborn Voice Over - Geralt Voice Pack,3. MUSIC & SOUNDS,nolvus,harvest_nolvus,exact,Not Graphics Only,1.2,nolvus-awekening-redux;nolvus-awakening-v6;nolvus-v6-ultimate-open-beta-start,,,,,,,
3821,Dragonborn Voice Over - Elas - Creation Club Content,3. MUSIC & SOUNDS,nolvus,harvest_nolvus,exact,Not Graphics Only,1.1,nolvus-awekening-redux;nolvus-awakening-v6;nolvus-v6-ultimate-open-beta-start,,,,,,,
3822,Dragonborn Voice Over - Elas - Elven Voice Pack,3. MUSIC & SOUNDS,nolvus,harvest_nolvus,exact,Not Graphics Only,1.2,nolvus-awekening-redux;nolvus-awakening-v6;nolvus-v6-ultimate-open-beta-start,,,,,,,
3823,Dragonborn Voice Over - Male Brute,3. MUSIC & SOUNDS,nolvus,harvest_nolvus,exact,Not Graphics Only,1.0,nolvus-awekening-redux;nolvus-awakening-v6;nolvus-v6-ultimate-open-beta-start,,,,,,,
3824,Dragonborn Voice Over - Wang Yuanji Voice Pack,3. MUSIC & SOUNDS,nolvus,harvest_nolvus,exact,Not Graphics Only,2.0.3,nolvus-awekening-redux;nolvus-awakening-v6;nolvus-v6-ultimate-open-beta-start,,,,,,,
3825,Dragonborn Voice Over - Dagoth Ur Voice Pack,3. MUSIC & SOUNDS,nolvus,harvest_nolvus,exact,Not Graphics Only,1.2,nolvus-awekening-redux;nolvus-awakening-v6;nolvus-v6-ultimate-open-beta-start,,,,,,,
3826,Dragonborn Voice Over - Female Orc Voice Pack,3. MUSIC & SOUNDS,nolvus,harvest_nolvus,exact,Not Graphics Only,1.0,nolvus-awekening-redux;nolvus-awakening-v6;nolvus-v6-ultimate-open-beta-start,,,,,,,
3827,Dragonborn Voice Over - Argonian Male Voice Pack,3. MUSIC & SOUNDS,nolvus,harvest_nolvus,exact,Not Graphics Only,1.00,nolvus-awekening-redux;nolvus-awakening-v6;nolvus-v6-ultimate-open-beta-start,,,,,,,
3828,The Sounds of Towns and Cities,3. MUSIC & SOUNDS,both,harvest_nolvus,exact,Not Graphics Only,1.1,nolvus-awekening-redux;nolvus-awakening-v6;nolvus-v6-ultimate-open-beta-start,yes,,127561,537391,1.0,Sounds of Towns and Cities.esp,section suggests Nolvus copy
3829,Distant Rolling Thunder,3. MUSIC & SOUNDS,both,harvest_nolvus,exact,Not Graphics Only,1.2,nolvus-awekening-redux;nolvus-awakening-v6;nolvus-v6-ultimate-open-beta-start,yes,,127180,534574,1.0,Distant Rolling Thunder.esp,section suggests Nolvus copy
3830,Volkihar Soundscape Overhaul,3. MUSIC & SOUNDS,both,harvest_nolvus,exact,Not Graphics Only,1.1,nolvus-awekening-redux;nolvus-awakening-v6;nolvus-v6-ultimate-open-beta-start,yes,,118891,500242,1.1,VolkiharSoundscapeOverhaul.esp;VSO_LUX Patch.esp,section suggests Nolvus copy
3831,Solstheim Exterior Soundscapes,3. MUSIC & SOUNDS,both,harvest_nolvus,exact,Not Graphics Only,1.2,nolvus-awekening-redux;nolvus-awakening-v6;nolvus-v6-ultimate-open-beta-start,yes,,121361,511919,1.0,SES All Maker Stones - Pilgrim Patch.esp;Solstheim Exterior Soundscapes - All Maker Stones.esp;Solstheim Exterior Soundscapes.esp,section suggests Nolvus copy
3832,The Standing Sound Stones,3. MUSIC & SOUNDS,both,harvest_nolvus,exact,Not Graphics Only,1.2,nolvus-awekening-redux;nolvus-awakening-v6;nolvus-v6-ultimate-open-beta-start,yes,,119471,502521,1.1,The Standing Sound Stones.esp,section suggests Nolvus copy
3833,Revenant Spirits of the Soul Cairn,3. MUSIC & SOUNDS,both,harvest_nolvus,exact,Not Graphics Only,1.21,nolvus-awekening-redux;nolvus-awakening-v6;nolvus-v6-ultimate-open-beta-start,yes,,113884,510785,1,Revenant Spirits of the Soul Cairn.esp,section suggests Nolvus copy
3834,Whispering Tomes of Apocrypha,3. MUSIC & SOUNDS,both,harvest_nolvus,exact,Not Graphics Only,1.1,nolvus-awekening-redux;nolvus-awakening-v6;nolvus-v6-ultimate-open-beta-start,yes,,113423,479533,1,Whispering Tomes of Apocrypha.esp,section suggests Nolvus copy
3835,Ambient Warfare,3. MUSIC & SOUNDS,nolvus,harvest_nolvus,exact,Not Graphics Only,1.1,nolvus-awekening-redux;nolvus-awakening-v6;nolvus-v6-ultimate-open-beta-start,,,,,,,
3836,Nordic Winds,3. MUSIC & SOUNDS,both,harvest_nolvus,exact,Not Graphics Only,1.1,nolvus-awekening-redux;nolvus-awakening-v6;nolvus-v6-ultimate-open-beta-start,yes,,112370,600108,1,Nordic Winds.esp,section suggests Nolvus copy
3837,Blackreach Eerie Ambience,3. MUSIC & SOUNDS,both,harvest_nolvus,exact,Not Graphics Only,1.0,nolvus-awekening-redux;nolvus-awakening-v6;nolvus-v6-ultimate-open-beta-start,yes,,112114,531506,1,BlackreachEerieAmbience.esp;Crimson Nirnroot Sound Replacer.esp,section suggests Nolvus copy
3838,Murder of Songbirds,3. MUSIC & SOUNDS,both,harvest_nolvus,exact,Not Graphics Only,1.0,nolvus-awekening-redux;nolvus-awakening-v6;nolvus-v6-ultimate-open-beta-start,yes,,111766,488886,1,MurderOfSongbirds.esp,section suggests Nolvus copy
3839,Wildwood Echoes,3. MUSIC & SOUNDS,both,harvest_nolvus,exact,Not Graphics Only,1.2,nolvus-awekening-redux;nolvus-awakening-v6;nolvus-v6-ultimate-open-beta-start,yes,,112008,741901,1,WildwoodEchoes.esp,section suggests Nolvus copy
3840,Exhaustion - Nolvus Settings,3. MUSIC & SOUNDS,nolvus,harvest_nolvus,exact,Not Graphics Only,6.0.4,nolvus-awekening-redux;nolvus-awakening-v6;nolvus-v6-ultimate-open-beta-start,,,,,,,
3841,Exhaustion - Settings Loader,3. MUSIC & SOUNDS,nolvus,harvest_nolvus,exact,Not Graphics Only,1.1,nolvus-awekening-redux;nolvus-awakening-v6;nolvus-v6-ultimate-open-beta-start,,,,,,,
3842,Exhaustion,3. MUSIC & SOUNDS,nolvus,harvest_nolvus,exact,Not Graphics Only,4.1,nolvus-awekening-redux;nolvus-awakening-v6;nolvus-v6-ultimate-open-beta-start,,,,,,,
3843,More Painful NPC Death Sounds - 50 Percent Chance,3. MUSIC & SOUNDS,nolvus,harvest_nolvus,exact,Not Graphics Only,1.91,nolvus-awekening-redux;nolvus-awakening-v6;nolvus-v6-ultimate-open-beta-start,,,,,,,
3844,More Painful NPC Death Sounds,3. MUSIC & SOUNDS,nolvus,harvest_nolvus,exact,Not Graphics Only,1.9,nolvus-awekening-redux;nolvus-awakening-v6;nolvus-v6-ultimate-open-beta-start,,,,,,,
3845,The Black Door Revoiced,3. MUSIC & SOUNDS,nolvus,harvest_nolvus,exact,Not Graphics Only,1.0,nolvus-awekening-redux;nolvus-awakening-v6;nolvus-v6-ultimate-open-beta-start,,,,,,,
3846,Combat Music Fix,3. MUSIC & SOUNDS,nolvus,harvest_nolvus,exact,Not Graphics Only,1.0,nolvus-awekening-redux;nolvus-awakening-v6;nolvus-v6-ultimate-open-beta-start,,,,,,,
3847,Bulwark - Shield Audio Overhaul,3. MUSIC & SOUNDS,nolvus,harvest_nolvus,exact,Not Graphics Only,0.1a,nolvus-awekening-redux;nolvus-awakening-v6;nolvus-v6-ultimate-open-beta-start,,,,,,,
3848,Skullbreaker - Blunt Weapons SFX,3. MUSIC & SOUNDS,nolvus,harvest_nolvus,exact,Not Graphics Only,0.3,nolvus-awekening-redux;nolvus-awakening-v6;nolvus-v6-ultimate-open-beta-start,,,,,,,
3849,Bleeding Edge - Sword Alternative,3. MUSIC & SOUNDS,nolvus,harvest_nolvus,exact,Not Graphics Only,0.1,nolvus-awekening-redux;nolvus-awakening-v6;nolvus-v6-ultimate-open-beta-start,,,,,,,
3850,Bleeding Edge - Bladed Weapons SFX Overhaul,3. MUSIC & SOUNDS,nolvus,harvest_nolvus,exact,Not Graphics Only,1.3,nolvus-awekening-redux;nolvus-awakening-v6;nolvus-v6-ultimate-open-beta-start,,,,,,,
3851,Sound Fix for Large Sector Drives,3. MUSIC & SOUNDS,both,harvest_nolvus,exact,Not Graphics Only,4.0,nolvus-awekening-redux;nolvus-awakening-v6;nolvus-v6-ultimate-open-beta-start,yes,large_sector_fix.dll,71567,322907,4,,section suggests Nolvus copy
3852,New Game Sound on Continue,3. MUSIC & SOUNDS,nolvus,harvest_nolvus,exact,Not Graphics Only,1.0,nolvus-awekening-redux;nolvus-awakening-v6;nolvus-v6-ultimate-open-beta-start,,,,,,,
3853,Meridia Revoiced,3. MUSIC & SOUNDS,nolvus,harvest_nolvus,exact,Not Graphics Only,1.0,nolvus-awekening-redux;nolvus-awakening-v6;nolvus-v6-ultimate-open-beta-start,,,,,,,
3854,NPC Dialogue Audio Enhancer,3. MUSIC & SOUNDS,nolvus,harvest_nolvus,exact,Not Graphics Only,1.0,nolvus-awekening-redux;nolvus-awakening-v6;nolvus-v6-ultimate-open-beta-start,,,,,,,
3855,Authentic Wolf Howls and Aggro,3. MUSIC & SOUNDS,nolvus,harvest_nolvus,exact,Not Graphics Only,1.0,nolvus-awekening-redux;nolvus-awakening-v6;nolvus-v6-ultimate-open-beta-start,,,,,,,
3856,Thundering Shouts,3. MUSIC & SOUNDS,nolvus,harvest_nolvus,exact,Not Graphics Only,1.1,nolvus-awekening-redux;nolvus-awakening-v6;nolvus-v6-ultimate-open-beta-start,,,,,,,
3857,Phoenix Compendium,3. MUSIC & SOUNDS,both,harvest_nolvus,exact,Not Graphics Only,2.2.1,nolvus-awekening-redux;nolvus-awakening-v6;nolvus-v6-ultimate-open-beta-start,yes,,55221,772376,2.2.1,,section suggests Nolvus copy
3858,Immersive Sounds - Creation Club Armours,3. MUSIC & SOUNDS,nolvus,harvest_nolvus,exact,Not Graphics Only,1.2,nolvus-awekening-redux;nolvus-awakening-v6;nolvus-v6-ultimate-open-beta-start,,,,,,,
3859,Reverb Interior Sounds Expansion,3. MUSIC & SOUNDS,nolvus,harvest_nolvus,exact,Not Graphics Only,1.5,nolvus-awekening-redux;nolvus-awakening-v6;nolvus-v6-ultimate-open-beta-start,,,,,,,
3860,Regional Sounds Expansion,3. MUSIC & SOUNDS,nolvus,harvest_nolvus,exact,Not Graphics Only,2.0,nolvus-awekening-redux;nolvus-awakening-v6;nolvus-v6-ultimate-open-beta-start,,,,,,,
3861,Quiet Better Jumping,3. MUSIC & SOUNDS,nolvus,harvest_nolvus,exact,Not Graphics Only,1.3,nolvus-awekening-redux,,,,,,,
3862,Audio Overhaul - Immersive Sounds Integration,3. MUSIC & SOUNDS,nolvus,harvest_nolvus,exact,Not Graphics Only,1.1,nolvus-awekening-redux;nolvus-awakening-v6;nolvus-v6-ultimate-open-beta-start,,,,,,,
3863,Immersive Sounds - Compendium,3. MUSIC & SOUNDS,nolvus,harvest_nolvus,exact,Not Graphics Only,3.0,nolvus-awekening-redux;nolvus-awakening-v6;nolvus-v6-ultimate-open-beta-start,,,,,,,
3864,Audio Overhaul for Skyrim,3. MUSIC & SOUNDS,nolvus,harvest_nolvus,exact,Not Graphics Only,4.1.3,nolvus-awekening-redux;nolvus-awakening-v6;nolvus-v6-ultimate-open-beta-start,,,,,,,
3865,Acoustic Space Improvement Fixes,3. MUSIC & SOUNDS,nolvus,harvest_nolvus,exact,Not Graphics Only,1.2.1,nolvus-awekening-redux;nolvus-awakening-v6;nolvus-v6-ultimate-open-beta-start,,,,,,,
3866,Sound Record Distributor,3. MUSIC & SOUNDS,both,harvest_nolvus,exact,Not Graphics Only,1.3,nolvus-awekening-redux;nolvus-awakening-v6;nolvus-v6-ultimate-open-beta-start,yes,SoundRecordDistributor.dll,77815,724785,1.3.0,,section suggests Nolvus copy
3867,Nolvus Awakening Music Patch,3. MUSIC & SOUNDS,nolvus,harvest_nolvus,exact,Not Graphics Only,6.0,nolvus-awekening-redux;nolvus-awakening-v6;nolvus-v6-ultimate-open-beta-start,,,,,,,
3868,Angelic Green - Music,3. MUSIC & SOUNDS,nolvus,harvest_nolvus,exact,Not Graphics Only,1.1,nolvus-awekening-redux,,,,,,,
3869,The Imperial Legion - Main Music,3. MUSIC & SOUNDS,nolvus,harvest_nolvus,exact,Not Graphics Only,1.0,nolvus-awekening-redux;nolvus-awakening-v6;nolvus-v6-ultimate-open-beta-start,,,,,,,
3870,A Short and Peaceful Nerevar Rising - Main Music,3. MUSIC & SOUNDS,nolvus,harvest_nolvus,exact,Not Graphics Only,1.0,nolvus-awekening-redux;nolvus-awakening-v6;nolvus-v6-ultimate-open-beta-start,,,,,,,
3871,Nerevar Rising,3. MUSIC & SOUNDS,nolvus,harvest_nolvus,exact,Not Graphics Only,1.0,nolvus-awekening-redux;nolvus-awakening-v6;nolvus-v6-ultimate-open-beta-start,,,,,,,
3872,Theme Remix - Main Music,3. MUSIC & SOUNDS,nolvus,harvest_nolvus,exact,Not Graphics Only,1.0,nolvus-awekening-redux;nolvus-awakening-v6;nolvus-v6-ultimate-open-beta-start,,,,,,,
3873,Epic Orchestral - Main Music,3. MUSIC & SOUNDS,nolvus,harvest_nolvus,exact,Not Graphics Only,1.0,nolvus-awekening-redux;nolvus-awakening-v6;nolvus-v6-ultimate-open-beta-start,,,,,,,
3874,Magic College Music - Songs for Academy,3. MUSIC & SOUNDS,nolvus,harvest_nolvus,exact,Not Graphics Only,2.5,nolvus-awekening-redux;nolvus-awakening-v6;nolvus-v6-ultimate-open-beta-start,,,,,,,
3875,BA Bard Songs,3. MUSIC & SOUNDS,both,harvest_nolvus,exact,Not Graphics Only,1.3,nolvus-awekening-redux;nolvus-awakening-v6;nolvus-v6-ultimate-open-beta-start,yes,,47202,213912,1.3,BA_BardSongs_AIO.esp,section suggests Nolvus copy
3876,Ragnarok - Viking Battle Music,3. MUSIC & SOUNDS,nolvus,harvest_nolvus,exact,Not Graphics Only,1.1,nolvus-awekening-redux;nolvus-awakening-v6;nolvus-v6-ultimate-open-beta-start,,,,,,,
3877,Dark Era,3. MUSIC & SOUNDS,nolvus,harvest_nolvus,exact,Not Graphics Only,1.0,nolvus-awekening-redux;nolvus-awakening-v6;nolvus-v6-ultimate-open-beta-start,,,,,,,
3878,Clair Obscur Expedition 33 - VANILLA PLUS,3. MUSIC & SOUNDS,unknown,review,exact,,,,,,,,,,not in any snapshot; identify on Nexus
3879,Symphonic Soundtrack,3. MUSIC & SOUNDS,nolvus,harvest_nolvus,exact,Not Graphics Only,2.0,nolvus-awekening-redux;nolvus-awakening-v6;nolvus-v6-ultimate-open-beta-start,,,,,,,
3880,The Southerner Diaries - A Soundtrack Expansion,3. MUSIC & SOUNDS,nolvus,harvest_nolvus,exact,Not Graphics Only,1.2,nolvus-awekening-redux;nolvus-awakening-v6;nolvus-v6-ultimate-open-beta-start,,,,,,,
3881,Songs to Play Skyrim,3. MUSIC & SOUNDS,nolvus,harvest_nolvus,exact,Not Graphics Only,1.1,nolvus-awekening-redux;nolvus-awakening-v6;nolvus-v6-ultimate-open-beta-start,,,,,,,
3882,The Elder Songs,3. MUSIC & SOUNDS,nolvus,harvest_nolvus,exact,Not Graphics Only,3.1.2,nolvus-awekening-redux;nolvus-awakening-v6;nolvus-v6-ultimate-open-beta-start,,,,,,,
3883,The Northerner Diaries,3. MUSIC & SOUNDS,nolvus,harvest_nolvus,exact,Not Graphics Only,1.2a,nolvus-awekening-redux;nolvus-awakening-v6;nolvus-v6-ultimate-open-beta-start,,,,,,,
3884,Nyghtfall Music,3. MUSIC & SOUNDS,nolvus,harvest_nolvus,exact,Not Graphics Only,1.93,nolvus-awekening-redux;nolvus-awakening-v6;nolvus-v6-ultimate-open-beta-start,,,,,,,
3885,Hun - Lovaas,3. MUSIC & SOUNDS,nolvus,harvest_nolvus,exact,Not Graphics Only,1.0,nolvus-awekening-redux;nolvus-awakening-v6;nolvus-v6-ultimate-open-beta-start,,,,,,,
3886,Melodies of Civilization,3. MUSIC & SOUNDS,nolvus,harvest_nolvus,exact,Not Graphics Only,1.01,nolvus-awekening-redux;nolvus-awakening-v6;nolvus-v6-ultimate-open-beta-start,,,,,,,
3887,Chapter II - Jeremy Soule Inspired Music,3. MUSIC & SOUNDS,nolvus,harvest_nolvus,exact,Not Graphics Only,3.0,nolvus-awekening-redux;nolvus-awakening-v6;nolvus-v6-ultimate-open-beta-start,,,,,,,
3888,Still - Skyrim Inspired Music,3. MUSIC & SOUNDS,nolvus,harvest_nolvus,exact,Not Graphics Only,1.01,nolvus-awekening-redux;nolvus-awakening-v6;nolvus-v6-ultimate-open-beta-start,,,,,,,
3890,Character Menu SE,2.4 CHARACTER,mv,harvest_mv,exact,,,,yes,CharacterSheet.dll,173074,736097,1.0,Character Menu SE.esp,has SKSE DLL from MV (1.6.1170 build) - replace with 1.5.97/NG build
3891,Obi's Warpaints 2K,2.4 CHARACTER,mv,harvest_mv,exact,,,,yes,,104117,442678,1.0,ObiWarpaintsTattoos.esp,
3892,Advanced Eyes Addon for (CVEO) by LDD - EFM Patch,2.4 CHARACTER,unknown,review,exact,,,,,,,,,,not in any snapshot; identify on Nexus
3893,Advanced Eyes Addon for (CVEO) by LDD,2.4 CHARACTER,unknown,review,exact,,,,,,,,,,not in any snapshot; identify on Nexus
3894,LDD - Better Eye Shape for HPH,2.4 CHARACTER,unknown,review,exact,,,,,,,,,,not in any snapshot; identify on Nexus
3895,Dint BDOR Hair - Salt and Wind (Sassy),2.4 CHARACTER,unknown,review,exact,,,,,,,,,,not in any snapshot; identify on Nexus
3896,[Dint999] BDOR Hairs SSE 0.23,2.4 CHARACTER,non_nexus,drop,exact,,,,,,,,,,Patreon/Discord
3897,Player Rotation in ShowRaceMenu,2.4 CHARACTER,nolvus,harvest_nolvus,exact,Always Install,1.0,nolvus-awekening-redux;nolvus-awakening-v6;nolvus-v6-ultimate-open-beta-start,,,,,,,
3898,RaceMenu OverlayFix and Various Mod Fixes,2.4 CHARACTER,nolvus,harvest_nolvus,exact,Always Install,1.2,nolvus-awekening-redux,,,,,,,
3899,RaceMenu High Heels Fixes - Advanced,2.4 CHARACTER,nolvus,harvest_nolvus,exact,Always Install,1.7.2,nolvus-awekening-redux;nolvus-awakening-v6;nolvus-v6-ultimate-open-beta-start,,,,,,,
3900,RaceMenu Special Edition - Nolvus Settings,2.4 CHARACTER,nolvus,harvest_nolvus,exact,Always Install,6.0.10,nolvus-awekening-redux,,,,,,,
3901,RaceMenu Special Edition - Dip Patch (Edge UI Explorer Addon),2.4 CHARACTER,nolvus,harvest_nolvus,exact,Edge UI,6.0.15,,,,,,,,
3902,RaceMenu Special Edition - Edge UI Explorer Addon Patch,2.4 CHARACTER,nolvus,harvest_nolvus,exact,Edge UI,3.5.1,,,,,,,,
3903,RaceMenu Special Edition - Hotfix,2.4 CHARACTER,nolvus,harvest_nolvus,exact,Always Install,1.0,nolvus-awekening-redux;nolvus-awakening-v6;nolvus-v6-ultimate-open-beta-start,,,,,,,
3904,RaceMenu Special Edition,2.4 CHARACTER,nolvus,harvest_nolvus,exact,Always Install,0.4.16,nolvus-awekening-redux;nolvus-awakening-v6;nolvus-v6-ultimate-open-beta-start,,,,,,,
3906,Unread Books Glow - Nolvus Settings,2.3 SCREEN FONTS & MAP,nolvus,harvest_nolvus,exact,Always Install,6.0.19,nolvus-awekening-redux;nolvus-awakening-v6;nolvus-v6-ultimate-open-beta-start,,,,,,,
3907,Unread Books Glow - Settings Loader,2.3 SCREEN FONTS & MAP,nolvus,harvest_nolvus,exact,Always Install,1.0.2,nolvus-awekening-redux;nolvus-awakening-v6;nolvus-v6-ultimate-open-beta-start,,,,,,,
3908,Lore-Friendly Load Screen Compendium (21-9) (4K),2.3 SCREEN FONTS & MAP,unknown,review,exact,,,,,,,,,,not in any snapshot; identify on Nexus
3909,Unread Books Glow,2.3 SCREEN FONTS & MAP,nolvus,harvest_nolvus,exact,Always Install,2.2.1,nolvus-awekening-redux;nolvus-awakening-v6;nolvus-v6-ultimate-open-beta-start,,,,,,,
3910,Balls - Vanilla LS Remover,2.3 SCREEN FONTS & MAP,nolvus,harvest_nolvus,exact,Always Install,1.0,nolvus-awekening-redux;nolvus-awakening-v6;nolvus-v6-ultimate-open-beta-start,,,,,,,
3911,Skyrim SE Skill Interface Re-Texture,2.3 SCREEN FONTS & MAP,nolvus,harvest_nolvus,exact,Always Install,4.1,nolvus-awekening-redux;nolvus-awakening-v6;nolvus-v6-ultimate-open-beta-start,,,,,,,
3912,Atlas Map Markers - Discrepancy's Greenwood Shack Patch,2.3 SCREEN FONTS & MAP,nolvus,harvest_nolvus,exact,Not Graphics Only,1.2,nolvus-awekening-redux;nolvus-awakening-v6;nolvus-v6-ultimate-open-beta-start,,,,,,,
3913,Atlas Map Markers,2.3 SCREEN FONTS & MAP,nolvus,harvest_nolvus,exact,Always Install,2.7,nolvus-awekening-redux;nolvus-awakening-v6;nolvus-v6-ultimate-open-beta-start,,,,,,,
3914,HD Local Map,2.3 SCREEN FONTS & MAP,both,harvest_nolvus,exact,Always Install,1.0.2,nolvus-awekening-redux;nolvus-awakening-v6;nolvus-v6-ultimate-open-beta-start,yes,HDLocalMap.dll,74722,545764,1.0.2,,section suggests Nolvus copy
3916,Unbind Hidden Hotkeys,2.2 HOTKEYS,nolvus,harvest_nolvus,exact,Always Install,1.1,nolvus-awekening-redux;nolvus-awakening-v6;nolvus-v6-ultimate-open-beta-start,,,,,,,
3917,Dynamic Activation Key - Addons Collection2,2.2 HOTKEYS,unknown,review,exact,,,,,,,,,,not in any snapshot; identify on Nexus
3918,Dynamic Activation Key - MCM,2.2 HOTKEYS,both,harvest_nolvus,exact,Always Install,1.2,nolvus-awekening-redux;nolvus-awakening-v6;nolvus-v6-ultimate-open-beta-start,yes,,96408,410115,1.2.0,Dynamic Activation Key - MCM.esp,section suggests Nolvus copy
3919,Dynamic Activation Key,2.2 HOTKEYS,both,harvest_nolvus,exact,Always Install,1.02,nolvus-awekening-redux;nolvus-awakening-v6;nolvus-v6-ultimate-open-beta-start,yes,,96273,421305,1.02,Dynamic Activation Key.esp,section suggests Nolvus copy
3920,Extended Hotkey System,2.2 HOTKEYS,nolvus,harvest_nolvus,exact,Always Install,1.1,nolvus-awekening-redux;nolvus-awakening-v6;nolvus-v6-ultimate-open-beta-start,,,,,,,
3922,Lamas Tiny Hud - Edge version (SUKI),2.1 HUDS,non_nexus,drop,exact,,,,,,,,,,SUKI Patreon
3923,LamasTinyHUD - A Quick Slot Mod with Elden Souls Option,2.1 HUDS,unknown,review,exact,,,,,,,,,,not in any snapshot; identify on Nexus
3924,ImmersiveHUD SKSE,2.1 HUDS,mv,harvest_mv,exact,,,,yes,,,,,,
3925,Modern Wait Menu,2.1 HUDS,both,harvest_nolvus,exact,Always Install,2.1.1,nolvus-awekening-redux;nolvus-awakening-v6;nolvus-v6-ultimate-open-beta-start,yes,Modern-Wait-Menu.dll,117661,765228,1.00,ModernWaitMenu.esl,section suggests Nolvus copy
3926,Local Map Upgrade,2.1 HUDS,both,harvest_nolvus,exact,Always Install,2.1.0,nolvus-awekening-redux;nolvus-awakening-v6;nolvus-v6-ultimate-open-beta-start,yes,LocalMapUpgrade.dll,129756,571814,1.0,,section suggests Nolvus copy
3927,Menu Maid 2 - Nolvus Settings,2.1 HUDS,nolvus,harvest_nolvus,exact,Always Install,6.0.15,nolvus-awekening-redux;nolvus-awakening-v6;nolvus-v6-ultimate-open-beta-start,,,,,,,
3928,Menu Maid 2,2.1 HUDS,nolvus,harvest_nolvus,exact,Always Install,2.2.3,nolvus-awekening-redux;nolvus-awakening-v6;nolvus-v6-ultimate-open-beta-start,,,,,,,
3929,Dialogue History,2.1 HUDS,both,harvest_nolvus,exact,Always Install,2.0.1,nolvus-awekening-redux;nolvus-awakening-v6;nolvus-v6-ultimate-open-beta-start,yes,po3_DialogueHistory.dll,114238,699573,1.0,DialogueHistory.esp,section suggests Nolvus copy
3930,ImGui Icons,2.1 HUDS,both,harvest_nolvus,exact,Always Install,1.0,nolvus-awekening-redux;nolvus-awakening-v6;nolvus-v6-ultimate-open-beta-start,yes,,114790,690123,1.0,,section suggests Nolvus copy
3931,Main Menu Customizer,2.1 HUDS,nolvus,harvest_nolvus,exact,Always Install,0.4.1,nolvus-awekening-redux;nolvus-awakening-v6;nolvus-v6-ultimate-open-beta-start,,,,,,,
3932,Wheeler Icon Embellishment - Naturally Exquisite Refinement,2.1 HUDS,nolvus,harvest_nolvus,exact,Always Install,1.0,nolvus-awekening-redux;nolvus-awakening-v6;nolvus-v6-ultimate-open-beta-start,,,,,,,
3933,Phenomenally Enriched and Nuanced Ingredients for SkyUI,2.1 HUDS,nolvus,harvest_nolvus,exact,Always Install,1.2,nolvus-awekening-redux;nolvus-awakening-v6;nolvus-v6-ultimate-open-beta-start,,,,,,,
3934,A.S.S. (A Food and Alchemy Addon for B.O.O.B.I.E.S.),2.1 HUDS,nolvus,harvest_nolvus,exact,Always Install,1.3,nolvus-awekening-redux;nolvus-awakening-v6;nolvus-v6-ultimate-open-beta-start,,,,,,,
3935,B.O.O.B.I.E.S (aka Immersive Icons),2.1 HUDS,nolvus,harvest_nolvus,exact,Always Install,2.1.3,nolvus-awekening-redux;nolvus-awakening-v6;nolvus-v6-ultimate-open-beta-start,,,,,,,
3936,The Handy Icon Collection Collective,2.1 HUDS,both,harvest_nolvus,exact,Always Install,1.4.1,nolvus-awekening-redux;nolvus-awakening-v6;nolvus-v6-ultimate-open-beta-start,yes,,90508,752995,1.4.1,,section suggests Nolvus copy
3937,Object Categorization Framework,2.1 HUDS,both,harvest_nolvus,exact,Always Install,5.6.1,nolvus-awekening-redux;nolvus-awakening-v6;nolvus-v6-ultimate-open-beta-start,yes,,81469,583103,4.5.1,OCF.esp,section suggests Nolvus copy
3938,SkyUI Weapons Pack Icons,2.1 HUDS,nolvus,harvest_nolvus,exact,Always Install,1.0,nolvus-awekening-redux;nolvus-awakening-v6;nolvus-v6-ultimate-open-beta-start,,,,,,,
3939,Inventory Interface Information Injector - Patch,2.1 HUDS,nolvus,harvest_nolvus,exact,Always Install,1.1.0,nolvus-awekening-redux;nolvus-awakening-v6;nolvus-v6-ultimate-open-beta-start,,,,,,,
3940,Inventory Interface Information Injector,2.1 HUDS,both,harvest_nolvus,exact,Always Install,1.1.0,nolvus-awekening-redux;nolvus-awakening-v6;nolvus-v6-ultimate-open-beta-start,yes,InventoryInjector.dll,85702,494324,1.0.2,I4IconAddon.esp,section suggests Nolvus copy
3941,Floating Damage - Preset,2.1 HUDS,nolvus,harvest_nolvus,exact,Always Install,0.1,nolvus-awekening-redux;nolvus-awakening-v6;nolvus-v6-ultimate-open-beta-start,,,,,,,
3942,Floating Damage,2.1 HUDS,nolvus,harvest_nolvus,exact,Always Install,2.0.1,nolvus-awekening-redux;nolvus-awakening-v6;nolvus-v6-ultimate-open-beta-start,,,,,,,
3943,Show Player In Menus - Nolvus Settings,2.1 HUDS,nolvus,harvest_nolvus,exact,16:9,6.0.21,nolvus-awekening-redux;nolvus-awakening-v6;nolvus-v6-ultimate-open-beta-start,,,,,,,
3944,Show Player In Menus,2.1 HUDS,both,harvest_nolvus,exact,Always Install,2.0.3,nolvus-awekening-redux;nolvus-awakening-v6;nolvus-v6-ultimate-open-beta-start,yes,ShowPlayerInMenus.dll,81291,357073,2.0.3,ShowPlayerInMenus.esp,section suggests Nolvus copy
3945,Horse Stamina HUD,2.1 HUDS,nolvus,harvest_nolvus,exact,Always Install,1.0.1,nolvus-awekening-redux;nolvus-awakening-v6;nolvus-v6-ultimate-open-beta-start,,,,,,,
3946,Gold To Septims - Weightless,2.1 HUDS,nolvus,harvest_nolvus,exact,Always Install,1.0,nolvus-awekening-redux;nolvus-awakening-v6;nolvus-v6-ultimate-open-beta-start,,,,,,,
3947,Whose Quest Is It Anyway,2.1 HUDS,nolvus,harvest_nolvus,exact,Always Install,1.3,nolvus-awekening-redux;nolvus-awakening-v6;nolvus-v6-ultimate-open-beta-start,,,,,,,
3948,Stay At System Page,2.1 HUDS,nolvus,harvest_nolvus,exact,Always Install,1.5,nolvus-awekening-redux;nolvus-awakening-v6;nolvus-v6-ultimate-open-beta-start,,,,,,,
3949,iWant Widgets NG,2.1 HUDS,nolvus_old,harvest_nolvus,exact,,,nolvus-awekening-redux;nolvus-awakening-v6;nolvus-v6-ultimate-open-beta-start,,,,,,,not on the current nolvus.net page (6.0.21 beta); present in 6.0.20 snapshots
3950,iWant Widgets,2.1 HUDS,nolvus_old,harvest_nolvus,exact,,,nolvus-awekening-redux;nolvus-awakening-v6;nolvus-v6-ultimate-open-beta-start,,,,,,,not on the current nolvus.net page (6.0.21 beta); present in 6.0.20 snapshots
3951,Casting Bar,2.1 HUDS,both,harvest_nolvus,exact,Always Install,3.0.0,nolvus-awekening-redux,yes,CastingBar.dll,80455,456553,2.1.4,,section suggests Nolvus copy
3952,Wheeler - Nolvus Settings,2.1 HUDS,nolvus,harvest_nolvus,exact,Always Install,6.1,nolvus-awekening-redux;nolvus-awakening-v6;nolvus-v6-ultimate-open-beta-start,,,,,,,
3953,Wheeler - CTD-Fix,2.1 HUDS,nolvus,harvest_nolvus,exact,Always Install,1.0.1,nolvus-awekening-redux,,,,,,,
3954,Wheeler - Quick Action Wheel of Skyrim,2.1 HUDS,both,harvest_nolvus,exact,Always Install,1.2,nolvus-awekening-redux;nolvus-awakening-v6;nolvus-v6-ultimate-open-beta-start,yes,wheeler.dll,97345,419926,1.2,,section suggests Nolvus copy
3955,Detection Meter - SkyAltert Redesign,2.1 HUDS,nolvus,harvest_nolvus,exact,Always Install,1.0,nolvus-awekening-redux;nolvus-awakening-v6;nolvus-v6-ultimate-open-beta-start,,,,,,,
3956,Detection Meter,2.1 HUDS,both,harvest_nolvus,exact,Always Install,0.17,nolvus-awekening-redux;nolvus-awakening-v6;nolvus-v6-ultimate-open-beta-start,yes,MaxsuDetectionMeter.dll,63057,480115,v0.17,,section suggests Nolvus copy
3957,Tween Menu Overhaul - Wait Menu Addon,2.1 HUDS,nolvus,harvest_nolvus,exact,Always Install,1.1,nolvus-awekening-redux,,,,,,,
3958,Tween Menu Overhaul - Custom Skills Menu Add-On,2.1 HUDS,nolvus,harvest_nolvus,exact,Always Install,1.1,nolvus-awekening-redux,,,,,,,
3959,Tween Menu Overhaul,2.1 HUDS,both,harvest_nolvus,exact,Always Install,1.1,nolvus-awekening-redux,yes,TweenMenuOverhaul.dll,143275,630292,1.0,,section suggests Nolvus copy
3960,STB Active Effects,2.1 HUDS,nolvus,harvest_nolvus,exact,Always Install,1.4,nolvus-awekening-redux,,,,,,,
3961,STB Widgets,2.1 HUDS,nolvus,harvest_nolvus,exact,Always Install,2.2,nolvus-awekening-redux,,,,,,,
3962,A Matter Of Time - Nolvus Settings,2.1 HUDS,nolvus,harvest_nolvus,exact,16:9,6.0.14,nolvus-awekening-redux;nolvus-awakening-v6;nolvus-v6-ultimate-open-beta-start,,,,,,,
3963,A Matter Of Time - Settings Loader,2.1 HUDS,nolvus,harvest_nolvus,exact,Always Install,2.1.1,nolvus-awekening-redux;nolvus-awakening-v6;nolvus-v6-ultimate-open-beta-start,,,,,,,
3964,A Matter Of Time,2.1 HUDS,nolvus,harvest_nolvus,exact,Always Install,3.0.0a4,nolvus-awekening-redux;nolvus-awakening-v6;nolvus-v6-ultimate-open-beta-start,,,,,,,
3965,QuickLoot IE - Nolvus Settings,2.1 HUDS,nolvus,harvest_nolvus,exact,Always Install,6.0.15,nolvus-awekening-redux,,,,,,,
3966,QuickLoot IE,2.1 HUDS,nolvus,harvest_nolvus,exact,Always Install,4.1.2,nolvus-awekening-redux,,,,,,,
3967,Edge UI - Loading Screen Fix,2.1 HUDS,nolvus,harvest_nolvus,exact,Always Install,2.0,nolvus-awekening-redux;nolvus-awakening-v6;nolvus-v6-ultimate-open-beta-start,,,,,,,
3968,Better Third Person Selection - Nolvus Settings,2.1 HUDS,nolvus,harvest_nolvus,exact,Always Install,6.0.14,nolvus-awekening-redux;nolvus-awakening-v6;nolvus-v6-ultimate-open-beta-start,,,,,,,
3969,Better Third Person Selection2,2.1 HUDS,nolvus,harvest_nolvus,dup_suffix,Always Install,0.8.6,nolvus-awekening-redux;nolvus-awakening-v6;nolvus-v6-ultimate-open-beta-start,,,,,,,
3970,Custom Skill Menu - Nolvus Settings,2.1 HUDS,nolvus,harvest_nolvus,exact,Always Install,6.0.15,nolvus-awekening-redux,,,,,,,
3971,Custom Skill Menu - Custom Icons,2.1 HUDS,nolvus,harvest_nolvus,exact,Always Install,2.0,nolvus-awekening-redux;nolvus-awakening-v6;nolvus-v6-ultimate-open-beta-start,,,,,,,
3972,Custom Skill Menu - Basic Icon Pack,2.1 HUDS,nolvus,harvest_nolvus,exact,Always Install,1.0,nolvus-awekening-redux;nolvus-awakening-v6;nolvus-v6-ultimate-open-beta-start,,,,,,,
3973,Custom Skill Menu,2.1 HUDS,nolvus,harvest_nolvus,exact,Always Install,1.1.7,nolvus-awekening-redux;nolvus-awakening-v6;nolvus-v6-ultimate-open-beta-start,,,,,,,
3974,SkyUI AIO Survival (SAS),2.1 HUDS,nolvus,harvest_nolvus,exact,Not Graphics Only,7.2,nolvus-awekening-redux;nolvus-awakening-v6;nolvus-v6-ultimate-open-beta-start,,,,,,,
3975,Nolvus Keyword Resources,2.1 HUDS,nolvus,harvest_nolvus,exact,Always Install,6.0.7,nolvus-awekening-redux;nolvus-awakening-v6;nolvus-v6-ultimate-open-beta-start,,,,,,,
3976,Constructible Object Custom Keyword System - Seperate Weapon and Armor,2.1 HUDS,nolvus,harvest_nolvus,exact,Always Install,1.0.0,nolvus-awekening-redux,,,,,,,
3977,Constructible Object Custom Keyword System - Patch,2.1 HUDS,nolvus,harvest_nolvus,exact,Always Install,2.0,nolvus-awekening-redux;nolvus-awakening-v6;nolvus-v6-ultimate-open-beta-start,,,,,,,
3978,Constructible Object Custom Keyword System,2.1 HUDS,both,harvest_nolvus,exact,Always Install,1.0.1,nolvus-awekening-redux;nolvus-awakening-v6;nolvus-v6-ultimate-open-beta-start,yes,CraftingCategories.dll,81409,493920,1.0.1,,section suggests Nolvus copy
3979,Oxygen Meter 2 - Nolvus Settings,2.1 HUDS,nolvus,harvest_nolvus,exact,Always Install,6.0.15,nolvus-awekening-redux,,,,,,,
3980,Oxygen Meter 2,2.1 HUDS,nolvus,harvest_nolvus,exact,Always Install,1.0.7,nolvus-awekening-redux;nolvus-awakening-v6;nolvus-v6-ultimate-open-beta-start,,,,,,,
3981,Toggle Compass - Nolvus Settings,2.1 HUDS,nolvus,harvest_nolvus,exact,Always Install,6.0.19,nolvus-awekening-redux;nolvus-awakening-v6;nolvus-v6-ultimate-open-beta-start,,,,,,,
3982,Toggle Compass - Settings Loader,2.1 HUDS,nolvus,harvest_nolvus,exact,Always Install,1.0.1,nolvus-awekening-redux;nolvus-awakening-v6;nolvus-v6-ultimate-open-beta-start,,,,,,,
3983,Toggle Compass,2.1 HUDS,nolvus,harvest_nolvus,exact,Always Install,1.4,nolvus-awekening-redux;nolvus-awakening-v6;nolvus-v6-ultimate-open-beta-start,,,,,,,
3984,Contextual Crosshair,2.1 HUDS,both,harvest_nolvus,exact,Always Install,1.3,nolvus-awekening-redux;nolvus-awakening-v6;nolvus-v6-ultimate-open-beta-start,yes,ContextualCrosshair.dll,63980,706657,1.3.0,,section suggests Nolvus copy
3985,Compass Navigation Overhaul 2,2.1 HUDS,both,harvest_nolvus,dup_suffix,Always Install,2.1.1,nolvus-awekening-redux;nolvus-awakening-v6;nolvus-v6-ultimate-open-beta-start,yes,CompassNavigationOverhaul.dll,74484,481665,2.1.1,,section suggests Nolvus copy
3986,moreHUD - Inventory Edition,2.1 HUDS,nolvus,harvest_nolvus,exact,Always Install,1.0.20,nolvus-awekening-redux;nolvus-awakening-v6;nolvus-v6-ultimate-open-beta-start,,,,,,,
3987,moreHUD - Nolvus Settings,2.1 HUDS,nolvus,harvest_nolvus,exact,Not 32:9,6.0.15,nolvus-awekening-redux;nolvus-awakening-v6;nolvus-v6-ultimate-open-beta-start,,,,,,,
3988,moreHUD - Settings Loader,2.1 HUDS,nolvus,harvest_nolvus,exact,Always Install,2.1.1,nolvus-awekening-redux;nolvus-awakening-v6;nolvus-v6-ultimate-open-beta-start,,,,,,,
3989,moreHUD,2.1 HUDS,nolvus,harvest_nolvus,exact,Always Install,4.1.2,nolvus-awekening-redux;nolvus-awakening-v6;nolvus-v6-ultimate-open-beta-start,,,,,,,
3990,True HUD,2.1 HUDS,nolvus,harvest_nolvus,exact,Always Install,1.1.8,nolvus-awekening-redux;nolvus-awakening-v6;nolvus-v6-ultimate-open-beta-start,,,,,,,
3991,dMenu,2.1 HUDS,both,harvest_nolvus,exact,Always Install,1.2.1,nolvus-awekening-redux;nolvus-awakening-v6;nolvus-v6-ultimate-open-beta-start,yes,,,,,,section suggests Nolvus copy
3992,Infinity UI,2.1 HUDS,both,harvest_nolvus,exact,Always Install,2.0.1,nolvus-awekening-redux;nolvus-awakening-v6;nolvus-v6-ultimate-open-beta-start,yes,InfinityUI.dll,74483,556134,2.0.1,,section suggests Nolvus copy
3993,Creation Club Item Descriptions,2.1 HUDS,nolvus,harvest_nolvus,exact,Always Install,1.4,nolvus-awekening-redux;nolvus-awakening-v6;nolvus-v6-ultimate-open-beta-start,,,,,,,
3994,Vanilla Item Descriptions,2.1 HUDS,both,harvest_nolvus,exact,Always Install,1.1,nolvus-awekening-redux;nolvus-awakening-v6;nolvus-v6-ultimate-open-beta-start,yes,,105970,448903,1.0,,section suggests Nolvus copy
3995,Description Framework - Nolvus Settings,2.1 HUDS,nolvus,harvest_nolvus,exact,Always Install,6.0.15,nolvus-awekening-redux,,,,,,,
3996,Description Framework,2.1 HUDS,both,harvest_nolvus,exact,Always Install,2.1,nolvus-awekening-redux;nolvus-awakening-v6;nolvus-v6-ultimate-open-beta-start,yes,DescriptionFramework.dll,105799,660797,1.0.1,,section suggests Nolvus copy
3997,Extended UI - ESP Fix,2.1 HUDS,nolvus,harvest_nolvus,exact,Always Install,1.0,nolvus-awekening-redux;nolvus-awakening-v6;nolvus-v6-ultimate-open-beta-start,,,,,,,
3998,Extended UI,2.1 HUDS,nolvus,harvest_nolvus,exact,Always Install,1.2.0d,nolvus-awekening-redux;nolvus-awakening-v6;nolvus-v6-ultimate-open-beta-start,,,,,,,
3999,UI Extensions,2.1 HUDS,nolvus,harvest_nolvus,exact,Always Install,1.2,nolvus-awekening-redux;nolvus-awakening-v6;nolvus-v6-ultimate-open-beta-start,,,,,,,
4000,SkyHUD,2.1 HUDS,both,harvest_nolvus,exact,Always Install,0.90B,nolvus-awekening-redux;nolvus-awakening-v6;nolvus-v6-ultimate-open-beta-start,yes,,463,61422,0.90.1B,SkyHUD.esp,section suggests Nolvus copy
4001,MCM Helper,2.1 HUDS,both,harvest_nolvus,exact,Always Install,1.4,nolvus-awekening-redux;nolvus-awakening-v6;nolvus-v6-ultimate-open-beta-start,yes,MCMHelper.dll,53000,746161,1.4.0,MCMHelper.esp,section suggests Nolvus copy
4002,Sky UI - Nolvus Settings,2.1 HUDS,nolvus_old,harvest_nolvus,exact,,,nolvus-awekening-redux,,,,,,,not on the current nolvus.net page (6.0.21 beta); present in 6.0.20 snapshots
4003,Sky UI - Note Icon Fix,2.1 HUDS,nolvus,harvest_nolvus,exact,Always Install,1.2.1,nolvus-awekening-redux;nolvus-awakening-v6;nolvus-v6-ultimate-open-beta-start,,,,,,,
4004,Sky UI,2.1 HUDS,nolvus,harvest_nolvus,exact,Always Install,5.2,nolvus-awekening-redux;nolvus-awakening-v6;nolvus-v6-ultimate-open-beta-start,,,,,,,
4006,Nolvus Awaknening Alternate Start,1.3 ALTERNATE START,nolvus,harvest_nolvus,exact,Not Graphics Only,6.0.21,nolvus-awekening-redux,,,,,,,
4007,Alternate Perspective - New Beginnings,1.3 ALTERNATE START,nolvus,harvest_nolvus,exact,Not Graphics Only,1.3.7,nolvus-awekening-redux,,,,,,,
4008,Alternate Perspective - Adventurer's Start,1.3 ALTERNATE START,nolvus,harvest_nolvus,exact,Not Graphics Only,1.0.1,nolvus-awekening-redux,,,,,,,
4009,Alternate Perspective - HUD Fix,1.3 ALTERNATE START,nolvus,harvest_nolvus,exact,Not Graphics Only,1.1,nolvus-awekening-redux,,,,,,,
4010,Alternate Perspective - No Start Room Markers,1.3 ALTERNATE START,nolvus,harvest_nolvus,exact,Not Graphics Only,4.0.3,nolvus-awekening-redux,,,,,,,
4011,Alternate Perspective - Voiced Addon,1.3 ALTERNATE START,nolvus,harvest_nolvus,exact,Not Graphics Only,1.11,nolvus-awekening-redux,,,,,,,
4012,Alternate Perspective - Alternate Start,1.3 ALTERNATE START,nolvus,harvest_nolvus,exact,Not Graphics Only,4.0.3,nolvus-awekening-redux,,,,,,,
4014,In-Game Patcher - SKSE plugin,1.2 BUG FIXES UTILITIES & TWEAKS,unknown,review,exact,,,,,,,,,,not in any snapshot; identify on Nexus
4015,SkyPlace,1.2 BUG FIXES UTILITIES & TWEAKS,unknown,review,exact,,,,,,,,,,not in any snapshot; identify on Nexus
4016,Texture Downscaler,1.2 BUG FIXES UTILITIES & TWEAKS,unknown,review,exact,,,,,,,,,,not in any snapshot; identify on Nexus
4017,Smooth Terrain,1.2 BUG FIXES UTILITIES & TWEAKS,mv,harvest_mv,exact,,,,yes,SmoothTerrain.dll,186875,786029,0.1.0,,has SKSE DLL from MV (1.6.1170 build) - replace with 1.5.97/NG build
4018,Cached Recursive Directory Walk,1.2 BUG FIXES UTILITIES & TWEAKS,both,harvest_nolvus,exact,Always Install,1.1.4,,yes,CRDW.dll,186434,784136,1.0.1,,section suggests Nolvus copy
4019,Collision Sentinel - Crash Fix,1.2 BUG FIXES UTILITIES & TWEAKS,both,harvest_nolvus,exact,Always Install,2.1.0,,yes,CollisionSentinel.dll,181445,774145,1.5.1,,section suggests Nolvus copy
4020,Auto Physics Reset,1.2 BUG FIXES UTILITIES & TWEAKS,mv,harvest_mv,exact,,,,yes,AutoPhysicsReset.dll,174098,730579,1.1,,has SKSE DLL from MV (1.6.1170 build) - replace with 1.5.97/NG build
4021,Prisma UI - Next-Gen Web UI Framework,1.2 BUG FIXES UTILITIES & TWEAKS,nolvus,harvest_nolvus,exact,Always Install,1.4.1,,,,,,,,
4022,Media Keys Fix SKSE,1.2 BUG FIXES UTILITIES & TWEAKS,both,harvest_nolvus,exact,Always Install,1.0.1,,yes,MediaKeysFix.dll,92948,503665,1.0.0,,section suggests Nolvus copy
4023,Model Swapper,1.2 BUG FIXES UTILITIES & TWEAKS,mv,harvest_mv,exact,,,,yes,ModelSwapper.dll,136461,573286,1.3,,has SKSE DLL from MV (1.6.1170 build) - replace with 1.5.97/NG build
4024,Face Discoloration Fix,1.2 BUG FIXES UTILITIES & TWEAKS,mv,harvest_mv,exact,,,,yes,FaceGenFixes.dll,42441,319047,1.0.3,,has SKSE DLL from MV (1.6.1170 build) - replace with 1.5.97/NG build
4025,Jaxonz Positioner Converter Remastered,1.2 BUG FIXES UTILITIES & TWEAKS,unknown,review,exact,,,,,,,,,,not in any snapshot; identify on Nexus
4026,PhotoMode,1.2 BUG FIXES UTILITIES & TWEAKS,unknown,review,exact,,,,,,,,,,not in any snapshot; identify on Nexus
4027,Hair Colour Sync NG,1.2 BUG FIXES UTILITIES & TWEAKS,unknown,review,exact,,,,,,,,,,not in any snapshot; identify on Nexus
4028,Save & Load Accelerator for SKSE Cosaves (S.L.A.C.K.),1.2 BUG FIXES UTILITIES & TWEAKS,unknown,review,exact,,,,,,,,,,not in any snapshot; identify on Nexus
4029,Crash Logger - 1.5.97,1.2 BUG FIXES UTILITIES & TWEAKS,nolvus,harvest_nolvus,exact,Always Install,1.15.0,nolvus-awekening-redux,,,,,,,
4030,Crash Logger - SSE,1.2 BUG FIXES UTILITIES & TWEAKS,nolvus,harvest_nolvus,exact,Always Install,1.16.0,nolvus-awekening-redux,,,,,,,
4031,Skyrim Freeze Fix NG,1.2 BUG FIXES UTILITIES & TWEAKS,nolvus,harvest_nolvus,exact,Always Install,0.0.4,nolvus-awekening-redux,,,,,,,
4032,Equip Enchantment Fix,1.2 BUG FIXES UTILITIES & TWEAKS,both,harvest_nolvus,exact,Always Install,1.3.6,nolvus-awekening-redux,yes,EquipEnchantmentFix.dll,42839,450462,1.3.6,,section suggests Nolvus copy
4033,Unequip Quiver NG,1.2 BUG FIXES UTILITIES & TWEAKS,nolvus,harvest_nolvus,exact,Always Install,1.2,nolvus-awekening-redux;nolvus-awakening-v6;nolvus-v6-ultimate-open-beta-start,,,,,,,
4034,Dynamic Armor Variants for Skyrim 1.5,1.2 BUG FIXES UTILITIES & TWEAKS,unknown,review,exact,,,,,,,,,,not in any snapshot; identify on Nexus
4035,Dynamic Armor Variants,1.2 BUG FIXES UTILITIES & TWEAKS,nolvus,harvest_nolvus,exact,Always Install,1.0.5,nolvus-awekening-redux;nolvus-awakening-v6;nolvus-v6-ultimate-open-beta-start,,,,,,,
4036,Wordkeys,1.2 BUG FIXES UTILITIES & TWEAKS,nolvus,harvest_nolvus,exact,Always Install,1.0.3,nolvus-awekening-redux;nolvus-awakening-v6;nolvus-v6-ultimate-open-beta-start,,,,,,,
4037,Navigator - Navmesh Fixes,1.2 BUG FIXES UTILITIES & TWEAKS,both,harvest_nolvus,exact,Not Graphics Only,1.5.6,nolvus-awekening-redux;nolvus-awakening-v6;nolvus-v6-ultimate-open-beta-start,yes,,52641,778076,1.5.4,Navigator-NavFixes.esp;SightlessNavFix.esp,section suggests Nolvus copy
4038,Creation Club Misc Patches,1.2 BUG FIXES UTILITIES & TWEAKS,nolvus,harvest_nolvus,exact,Not Graphics Only,2.0,nolvus-awekening-redux;nolvus-awakening-v6;nolvus-v6-ultimate-open-beta-start,,,,,,,
4039,Unofficial Skyrim Creation Club Content Patch,1.2 BUG FIXES UTILITIES & TWEAKS,nolvus,harvest_nolvus,exact,Always Install,7.7,nolvus-awekening-redux;nolvus-awakening-v6;nolvus-v6-ultimate-open-beta-start,,,,,,,
4040,Unofficial Skyrim Special Edition Patch,1.2 BUG FIXES UTILITIES & TWEAKS,nolvus,harvest_nolvus,exact,Always Install,4.2.9a,nolvus-awekening-redux;nolvus-awakening-v6;nolvus-v6-ultimate-open-beta-start,,,,,,,
4041,eFPS - AnniversaryEdition,1.2 BUG FIXES UTILITIES & TWEAKS,nolvus,harvest_nolvus,exact,Always Install,1.1,nolvus-awekening-redux;nolvus-awakening-v6;nolvus-v6-ultimate-open-beta-start,,,,,,,
4042,eFPS - Exterior FPS boost,1.2 BUG FIXES UTILITIES & TWEAKS,nolvus,harvest_nolvus,exact,Always Install,2.4.2,nolvus-awekening-redux;nolvus-awakening-v6;nolvus-v6-ultimate-open-beta-start,,,,,,,
4043,Quest Journal Limit Bug Fixer,1.2 BUG FIXES UTILITIES & TWEAKS,nolvus,harvest_nolvus,exact,Always Install,0.2.1,nolvus-awekening-redux;nolvus-awakening-v6;nolvus-v6-ultimate-open-beta-start,,,,,,,
4044,Keyword Patch Collection,1.2 BUG FIXES UTILITIES & TWEAKS,both,harvest_nolvus,exact,Always Install,1.0,nolvus-awekening-redux;nolvus-awakening-v6;nolvus-v6-ultimate-open-beta-start,yes,,92529,407447,1.0.0,,section suggests Nolvus copy
4045,Excuse Me,1.2 BUG FIXES UTILITIES & TWEAKS,nolvus,harvest_nolvus,exact,Always Install,1.0,nolvus-awekening-redux;nolvus-awakening-v6;nolvus-v6-ultimate-open-beta-start,,,,,,,
4046,Standing Ambusher Fix,1.2 BUG FIXES UTILITIES & TWEAKS,nolvus,harvest_nolvus,exact,Always Install,1.2,nolvus-awekening-redux;nolvus-awakening-v6;nolvus-v6-ultimate-open-beta-start,,,,,,,
4047,Taarie's Dialogue Fix,1.2 BUG FIXES UTILITIES & TWEAKS,nolvus,harvest_nolvus,exact,Always Install,1.0,nolvus-awekening-redux;nolvus-awakening-v6;nolvus-v6-ultimate-open-beta-start,,,,,,,
4048,Source of Stalhrim Quest Fix,1.2 BUG FIXES UTILITIES & TWEAKS,nolvus,harvest_nolvus,exact,Always Install,1.0,nolvus-awekening-redux;nolvus-awakening-v6;nolvus-v6-ultimate-open-beta-start,,,,,,,
4049,Optimized USSEP Valdr Quest,1.2 BUG FIXES UTILITIES & TWEAKS,nolvus,harvest_nolvus,exact,Always Install,2.0,nolvus-awekening-redux;nolvus-awakening-v6;nolvus-v6-ultimate-open-beta-start,,,,,,,
4050,OnMagicEffectApply Replacer,1.2 BUG FIXES UTILITIES & TWEAKS,nolvus,harvest_nolvus,exact,Always Install,1.8.2,nolvus-awekening-redux;nolvus-awakening-v6;nolvus-v6-ultimate-open-beta-start,,,,,,,
4051,Miraak Boss Fight Script Fix,1.2 BUG FIXES UTILITIES & TWEAKS,nolvus,harvest_nolvus,exact,Always Install,1.0,nolvus-awekening-redux;nolvus-awakening-v6;nolvus-v6-ultimate-open-beta-start,,,,,,,
4052,Actor Limit Fix,1.2 BUG FIXES UTILITIES & TWEAKS,both,harvest_nolvus,exact,Always Install,5.0,nolvus-awekening-redux;nolvus-awakening-v6;nolvus-v6-ultimate-open-beta-start,yes,ActorLimitFix.dll,32349,368385,9,,section suggests Nolvus copy
4053,Fast Travel Crash Fix,1.2 BUG FIXES UTILITIES & TWEAKS,nolvus_old,harvest_nolvus,exact,,,nolvus-awekening-redux;nolvus-awakening-v6;nolvus-v6-ultimate-open-beta-start,,,,,,,not on the current nolvus.net page (6.0.21 beta); present in 6.0.20 snapshots
4054,A0D789 Patch,1.2 BUG FIXES UTILITIES & TWEAKS,nolvus,harvest_nolvus,exact,Always Install,1.1,nolvus-awekening-redux;nolvus-awakening-v6;nolvus-v6-ultimate-open-beta-start,,,,,,,
4055,Sky Reflection Fix,1.2 BUG FIXES UTILITIES & TWEAKS,nolvus,harvest_nolvus,exact,Always Install,1.0.1,nolvus-awekening-redux;nolvus-awakening-v6;nolvus-v6-ultimate-open-beta-start,,,,,,,
4056,Southfringe Sanctum Crash Fix,1.2 BUG FIXES UTILITIES & TWEAKS,nolvus,harvest_nolvus,exact,Always Install,1.3,nolvus-awekening-redux;nolvus-awakening-v6;nolvus-v6-ultimate-open-beta-start,,,,,,,
4057,Trap Swinging Wall Script Fix,1.2 BUG FIXES UTILITIES & TWEAKS,nolvus,harvest_nolvus,exact,Always Install,1.0.1,nolvus-awekening-redux;nolvus-awakening-v6;nolvus-v6-ultimate-open-beta-start,,,,,,,
4058,Disk Cache Enabler,1.2 BUG FIXES UTILITIES & TWEAKS,both,harvest_nolvus,exact,Always Install,1.2,nolvus-awekening-redux;nolvus-awakening-v6;nolvus-v6-ultimate-open-beta-start,yes,diskCacheEnabler.dll,100975,462516,1.0,,section suggests Nolvus copy
4059,Dynamic Collision Adjustment,1.2 BUG FIXES UTILITIES & TWEAKS,both,harvest_nolvus,exact,Always Install,1.1,nolvus-awekening-redux;nolvus-awakening-v6;nolvus-v6-ultimate-open-beta-start,yes,DynamicCollisionAdjustment.dll,76783,324310,1.1.0,DynamicCollisionAdjustment.esl,section suggests Nolvus copy
4060,Rogue's Gallery - Papyrus Library,1.2 BUG FIXES UTILITIES & TWEAKS,nolvus,harvest_nolvus,exact,Always Install,1.0.0.1,nolvus-awekening-redux;nolvus-awakening-v6;nolvus-v6-ultimate-open-beta-start,,,,,,,
4061,Mannequin Management,1.2 BUG FIXES UTILITIES & TWEAKS,nolvus,harvest_nolvus,exact,Always Install,4.1,nolvus-awekening-redux;nolvus-awakening-v6;nolvus-v6-ultimate-open-beta-start,,,,,,,
4062,Aurora Fix,1.2 BUG FIXES UTILITIES & TWEAKS,both,harvest_nolvus,exact,Always Install,1.0.1,nolvus-awekening-redux;nolvus-awakening-v6;nolvus-v6-ultimate-open-beta-start,yes,AuroraFix.dll,77834,327652,1.0.1,,section suggests Nolvus copy
4063,Mod Manager Menu Disabled,1.2 BUG FIXES UTILITIES & TWEAKS,nolvus,harvest_nolvus,exact,Always Install,1.0,nolvus-awekening-redux;nolvus-awakening-v6;nolvus-v6-ultimate-open-beta-start,,,,,,,
4064,Better Combat Escape,1.2 BUG FIXES UTILITIES & TWEAKS,nolvus,harvest_nolvus,exact,Always Install,0.83,nolvus-awekening-redux;nolvus-awakening-v6;nolvus-v6-ultimate-open-beta-start,,,,,,,
4065,Delphine Skyhaven Fix,1.2 BUG FIXES UTILITIES & TWEAKS,nolvus,harvest_nolvus,exact,Always Install,1.00,nolvus-awekening-redux;nolvus-awakening-v6;nolvus-v6-ultimate-open-beta-start,,,,,,,
4066,Forsworn Camp Reachwater River Script Fix,1.2 BUG FIXES UTILITIES & TWEAKS,nolvus,harvest_nolvus,exact,Always Install,1.0,nolvus-awekening-redux;nolvus-awakening-v6;nolvus-v6-ultimate-open-beta-start,,,,,,,
4067,Ulfric And Tullius Script Fix,1.2 BUG FIXES UTILITIES & TWEAKS,nolvus,harvest_nolvus,exact,Always Install,1.0.2,nolvus-awekening-redux;nolvus-awakening-v6;nolvus-v6-ultimate-open-beta-start,,,,,,,
4068,WE05 Script Fix,1.2 BUG FIXES UTILITIES & TWEAKS,nolvus,harvest_nolvus,exact,Always Install,1.0.1,nolvus-awekening-redux;nolvus-awakening-v6;nolvus-v6-ultimate-open-beta-start,,,,,,,
4069,Stuck on Screen Load Door Prompt Fix,1.2 BUG FIXES UTILITIES & TWEAKS,nolvus,harvest_nolvus,exact,Always Install,0.1.1,nolvus-awekening-redux;nolvus-awakening-v6;nolvus-v6-ultimate-open-beta-start,,,,,,,
4070,Scripts Carefully Reworked Optimized and Tactfully Enhanced,1.2 BUG FIXES UTILITIES & TWEAKS,nolvus,harvest_nolvus,exact,Always Install,1.0.1,nolvus-awekening-redux;nolvus-awakening-v6;nolvus-v6-ultimate-open-beta-start,,,,,,,
4071,Vanilla Scripting Enhancements,1.2 BUG FIXES UTILITIES & TWEAKS,nolvus,harvest_nolvus,exact,Always Install,3.0,nolvus-awekening-redux;nolvus-awakening-v6;nolvus-v6-ultimate-open-beta-start,,,,,,,
4072,Vanilla Script Micro Optimizations - Adoption Fix,1.2 BUG FIXES UTILITIES & TWEAKS,nolvus,harvest_nolvus,exact,Always Install,1.16a,nolvus-awekening-redux;nolvus-awakening-v6;nolvus-v6-ultimate-open-beta-start,,,,,,,
4073,Vanilla Script Micro Optimizations,1.2 BUG FIXES UTILITIES & TWEAKS,nolvus,harvest_nolvus,exact,Always Install,1.16.a,nolvus-awekening-redux;nolvus-awakening-v6;nolvus-v6-ultimate-open-beta-start,,,,,,,
4074,NPC Stuck in Bleedout fix,1.2 BUG FIXES UTILITIES & TWEAKS,both,harvest_nolvus,exact,Always Install,0.1.3,nolvus-awekening-redux;nolvus-awakening-v6;nolvus-v6-ultimate-open-beta-start,yes,,95489,623932,0.1.3,bleedoutFix.esp,section suggests Nolvus copy
4075,Disable Auto Vanity Mode,1.2 BUG FIXES UTILITIES & TWEAKS,nolvus,harvest_nolvus,exact,Always Install,1.0,nolvus-awekening-redux;nolvus-awakening-v6;nolvus-v6-ultimate-open-beta-start,,,,,,,
4076,NGIO - NG (1.5.11),1.2 BUG FIXES UTILITIES & TWEAKS,unknown,review,exact,,,,,,,,,,not in any snapshot; identify on Nexus
4077,Papyrus Tweaks NG - Settings,1.2 BUG FIXES UTILITIES & TWEAKS,nolvus,harvest_nolvus,exact,Always Install,6.0.21,nolvus-awekening-redux;nolvus-awakening-v6;nolvus-v6-ultimate-open-beta-start,,,,,,,
4078,Papyrus Tweaks NG,1.2 BUG FIXES UTILITIES & TWEAKS,both,harvest_nolvus,exact,Always Install,4.1.1,nolvus-awekening-redux;nolvus-awakening-v6;nolvus-v6-ultimate-open-beta-start,yes,PapyrusTweaks.dll,77779,678973,4.1.0,,section suggests Nolvus copy
4079,Powerofthree's Tweaks - Settings,1.2 BUG FIXES UTILITIES & TWEAKS,nolvus,harvest_nolvus,exact,Always Install,6.0.5,nolvus-awekening-redux;nolvus-awakening-v6;nolvus-v6-ultimate-open-beta-start,,,,,,,
4080,Powerofthree's Tweaks 1.15.1,1.2 BUG FIXES UTILITIES & TWEAKS,unknown,review,exact,,,,,,,,,,not in any snapshot; identify on Nexus
4081,Recursion Fix,1.2 BUG FIXES UTILITIES & TWEAKS,nolvus,harvest_nolvus,exact,Always Install,1.2,nolvus-awekening-redux;nolvus-awakening-v6;nolvus-v6-ultimate-open-beta-start,,,,,,,
4082,Skyrim Priority - CPU Performance FPS Optimizer,1.2 BUG FIXES UTILITIES & TWEAKS,nolvus,harvest_nolvus,exact,Always Install,3.4,nolvus-awekening-redux;nolvus-awakening-v6;nolvus-v6-ultimate-open-beta-start,,,,,,,
4083,Survival Mode Prompt Removed,1.2 BUG FIXES UTILITIES & TWEAKS,nolvus,harvest_nolvus,exact,Always Install,1.0,nolvus-awekening-redux;nolvus-awakening-v6;nolvus-v6-ultimate-open-beta-start,,,,,,,
4084,Scrambled Bugs,1.2 BUG FIXES UTILITIES & TWEAKS,both,harvest_nolvus,exact,Always Install,17.0,nolvus-awekening-redux;nolvus-awakening-v6;nolvus-v6-ultimate-open-beta-start,yes,ScrambledBugs.dll,43532,368378,21,,section suggests Nolvus copy
4085,Halldir's Cairn CTD Fix,1.2 BUG FIXES UTILITIES & TWEAKS,nolvus,harvest_nolvus,exact,Always Install,1.0,nolvus-awekening-redux;nolvus-awakening-v6;nolvus-v6-ultimate-open-beta-start,,,,,,,
4086,Dragon Mounds CTD Fix,1.2 BUG FIXES UTILITIES & TWEAKS,nolvus,harvest_nolvus,exact,Always Install,1.2,nolvus-awekening-redux;nolvus-awakening-v6;nolvus-v6-ultimate-open-beta-start,,,,,,,
4087,Chillwind Depths CTD Fix,1.2 BUG FIXES UTILITIES & TWEAKS,nolvus,harvest_nolvus,exact,Always Install,1.0.1,nolvus-awekening-redux;nolvus-awakening-v6;nolvus-v6-ultimate-open-beta-start,,,,,,,
4088,Dead Body Cleanup Script Crash Fix,1.2 BUG FIXES UTILITIES & TWEAKS,nolvus,harvest_nolvus,exact,Always Install,0.3,nolvus-awekening-redux;nolvus-awakening-v6;nolvus-v6-ultimate-open-beta-start,,,,,,,
4089,Mfg Fix NG,1.2 BUG FIXES UTILITIES & TWEAKS,mv,harvest_mv,exact,,,,yes,mfgfix.dll,133568,751019,0.1.5,,has SKSE DLL from MV (1.6.1170 build) - replace with 1.5.97/NG build
4090,Mfg Fix,1.2 BUG FIXES UTILITIES & TWEAKS,both,harvest_nolvus,exact,Always Install,1.5.4,nolvus-awekening-redux;nolvus-awakening-v6;nolvus-v6-ultimate-open-beta-start,yes,mfgfix.dll,11669,320400,1.6.1,,section suggests Nolvus copy
4091,SSE Display Tweaks,1.2 BUG FIXES UTILITIES & TWEAKS,both,harvest_nolvus,exact,Always Install,0.5.16,nolvus-awekening-redux;nolvus-awakening-v6;nolvus-v6-ultimate-open-beta-start,yes,SSEDisplayTweaks.dll,34705,454679,0.5.12,,section suggests Nolvus copy
4092,SSE Fixes,1.2 BUG FIXES UTILITIES & TWEAKS,nolvus,harvest_nolvus,exact,Always Install,3.1.5.97,nolvus-awekening-redux;nolvus-awakening-v6;nolvus-v6-ultimate-open-beta-start,,,,,,,
4093,Bug Fixes,1.2 BUG FIXES UTILITIES & TWEAKS,nolvus,harvest_nolvus,exact,Always Install,6.0,nolvus-awekening-redux;nolvus-awakening-v6;nolvus-v6-ultimate-open-beta-start,,,,,,,
4094,SSE Engine Fixes2,1.2 BUG FIXES UTILITIES & TWEAKS,nolvus,harvest_nolvus,dup_suffix,Always Install,7.0.20,nolvus-awekening-redux;nolvus-awakening-v6;nolvus-v6-ultimate-open-beta-start,,,,,,,
4096,Load Time Profiler,1.1 SKSE PLUGINS,mv,harvest_mv,exact,,,,yes,,,,,,
4097,Stuck Underwater Visuals and Sounds Fix SKSE,1.1 SKSE PLUGINS,mv,harvest_mv,exact,,,,yes,StuckUnderwater.dll,173716,736448,0.1,,has SKSE DLL from MV (1.6.1170 build) - replace with 1.5.97/NG build
4098,KreatE,1.1 SKSE PLUGINS,both,harvest_nolvus,exact,Kauz ENB,1.3.1,,yes,KreatE.dll,83757,787612,1.1.1,,section suggests Nolvus copy
4099,Native EditorID Fix,1.1 SKSE PLUGINS,both,harvest_nolvus,exact,Kauz ENB,1.2.2,,yes,NativeEditorIDFix.dll,85260,488800,1.1.1,,section suggests Nolvus copy
4100,Saving on Steed - Horse Save Load Fix SKSE,1.1 SKSE PLUGINS,mv,harvest_mv,exact,,,,yes,SavingOnHorse.dll,173629,727590,0.1,,has SKSE DLL from MV (1.6.1170 build) - replace with 1.5.97/NG build
4101,Classic Sprinting Redone (SKSE64),1.1 SKSE PLUGINS,mv,harvest_mv,exact,,,,yes,ClassicSprintingRedone.dll,20166,474483,2.3,,has SKSE DLL from MV (1.6.1170 build) - replace with 1.5.97/NG build
4102,SKSE Menu Framework2,1.1 SKSE PLUGINS,both,harvest_nolvus,dup_suffix,Always Install,3.9,,yes,SKSEMenuFramework.dll,120352,773663,2.0,,section suggests Nolvus copy
4103,SkyPatcher Keyword Framework,1.1 SKSE PLUGINS,nolvus,harvest_nolvus,exact,Always Install,1.4.0,,,,,,,,
4104,SkyPatcher,1.1 SKSE PLUGINS,both,harvest_nolvus,exact,Always Install,3.3.2,nolvus-awekening-redux;nolvus-awakening-v6;nolvus-v6-ultimate-open-beta-start,yes,SkyPatcher.dll,106659,793283,1.4.0,,section suggests Nolvus copy
4105,Behavior Data Injector,1.1 SKSE PLUGINS,both,harvest_nolvus,exact,Always Install,0.13,nolvus-awekening-redux;nolvus-awakening-v6;nolvus-v6-ultimate-open-beta-start,yes,BehaviorDataInjector.dll,78146,328879,v0.13,,section suggests Nolvus copy
4106,Backported Extended ESL Support,1.1 SKSE PLUGINS,nolvus,harvest_nolvus,exact,Always Install,1.2,nolvus-awekening-redux;nolvus-awakening-v6;nolvus-v6-ultimate-open-beta-start,,,,,,,
4107,Help Extender,1.1 SKSE PLUGINS,nolvus,harvest_nolvus,exact,Always Install,1.2.1,nolvus-awekening-redux;nolvus-awakening-v6;nolvus-v6-ultimate-open-beta-start,,,,,,,
4108,SkyPal - Your Friendly Papyrus Library,1.1 SKSE PLUGINS,nolvus,harvest_nolvus,exact,Always Install,1.0.3,nolvus-awekening-redux;nolvus-awakening-v6;nolvus-v6-ultimate-open-beta-start,,,,,,,
4109,Paper,1.1 SKSE PLUGINS,nolvus,harvest_nolvus,exact,Always Install,2.2.4,nolvus-awekening-redux;nolvus-awakening-v6;nolvus-v6-ultimate-open-beta-start,,,,,,,
4110,FormList Patch Collection,1.1 SKSE PLUGINS,both,harvest_nolvus,exact,Always Install,3.3,nolvus-awekening-redux;nolvus-awakening-v6;nolvus-v6-ultimate-open-beta-start,yes,,74626,458995,2.0.2,FormList-Patch-Collection_ITMs.esp,section suggests Nolvus copy
4111,FormList Manipulator,1.1 SKSE PLUGINS,nolvus,harvest_nolvus,exact,Always Install,1.7.1,nolvus-awekening-redux;nolvus-awakening-v6;nolvus-v6-ultimate-open-beta-start,,,,,,,
4112,Dynamic Key Action Framework NG,1.1 SKSE PLUGINS,both,harvest_nolvus,exact,Always Install,1.0,nolvus-awekening-redux;nolvus-awakening-v6;nolvus-v6-ultimate-open-beta-start,yes,DKAF.dll,87706,372081,v1.0,,section suggests Nolvus copy
4113,Auto Input Switch,1.1 SKSE PLUGINS,both,harvest_nolvus,exact,Always Install,1.1.2,nolvus-awekening-redux;nolvus-awakening-v6;nolvus-v6-ultimate-open-beta-start,yes,AutoInputSwitch.dll,54309,739774,1.2.0,,section suggests Nolvus copy
4114,Spell Perk Item Distributor,1.1 SKSE PLUGINS,nolvus,harvest_nolvus,exact,Always Install,7.2.24,nolvus-awekening-redux;nolvus-awakening-v6;nolvus-v6-ultimate-open-beta-start,,,,,,,
4115,Dtry Key Util Stuck Keys fix,1.1 SKSE PLUGINS,unknown,review,exact,,,,,,,,,,not in any snapshot; identify on Nexus
4116,dTry's Key Utils,1.1 SKSE PLUGINS,nolvus,harvest_nolvus,exact,Always Install,1.1,nolvus-awekening-redux;nolvus-awakening-v6;nolvus-v6-ultimate-open-beta-start,,,,,,,
4117,Time Format Changer,1.1 SKSE PLUGINS,nolvus,harvest_nolvus,exact,Always Install,1.1,nolvus-awekening-redux;nolvus-awakening-v6;nolvus-v6-ultimate-open-beta-start,,,,,,,
4118,Custom Skills Framework,1.1 SKSE PLUGINS,both,harvest_nolvus,exact,Always Install,2.0.2,nolvus-awekening-redux;nolvus-awakening-v6;nolvus-v6-ultimate-open-beta-start,yes,CustomSkills.dll,41780,496520,2.0.2,,section suggests Nolvus copy
4119,Keyword Item Distributor,1.1 SKSE PLUGINS,nolvus,harvest_nolvus,exact,Always Install,3.4,nolvus-awekening-redux;nolvus-awakening-v6;nolvus-v6-ultimate-open-beta-start,,,,,,,
4120,AnimObject Swapper,1.1 SKSE PLUGINS,both,harvest_nolvus,exact,Always Install,1.1,nolvus-awekening-redux;nolvus-awakening-v6;nolvus-v6-ultimate-open-beta-start,yes,po3_AnimObjectSwapper.dll,75167,325663,1.1.0,,section suggests Nolvus copy
4121,Base Object Swapper 3.41,1.1 SKSE PLUGINS,unknown,review,exact,,,,,,,,,,not in any snapshot; identify on Nexus
4122,Fuz Ro D'oh - Nolvus Settings,1.1 SKSE PLUGINS,nolvus,harvest_nolvus,exact,Always Install,6.0,nolvus-awekening-redux;nolvus-awakening-v6;nolvus-v6-ultimate-open-beta-start,,,,,,,
4123,Fuz Ro D'oh,1.1 SKSE PLUGINS,nolvus,harvest_nolvus,exact,Always Install,1.7,nolvus-awekening-redux;nolvus-awakening-v6;nolvus-v6-ultimate-open-beta-start,,,,,,,
4124,FileAccess Interface for Skyrim Scripts - FISSES,1.1 SKSE PLUGINS,nolvus,harvest_nolvus,exact,Always Install,1.3.7,nolvus-awekening-redux;nolvus-awakening-v6;nolvus-v6-ultimate-open-beta-start,,,,,,,
4125,JContainers,1.1 SKSE PLUGINS,nolvus,harvest_nolvus,exact,Always Install,4.1.13,nolvus-awekening-redux;nolvus-awakening-v6;nolvus-v6-ultimate-open-beta-start,,,,,,,
4126,Better Jumping,1.1 SKSE PLUGINS,nolvus,harvest_nolvus,exact,Always Install,1.7.3,nolvus-awekening-redux;nolvus-awakening-v6;nolvus-v6-ultimate-open-beta-start,,,,,,,
4127,Scaleform Translation Plus Plus NG,1.1 SKSE PLUGINS,nolvus,harvest_nolvus,exact,Always Install,1.6,nolvus-awekening-redux;nolvus-awakening-v6;nolvus-v6-ultimate-open-beta-start,,,,,,,
4128,Console Plus Plus - Nolvus Settings,1.1 SKSE PLUGINS,nolvus,harvest_nolvus,exact,Always Install,6.0.15,nolvus-awekening-redux,,,,,,,
4129,Console Plus Plus,1.1 SKSE PLUGINS,nolvus,harvest_nolvus,exact,Always Install,1.4,nolvus-awekening-redux;nolvus-awakening-v6;nolvus-v6-ultimate-open-beta-start,,,,,,,
4130,More Informative Console,1.1 SKSE PLUGINS,both,harvest_nolvus,exact,Always Install,1.1,nolvus-awekening-redux;nolvus-awakening-v6;nolvus-v6-ultimate-open-beta-start,yes,MoreInformativeConsole.dll,19250,544360,1.1.0,,section suggests Nolvus copy
4131,Console Commands Extender,1.1 SKSE PLUGINS,nolvus,harvest_nolvus,exact,Always Install,1.8,nolvus-awekening-redux;nolvus-awakening-v6;nolvus-v6-ultimate-open-beta-start,,,,,,,
4132,Console Util NG,1.1 SKSE PLUGINS,nolvus,harvest_nolvus,exact,Always Install,1.4,nolvus-awekening-redux;nolvus-awakening-v6;nolvus-v6-ultimate-open-beta-start,,,,,,,
4133,Papyrus Extender,1.1 SKSE PLUGINS,nolvus,harvest_nolvus,exact,Always Install,6.4.3,nolvus-awekening-redux;nolvus-awakening-v6;nolvus-v6-ultimate-open-beta-start,,,,,,,
4134,PapyrusUtil - Scripting Utility Functions,1.1 SKSE PLUGINS,nolvus,harvest_nolvus,exact,Always Install,3.9,nolvus-awekening-redux;nolvus-awakening-v6;nolvus-v6-ultimate-open-beta-start,,,,,,,
4135,Address Library for SKSE Plugins,1.1 SKSE PLUGINS,both,harvest_nolvus,exact,Always Install,2.0,nolvus-awekening-redux;nolvus-awakening-v6;nolvus-v6-ultimate-open-beta-start,yes,,32444,792404,8,,section suggests Nolvus copy
4136,Skyrim Script Extender - Nolvus Settings,1.1 SKSE PLUGINS,nolvus,harvest_nolvus,exact,Always Install,6.0.10,nolvus-awekening-redux,,,,,,,
4137,Skyrim Script Extender,1.1 SKSE PLUGINS,nolvus,harvest_nolvus,exact,Always Install,2.0.0.20,nolvus-awekening-redux;nolvus-awakening-v6;nolvus-v6-ultimate-open-beta-start,,,,,,,
